Coach;Speler;Speelronde;Rugnummer;Naam;Positie;Link;SW_Naam;SW_ID;Team;Naam_fix;P_Totaal
tukkeRoel;V. Barkas;1;1.0;V. Barkas;K;/players/vasileios-barkas/272919/;vasileios-barkas;272919.0;stichting-fc-utrecht;V. Barkas;17.0
tukkeRoel;D. Hancko;1;33.0;D. Hancko;V;/players/david-hancko/391059/;david-hancko;391059.0;feyenoord-rotterdam-nv;D. Hancko;3.0
tukkeRoel;J. Hato;1;4.0;J. Hato;V;/players/jorrel-hato/783173/;jorrel-hato;783173.0;afc-ajax;J. Hato;0.0
tukkeRoel;M. Kohlert;1;11.0;M. Köhlert;V;/players/mats-kohlert/400423/;mats-kohlert;400423.0;sportclub-heerenveen;M. Kohlert;2.0
tukkeRoel;C. Verdonk;1;24.0;C. Verdonk;V;/players/calvin-verdonk/319288/;calvin-verdonk;319288.0;nijmegen-eendracht-combinatie;C. Verdonk;1.0
tukkeRoel;F. Krastev;1;50.0;F. Krastev;M;/players/filip-yavorov-krastev/550509/;filip-yavorov-krastev;550509.0;bvo-fc-zwolle;F. Krastev;1.0
tukkeRoel;S. Mijnans;1;10.0;S. Mijnans;M;/players/sven-mijnans/566000/;sven-mijnans;566000.0;stichting-az;S. Mijnans;8.0
tukkeRoel;A. Verschueren;1;32.0;A. Verschueren;M;/players/arno-vershueren/319385/;arno-vershueren;319385.0;stichting-fc-twente-65;A. Verschueren;6.3
tukkeRoel;S. Steijn;1;14.0;S. Steijn;M;/players/sem-steijn/560623/;sem-steijn;560623.0;stichting-fc-twente-65;S. Steijn;3.39
tukkeRoel;S. Tengstedt;1;10.0;S. Tengstedt;A;/players/soren-tengstedt/615917/;soren-tengstedt;615917.0;stichting-go-ahead-eagles;S. Tengstedt;3.0
tukkeRoel;L. de Jong;1;9.0;L. de Jong;A;/players/luuk-de-jong/65056/;luuk-de-jong;65056.0;psv-nv;L. de Jong;7.83
methodmich;V. Barkas;1;1.0;V. Barkas;K;/players/vasileios-barkas/272919/;vasileios-barkas;272919.0;stichting-fc-utrecht;V. Barkas;17.0
methodmich;!P. Sandler;1;;;;;;;;;
methodmich;L. Geertruida;1;4.0;L. Geertruida;V;/players/lutsharel-geertruida/463698/;lutsharel-geertruida;463698.0;feyenoord-rotterdam-nv;L. Geertruida;3.0
methodmich;M. Kohlert;1;11.0;M. Köhlert;V;/players/mats-kohlert/400423/;mats-kohlert;400423.0;sportclub-heerenveen;M. Kohlert;2.0
methodmich;S. Mijnans;1;10.0;S. Mijnans;M;/players/sven-mijnans/566000/;sven-mijnans;566000.0;stichting-az;S. Mijnans;8.0
methodmich;S. 't Zand;1;25.0;S. 't Zand;M;/players/shiloh-t-zand/824640/;shiloh-t-zand;824640.0;feyenoord-rotterdam-nv;S. 't Zand;5.0
methodmich;S. Steijn;1;14.0;S. Steijn;M;/players/sem-steijn/560623/;sem-steijn;560623.0;stichting-fc-twente-65;S. Steijn;3.39
methodmich;K. Sano;1;23.0;K. Sano;M;/players/kodai-sano/815318/;kodai-sano;815318.0;nijmegen-eendracht-combinatie;K. Sano;12.0
methodmich;L. de Jong;1;9.0;L. de Jong;A;/players/luuk-de-jong/65056/;luuk-de-jong;65056.0;psv-nv;L. de Jong;7.83
methodmich;S. Berghuis;1;23.0;S. Berghuis;A;/players/steven-berghuis/134080/;steven-berghuis;134080.0;afc-ajax;S. Berghuis;3.87
methodmich;T. Lauritsen;1;;T. Lauritsen;A;/players/tobias-lauritsen/406745/;tobias-lauritsen;406745.0;sparta-rotterdam-bv;T. Lauritsen;3.89
FMNederland;V. Barkas;1;1.0;V. Barkas;K;/players/vasileios-barkas/272919/;vasileios-barkas;272919.0;stichting-fc-utrecht;V. Barkas;17.0
FMNederland;M. Kohlert;1;11.0;M. Köhlert;V;/players/mats-kohlert/400423/;mats-kohlert;400423.0;sportclub-heerenveen;M. Kohlert;2.0
FMNederland;M. Deijl;1;2.0;M. Deijl;V;/players/mats-deijl/402457/;mats-deijl;402457.0;stichting-go-ahead-eagles;M. Deijl;1.0
FMNederland;C. Verdonk;1;24.0;C. Verdonk;V;/players/calvin-verdonk/319288/;calvin-verdonk;319288.0;nijmegen-eendracht-combinatie;C. Verdonk;1.0
FMNederland;O. Boscagli;1;18.0;O. Boscagli;V;/players/olivier-boscagli/329542/;olivier-boscagli;329542.0;psv-nv;O. Boscagli;9.67
FMNederland;S. Bastien;1;22.0;S. Bastien;M;/players/samuel-bastien/314097/;samuel-bastien;314097.0;fortuna-sittard;S. Bastien;0.44
FMNederland;S. Steijn;1;14.0;S. Steijn;M;/players/sem-steijn/560623/;sem-steijn;560623.0;stichting-fc-twente-65;S. Steijn;3.39
FMNederland;C. Stengs;1;10.0;C. Stengs;M;/players/calvin-stengs/458659/;calvin-stengs;458659.0;feyenoord-rotterdam-nv;C. Stengs;
FMNederland;T. Robinet;1;9.0;T. Robinet;A;/players/thomas-robinet/312659/;thomas-robinet;312659.0;fc-omniworld;T. Robinet;3.0
FMNederland;T. Lauritsen;1;;T. Lauritsen;A;/players/tobias-lauritsen/406745/;tobias-lauritsen;406745.0;sparta-rotterdam-bv;T. Lauritsen;3.89
FMNederland;T. Parrott;1;9.0;T. Parrott;A;/players/troy-parrot/515624/;troy-parrot;515624.0;stichting-az;T. Parrott;4.87
crispy;L. Unnerstall;1;1.0;L. Unnerstall;K;/players/lars-unnerstall/81320/;lars-unnerstall;81320.0;stichting-fc-twente-65;L. Unnerstall;4.0
crispy;C. Verdonk;1;24.0;C. Verdonk;V;/players/calvin-verdonk/319288/;calvin-verdonk;319288.0;nijmegen-eendracht-combinatie;C. Verdonk;1.0
crispy;S. El Karouani;1;16.0;S. El Karouani;V;/players/souffian-elkarouani/537878/;souffian-elkarouani;537878.0;stichting-fc-utrecht;S. El Karouani;13.17
crispy;M. Kohlert;1;11.0;M. Köhlert;V;/players/mats-kohlert/400423/;mats-kohlert;400423.0;sportclub-heerenveen;M. Kohlert;2.0
crispy;D. Hancko;1;33.0;D. Hancko;V;/players/david-hancko/391059/;david-hancko;391059.0;feyenoord-rotterdam-nv;D. Hancko;3.0
crispy;T. Gooijer;1;47.0;T. Gooijer;V;/players/tristan-gooijer/777215/;tristan-gooijer;777215.0;bvo-fc-zwolle;T. Gooijer;-0.13
crispy;A. Verschueren;1;32.0;A. Verschueren;M;/players/arno-vershueren/319385/;arno-vershueren;319385.0;stichting-fc-twente-65;A. Verschueren;6.3
crispy;S. Mijnans;1;10.0;S. Mijnans;M;/players/sven-mijnans/566000/;sven-mijnans;566000.0;stichting-az;S. Mijnans;8.0
crispy;A. Halilovic;1;10.0;A. Halilović;M;/players/alen-halilovi/270136/;alen-halilovi;270136.0;fortuna-sittard;A. Halilovic;16.56
crispy;K. Taylor;1;8.0;K. Taylor;M;/players/kenneth-taylor/508784/;kenneth-taylor;508784.0;afc-ajax;K. Taylor;2.84
crispy;L. de Jong;1;9.0;L. de Jong;A;/players/luuk-de-jong/65056/;luuk-de-jong;65056.0;psv-nv;L. de Jong;7.83
svvthomas;N. Olij;1;;N. Olij;K;/players/nick-olij/235322/;nick-olij;235322.0;sparta-rotterdam-bv;N. Olij;16.0
svvthomas;M. Deijl;1;2.0;M. Deijl;V;/players/mats-deijl/402457/;mats-deijl;402457.0;stichting-go-ahead-eagles;M. Deijl;1.0
svvthomas;B. Kuipers;1;5.0;B. Kuipers;V;/players/bas-edo-kuipers/274649/;bas-edo-kuipers;274649.0;stichting-fc-twente-65;B. Kuipers;10.0
svvthomas;D. Mirani;1;4.0;D. Mirani;V;/players/damon-mirani/289811/;damon-mirani;289811.0;stichting-heracles-almelo;D. Mirani;14.0
svvthomas;M. Hoedemakers;1;6.0;M. Hoedemakers;M;/players/mees-hoedemakers/465082/;mees-hoedemakers;465082.0;nijmegen-eendracht-combinatie;M. Hoedemakers;2.8
svvthomas;D. Janosek;1;39.0;D. Janošek;M;/players/dominik-janosek/492661/;dominik-janosek;492661.0;nac-bv;D. Janosek;5.83
svvthomas;L. Brouwers;1;8.0;L. Brouwers;M;/players/luuk-brouwers/402458/;luuk-brouwers;402458.0;sportclub-heerenveen;L. Brouwers;3.0
svvthomas;C. Stengs;1;10.0;C. Stengs;M;/players/calvin-stengs/458659/;calvin-stengs;458659.0;feyenoord-rotterdam-nv;C. Stengs;
svvthomas;T. Parrott;1;9.0;T. Parrott;A;/players/troy-parrot/515624/;troy-parrot;515624.0;stichting-az;T. Parrott;4.87
svvthomas;L. de Jong;1;9.0;L. de Jong;A;/players/luuk-de-jong/65056/;luuk-de-jong;65056.0;psv-nv;L. de Jong;7.83
svvthomas;B. Brobbey;1;9.0;B. Brobbey;A;/players/brian-brobbey/520146/;brian-brobbey;520146.0;afc-ajax;B. Brobbey;0.6
El Cid;L. Unnerstall;1;1.0;L. Unnerstall;K;/players/lars-unnerstall/81320/;lars-unnerstall;81320.0;stichting-fc-twente-65;L. Unnerstall;4.0
El Cid;P. Bochniewicz;1;5.0;P. Bochniewicz;V;/players/pawe-bochniewicz/273911/;pawe-bochniewicz;273911.0;sportclub-heerenveen;P. Bochniewicz;0.0
El Cid;B. Nieuwkoop;1;2.0;B. Nieuwkoop;V;/players/bart-nieuwkoop/275124/;bart-nieuwkoop;275124.0;feyenoord-rotterdam-nv;B. Nieuwkoop;1.51
El Cid;D. van der Kust;1;;D. van der Kust;V;/players/djevencio-van-der-kust/569309/;djevencio-van-der-kust;569309.0;sparta-rotterdam-bv;D. van der Kust;14.0
El Cid;A. Halilovic;1;10.0;A. Halilović;M;/players/alen-halilovi/270136/;alen-halilovi;270136.0;fortuna-sittard;A. Halilovic;16.56
El Cid;L. Valente;1;10.0;L. Valente;M;/players/luciano-valente/703884/;luciano-valente;703884.0;stichting-fc-groningen;L. Valente;8.56
El Cid;V. Jensen;1;7.0;V. Jensen;M;/players/victor-jensen/460509/;victor-jensen;460509.0;stichting-fc-utrecht;V. Jensen;2.76
El Cid;D. Proper;1;71.0;D. Proper;M;/players/dirk-proper/525939/;dirk-proper;525939.0;nijmegen-eendracht-combinatie;D. Proper;3.0
El Cid;B. Traore;1;20.0;B. Traoré;A;/players/bertrand-traore/102801/;bertrand-traore;102801.0;afc-ajax;B. Traore;2.13
El Cid;L. de Jong;1;9.0;L. de Jong;A;/players/luuk-de-jong/65056/;luuk-de-jong;65056.0;psv-nv;L. de Jong;7.83
El Cid;T. Parrott;1;9.0;T. Parrott;A;/players/troy-parrot/515624/;troy-parrot;515624.0;stichting-az;T. Parrott;4.87
Otis.;V. Barkas;1;1.0;V. Barkas;K;/players/vasileios-barkas/272919/;vasileios-barkas;272919.0;stichting-fc-utrecht;V. Barkas;17.0
Otis.;M. Deijl;1;2.0;M. Deijl;V;/players/mats-deijl/402457/;mats-deijl;402457.0;stichting-go-ahead-eagles;M. Deijl;1.0
Otis.;M. Hilgers;1;2.0;M. Hilgers;V;/players/mees-hilgers/627701/;mees-hilgers;627701.0;stichting-fc-twente-65;M. Hilgers;
Otis.;J. Hato;1;4.0;J. Hato;V;/players/jorrel-hato/783173/;jorrel-hato;783173.0;afc-ajax;J. Hato;0.0
Otis.;G. Smal;1;5.0;G. Smal;V;/players/gijs-smal/508760/;gijs-smal;508760.0;feyenoord-rotterdam-nv;G. Smal;0.0
Otis.;S. Mijnans;1;10.0;S. Mijnans;M;/players/sven-mijnans/566000/;sven-mijnans;566000.0;stichting-az;S. Mijnans;8.0
Otis.;Rober;1;7.0;Róber;M;/players/roberto-gonzalez-bayon/500171/;roberto-gonzalez-bayon;500171.0;nijmegen-eendracht-combinatie;Rober;2.77
Otis.;P. Clement;1;;P. Clement;M;/players/pelle-clement/379793/;pelle-clement;379793.0;sparta-rotterdam-bv;P. Clement;7.0
Otis.;D. Karlsbakk;1;9.0;D. Karlsbakk;A;/players/daniel-seland-karlsbakk/629619/;daniel-seland-karlsbakk;629619.0;sportclub-heerenveen;D. Karlsbakk;1.53
Otis.;L. de Jong;1;9.0;L. de Jong;A;/players/luuk-de-jong/65056/;luuk-de-jong;65056.0;psv-nv;L. de Jong;7.83
Otis.;L. Kulenovic;1;19.0;L. Kulenović;A;/players/luka-kulenovi/631882/;luka-kulenovi;631882.0;stichting-heracles-almelo;L. Kulenovic;
Gordon Shumway;L. Unnerstall;1;1.0;L. Unnerstall;K;/players/lars-unnerstall/81320/;lars-unnerstall;81320.0;stichting-fc-twente-65;L. Unnerstall;4.0
Gordon Shumway;B. Nieuwkoop;1;2.0;B. Nieuwkoop;V;/players/bart-nieuwkoop/275124/;bart-nieuwkoop;275124.0;feyenoord-rotterdam-nv;B. Nieuwkoop;1.51
Gordon Shumway;J. Hato;1;4.0;J. Hato;V;/players/jorrel-hato/783173/;jorrel-hato;783173.0;afc-ajax;J. Hato;0.0
Gordon Shumway;M. Kohlert;1;11.0;M. Köhlert;V;/players/mats-kohlert/400423/;mats-kohlert;400423.0;sportclub-heerenveen;M. Kohlert;2.0
Gordon Shumway;C. Neghli;1;;C. Neghli;A;/players/camiel-neghli/680707/;camiel-neghli;680707.0;sparta-rotterdam-bv;C. Neghli;1.11
Gordon Shumway;L. Valente;1;10.0;L. Valente;M;/players/luciano-valente/703884/;luciano-valente;703884.0;stichting-fc-groningen;L. Valente;8.56
Gordon Shumway;D. Proper;1;71.0;D. Proper;M;/players/dirk-proper/525939/;dirk-proper;525939.0;nijmegen-eendracht-combinatie;D. Proper;3.0
Gordon Shumway;V. Jensen;1;7.0;V. Jensen;M;/players/victor-jensen/460509/;victor-jensen;460509.0;stichting-fc-utrecht;V. Jensen;2.76
Gordon Shumway;L. de Jong;1;9.0;L. de Jong;A;/players/luuk-de-jong/65056/;luuk-de-jong;65056.0;psv-nv;L. de Jong;7.83
Gordon Shumway;!K. Sierhuis;1;;;;;;;;;
Gordon Shumway;T. Parrott;1;9.0;T. Parrott;A;/players/troy-parrot/515624/;troy-parrot;515624.0;stichting-az;T. Parrott;4.87
Suikerbrood;N. Olij;1;;N. Olij;K;/players/nick-olij/235322/;nick-olij;235322.0;sparta-rotterdam-bv;N. Olij;16.0
Suikerbrood;M. Kohlert;1;11.0;M. Köhlert;V;/players/mats-kohlert/400423/;mats-kohlert;400423.0;sportclub-heerenveen;M. Kohlert;2.0
Suikerbrood;D. Rensch;1;2.0;D. Rensch;V;/players/devyne-rensch/601396/;devyne-rensch;601396.0;afc-ajax;D. Rensch;0.0
Suikerbrood;J. Amofa;1;25.0;J. Amofa;V;/players/jamal-amofa/668121/;jamal-amofa;668121.0;stichting-go-ahead-eagles;J. Amofa;0.63
Suikerbrood;N. Viergever;1;24.0;N. Viergever;V;/players/nick--viergever/78529/;nick--viergever;78529.0;stichting-fc-utrecht;N. Viergever;15.0
Suikerbrood;D. Proper;1;71.0;D. Proper;M;/players/dirk-proper/525939/;dirk-proper;525939.0;nijmegen-eendracht-combinatie;D. Proper;3.0
Suikerbrood;M. Vlap;1;18.0;M. Vlap;M;/players/michel-vlap/407742/;michel-vlap;407742.0;stichting-fc-twente-65;M. Vlap;4.0
Suikerbrood;A. Halilovic;1;10.0;A. Halilović;M;/players/alen-halilovi/270136/;alen-halilovi;270136.0;fortuna-sittard;A. Halilovic;16.56
Suikerbrood;S. Gimenez;1;29.0;S. Giménez;A;/players/santiago-tomas-gimenez/494293/;santiago-tomas-gimenez;494293.0;feyenoord-rotterdam-nv;S. Gimenez;7.24
Suikerbrood;R. van Bommel;1;7.0;R. van Bommel;A;/players/ruben-van-bommel/834074/;ruben-van-bommel;834074.0;stichting-az;R. van Bommel;0.07
Suikerbrood;L. de Jong;1;9.0;L. de Jong;A;/players/luuk-de-jong/65056/;luuk-de-jong;65056.0;psv-nv;L. de Jong;7.83
EnGCatjuh;N. Olij;1;;N. Olij;K;/players/nick-olij/235322/;nick-olij;235322.0;sparta-rotterdam-bv;N. Olij;16.0
EnGCatjuh;M. Kohlert;1;11.0;M. Köhlert;V;/players/mats-kohlert/400423/;mats-kohlert;400423.0;sportclub-heerenveen;M. Kohlert;2.0
EnGCatjuh;O. Boscagli;1;18.0;O. Boscagli;V;/players/olivier-boscagli/329542/;olivier-boscagli;329542.0;psv-nv;O. Boscagli;9.67
EnGCatjuh;S. El Karouani;1;16.0;S. El Karouani;V;/players/souffian-elkarouani/537878/;souffian-elkarouani;537878.0;stichting-fc-utrecht;S. El Karouani;13.17
EnGCatjuh;C. Stengs;1;10.0;C. Stengs;M;/players/calvin-stengs/458659/;calvin-stengs;458659.0;feyenoord-rotterdam-nv;C. Stengs;
EnGCatjuh;E. Linthorst;1;8.0;E. Linthorst;M;/players/evert-linthorst/546756/;evert-linthorst;546756.0;stichting-go-ahead-eagles;E. Linthorst;2.33
EnGCatjuh;D. Proper;1;71.0;D. Proper;M;/players/dirk-proper/525939/;dirk-proper;525939.0;nijmegen-eendracht-combinatie;D. Proper;3.0
EnGCatjuh;S. Steijn;1;14.0;S. Steijn;M;/players/sem-steijn/560623/;sem-steijn;560623.0;stichting-fc-twente-65;S. Steijn;3.39
EnGCatjuh;T. Parrott;1;9.0;T. Parrott;A;/players/troy-parrot/515624/;troy-parrot;515624.0;stichting-az;T. Parrott;4.87
EnGCatjuh;B. Brobbey;1;9.0;B. Brobbey;A;/players/brian-brobbey/520146/;brian-brobbey;520146.0;afc-ajax;B. Brobbey;0.6
EnGCatjuh;K. Sierhuis;1;9.0;K. Sierhuis;A;/players/kaj-sierhuis/423563/;kaj-sierhuis;423563.0;fortuna-sittard;K. Sierhuis;
Vishandel Makaay;J. Houwen;1;1.0;J. Houwen;K;/players/jeroen-houwen/303254/;jeroen-houwen;303254.0;rkc-waalwijk;J. Houwen;-2.0
Vishandel Makaay;R. Flamingo;1;6.0;R. Flamingo;V;/players/ryan-flamingo/627724/;ryan-flamingo;627724.0;psv-nv;R. Flamingo;4.0
Vishandel Makaay;R. Bazoer;1;25.0;R. Bazoer;V;/players/riechedly-bazoer/218161/;riechedly-bazoer;218161.0;stichting-az;R. Bazoer;0.0
Vishandel Makaay;K. Leerdam;1;18.0;K. Leerdam;V;/players/kelvin-leerdam/68354/;kelvin-leerdam;68354.0;stichting-heracles-almelo;K. Leerdam;
Vishandel Makaay;M. Dijks;1;35.0;M. Dijks;V;/players/mitchel-dijks/219029/;mitchel-dijks;219029.0;fortuna-sittard;M. Dijks;21.0
Vishandel Makaay;T. Oosting;1;25.0;T. Oosting;M;/players/thijs-oosting/477591/;thijs-oosting;477591.0;stichting-fc-groningen;T. Oosting;1.06
Vishandel Makaay;E. van Ee;1;21.0;E. van Ee;M;/players/espen-van-ee/921919/;espen-van-ee;921919.0;sportclub-heerenveen;E. van Ee;2.67
Vishandel Makaay;P. Aaronson;1;21.0;P. Aaronson;M;/players/paxten-aaronson/576828/;paxten-aaronson;576828.0;stichting-fc-utrecht;P. Aaronson;8.0
Vishandel Makaay;B. Traore;1;20.0;B. Traoré;A;/players/bertrand-traore/102801/;bertrand-traore;102801.0;afc-ajax;B. Traore;2.13
Vishandel Makaay;R. van Wolfswinkel;1;9.0;R. van Wolfswinkel;A;/players/ricky-van-wolfswinkel/59407/;ricky-van-wolfswinkel;59407.0;stichting-fc-twente-65;R. van Wolfswinkel;1.61
Vishandel Makaay;T. Buitink;1;29.0;T. Buitink;A;/players/thomas-buitnik/457668/;thomas-buitnik;457668.0;bvo-fc-zwolle;T. Buitink;2.73
Friggles;L. Unnerstall;1;1.0;L. Unnerstall;K;/players/lars-unnerstall/81320/;lars-unnerstall;81320.0;stichting-fc-twente-65;L. Unnerstall;4.0
Friggles;T. Quintero;1;;T. Quintero;V;/players/teo-quintero/565562/;teo-quintero;565562.0;sparta-rotterdam-bv;T. Quintero;14.0
Friggles;M. Deijl;1;2.0;M. Deijl;V;/players/mats-deijl/402457/;mats-deijl;402457.0;stichting-go-ahead-eagles;M. Deijl;1.0
Friggles;S. El Karouani;1;16.0;S. El Karouani;V;/players/souffian-elkarouani/537878/;souffian-elkarouani;537878.0;stichting-fc-utrecht;S. El Karouani;13.17
Friggles;S. Mijnans;1;10.0;S. Mijnans;M;/players/sven-mijnans/566000/;sven-mijnans;566000.0;stichting-az;S. Mijnans;8.0
Friggles;D. Proper;1;71.0;D. Proper;M;/players/dirk-proper/525939/;dirk-proper;525939.0;nijmegen-eendracht-combinatie;D. Proper;3.0
Friggles;!Danilo Al Saed;1;;;;;;;;;
Friggles;S. 't Zand;1;25.0;S. 't Zand;M;/players/shiloh-t-zand/824640/;shiloh-t-zand;824640.0;feyenoord-rotterdam-nv;S. 't Zand;5.0
Friggles;S. Gimenez;1;29.0;S. Giménez;A;/players/santiago-tomas-gimenez/494293/;santiago-tomas-gimenez;494293.0;feyenoord-rotterdam-nv;S. Gimenez;7.24
Friggles;L. de Jong;1;9.0;L. de Jong;A;/players/luuk-de-jong/65056/;luuk-de-jong;65056.0;psv-nv;L. de Jong;7.83
Friggles;B. Brobbey;1;9.0;B. Brobbey;A;/players/brian-brobbey/520146/;brian-brobbey;520146.0;afc-ajax;B. Brobbey;0.6
Jay-Jay;N. Olij;1;;N. Olij;K;/players/nick-olij/235322/;nick-olij;235322.0;sparta-rotterdam-bv;N. Olij;16.0
Jay-Jay;S. Maikuma;1;16.0;S. Maikuma;V;/players/seiya-maikuma/651537/;seiya-maikuma;651537.0;stichting-az;S. Maikuma;13.0
Jay-Jay;M. Deijl;1;2.0;M. Deijl;V;/players/mats-deijl/402457/;mats-deijl;402457.0;stichting-go-ahead-eagles;M. Deijl;1.0
Jay-Jay;S. El Karouani;1;16.0;S. El Karouani;V;/players/souffian-elkarouani/537878/;souffian-elkarouani;537878.0;stichting-fc-utrecht;S. El Karouani;13.17
Jay-Jay;Ivo Pinto;1;12.0;Ivo Pinto;V;/players/ivo-pinto/86672/;ivo-pinto;86672.0;fortuna-sittard;Ivo Pinto;15.0
Jay-Jay;J. Veerman;1;23.0;J. Veerman;M;/players/joey--veerman/459312/;joey--veerman;459312.0;psv-nv;J. Veerman;13.83
Jay-Jay;D. Proper;1;71.0;D. Proper;M;/players/dirk-proper/525939/;dirk-proper;525939.0;nijmegen-eendracht-combinatie;D. Proper;3.0
Jay-Jay;S. Olsson;1;19.0;S. Olsson;M;/players/simon-olsson/423888/;simon-olsson;423888.0;sportclub-heerenveen;S. Olsson;3.0
Jay-Jay;S. Gimenez;1;29.0;S. Giménez;A;/players/santiago-tomas-gimenez/494293/;santiago-tomas-gimenez;494293.0;feyenoord-rotterdam-nv;S. Gimenez;7.24
Jay-Jay;B. Brobbey;1;9.0;B. Brobbey;A;/players/brian-brobbey/520146/;brian-brobbey;520146.0;afc-ajax;B. Brobbey;0.6
Jay-Jay;S. Lammers;1;10.0;S. Lammers;A;/players/sam-lammers/407736/;sam-lammers;407736.0;stichting-fc-twente-65;S. Lammers;12.89
Rucebo;V. Barkas;1;1.0;V. Barkas;K;/players/vasileios-barkas/272919/;vasileios-barkas;272919.0;stichting-fc-utrecht;V. Barkas;17.0
Rucebo;Ivo Pinto;1;12.0;Ivo Pinto;V;/players/ivo-pinto/86672/;ivo-pinto;86672.0;fortuna-sittard;Ivo Pinto;15.0
Rucebo;J. Hato;1;4.0;J. Hato;V;/players/jorrel-hato/783173/;jorrel-hato;783173.0;afc-ajax;J. Hato;0.0
Rucebo;G. Trauner;1;18.0;G. Trauner;V;/players/gernot-trauner/135546/;gernot-trauner;135546.0;feyenoord-rotterdam-nv;G. Trauner;
Rucebo;M. Deijl;1;2.0;M. Deijl;V;/players/mats-deijl/402457/;mats-deijl;402457.0;stichting-go-ahead-eagles;M. Deijl;1.0
Rucebo;S. Steijn;1;14.0;S. Steijn;M;/players/sem-steijn/560623/;sem-steijn;560623.0;stichting-fc-twente-65;S. Steijn;3.39
Rucebo;J. Kitolano;1;;J. Kitolano;M;/players/joshua-gaston-kitolano/517475/;joshua-gaston-kitolano;517475.0;sparta-rotterdam-bv;J. Kitolano;0.7
Rucebo;L. Brouwers;1;8.0;L. Brouwers;M;/players/luuk-brouwers/402458/;luuk-brouwers;402458.0;sportclub-heerenveen;L. Brouwers;3.0
Rucebo;T. Parrott;1;9.0;T. Parrott;A;/players/troy-parrot/515624/;troy-parrot;515624.0;stichting-az;T. Parrott;4.87
Rucebo;L. de Jong;1;9.0;L. de Jong;A;/players/luuk-de-jong/65056/;luuk-de-jong;65056.0;psv-nv;L. de Jong;7.83
Rucebo;K. Ogawa;1;18.0;K. Ogawa;A;/players/koki-ogawa/435835/;koki-ogawa;435835.0;nijmegen-eendracht-combinatie;K. Ogawa;
tukkeRoel;V. Barkas;2;1.0;V. Barkas;K;/players/vasileios-barkas/272919/;vasileios-barkas;272919.0;stichting-fc-utrecht;V. Barkas;3.0
tukkeRoel;D. Hancko;2;33.0;D. Hancko;V;/players/david-hancko/391059/;david-hancko;391059.0;feyenoord-rotterdam-nv;D. Hancko;14.0
tukkeRoel;J. Hato;2;4.0;J. Hato;V;/players/jorrel-hato/783173/;jorrel-hato;783173.0;afc-ajax;J. Hato;13.0
tukkeRoel;M. Kohlert;2;11.0;M. Köhlert;V;/players/mats-kohlert/400423/;mats-kohlert;400423.0;sportclub-heerenveen;M. Kohlert;3.0
tukkeRoel;C. Verdonk;2;24.0;C. Verdonk;V;/players/calvin-verdonk/319288/;calvin-verdonk;319288.0;nijmegen-eendracht-combinatie;C. Verdonk;2.0
tukkeRoel;F. Krastev;2;50.0;F. Krastev;M;/players/filip-yavorov-krastev/550509/;filip-yavorov-krastev;550509.0;bvo-fc-zwolle;F. Krastev;10.0
tukkeRoel;S. Mijnans;2;10.0;S. Mijnans;M;/players/sven-mijnans/566000/;sven-mijnans;566000.0;stichting-az;S. Mijnans;15.93
tukkeRoel;A. Verschueren;2;32.0;A. Verschueren;M;/players/arno-vershueren/319385/;arno-vershueren;319385.0;stichting-fc-twente-65;A. Verschueren;3.87
tukkeRoel;S. Steijn;2;14.0;S. Steijn;M;/players/sem-steijn/560623/;sem-steijn;560623.0;stichting-fc-twente-65;S. Steijn;7.0
tukkeRoel;S. Tengstedt;2;10.0;S. Tengstedt;A;/players/soren-tengstedt/615917/;soren-tengstedt;615917.0;stichting-go-ahead-eagles;S. Tengstedt;2.0
tukkeRoel;L. de Jong;2;9.0;L. de Jong;A;/players/luuk-de-jong/65056/;luuk-de-jong;65056.0;psv-nv;L. de Jong;9.0
methodmich;V. Barkas;2;1.0;V. Barkas;K;/players/vasileios-barkas/272919/;vasileios-barkas;272919.0;stichting-fc-utrecht;V. Barkas;3.0
methodmich;M. Dijks;2;35.0;M. Dijks;V;/players/mitchel-dijks/219029/;mitchel-dijks;219029.0;fortuna-sittard;M. Dijks;21.0
methodmich;L. Geertruida;2;4.0;L. Geertruida;V;/players/lutsharel-geertruida/463698/;lutsharel-geertruida;463698.0;feyenoord-rotterdam-nv;L. Geertruida;4.0
methodmich;M. Kohlert;2;11.0;M. Köhlert;V;/players/mats-kohlert/400423/;mats-kohlert;400423.0;sportclub-heerenveen;M. Kohlert;3.0
methodmich;S. Mijnans;2;10.0;S. Mijnans;M;/players/sven-mijnans/566000/;sven-mijnans;566000.0;stichting-az;S. Mijnans;15.93
methodmich;S. 't Zand;2;25.0;S. 't Zand;M;/players/shiloh-t-zand/824640/;shiloh-t-zand;824640.0;feyenoord-rotterdam-nv;S. 't Zand;3.0
methodmich;S. Steijn;2;14.0;S. Steijn;M;/players/sem-steijn/560623/;sem-steijn;560623.0;stichting-fc-twente-65;S. Steijn;7.0
methodmich;K. Sano;2;23.0;K. Sano;M;/players/kodai-sano/815318/;kodai-sano;815318.0;nijmegen-eendracht-combinatie;K. Sano;3.0
methodmich;L. de Jong;2;9.0;L. de Jong;A;/players/luuk-de-jong/65056/;luuk-de-jong;65056.0;psv-nv;L. de Jong;9.0
methodmich;S. Berghuis;2;23.0;S. Berghuis;A;/players/steven-berghuis/134080/;steven-berghuis;134080.0;afc-ajax;S. Berghuis;5.13
methodmich;T. Lauritsen;2;;T. Lauritsen;A;/players/tobias-lauritsen/406745/;tobias-lauritsen;406745.0;sparta-rotterdam-bv;T. Lauritsen;12.0
FMNederland;V. Barkas;2;1.0;V. Barkas;K;/players/vasileios-barkas/272919/;vasileios-barkas;272919.0;stichting-fc-utrecht;V. Barkas;3.0
FMNederland;M. Kohlert;2;11.0;M. Köhlert;V;/players/mats-kohlert/400423/;mats-kohlert;400423.0;sportclub-heerenveen;M. Kohlert;3.0
FMNederland;M. Deijl;2;2.0;M. Deijl;V;/players/mats-deijl/402457/;mats-deijl;402457.0;stichting-go-ahead-eagles;M. Deijl;1.0
FMNederland;C. Verdonk;2;24.0;C. Verdonk;V;/players/calvin-verdonk/319288/;calvin-verdonk;319288.0;nijmegen-eendracht-combinatie;C. Verdonk;2.0
FMNederland;O. Boscagli;2;18.0;O. Boscagli;V;/players/olivier-boscagli/329542/;olivier-boscagli;329542.0;psv-nv;O. Boscagli;4.0
FMNederland;S. Bastien;2;22.0;S. Bastien;M;/players/samuel-bastien/314097/;samuel-bastien;314097.0;fortuna-sittard;S. Bastien;1.24
FMNederland;S. Steijn;2;14.0;S. Steijn;M;/players/sem-steijn/560623/;sem-steijn;560623.0;stichting-fc-twente-65;S. Steijn;7.0
FMNederland;C. Stengs;2;10.0;C. Stengs;M;/players/calvin-stengs/458659/;calvin-stengs;458659.0;feyenoord-rotterdam-nv;C. Stengs;23.0
FMNederland;T. Robinet;2;9.0;T. Robinet;A;/players/thomas-robinet/312659/;thomas-robinet;312659.0;fc-omniworld;T. Robinet;0.37
FMNederland;T. Lauritsen;2;;T. Lauritsen;A;/players/tobias-lauritsen/406745/;tobias-lauritsen;406745.0;sparta-rotterdam-bv;T. Lauritsen;12.0
FMNederland;T. Parrott;2;9.0;T. Parrott;A;/players/troy-parrot/515624/;troy-parrot;515624.0;stichting-az;T. Parrott;6.0
crispy;L. Unnerstall;2;1.0;L. Unnerstall;K;/players/lars-unnerstall/81320/;lars-unnerstall;81320.0;stichting-fc-twente-65;L. Unnerstall;3.0
crispy;C. Verdonk;2;24.0;C. Verdonk;V;/players/calvin-verdonk/319288/;calvin-verdonk;319288.0;nijmegen-eendracht-combinatie;C. Verdonk;2.0
crispy;S. El Karouani;2;16.0;S. El Karouani;V;/players/souffian-elkarouani/537878/;souffian-elkarouani;537878.0;stichting-fc-utrecht;S. El Karouani;3.0
crispy;M. Kohlert;2;11.0;M. Köhlert;V;/players/mats-kohlert/400423/;mats-kohlert;400423.0;sportclub-heerenveen;M. Kohlert;3.0
crispy;D. Hancko;2;33.0;D. Hancko;V;/players/david-hancko/391059/;david-hancko;391059.0;feyenoord-rotterdam-nv;D. Hancko;14.0
crispy;J. Schreuders;2;14.0;J. Schreuders;M;/players/jorg-schreuders/877779/;jorg-schreuders;877779.0;stichting-fc-groningen;J. Schreuders;14.0
crispy;A. Verschueren;2;32.0;A. Verschueren;M;/players/arno-vershueren/319385/;arno-vershueren;319385.0;stichting-fc-twente-65;A. Verschueren;3.87
crispy;S. Mijnans;2;10.0;S. Mijnans;M;/players/sven-mijnans/566000/;sven-mijnans;566000.0;stichting-az;S. Mijnans;15.93
crispy;A. Halilovic;2;10.0;A. Halilović;M;/players/alen-halilovi/270136/;alen-halilovi;270136.0;fortuna-sittard;A. Halilovic;15.76
crispy;K. Taylor;2;8.0;K. Taylor;M;/players/kenneth-taylor/508784/;kenneth-taylor;508784.0;afc-ajax;K. Taylor;1.13
crispy;L. de Jong;2;9.0;L. de Jong;A;/players/luuk-de-jong/65056/;luuk-de-jong;65056.0;psv-nv;L. de Jong;9.0
svvthomas;N. Olij;2;;N. Olij;K;/players/nick-olij/235322/;nick-olij;235322.0;sparta-rotterdam-bv;N. Olij;3.0
svvthomas;M. Deijl;2;2.0;M. Deijl;V;/players/mats-deijl/402457/;mats-deijl;402457.0;stichting-go-ahead-eagles;M. Deijl;1.0
svvthomas;B. Kuipers;2;5.0;B. Kuipers;V;/players/bas-edo-kuipers/274649/;bas-edo-kuipers;274649.0;stichting-fc-twente-65;B. Kuipers;3.0
svvthomas;D. Mirani;2;4.0;D. Mirani;V;/players/damon-mirani/289811/;damon-mirani;289811.0;stichting-heracles-almelo;D. Mirani;0.0
svvthomas;M. Hoedemakers;2;6.0;M. Hoedemakers;M;/players/mees-hoedemakers/465082/;mees-hoedemakers;465082.0;nijmegen-eendracht-combinatie;M. Hoedemakers;0.8
svvthomas;D. Janosek;2;39.0;D. Janošek;M;/players/dominik-janosek/492661/;dominik-janosek;492661.0;nac-bv;D. Janosek;4.94
svvthomas;L. Brouwers;2;8.0;L. Brouwers;M;/players/luuk-brouwers/402458/;luuk-brouwers;402458.0;sportclub-heerenveen;L. Brouwers;4.0
svvthomas;C. Stengs;2;10.0;C. Stengs;M;/players/calvin-stengs/458659/;calvin-stengs;458659.0;feyenoord-rotterdam-nv;C. Stengs;23.0
svvthomas;T. Parrott;2;9.0;T. Parrott;A;/players/troy-parrot/515624/;troy-parrot;515624.0;stichting-az;T. Parrott;6.0
svvthomas;L. de Jong;2;9.0;L. de Jong;A;/players/luuk-de-jong/65056/;luuk-de-jong;65056.0;psv-nv;L. de Jong;9.0
svvthomas;B. Brobbey;2;9.0;B. Brobbey;A;/players/brian-brobbey/520146/;brian-brobbey;520146.0;afc-ajax;B. Brobbey;2.17
El Cid;L. Unnerstall;2;1.0;L. Unnerstall;K;/players/lars-unnerstall/81320/;lars-unnerstall;81320.0;stichting-fc-twente-65;L. Unnerstall;3.0
El Cid;P. Bochniewicz;2;5.0;P. Bochniewicz;V;/players/pawe-bochniewicz/273911/;pawe-bochniewicz;273911.0;sportclub-heerenveen;P. Bochniewicz;1.0
El Cid;B. Nieuwkoop;2;2.0;B. Nieuwkoop;V;/players/bart-nieuwkoop/275124/;bart-nieuwkoop;275124.0;feyenoord-rotterdam-nv;B. Nieuwkoop;2.56
El Cid;D. van der Kust;2;;D. van der Kust;V;/players/djevencio-van-der-kust/569309/;djevencio-van-der-kust;569309.0;sparta-rotterdam-bv;D. van der Kust;3.0
El Cid;A. Halilovic;2;10.0;A. Halilović;M;/players/alen-halilovi/270136/;alen-halilovi;270136.0;fortuna-sittard;A. Halilovic;15.76
El Cid;L. Valente;2;10.0;L. Valente;M;/players/luciano-valente/703884/;luciano-valente;703884.0;stichting-fc-groningen;L. Valente;4.83
El Cid;V. Jensen;2;7.0;V. Jensen;M;/players/victor-jensen/460509/;victor-jensen;460509.0;stichting-fc-utrecht;V. Jensen;0.49
El Cid;D. Proper;2;71.0;D. Proper;M;/players/dirk-proper/525939/;dirk-proper;525939.0;nijmegen-eendracht-combinatie;D. Proper;3.0
El Cid;B. Traore;2;20.0;B. Traoré;A;/players/bertrand-traore/102801/;bertrand-traore;102801.0;afc-ajax;B. Traore;1.87
El Cid;L. de Jong;2;9.0;L. de Jong;A;/players/luuk-de-jong/65056/;luuk-de-jong;65056.0;psv-nv;L. de Jong;9.0
El Cid;T. Parrott;2;9.0;T. Parrott;A;/players/troy-parrot/515624/;troy-parrot;515624.0;stichting-az;T. Parrott;6.0
Otis.;V. Barkas;2;1.0;V. Barkas;K;/players/vasileios-barkas/272919/;vasileios-barkas;272919.0;stichting-fc-utrecht;V. Barkas;3.0
Otis.;M. Deijl;2;2.0;M. Deijl;V;/players/mats-deijl/402457/;mats-deijl;402457.0;stichting-go-ahead-eagles;M. Deijl;1.0
Otis.;M. Hilgers;2;2.0;M. Hilgers;V;/players/mees-hilgers/627701/;mees-hilgers;627701.0;stichting-fc-twente-65;M. Hilgers;1.0
Otis.;J. Hato;2;4.0;J. Hato;V;/players/jorrel-hato/783173/;jorrel-hato;783173.0;afc-ajax;J. Hato;13.0
Otis.;G. Smal;2;5.0;G. Smal;V;/players/gijs-smal/508760/;gijs-smal;508760.0;feyenoord-rotterdam-nv;G. Smal;0.44
Otis.;S. Mijnans;2;10.0;S. Mijnans;M;/players/sven-mijnans/566000/;sven-mijnans;566000.0;stichting-az;S. Mijnans;15.93
Otis.;Rober;2;7.0;Róber;M;/players/roberto-gonzalez-bayon/500171/;roberto-gonzalez-bayon;500171.0;nijmegen-eendracht-combinatie;Rober;2.57
Otis.;P. Clement;2;;P. Clement;M;/players/pelle-clement/379793/;pelle-clement;379793.0;sparta-rotterdam-bv;P. Clement;3.56
Otis.;D. Karlsbakk;2;9.0;D. Karlsbakk;A;/players/daniel-seland-karlsbakk/629619/;daniel-seland-karlsbakk;629619.0;sportclub-heerenveen;D. Karlsbakk;3.2
Otis.;L. de Jong;2;9.0;L. de Jong;A;/players/luuk-de-jong/65056/;luuk-de-jong;65056.0;psv-nv;L. de Jong;9.0
Otis.;L. Kulenovic;2;19.0;L. Kulenović;A;/players/luka-kulenovi/631882/;luka-kulenovi;631882.0;stichting-heracles-almelo;L. Kulenovic;
Gordon Shumway;L. Unnerstall;2;1.0;L. Unnerstall;K;/players/lars-unnerstall/81320/;lars-unnerstall;81320.0;stichting-fc-twente-65;L. Unnerstall;3.0
Gordon Shumway;B. Nieuwkoop;2;2.0;B. Nieuwkoop;V;/players/bart-nieuwkoop/275124/;bart-nieuwkoop;275124.0;feyenoord-rotterdam-nv;B. Nieuwkoop;2.56
Gordon Shumway;J. Hato;2;4.0;J. Hato;V;/players/jorrel-hato/783173/;jorrel-hato;783173.0;afc-ajax;J. Hato;13.0
Gordon Shumway;M. Kohlert;2;11.0;M. Köhlert;V;/players/mats-kohlert/400423/;mats-kohlert;400423.0;sportclub-heerenveen;M. Kohlert;3.0
Gordon Shumway;C. Neghli;2;;C. Neghli;A;/players/camiel-neghli/680707/;camiel-neghli;680707.0;sparta-rotterdam-bv;C. Neghli;3.11
Gordon Shumway;L. Valente;2;10.0;L. Valente;M;/players/luciano-valente/703884/;luciano-valente;703884.0;stichting-fc-groningen;L. Valente;4.83
Gordon Shumway;D. Proper;2;71.0;D. Proper;M;/players/dirk-proper/525939/;dirk-proper;525939.0;nijmegen-eendracht-combinatie;D. Proper;3.0
Gordon Shumway;V. Jensen;2;7.0;V. Jensen;M;/players/victor-jensen/460509/;victor-jensen;460509.0;stichting-fc-utrecht;V. Jensen;0.49
Gordon Shumway;L. de Jong;2;9.0;L. de Jong;A;/players/luuk-de-jong/65056/;luuk-de-jong;65056.0;psv-nv;L. de Jong;9.0
Gordon Shumway;!K. Sierhuis;2;;;;;;;;;
Gordon Shumway;T. Parrott;2;9.0;T. Parrott;A;/players/troy-parrot/515624/;troy-parrot;515624.0;stichting-az;T. Parrott;6.0
Suikerbrood;N. Olij;2;;N. Olij;K;/players/nick-olij/235322/;nick-olij;235322.0;sparta-rotterdam-bv;N. Olij;3.0
Suikerbrood;M. Kohlert;2;11.0;M. Köhlert;V;/players/mats-kohlert/400423/;mats-kohlert;400423.0;sportclub-heerenveen;M. Kohlert;3.0
Suikerbrood;D. Rensch;2;2.0;D. Rensch;V;/players/devyne-rensch/601396/;devyne-rensch;601396.0;afc-ajax;D. Rensch;0.0
Suikerbrood;J. Amofa;2;25.0;J. Amofa;V;/players/jamal-amofa/668121/;jamal-amofa;668121.0;stichting-go-ahead-eagles;J. Amofa;-1.3
Suikerbrood;N. Viergever;2;24.0;N. Viergever;V;/players/nick--viergever/78529/;nick--viergever;78529.0;stichting-fc-utrecht;N. Viergever;3.0
Suikerbrood;D. Proper;2;71.0;D. Proper;M;/players/dirk-proper/525939/;dirk-proper;525939.0;nijmegen-eendracht-combinatie;D. Proper;3.0
Suikerbrood;M. Vlap;2;18.0;M. Vlap;M;/players/michel-vlap/407742/;michel-vlap;407742.0;stichting-fc-twente-65;M. Vlap;4.0
Suikerbrood;A. Halilovic;2;10.0;A. Halilović;M;/players/alen-halilovi/270136/;alen-halilovi;270136.0;fortuna-sittard;A. Halilovic;15.76
Suikerbrood;S. Gimenez;2;29.0;S. Giménez;A;/players/santiago-tomas-gimenez/494293/;santiago-tomas-gimenez;494293.0;feyenoord-rotterdam-nv;S. Gimenez;21.0
Suikerbrood;R. van Bommel;2;7.0;R. van Bommel;A;/players/ruben-van-bommel/834074/;ruben-van-bommel;834074.0;stichting-az;R. van Bommel;2.0
Suikerbrood;L. de Jong;2;9.0;L. de Jong;A;/players/luuk-de-jong/65056/;luuk-de-jong;65056.0;psv-nv;L. de Jong;9.0
EnGCatjuh;N. Olij;2;;N. Olij;K;/players/nick-olij/235322/;nick-olij;235322.0;sparta-rotterdam-bv;N. Olij;3.0
EnGCatjuh;M. Kohlert;2;11.0;M. Köhlert;V;/players/mats-kohlert/400423/;mats-kohlert;400423.0;sportclub-heerenveen;M. Kohlert;3.0
EnGCatjuh;O. Boscagli;2;18.0;O. Boscagli;V;/players/olivier-boscagli/329542/;olivier-boscagli;329542.0;psv-nv;O. Boscagli;4.0
EnGCatjuh;S. El Karouani;2;16.0;S. El Karouani;V;/players/souffian-elkarouani/537878/;souffian-elkarouani;537878.0;stichting-fc-utrecht;S. El Karouani;3.0
EnGCatjuh;C. Stengs;2;10.0;C. Stengs;M;/players/calvin-stengs/458659/;calvin-stengs;458659.0;feyenoord-rotterdam-nv;C. Stengs;23.0
EnGCatjuh;E. Linthorst;2;8.0;E. Linthorst;M;/players/evert-linthorst/546756/;evert-linthorst;546756.0;stichting-go-ahead-eagles;E. Linthorst;1.53
EnGCatjuh;D. Proper;2;71.0;D. Proper;M;/players/dirk-proper/525939/;dirk-proper;525939.0;nijmegen-eendracht-combinatie;D. Proper;3.0
EnGCatjuh;S. Steijn;2;14.0;S. Steijn;M;/players/sem-steijn/560623/;sem-steijn;560623.0;stichting-fc-twente-65;S. Steijn;7.0
EnGCatjuh;T. Parrott;2;9.0;T. Parrott;A;/players/troy-parrot/515624/;troy-parrot;515624.0;stichting-az;T. Parrott;6.0
EnGCatjuh;B. Brobbey;2;9.0;B. Brobbey;A;/players/brian-brobbey/520146/;brian-brobbey;520146.0;afc-ajax;B. Brobbey;2.17
EnGCatjuh;K. Sierhuis;2;9.0;K. Sierhuis;A;/players/kaj-sierhuis/423563/;kaj-sierhuis;423563.0;fortuna-sittard;K. Sierhuis;
Vishandel Makaay;J. Houwen;2;1.0;J. Houwen;K;/players/jeroen-houwen/303254/;jeroen-houwen;303254.0;rkc-waalwijk;J. Houwen;1.0
Vishandel Makaay;R. Flamingo;2;6.0;R. Flamingo;V;/players/ryan-flamingo/627724/;ryan-flamingo;627724.0;psv-nv;R. Flamingo;4.0
Vishandel Makaay;R. Bazoer;2;25.0;R. Bazoer;V;/players/riechedly-bazoer/218161/;riechedly-bazoer;218161.0;stichting-az;R. Bazoer;-1.67
Vishandel Makaay;K. Leerdam;2;18.0;K. Leerdam;V;/players/kelvin-leerdam/68354/;kelvin-leerdam;68354.0;stichting-heracles-almelo;K. Leerdam;0.0
Vishandel Makaay;M. Dijks;2;35.0;M. Dijks;V;/players/mitchel-dijks/219029/;mitchel-dijks;219029.0;fortuna-sittard;M. Dijks;21.0
Vishandel Makaay;T. Oosting;2;25.0;T. Oosting;M;/players/thijs-oosting/477591/;thijs-oosting;477591.0;stichting-fc-groningen;T. Oosting;0.94
Vishandel Makaay;E. van Ee;2;21.0;E. van Ee;M;/players/espen-van-ee/921919/;espen-van-ee;921919.0;sportclub-heerenveen;E. van Ee;1.47
Vishandel Makaay;P. Aaronson;2;21.0;P. Aaronson;M;/players/paxten-aaronson/576828/;paxten-aaronson;576828.0;stichting-fc-utrecht;P. Aaronson;9.0
Vishandel Makaay;B. Traore;2;20.0;B. Traoré;A;/players/bertrand-traore/102801/;bertrand-traore;102801.0;afc-ajax;B. Traore;1.87
Vishandel Makaay;R. van Wolfswinkel;2;9.0;R. van Wolfswinkel;A;/players/ricky-van-wolfswinkel/59407/;ricky-van-wolfswinkel;59407.0;stichting-fc-twente-65;R. van Wolfswinkel;0.0
Vishandel Makaay;T. Buitink;2;29.0;T. Buitink;A;/players/thomas-buitnik/457668/;thomas-buitnik;457668.0;bvo-fc-zwolle;T. Buitink;1.9
Friggles;L. Unnerstall;2;1.0;L. Unnerstall;K;/players/lars-unnerstall/81320/;lars-unnerstall;81320.0;stichting-fc-twente-65;L. Unnerstall;3.0
Friggles;T. Quintero;2;;T. Quintero;V;/players/teo-quintero/565562/;teo-quintero;565562.0;sparta-rotterdam-bv;T. Quintero;3.0
Friggles;M. Deijl;2;2.0;M. Deijl;V;/players/mats-deijl/402457/;mats-deijl;402457.0;stichting-go-ahead-eagles;M. Deijl;1.0
Friggles;S. El Karouani;2;16.0;S. El Karouani;V;/players/souffian-elkarouani/537878/;souffian-elkarouani;537878.0;stichting-fc-utrecht;S. El Karouani;3.0
Friggles;S. Mijnans;2;10.0;S. Mijnans;M;/players/sven-mijnans/566000/;sven-mijnans;566000.0;stichting-az;S. Mijnans;15.93
Friggles;D. Proper;2;71.0;D. Proper;M;/players/dirk-proper/525939/;dirk-proper;525939.0;nijmegen-eendracht-combinatie;D. Proper;3.0
Friggles;M. Kohlert;2;11.0;M. Köhlert;V;/players/mats-kohlert/400423/;mats-kohlert;400423.0;sportclub-heerenveen;M. Kohlert;3.0
Friggles;S. 't Zand;2;25.0;S. 't Zand;M;/players/shiloh-t-zand/824640/;shiloh-t-zand;824640.0;feyenoord-rotterdam-nv;S. 't Zand;3.0
Friggles;S. Gimenez;2;29.0;S. Giménez;A;/players/santiago-tomas-gimenez/494293/;santiago-tomas-gimenez;494293.0;feyenoord-rotterdam-nv;S. Gimenez;21.0
Friggles;L. de Jong;2;9.0;L. de Jong;A;/players/luuk-de-jong/65056/;luuk-de-jong;65056.0;psv-nv;L. de Jong;9.0
Friggles;B. Brobbey;2;9.0;B. Brobbey;A;/players/brian-brobbey/520146/;brian-brobbey;520146.0;afc-ajax;B. Brobbey;2.17
Jay-Jay;N. Olij;2;;N. Olij;K;/players/nick-olij/235322/;nick-olij;235322.0;sparta-rotterdam-bv;N. Olij;3.0
Jay-Jay;S. Maikuma;2;16.0;S. Maikuma;V;/players/seiya-maikuma/651537/;seiya-maikuma;651537.0;stichting-az;S. Maikuma;15.0
Jay-Jay;M. Deijl;2;2.0;M. Deijl;V;/players/mats-deijl/402457/;mats-deijl;402457.0;stichting-go-ahead-eagles;M. Deijl;1.0
Jay-Jay;S. El Karouani;2;16.0;S. El Karouani;V;/players/souffian-elkarouani/537878/;souffian-elkarouani;537878.0;stichting-fc-utrecht;S. El Karouani;3.0
Jay-Jay;Ivo Pinto;2;12.0;Ivo Pinto;V;/players/ivo-pinto/86672/;ivo-pinto;86672.0;fortuna-sittard;Ivo Pinto;15.0
Jay-Jay;J. Veerman;2;23.0;J. Veerman;M;/players/joey--veerman/459312/;joey--veerman;459312.0;psv-nv;J. Veerman;5.0
Jay-Jay;D. Proper;2;71.0;D. Proper;M;/players/dirk-proper/525939/;dirk-proper;525939.0;nijmegen-eendracht-combinatie;D. Proper;3.0
Jay-Jay;S. Olsson;2;19.0;S. Olsson;M;/players/simon-olsson/423888/;simon-olsson;423888.0;sportclub-heerenveen;S. Olsson;4.0
Jay-Jay;S. Gimenez;2;29.0;S. Giménez;A;/players/santiago-tomas-gimenez/494293/;santiago-tomas-gimenez;494293.0;feyenoord-rotterdam-nv;S. Gimenez;21.0
Jay-Jay;B. Brobbey;2;9.0;B. Brobbey;A;/players/brian-brobbey/520146/;brian-brobbey;520146.0;afc-ajax;B. Brobbey;2.17
Jay-Jay;S. Lammers;2;10.0;S. Lammers;A;/players/sam-lammers/407736/;sam-lammers;407736.0;stichting-fc-twente-65;S. Lammers;2.04
Rucebo;V. Barkas;2;1.0;V. Barkas;K;/players/vasileios-barkas/272919/;vasileios-barkas;272919.0;stichting-fc-utrecht;V. Barkas;3.0
Rucebo;Ivo Pinto;2;12.0;Ivo Pinto;V;/players/ivo-pinto/86672/;ivo-pinto;86672.0;fortuna-sittard;Ivo Pinto;15.0
Rucebo;J. Hato;2;4.0;J. Hato;V;/players/jorrel-hato/783173/;jorrel-hato;783173.0;afc-ajax;J. Hato;13.0
Rucebo;G. Trauner;2;18.0;G. Trauner;V;/players/gernot-trauner/135546/;gernot-trauner;135546.0;feyenoord-rotterdam-nv;G. Trauner;
Rucebo;M. Deijl;2;2.0;M. Deijl;V;/players/mats-deijl/402457/;mats-deijl;402457.0;stichting-go-ahead-eagles;M. Deijl;1.0
Rucebo;S. Steijn;2;14.0;S. Steijn;M;/players/sem-steijn/560623/;sem-steijn;560623.0;stichting-fc-twente-65;S. Steijn;7.0
Rucebo;J. Kitolano;2;;J. Kitolano;M;/players/joshua-gaston-kitolano/517475/;joshua-gaston-kitolano;517475.0;sparta-rotterdam-bv;J. Kitolano;
Rucebo;L. Brouwers;2;8.0;L. Brouwers;M;/players/luuk-brouwers/402458/;luuk-brouwers;402458.0;sportclub-heerenveen;L. Brouwers;4.0
Rucebo;T. Parrott;2;9.0;T. Parrott;A;/players/troy-parrot/515624/;troy-parrot;515624.0;stichting-az;T. Parrott;6.0
Rucebo;L. de Jong;2;9.0;L. de Jong;A;/players/luuk-de-jong/65056/;luuk-de-jong;65056.0;psv-nv;L. de Jong;9.0
Rucebo;K. Ogawa;2;18.0;K. Ogawa;A;/players/koki-ogawa/435835/;koki-ogawa;435835.0;nijmegen-eendracht-combinatie;K. Ogawa;0.8
tukkeRoel;V. Barkas;3;1.0;V. Barkas;K;/players/vasileios-barkas/272919/;vasileios-barkas;272919.0;stichting-fc-utrecht;V. Barkas;4.0
tukkeRoel;D. Hancko;3;33.0;D. Hancko;V;/players/david-hancko/391059/;david-hancko;391059.0;feyenoord-rotterdam-nv;D. Hancko;1.0
tukkeRoel;J. Hato;3;4.0;J. Hato;V;/players/jorrel-hato/783173/;jorrel-hato;783173.0;afc-ajax;J. Hato;
tukkeRoel;M. Kohlert;3;11.0;M. Köhlert;V;/players/mats-kohlert/400423/;mats-kohlert;400423.0;sportclub-heerenveen;M. Kohlert;
tukkeRoel;C. Verdonk;3;24.0;C. Verdonk;V;/players/calvin-verdonk/319288/;calvin-verdonk;319288.0;nijmegen-eendracht-combinatie;C. Verdonk;15.0
tukkeRoel;F. Krastev;3;50.0;F. Krastev;M;/players/filip-yavorov-krastev/550509/;filip-yavorov-krastev;550509.0;bvo-fc-zwolle;F. Krastev;2.47
tukkeRoel;S. Mijnans;3;10.0;S. Mijnans;M;/players/sven-mijnans/566000/;sven-mijnans;566000.0;stichting-az;S. Mijnans;7.0
tukkeRoel;A. Verschueren;3;32.0;A. Verschueren;M;/players/arno-vershueren/319385/;arno-vershueren;319385.0;stichting-fc-twente-65;A. Verschueren;3.6
tukkeRoel;S. Steijn;3;14.0;S. Steijn;M;/players/sem-steijn/560623/;sem-steijn;560623.0;stichting-fc-twente-65;S. Steijn;
tukkeRoel;S. Tengstedt;3;10.0;S. Tengstedt;A;/players/soren-tengstedt/615917/;soren-tengstedt;615917.0;stichting-go-ahead-eagles;S. Tengstedt;5.6
tukkeRoel;L. de Jong;3;9.0;L. de Jong;A;/players/luuk-de-jong/65056/;luuk-de-jong;65056.0;psv-nv;L. de Jong;12.06
methodmich;V. Barkas;3;1.0;V. Barkas;K;/players/vasileios-barkas/272919/;vasileios-barkas;272919.0;stichting-fc-utrecht;V. Barkas;4.0
methodmich;M. Dijks;3;35.0;M. Dijks;V;/players/mitchel-dijks/219029/;mitchel-dijks;219029.0;fortuna-sittard;M. Dijks;
methodmich;L. Geertruida;3;4.0;L. Geertruida;V;/players/lutsharel-geertruida/463698/;lutsharel-geertruida;463698.0;feyenoord-rotterdam-nv;L. Geertruida;3.0
methodmich;M. Kohlert;3;11.0;M. Köhlert;V;/players/mats-kohlert/400423/;mats-kohlert;400423.0;sportclub-heerenveen;M. Kohlert;
methodmich;S. Mijnans;3;10.0;S. Mijnans;M;/players/sven-mijnans/566000/;sven-mijnans;566000.0;stichting-az;S. Mijnans;7.0
methodmich;S. 't Zand;3;25.0;S. 't Zand;M;/players/shiloh-t-zand/824640/;shiloh-t-zand;824640.0;feyenoord-rotterdam-nv;S. 't Zand;4.0
methodmich;S. Steijn;3;14.0;S. Steijn;M;/players/sem-steijn/560623/;sem-steijn;560623.0;stichting-fc-twente-65;S. Steijn;
methodmich;K. Sano;3;23.0;K. Sano;M;/players/kodai-sano/815318/;kodai-sano;815318.0;nijmegen-eendracht-combinatie;K. Sano;8.0
methodmich;L. de Jong;3;9.0;L. de Jong;A;/players/luuk-de-jong/65056/;luuk-de-jong;65056.0;psv-nv;L. de Jong;12.06
methodmich;S. Berghuis;3;23.0;S. Berghuis;A;/players/steven-berghuis/134080/;steven-berghuis;134080.0;afc-ajax;S. Berghuis;
methodmich;T. Lauritsen;3;;T. Lauritsen;A;/players/tobias-lauritsen/406745/;tobias-lauritsen;406745.0;sparta-rotterdam-bv;T. Lauritsen;8.0
FMNederland;V. Barkas;3;1.0;V. Barkas;K;/players/vasileios-barkas/272919/;vasileios-barkas;272919.0;stichting-fc-utrecht;V. Barkas;4.0
FMNederland;M. Kohlert;3;11.0;M. Köhlert;V;/players/mats-kohlert/400423/;mats-kohlert;400423.0;sportclub-heerenveen;M. Kohlert;
FMNederland;M. Deijl;3;2.0;M. Deijl;V;/players/mats-deijl/402457/;mats-deijl;402457.0;stichting-go-ahead-eagles;M. Deijl;15.0
FMNederland;C. Verdonk;3;24.0;C. Verdonk;V;/players/calvin-verdonk/319288/;calvin-verdonk;319288.0;nijmegen-eendracht-combinatie;C. Verdonk;15.0
FMNederland;O. Boscagli;3;18.0;O. Boscagli;V;/players/olivier-boscagli/329542/;olivier-boscagli;329542.0;psv-nv;O. Boscagli;4.0
FMNederland;S. Bastien;3;22.0;S. Bastien;M;/players/samuel-bastien/314097/;samuel-bastien;314097.0;fortuna-sittard;S. Bastien;
FMNederland;S. Steijn;3;14.0;S. Steijn;M;/players/sem-steijn/560623/;sem-steijn;560623.0;stichting-fc-twente-65;S. Steijn;
FMNederland;C. Stengs;3;10.0;C. Stengs;M;/players/calvin-stengs/458659/;calvin-stengs;458659.0;feyenoord-rotterdam-nv;C. Stengs;2.0
FMNederland;T. Robinet;3;9.0;T. Robinet;A;/players/thomas-robinet/312659/;thomas-robinet;312659.0;fc-omniworld;T. Robinet;
FMNederland;T. Lauritsen;3;;T. Lauritsen;A;/players/tobias-lauritsen/406745/;tobias-lauritsen;406745.0;sparta-rotterdam-bv;T. Lauritsen;8.0
FMNederland;T. Parrott;3;9.0;T. Parrott;A;/players/troy-parrot/515624/;troy-parrot;515624.0;stichting-az;T. Parrott;4.67
crispy;L. Unnerstall;3;1.0;L. Unnerstall;K;/players/lars-unnerstall/81320/;lars-unnerstall;81320.0;stichting-fc-twente-65;L. Unnerstall;
crispy;C. Verdonk;3;24.0;C. Verdonk;V;/players/calvin-verdonk/319288/;calvin-verdonk;319288.0;nijmegen-eendracht-combinatie;C. Verdonk;15.0
crispy;S. El Karouani;3;16.0;S. El Karouani;V;/players/souffian-elkarouani/537878/;souffian-elkarouani;537878.0;stichting-fc-utrecht;S. El Karouani;2.0
crispy;M. Kohlert;3;11.0;M. Köhlert;V;/players/mats-kohlert/400423/;mats-kohlert;400423.0;sportclub-heerenveen;M. Kohlert;
crispy;D. Hancko;3;33.0;D. Hancko;V;/players/david-hancko/391059/;david-hancko;391059.0;feyenoord-rotterdam-nv;D. Hancko;1.0
crispy;J. Schreuders;3;14.0;J. Schreuders;M;/players/jorg-schreuders/877779/;jorg-schreuders;877779.0;stichting-fc-groningen;J. Schreuders;7.0
crispy;A. Verschueren;3;32.0;A. Verschueren;M;/players/arno-vershueren/319385/;arno-vershueren;319385.0;stichting-fc-twente-65;A. Verschueren;3.6
crispy;S. Mijnans;3;10.0;S. Mijnans;M;/players/sven-mijnans/566000/;sven-mijnans;566000.0;stichting-az;S. Mijnans;7.0
crispy;A. Halilovic;3;10.0;A. Halilović;M;/players/alen-halilovi/270136/;alen-halilovi;270136.0;fortuna-sittard;A. Halilovic;
crispy;K. Taylor;3;8.0;K. Taylor;M;/players/kenneth-taylor/508784/;kenneth-taylor;508784.0;afc-ajax;K. Taylor;
crispy;L. de Jong;3;9.0;L. de Jong;A;/players/luuk-de-jong/65056/;luuk-de-jong;65056.0;psv-nv;L. de Jong;12.06
svvthomas;N. Olij;3;;N. Olij;K;/players/nick-olij/235322/;nick-olij;235322.0;sparta-rotterdam-bv;N. Olij;3.0
svvthomas;M. Deijl;3;2.0;M. Deijl;V;/players/mats-deijl/402457/;mats-deijl;402457.0;stichting-go-ahead-eagles;M. Deijl;15.0
svvthomas;B. Kuipers;3;5.0;B. Kuipers;V;/players/bas-edo-kuipers/274649/;bas-edo-kuipers;274649.0;stichting-fc-twente-65;B. Kuipers;
svvthomas;D. Mirani;3;4.0;D. Mirani;V;/players/damon-mirani/289811/;damon-mirani;289811.0;stichting-heracles-almelo;D. Mirani;3.0
svvthomas;M. Hoedemakers;3;6.0;M. Hoedemakers;M;/players/mees-hoedemakers/465082/;mees-hoedemakers;465082.0;nijmegen-eendracht-combinatie;M. Hoedemakers;5.24
svvthomas;D. Janosek;3;39.0;D. Janošek;M;/players/dominik-janosek/492661/;dominik-janosek;492661.0;nac-bv;D. Janosek;8.0
svvthomas;L. Brouwers;3;8.0;L. Brouwers;M;/players/luuk-brouwers/402458/;luuk-brouwers;402458.0;sportclub-heerenveen;L. Brouwers;
svvthomas;C. Stengs;3;10.0;C. Stengs;M;/players/calvin-stengs/458659/;calvin-stengs;458659.0;feyenoord-rotterdam-nv;C. Stengs;2.0
svvthomas;T. Parrott;3;9.0;T. Parrott;A;/players/troy-parrot/515624/;troy-parrot;515624.0;stichting-az;T. Parrott;4.67
svvthomas;L. de Jong;3;9.0;L. de Jong;A;/players/luuk-de-jong/65056/;luuk-de-jong;65056.0;psv-nv;L. de Jong;12.06
svvthomas;B. Brobbey;3;9.0;B. Brobbey;A;/players/brian-brobbey/520146/;brian-brobbey;520146.0;afc-ajax;B. Brobbey;
El Cid;L. Unnerstall;3;1.0;L. Unnerstall;K;/players/lars-unnerstall/81320/;lars-unnerstall;81320.0;stichting-fc-twente-65;L. Unnerstall;
El Cid;P. Bochniewicz;3;5.0;P. Bochniewicz;V;/players/pawe-bochniewicz/273911/;pawe-bochniewicz;273911.0;sportclub-heerenveen;P. Bochniewicz;
El Cid;B. Nieuwkoop;3;2.0;B. Nieuwkoop;V;/players/bart-nieuwkoop/275124/;bart-nieuwkoop;275124.0;feyenoord-rotterdam-nv;B. Nieuwkoop;
El Cid;D. van der Kust;3;;D. van der Kust;V;/players/djevencio-van-der-kust/569309/;djevencio-van-der-kust;569309.0;sparta-rotterdam-bv;D. van der Kust;1.0
El Cid;A. Halilovic;3;10.0;A. Halilović;M;/players/alen-halilovi/270136/;alen-halilovi;270136.0;fortuna-sittard;A. Halilovic;
El Cid;L. Valente;3;10.0;L. Valente;M;/players/luciano-valente/703884/;luciano-valente;703884.0;stichting-fc-groningen;L. Valente;6.69
El Cid;V. Jensen;3;7.0;V. Jensen;M;/players/victor-jensen/460509/;victor-jensen;460509.0;stichting-fc-utrecht;V. Jensen;2.44
El Cid;D. Proper;3;71.0;D. Proper;M;/players/dirk-proper/525939/;dirk-proper;525939.0;nijmegen-eendracht-combinatie;D. Proper;8.0
El Cid;B. Traore;3;20.0;B. Traoré;A;/players/bertrand-traore/102801/;bertrand-traore;102801.0;afc-ajax;B. Traore;
El Cid;L. de Jong;3;9.0;L. de Jong;A;/players/luuk-de-jong/65056/;luuk-de-jong;65056.0;psv-nv;L. de Jong;12.06
El Cid;T. Parrott;3;9.0;T. Parrott;A;/players/troy-parrot/515624/;troy-parrot;515624.0;stichting-az;T. Parrott;4.67
Otis.;V. Barkas;3;1.0;V. Barkas;K;/players/vasileios-barkas/272919/;vasileios-barkas;272919.0;stichting-fc-utrecht;V. Barkas;4.0
Otis.;M. Deijl;3;2.0;M. Deijl;V;/players/mats-deijl/402457/;mats-deijl;402457.0;stichting-go-ahead-eagles;M. Deijl;15.0
Otis.;M. Hilgers;3;2.0;M. Hilgers;V;/players/mees-hilgers/627701/;mees-hilgers;627701.0;stichting-fc-twente-65;M. Hilgers;
Otis.;J. Hato;3;4.0;J. Hato;V;/players/jorrel-hato/783173/;jorrel-hato;783173.0;afc-ajax;J. Hato;
Otis.;G. Smal;3;5.0;G. Smal;V;/players/gijs-smal/508760/;gijs-smal;508760.0;feyenoord-rotterdam-nv;G. Smal;2.02
Otis.;S. Mijnans;3;10.0;S. Mijnans;M;/players/sven-mijnans/566000/;sven-mijnans;566000.0;stichting-az;S. Mijnans;7.0
Otis.;Rober;3;7.0;Róber;M;/players/roberto-gonzalez-bayon/500171/;roberto-gonzalez-bayon;500171.0;nijmegen-eendracht-combinatie;Rober;17.0
Otis.;P. Clement;3;;P. Clement;M;/players/pelle-clement/379793/;pelle-clement;379793.0;sparta-rotterdam-bv;P. Clement;2.89
Otis.;D. Karlsbakk;3;9.0;D. Karlsbakk;A;/players/daniel-seland-karlsbakk/629619/;daniel-seland-karlsbakk;629619.0;sportclub-heerenveen;D. Karlsbakk;
Otis.;L. de Jong;3;9.0;L. de Jong;A;/players/luuk-de-jong/65056/;luuk-de-jong;65056.0;psv-nv;L. de Jong;12.06
Otis.;L. Kulenovic;3;19.0;L. Kulenović;A;/players/luka-kulenovi/631882/;luka-kulenovi;631882.0;stichting-heracles-almelo;L. Kulenovic;
Gordon Shumway;L. Unnerstall;3;1.0;L. Unnerstall;K;/players/lars-unnerstall/81320/;lars-unnerstall;81320.0;stichting-fc-twente-65;L. Unnerstall;
Gordon Shumway;B. Nieuwkoop;3;2.0;B. Nieuwkoop;V;/players/bart-nieuwkoop/275124/;bart-nieuwkoop;275124.0;feyenoord-rotterdam-nv;B. Nieuwkoop;
Gordon Shumway;J. Hato;3;4.0;J. Hato;V;/players/jorrel-hato/783173/;jorrel-hato;783173.0;afc-ajax;J. Hato;
Gordon Shumway;M. Kohlert;3;11.0;M. Köhlert;V;/players/mats-kohlert/400423/;mats-kohlert;400423.0;sportclub-heerenveen;M. Kohlert;
Gordon Shumway;C. Neghli;3;;C. Neghli;A;/players/camiel-neghli/680707/;camiel-neghli;680707.0;sparta-rotterdam-bv;C. Neghli;11.64
Gordon Shumway;L. Valente;3;10.0;L. Valente;M;/players/luciano-valente/703884/;luciano-valente;703884.0;stichting-fc-groningen;L. Valente;6.69
Gordon Shumway;D. Proper;3;71.0;D. Proper;M;/players/dirk-proper/525939/;dirk-proper;525939.0;nijmegen-eendracht-combinatie;D. Proper;8.0
Gordon Shumway;V. Jensen;3;7.0;V. Jensen;M;/players/victor-jensen/460509/;victor-jensen;460509.0;stichting-fc-utrecht;V. Jensen;2.44
Gordon Shumway;L. de Jong;3;9.0;L. de Jong;A;/players/luuk-de-jong/65056/;luuk-de-jong;65056.0;psv-nv;L. de Jong;12.06
Gordon Shumway;!K. Sierhuis;3;;;;;;;;;
Gordon Shumway;T. Parrott;3;9.0;T. Parrott;A;/players/troy-parrot/515624/;troy-parrot;515624.0;stichting-az;T. Parrott;4.67
Suikerbrood;N. Olij;3;;N. Olij;K;/players/nick-olij/235322/;nick-olij;235322.0;sparta-rotterdam-bv;N. Olij;3.0
Suikerbrood;S. Olsson;3;19.0;S. Olsson;M;/players/simon-olsson/423888/;simon-olsson;423888.0;sportclub-heerenveen;S. Olsson;
Suikerbrood;D. Rensch;3;2.0;D. Rensch;V;/players/devyne-rensch/601396/;devyne-rensch;601396.0;afc-ajax;D. Rensch;
Suikerbrood;J. Amofa;3;25.0;J. Amofa;V;/players/jamal-amofa/668121/;jamal-amofa;668121.0;stichting-go-ahead-eagles;J. Amofa;0.0
Suikerbrood;N. Viergever;3;24.0;N. Viergever;V;/players/nick--viergever/78529/;nick--viergever;78529.0;stichting-fc-utrecht;N. Viergever;4.0
Suikerbrood;D. Proper;3;71.0;D. Proper;M;/players/dirk-proper/525939/;dirk-proper;525939.0;nijmegen-eendracht-combinatie;D. Proper;8.0
Suikerbrood;M. Vlap;3;18.0;M. Vlap;M;/players/michel-vlap/407742/;michel-vlap;407742.0;stichting-fc-twente-65;M. Vlap;
Suikerbrood;A. Halilovic;3;10.0;A. Halilović;M;/players/alen-halilovi/270136/;alen-halilovi;270136.0;fortuna-sittard;A. Halilovic;
Suikerbrood;S. Gimenez;3;29.0;S. Giménez;A;/players/santiago-tomas-gimenez/494293/;santiago-tomas-gimenez;494293.0;feyenoord-rotterdam-nv;S. Gimenez;3.47
Suikerbrood;R. van Bommel;3;7.0;R. van Bommel;A;/players/ruben-van-bommel/834074/;ruben-van-bommel;834074.0;stichting-az;R. van Bommel;3.72
Suikerbrood;L. de Jong;3;9.0;L. de Jong;A;/players/luuk-de-jong/65056/;luuk-de-jong;65056.0;psv-nv;L. de Jong;12.06
EnGCatjuh;N. Olij;3;;N. Olij;K;/players/nick-olij/235322/;nick-olij;235322.0;sparta-rotterdam-bv;N. Olij;3.0
EnGCatjuh;M. Kohlert;3;11.0;M. Köhlert;V;/players/mats-kohlert/400423/;mats-kohlert;400423.0;sportclub-heerenveen;M. Kohlert;
EnGCatjuh;O. Boscagli;3;18.0;O. Boscagli;V;/players/olivier-boscagli/329542/;olivier-boscagli;329542.0;psv-nv;O. Boscagli;4.0
EnGCatjuh;S. El Karouani;3;16.0;S. El Karouani;V;/players/souffian-elkarouani/537878/;souffian-elkarouani;537878.0;stichting-fc-utrecht;S. El Karouani;2.0
EnGCatjuh;C. Stengs;3;10.0;C. Stengs;M;/players/calvin-stengs/458659/;calvin-stengs;458659.0;feyenoord-rotterdam-nv;C. Stengs;2.0
EnGCatjuh;J. Schreuders;3;14.0;J. Schreuders;M;/players/jorg-schreuders/877779/;jorg-schreuders;877779.0;stichting-fc-groningen;J. Schreuders;7.0
EnGCatjuh;D. Proper;3;71.0;D. Proper;M;/players/dirk-proper/525939/;dirk-proper;525939.0;nijmegen-eendracht-combinatie;D. Proper;8.0
EnGCatjuh;S. Steijn;3;14.0;S. Steijn;M;/players/sem-steijn/560623/;sem-steijn;560623.0;stichting-fc-twente-65;S. Steijn;
EnGCatjuh;T. Parrott;3;9.0;T. Parrott;A;/players/troy-parrot/515624/;troy-parrot;515624.0;stichting-az;T. Parrott;4.67
EnGCatjuh;B. Brobbey;3;9.0;B. Brobbey;A;/players/brian-brobbey/520146/;brian-brobbey;520146.0;afc-ajax;B. Brobbey;
EnGCatjuh;R. Meerveld;3;16.0;R. Meerveld;M;/players/ringo-meerveld/623815/;ringo-meerveld;623815.0;sbv-willem-ii-tilburg;R. Meerveld;4.0
Vishandel Makaay;J. Houwen;3;1.0;J. Houwen;K;/players/jeroen-houwen/303254/;jeroen-houwen;303254.0;rkc-waalwijk;J. Houwen;1.0
Vishandel Makaay;R. Flamingo;3;6.0;R. Flamingo;V;/players/ryan-flamingo/627724/;ryan-flamingo;627724.0;psv-nv;R. Flamingo;10.0
Vishandel Makaay;R. Bazoer;3;25.0;R. Bazoer;V;/players/riechedly-bazoer/218161/;riechedly-bazoer;218161.0;stichting-az;R. Bazoer;0.0
Vishandel Makaay;K. Leerdam;3;18.0;K. Leerdam;V;/players/kelvin-leerdam/68354/;kelvin-leerdam;68354.0;stichting-heracles-almelo;K. Leerdam;0.0
Vishandel Makaay;M. Dijks;3;35.0;M. Dijks;V;/players/mitchel-dijks/219029/;mitchel-dijks;219029.0;fortuna-sittard;M. Dijks;
Vishandel Makaay;T. Oosting;3;25.0;T. Oosting;M;/players/thijs-oosting/477591/;thijs-oosting;477591.0;stichting-fc-groningen;T. Oosting;1.01
Vishandel Makaay;E. van Ee;3;21.0;E. van Ee;M;/players/espen-van-ee/921919/;espen-van-ee;921919.0;sportclub-heerenveen;E. van Ee;
Vishandel Makaay;P. Aaronson;3;21.0;P. Aaronson;M;/players/paxten-aaronson/576828/;paxten-aaronson;576828.0;stichting-fc-utrecht;P. Aaronson;2.56
Vishandel Makaay;B. Traore;3;20.0;B. Traoré;A;/players/bertrand-traore/102801/;bertrand-traore;102801.0;afc-ajax;B. Traore;
Vishandel Makaay;R. van Wolfswinkel;3;9.0;R. van Wolfswinkel;A;/players/ricky-van-wolfswinkel/59407/;ricky-van-wolfswinkel;59407.0;stichting-fc-twente-65;R. van Wolfswinkel;
Vishandel Makaay;T. Buitink;3;29.0;T. Buitink;A;/players/thomas-buitnik/457668/;thomas-buitnik;457668.0;bvo-fc-zwolle;T. Buitink;0.0
Friggles;L. Unnerstall;3;1.0;L. Unnerstall;K;/players/lars-unnerstall/81320/;lars-unnerstall;81320.0;stichting-fc-twente-65;L. Unnerstall;
Friggles;T. Quintero;3;;T. Quintero;V;/players/teo-quintero/565562/;teo-quintero;565562.0;sparta-rotterdam-bv;T. Quintero;
Friggles;M. Deijl;3;2.0;M. Deijl;V;/players/mats-deijl/402457/;mats-deijl;402457.0;stichting-go-ahead-eagles;M. Deijl;15.0
Friggles;S. El Karouani;3;16.0;S. El Karouani;V;/players/souffian-elkarouani/537878/;souffian-elkarouani;537878.0;stichting-fc-utrecht;S. El Karouani;2.0
Friggles;S. Mijnans;3;10.0;S. Mijnans;M;/players/sven-mijnans/566000/;sven-mijnans;566000.0;stichting-az;S. Mijnans;7.0
Friggles;D. Proper;3;71.0;D. Proper;M;/players/dirk-proper/525939/;dirk-proper;525939.0;nijmegen-eendracht-combinatie;D. Proper;8.0
Friggles;M. Kohlert;3;11.0;M. Köhlert;V;/players/mats-kohlert/400423/;mats-kohlert;400423.0;sportclub-heerenveen;M. Kohlert;
Friggles;S. 't Zand;3;25.0;S. 't Zand;M;/players/shiloh-t-zand/824640/;shiloh-t-zand;824640.0;feyenoord-rotterdam-nv;S. 't Zand;4.0
Friggles;S. Gimenez;3;29.0;S. Giménez;A;/players/santiago-tomas-gimenez/494293/;santiago-tomas-gimenez;494293.0;feyenoord-rotterdam-nv;S. Gimenez;3.47
Friggles;L. de Jong;3;9.0;L. de Jong;A;/players/luuk-de-jong/65056/;luuk-de-jong;65056.0;psv-nv;L. de Jong;12.06
Friggles;B. Brobbey;3;9.0;B. Brobbey;A;/players/brian-brobbey/520146/;brian-brobbey;520146.0;afc-ajax;B. Brobbey;
Jay-Jay;N. Olij;3;;N. Olij;K;/players/nick-olij/235322/;nick-olij;235322.0;sparta-rotterdam-bv;N. Olij;3.0
Jay-Jay;S. Maikuma;3;16.0;S. Maikuma;V;/players/seiya-maikuma/651537/;seiya-maikuma;651537.0;stichting-az;S. Maikuma;14.0
Jay-Jay;M. Deijl;3;2.0;M. Deijl;V;/players/mats-deijl/402457/;mats-deijl;402457.0;stichting-go-ahead-eagles;M. Deijl;15.0
Jay-Jay;S. El Karouani;3;16.0;S. El Karouani;V;/players/souffian-elkarouani/537878/;souffian-elkarouani;537878.0;stichting-fc-utrecht;S. El Karouani;2.0
Jay-Jay;Ivo Pinto;3;12.0;Ivo Pinto;V;/players/ivo-pinto/86672/;ivo-pinto;86672.0;fortuna-sittard;Ivo Pinto;
Jay-Jay;J. Veerman;3;23.0;J. Veerman;M;/players/joey--veerman/459312/;joey--veerman;459312.0;psv-nv;J. Veerman;15.0
Jay-Jay;D. Proper;3;71.0;D. Proper;M;/players/dirk-proper/525939/;dirk-proper;525939.0;nijmegen-eendracht-combinatie;D. Proper;8.0
Jay-Jay;S. Olsson;3;19.0;S. Olsson;M;/players/simon-olsson/423888/;simon-olsson;423888.0;sportclub-heerenveen;S. Olsson;
Jay-Jay;S. Gimenez;3;29.0;S. Giménez;A;/players/santiago-tomas-gimenez/494293/;santiago-tomas-gimenez;494293.0;feyenoord-rotterdam-nv;S. Gimenez;3.47
Jay-Jay;B. Brobbey;3;9.0;B. Brobbey;A;/players/brian-brobbey/520146/;brian-brobbey;520146.0;afc-ajax;B. Brobbey;
Jay-Jay;S. Lammers;3;10.0;S. Lammers;A;/players/sam-lammers/407736/;sam-lammers;407736.0;stichting-fc-twente-65;S. Lammers;
Rucebo;V. Barkas;3;1.0;V. Barkas;K;/players/vasileios-barkas/272919/;vasileios-barkas;272919.0;stichting-fc-utrecht;V. Barkas;4.0
Rucebo;Ivo Pinto;3;12.0;Ivo Pinto;V;/players/ivo-pinto/86672/;ivo-pinto;86672.0;fortuna-sittard;Ivo Pinto;
Rucebo;J. Hato;3;4.0;J. Hato;V;/players/jorrel-hato/783173/;jorrel-hato;783173.0;afc-ajax;J. Hato;
Rucebo;G. Trauner;3;18.0;G. Trauner;V;/players/gernot-trauner/135546/;gernot-trauner;135546.0;feyenoord-rotterdam-nv;G. Trauner;
Rucebo;M. Deijl;3;2.0;M. Deijl;V;/players/mats-deijl/402457/;mats-deijl;402457.0;stichting-go-ahead-eagles;M. Deijl;15.0
Rucebo;S. Steijn;3;14.0;S. Steijn;M;/players/sem-steijn/560623/;sem-steijn;560623.0;stichting-fc-twente-65;S. Steijn;
Rucebo;J. Kitolano;3;;J. Kitolano;M;/players/joshua-gaston-kitolano/517475/;joshua-gaston-kitolano;517475.0;sparta-rotterdam-bv;J. Kitolano;1.11
Rucebo;L. Brouwers;3;8.0;L. Brouwers;M;/players/luuk-brouwers/402458/;luuk-brouwers;402458.0;sportclub-heerenveen;L. Brouwers;
Rucebo;T. Parrott;3;9.0;T. Parrott;A;/players/troy-parrot/515624/;troy-parrot;515624.0;stichting-az;T. Parrott;4.67
Rucebo;L. de Jong;3;9.0;L. de Jong;A;/players/luuk-de-jong/65056/;luuk-de-jong;65056.0;psv-nv;L. de Jong;12.06
Rucebo;K. Ogawa;3;18.0;K. Ogawa;A;/players/koki-ogawa/435835/;koki-ogawa;435835.0;nijmegen-eendracht-combinatie;K. Ogawa;6.0
tukkeRoel;V. Barkas;4;1.0;V. Barkas;K;/players/vasileios-barkas/272919/;vasileios-barkas;272919.0;stichting-fc-utrecht;V. Barkas;4.0
tukkeRoel;D. Hancko;4;33.0;D. Hancko;V;/players/david-hancko/391059/;david-hancko;391059.0;feyenoord-rotterdam-nv;D. Hancko;
tukkeRoel;J. Hato;4;4.0;J. Hato;V;/players/jorrel-hato/783173/;jorrel-hato;783173.0;afc-ajax;J. Hato;
tukkeRoel;M. Kohlert;4;11.0;M. Köhlert;V;/players/mats-kohlert/400423/;mats-kohlert;400423.0;sportclub-heerenveen;M. Kohlert;21.0
tukkeRoel;C. Verdonk;4;24.0;C. Verdonk;V;/players/calvin-verdonk/319288/;calvin-verdonk;319288.0;nijmegen-eendracht-combinatie;C. Verdonk;15.0
tukkeRoel;F. Krastev;4;50.0;F. Krastev;M;/players/filip-yavorov-krastev/550509/;filip-yavorov-krastev;550509.0;bvo-fc-zwolle;F. Krastev;17.0
tukkeRoel;S. Mijnans;4;10.0;S. Mijnans;M;/players/sven-mijnans/566000/;sven-mijnans;566000.0;stichting-az;S. Mijnans;7.02
tukkeRoel;A. Verschueren;4;32.0;A. Verschueren;M;/players/arno-vershueren/319385/;arno-vershueren;319385.0;stichting-fc-twente-65;A. Verschueren;4.44
tukkeRoel;S. Steijn;4;14.0;S. Steijn;M;/players/sem-steijn/560623/;sem-steijn;560623.0;stichting-fc-twente-65;S. Steijn;8.0
tukkeRoel;S. Tengstedt;4;10.0;S. Tengstedt;A;/players/soren-tengstedt/615917/;soren-tengstedt;615917.0;stichting-go-ahead-eagles;S. Tengstedt;
tukkeRoel;L. de Jong;4;9.0;L. de Jong;A;/players/luuk-de-jong/65056/;luuk-de-jong;65056.0;psv-nv;L. de Jong;10.33
methodmich;V. Barkas;4;1.0;V. Barkas;K;/players/vasileios-barkas/272919/;vasileios-barkas;272919.0;stichting-fc-utrecht;V. Barkas;4.0
methodmich;M. Dijks;4;35.0;M. Dijks;V;/players/mitchel-dijks/219029/;mitchel-dijks;219029.0;fortuna-sittard;M. Dijks;0.73
methodmich;L. Geertruida;4;4.0;L. Geertruida;V;/players/lutsharel-geertruida/463698/;lutsharel-geertruida;463698.0;feyenoord-rotterdam-nv;L. Geertruida;
methodmich;M. Kohlert;4;11.0;M. Köhlert;V;/players/mats-kohlert/400423/;mats-kohlert;400423.0;sportclub-heerenveen;M. Kohlert;21.0
methodmich;S. Mijnans;4;10.0;S. Mijnans;M;/players/sven-mijnans/566000/;sven-mijnans;566000.0;stichting-az;S. Mijnans;7.02
methodmich;S. 't Zand;4;25.0;S. 't Zand;M;/players/shiloh-t-zand/824640/;shiloh-t-zand;824640.0;feyenoord-rotterdam-nv;S. 't Zand;3.0
methodmich;S. Steijn;4;14.0;S. Steijn;M;/players/sem-steijn/560623/;sem-steijn;560623.0;stichting-fc-twente-65;S. Steijn;8.0
methodmich;K. Sano;4;23.0;K. Sano;M;/players/kodai-sano/815318/;kodai-sano;815318.0;nijmegen-eendracht-combinatie;K. Sano;8.0
methodmich;L. de Jong;4;9.0;L. de Jong;A;/players/luuk-de-jong/65056/;luuk-de-jong;65056.0;psv-nv;L. de Jong;10.33
methodmich;S. Berghuis;4;23.0;S. Berghuis;A;/players/steven-berghuis/134080/;steven-berghuis;134080.0;afc-ajax;S. Berghuis;
methodmich;T. Lauritsen;4;;T. Lauritsen;A;/players/tobias-lauritsen/406745/;tobias-lauritsen;406745.0;sparta-rotterdam-bv;T. Lauritsen;5.0
FMNederland;V. Barkas;4;1.0;V. Barkas;K;/players/vasileios-barkas/272919/;vasileios-barkas;272919.0;stichting-fc-utrecht;V. Barkas;4.0
FMNederland;M. Kohlert;4;11.0;M. Köhlert;V;/players/mats-kohlert/400423/;mats-kohlert;400423.0;sportclub-heerenveen;M. Kohlert;21.0
FMNederland;M. Deijl;4;2.0;M. Deijl;V;/players/mats-deijl/402457/;mats-deijl;402457.0;stichting-go-ahead-eagles;M. Deijl;-2.0
FMNederland;C. Verdonk;4;24.0;C. Verdonk;V;/players/calvin-verdonk/319288/;calvin-verdonk;319288.0;nijmegen-eendracht-combinatie;C. Verdonk;15.0
FMNederland;O. Boscagli;4;18.0;O. Boscagli;V;/players/olivier-boscagli/329542/;olivier-boscagli;329542.0;psv-nv;O. Boscagli;15.0
FMNederland;S. Bastien;4;22.0;S. Bastien;M;/players/samuel-bastien/314097/;samuel-bastien;314097.0;fortuna-sittard;S. Bastien;1.47
FMNederland;S. Steijn;4;14.0;S. Steijn;M;/players/sem-steijn/560623/;sem-steijn;560623.0;stichting-fc-twente-65;S. Steijn;8.0
FMNederland;C. Stengs;4;10.0;C. Stengs;M;/players/calvin-stengs/458659/;calvin-stengs;458659.0;feyenoord-rotterdam-nv;C. Stengs;
FMNederland;T. Robinet;4;9.0;T. Robinet;A;/players/thomas-robinet/312659/;thomas-robinet;312659.0;fc-omniworld;T. Robinet;6.04
FMNederland;T. Lauritsen;4;;T. Lauritsen;A;/players/tobias-lauritsen/406745/;tobias-lauritsen;406745.0;sparta-rotterdam-bv;T. Lauritsen;5.0
FMNederland;T. Parrott;4;9.0;T. Parrott;A;/players/troy-parrot/515624/;troy-parrot;515624.0;stichting-az;T. Parrott;5.67
crispy;L. Unnerstall;4;1.0;L. Unnerstall;K;/players/lars-unnerstall/81320/;lars-unnerstall;81320.0;stichting-fc-twente-65;L. Unnerstall;1.0
crispy;C. Verdonk;4;24.0;C. Verdonk;V;/players/calvin-verdonk/319288/;calvin-verdonk;319288.0;nijmegen-eendracht-combinatie;C. Verdonk;15.0
crispy;S. El Karouani;4;16.0;S. El Karouani;V;/players/souffian-elkarouani/537878/;souffian-elkarouani;537878.0;stichting-fc-utrecht;S. El Karouani;10.0
crispy;M. Kohlert;4;11.0;M. Köhlert;V;/players/mats-kohlert/400423/;mats-kohlert;400423.0;sportclub-heerenveen;M. Kohlert;21.0
crispy;D. Hancko;4;33.0;D. Hancko;V;/players/david-hancko/391059/;david-hancko;391059.0;feyenoord-rotterdam-nv;D. Hancko;
crispy;J. Schreuders;4;14.0;J. Schreuders;M;/players/jorg-schreuders/877779/;jorg-schreuders;877779.0;stichting-fc-groningen;J. Schreuders;4.0
crispy;A. Verschueren;4;32.0;A. Verschueren;M;/players/arno-vershueren/319385/;arno-vershueren;319385.0;stichting-fc-twente-65;A. Verschueren;4.44
crispy;S. Mijnans;4;10.0;S. Mijnans;M;/players/sven-mijnans/566000/;sven-mijnans;566000.0;stichting-az;S. Mijnans;7.02
crispy;A. Halilovic;4;10.0;A. Halilović;M;/players/alen-halilovi/270136/;alen-halilovi;270136.0;fortuna-sittard;A. Halilovic;2.73
crispy;K. Taylor;4;8.0;K. Taylor;M;/players/kenneth-taylor/508784/;kenneth-taylor;508784.0;afc-ajax;K. Taylor;
crispy;L. de Jong;4;9.0;L. de Jong;A;/players/luuk-de-jong/65056/;luuk-de-jong;65056.0;psv-nv;L. de Jong;10.33
svvthomas;N. Olij;4;;N. Olij;K;/players/nick-olij/235322/;nick-olij;235322.0;sparta-rotterdam-bv;N. Olij;4.0
svvthomas;M. Deijl;4;2.0;M. Deijl;V;/players/mats-deijl/402457/;mats-deijl;402457.0;stichting-go-ahead-eagles;M. Deijl;-2.0
svvthomas;B. Kuipers;4;5.0;B. Kuipers;V;/players/bas-edo-kuipers/274649/;bas-edo-kuipers;274649.0;stichting-fc-twente-65;B. Kuipers;0.27
svvthomas;D. Mirani;4;4.0;D. Mirani;V;/players/damon-mirani/289811/;damon-mirani;289811.0;stichting-heracles-almelo;D. Mirani;0.7
svvthomas;M. Hoedemakers;4;6.0;M. Hoedemakers;M;/players/mees-hoedemakers/465082/;mees-hoedemakers;465082.0;nijmegen-eendracht-combinatie;M. Hoedemakers;7.4
svvthomas;D. Janosek;4;39.0;D. Janošek;M;/players/dominik-janosek/492661/;dominik-janosek;492661.0;nac-bv;D. Janosek;1.0
svvthomas;L. Brouwers;4;8.0;L. Brouwers;M;/players/luuk-brouwers/402458/;luuk-brouwers;402458.0;sportclub-heerenveen;L. Brouwers;13.89
svvthomas;C. Stengs;4;10.0;C. Stengs;M;/players/calvin-stengs/458659/;calvin-stengs;458659.0;feyenoord-rotterdam-nv;C. Stengs;
svvthomas;T. Parrott;4;9.0;T. Parrott;A;/players/troy-parrot/515624/;troy-parrot;515624.0;stichting-az;T. Parrott;5.67
svvthomas;L. de Jong;4;9.0;L. de Jong;A;/players/luuk-de-jong/65056/;luuk-de-jong;65056.0;psv-nv;L. de Jong;10.33
svvthomas;B. Brobbey;4;9.0;B. Brobbey;A;/players/brian-brobbey/520146/;brian-brobbey;520146.0;afc-ajax;B. Brobbey;
El Cid;L. Unnerstall;4;1.0;L. Unnerstall;K;/players/lars-unnerstall/81320/;lars-unnerstall;81320.0;stichting-fc-twente-65;L. Unnerstall;1.0
El Cid;P. Bochniewicz;4;5.0;P. Bochniewicz;V;/players/pawe-bochniewicz/273911/;pawe-bochniewicz;273911.0;sportclub-heerenveen;P. Bochniewicz;15.0
El Cid;B. Nieuwkoop;4;2.0;B. Nieuwkoop;V;/players/bart-nieuwkoop/275124/;bart-nieuwkoop;275124.0;feyenoord-rotterdam-nv;B. Nieuwkoop;
El Cid;D. van der Kust;4;;D. van der Kust;V;/players/djevencio-van-der-kust/569309/;djevencio-van-der-kust;569309.0;sparta-rotterdam-bv;D. van der Kust;2.0
El Cid;A. Halilovic;4;10.0;A. Halilović;M;/players/alen-halilovi/270136/;alen-halilovi;270136.0;fortuna-sittard;A. Halilovic;2.73
El Cid;L. Valente;4;10.0;L. Valente;M;/players/luciano-valente/703884/;luciano-valente;703884.0;stichting-fc-groningen;L. Valente;4.0
El Cid;V. Jensen;4;7.0;V. Jensen;M;/players/victor-jensen/460509/;victor-jensen;460509.0;stichting-fc-utrecht;V. Jensen;0.06
El Cid;D. Proper;4;71.0;D. Proper;M;/players/dirk-proper/525939/;dirk-proper;525939.0;nijmegen-eendracht-combinatie;D. Proper;8.0
El Cid;B. Traore;4;20.0;B. Traoré;A;/players/bertrand-traore/102801/;bertrand-traore;102801.0;afc-ajax;B. Traore;
El Cid;L. de Jong;4;9.0;L. de Jong;A;/players/luuk-de-jong/65056/;luuk-de-jong;65056.0;psv-nv;L. de Jong;10.33
El Cid;T. Parrott;4;9.0;T. Parrott;A;/players/troy-parrot/515624/;troy-parrot;515624.0;stichting-az;T. Parrott;5.67
Otis.;V. Barkas;4;1.0;V. Barkas;K;/players/vasileios-barkas/272919/;vasileios-barkas;272919.0;stichting-fc-utrecht;V. Barkas;4.0
Otis.;M. Deijl;4;2.0;M. Deijl;V;/players/mats-deijl/402457/;mats-deijl;402457.0;stichting-go-ahead-eagles;M. Deijl;-2.0
Otis.;M. Hilgers;4;2.0;M. Hilgers;V;/players/mees-hilgers/627701/;mees-hilgers;627701.0;stichting-fc-twente-65;M. Hilgers;1.0
Otis.;J. Hato;4;4.0;J. Hato;V;/players/jorrel-hato/783173/;jorrel-hato;783173.0;afc-ajax;J. Hato;
Otis.;G. Smal;4;5.0;G. Smal;V;/players/gijs-smal/508760/;gijs-smal;508760.0;feyenoord-rotterdam-nv;G. Smal;
Otis.;S. Mijnans;4;10.0;S. Mijnans;M;/players/sven-mijnans/566000/;sven-mijnans;566000.0;stichting-az;S. Mijnans;7.02
Otis.;Rober;4;7.0;Róber;M;/players/roberto-gonzalez-bayon/500171/;roberto-gonzalez-bayon;500171.0;nijmegen-eendracht-combinatie;Rober;15.93
Otis.;P. Clement;4;;P. Clement;M;/players/pelle-clement/379793/;pelle-clement;379793.0;sparta-rotterdam-bv;P. Clement;14.0
Otis.;D. Karlsbakk;4;9.0;D. Karlsbakk;A;/players/daniel-seland-karlsbakk/629619/;daniel-seland-karlsbakk;629619.0;sportclub-heerenveen;D. Karlsbakk;4.4
Otis.;L. de Jong;4;9.0;L. de Jong;A;/players/luuk-de-jong/65056/;luuk-de-jong;65056.0;psv-nv;L. de Jong;10.33
Otis.;L. Kulenovic;4;19.0;L. Kulenović;A;/players/luka-kulenovi/631882/;luka-kulenovi;631882.0;stichting-heracles-almelo;L. Kulenovic;0.6
Gordon Shumway;L. Unnerstall;4;1.0;L. Unnerstall;K;/players/lars-unnerstall/81320/;lars-unnerstall;81320.0;stichting-fc-twente-65;L. Unnerstall;1.0
Gordon Shumway;B. Nieuwkoop;4;2.0;B. Nieuwkoop;V;/players/bart-nieuwkoop/275124/;bart-nieuwkoop;275124.0;feyenoord-rotterdam-nv;B. Nieuwkoop;
Gordon Shumway;J. Hato;4;4.0;J. Hato;V;/players/jorrel-hato/783173/;jorrel-hato;783173.0;afc-ajax;J. Hato;
Gordon Shumway;M. Kohlert;4;11.0;M. Köhlert;V;/players/mats-kohlert/400423/;mats-kohlert;400423.0;sportclub-heerenveen;M. Kohlert;21.0
Gordon Shumway;C. Neghli;4;;C. Neghli;A;/players/camiel-neghli/680707/;camiel-neghli;680707.0;sparta-rotterdam-bv;C. Neghli;13.0
Gordon Shumway;L. Valente;4;10.0;L. Valente;M;/players/luciano-valente/703884/;luciano-valente;703884.0;stichting-fc-groningen;L. Valente;4.0
Gordon Shumway;D. Proper;4;71.0;D. Proper;M;/players/dirk-proper/525939/;dirk-proper;525939.0;nijmegen-eendracht-combinatie;D. Proper;8.0
Gordon Shumway;V. Jensen;4;7.0;V. Jensen;M;/players/victor-jensen/460509/;victor-jensen;460509.0;stichting-fc-utrecht;V. Jensen;0.06
Gordon Shumway;L. de Jong;4;9.0;L. de Jong;A;/players/luuk-de-jong/65056/;luuk-de-jong;65056.0;psv-nv;L. de Jong;10.33
Gordon Shumway;!K. Sierhuis;4;;;;;;;;;
Gordon Shumway;T. Parrott;4;9.0;T. Parrott;A;/players/troy-parrot/515624/;troy-parrot;515624.0;stichting-az;T. Parrott;5.67
Suikerbrood;N. Olij;4;;N. Olij;K;/players/nick-olij/235322/;nick-olij;235322.0;sparta-rotterdam-bv;N. Olij;4.0
Suikerbrood;S. Olsson;4;19.0;S. Olsson;M;/players/simon-olsson/423888/;simon-olsson;423888.0;sportclub-heerenveen;S. Olsson;22.0
Suikerbrood;D. Rensch;4;2.0;D. Rensch;V;/players/devyne-rensch/601396/;devyne-rensch;601396.0;afc-ajax;D. Rensch;
Suikerbrood;J. Amofa;4;25.0;J. Amofa;V;/players/jamal-amofa/668121/;jamal-amofa;668121.0;stichting-go-ahead-eagles;J. Amofa;
Suikerbrood;N. Viergever;4;24.0;N. Viergever;V;/players/nick--viergever/78529/;nick--viergever;78529.0;stichting-fc-utrecht;N. Viergever;4.0
Suikerbrood;D. Proper;4;71.0;D. Proper;M;/players/dirk-proper/525939/;dirk-proper;525939.0;nijmegen-eendracht-combinatie;D. Proper;8.0
Suikerbrood;M. Vlap;4;18.0;M. Vlap;M;/players/michel-vlap/407742/;michel-vlap;407742.0;stichting-fc-twente-65;M. Vlap;2.73
Suikerbrood;A. Halilovic;4;10.0;A. Halilović;M;/players/alen-halilovi/270136/;alen-halilovi;270136.0;fortuna-sittard;A. Halilovic;2.73
Suikerbrood;S. Gimenez;4;29.0;S. Giménez;A;/players/santiago-tomas-gimenez/494293/;santiago-tomas-gimenez;494293.0;feyenoord-rotterdam-nv;S. Gimenez;
Suikerbrood;R. van Bommel;4;7.0;R. van Bommel;A;/players/ruben-van-bommel/834074/;ruben-van-bommel;834074.0;stichting-az;R. van Bommel;19.67
Suikerbrood;L. de Jong;4;9.0;L. de Jong;A;/players/luuk-de-jong/65056/;luuk-de-jong;65056.0;psv-nv;L. de Jong;10.33
EnGCatjuh;N. Olij;4;;N. Olij;K;/players/nick-olij/235322/;nick-olij;235322.0;sparta-rotterdam-bv;N. Olij;4.0
EnGCatjuh;M. Kohlert;4;11.0;M. Köhlert;V;/players/mats-kohlert/400423/;mats-kohlert;400423.0;sportclub-heerenveen;M. Kohlert;21.0
EnGCatjuh;O. Boscagli;4;18.0;O. Boscagli;V;/players/olivier-boscagli/329542/;olivier-boscagli;329542.0;psv-nv;O. Boscagli;15.0
EnGCatjuh;S. El Karouani;4;16.0;S. El Karouani;V;/players/souffian-elkarouani/537878/;souffian-elkarouani;537878.0;stichting-fc-utrecht;S. El Karouani;10.0
EnGCatjuh;C. Stengs;4;10.0;C. Stengs;M;/players/calvin-stengs/458659/;calvin-stengs;458659.0;feyenoord-rotterdam-nv;C. Stengs;
EnGCatjuh;J. Schreuders;4;14.0;J. Schreuders;M;/players/jorg-schreuders/877779/;jorg-schreuders;877779.0;stichting-fc-groningen;J. Schreuders;4.0
EnGCatjuh;D. Proper;4;71.0;D. Proper;M;/players/dirk-proper/525939/;dirk-proper;525939.0;nijmegen-eendracht-combinatie;D. Proper;8.0
EnGCatjuh;S. Steijn;4;14.0;S. Steijn;M;/players/sem-steijn/560623/;sem-steijn;560623.0;stichting-fc-twente-65;S. Steijn;8.0
EnGCatjuh;T. Parrott;4;9.0;T. Parrott;A;/players/troy-parrot/515624/;troy-parrot;515624.0;stichting-az;T. Parrott;5.67
EnGCatjuh;B. Brobbey;4;9.0;B. Brobbey;A;/players/brian-brobbey/520146/;brian-brobbey;520146.0;afc-ajax;B. Brobbey;
EnGCatjuh;R. Meerveld;4;16.0;R. Meerveld;M;/players/ringo-meerveld/623815/;ringo-meerveld;623815.0;sbv-willem-ii-tilburg;R. Meerveld;3.0
Vishandel Makaay;J. Houwen;4;1.0;J. Houwen;K;/players/jeroen-houwen/303254/;jeroen-houwen;303254.0;rkc-waalwijk;J. Houwen;0.0
Vishandel Makaay;R. Flamingo;4;6.0;R. Flamingo;V;/players/ryan-flamingo/627724/;ryan-flamingo;627724.0;psv-nv;R. Flamingo;15.0
Vishandel Makaay;R. Bazoer;4;25.0;R. Bazoer;V;/players/riechedly-bazoer/218161/;riechedly-bazoer;218161.0;stichting-az;R. Bazoer;0.0
Vishandel Makaay;K. Leerdam;4;18.0;K. Leerdam;V;/players/kelvin-leerdam/68354/;kelvin-leerdam;68354.0;stichting-heracles-almelo;K. Leerdam;0.0
Vishandel Makaay;M. Dijks;4;35.0;M. Dijks;V;/players/mitchel-dijks/219029/;mitchel-dijks;219029.0;fortuna-sittard;M. Dijks;0.73
Vishandel Makaay;T. Oosting;4;25.0;T. Oosting;M;/players/thijs-oosting/477591/;thijs-oosting;477591.0;stichting-fc-groningen;T. Oosting;0.22
Vishandel Makaay;E. van Ee;4;21.0;E. van Ee;M;/players/espen-van-ee/921919/;espen-van-ee;921919.0;sportclub-heerenveen;E. van Ee;7.29
Vishandel Makaay;P. Aaronson;4;21.0;P. Aaronson;M;/players/paxten-aaronson/576828/;paxten-aaronson;576828.0;stichting-fc-utrecht;P. Aaronson;4.94
Vishandel Makaay;B. Traore;4;20.0;B. Traoré;A;/players/bertrand-traore/102801/;bertrand-traore;102801.0;afc-ajax;B. Traore;
Vishandel Makaay;R. van Wolfswinkel;4;9.0;R. van Wolfswinkel;A;/players/ricky-van-wolfswinkel/59407/;ricky-van-wolfswinkel;59407.0;stichting-fc-twente-65;R. van Wolfswinkel;0.27
Vishandel Makaay;T. Buitink;4;29.0;T. Buitink;A;/players/thomas-buitnik/457668/;thomas-buitnik;457668.0;bvo-fc-zwolle;T. Buitink;1.13
Friggles;L. Unnerstall;4;1.0;L. Unnerstall;K;/players/lars-unnerstall/81320/;lars-unnerstall;81320.0;stichting-fc-twente-65;L. Unnerstall;1.0
Friggles;T. Quintero;4;;T. Quintero;V;/players/teo-quintero/565562/;teo-quintero;565562.0;sparta-rotterdam-bv;T. Quintero;
Friggles;M. Deijl;4;2.0;M. Deijl;V;/players/mats-deijl/402457/;mats-deijl;402457.0;stichting-go-ahead-eagles;M. Deijl;-2.0
Friggles;S. El Karouani;4;16.0;S. El Karouani;V;/players/souffian-elkarouani/537878/;souffian-elkarouani;537878.0;stichting-fc-utrecht;S. El Karouani;10.0
Friggles;S. Mijnans;4;10.0;S. Mijnans;M;/players/sven-mijnans/566000/;sven-mijnans;566000.0;stichting-az;S. Mijnans;7.02
Friggles;D. Proper;4;71.0;D. Proper;M;/players/dirk-proper/525939/;dirk-proper;525939.0;nijmegen-eendracht-combinatie;D. Proper;8.0
Friggles;M. Kohlert;4;11.0;M. Köhlert;V;/players/mats-kohlert/400423/;mats-kohlert;400423.0;sportclub-heerenveen;M. Kohlert;21.0
Friggles;S. 't Zand;4;25.0;S. 't Zand;M;/players/shiloh-t-zand/824640/;shiloh-t-zand;824640.0;feyenoord-rotterdam-nv;S. 't Zand;3.0
Friggles;S. Gimenez;4;29.0;S. Giménez;A;/players/santiago-tomas-gimenez/494293/;santiago-tomas-gimenez;494293.0;feyenoord-rotterdam-nv;S. Gimenez;
Friggles;L. de Jong;4;9.0;L. de Jong;A;/players/luuk-de-jong/65056/;luuk-de-jong;65056.0;psv-nv;L. de Jong;10.33
Friggles;B. Brobbey;4;9.0;B. Brobbey;A;/players/brian-brobbey/520146/;brian-brobbey;520146.0;afc-ajax;B. Brobbey;
Jay-Jay;N. Olij;4;;N. Olij;K;/players/nick-olij/235322/;nick-olij;235322.0;sparta-rotterdam-bv;N. Olij;4.0
Jay-Jay;S. Maikuma;4;16.0;S. Maikuma;V;/players/seiya-maikuma/651537/;seiya-maikuma;651537.0;stichting-az;S. Maikuma;15.0
Jay-Jay;M. Deijl;4;2.0;M. Deijl;V;/players/mats-deijl/402457/;mats-deijl;402457.0;stichting-go-ahead-eagles;M. Deijl;-2.0
Jay-Jay;S. El Karouani;4;16.0;S. El Karouani;V;/players/souffian-elkarouani/537878/;souffian-elkarouani;537878.0;stichting-fc-utrecht;S. El Karouani;10.0
Jay-Jay;Ivo Pinto;4;12.0;Ivo Pinto;V;/players/ivo-pinto/86672/;ivo-pinto;86672.0;fortuna-sittard;Ivo Pinto;0.0
Jay-Jay;J. Veerman;4;23.0;J. Veerman;M;/players/joey--veerman/459312/;joey--veerman;459312.0;psv-nv;J. Veerman;14.78
Jay-Jay;D. Proper;4;71.0;D. Proper;M;/players/dirk-proper/525939/;dirk-proper;525939.0;nijmegen-eendracht-combinatie;D. Proper;8.0
Jay-Jay;S. Olsson;4;19.0;S. Olsson;M;/players/simon-olsson/423888/;simon-olsson;423888.0;sportclub-heerenveen;S. Olsson;22.0
Jay-Jay;S. Gimenez;4;29.0;S. Giménez;A;/players/santiago-tomas-gimenez/494293/;santiago-tomas-gimenez;494293.0;feyenoord-rotterdam-nv;S. Gimenez;
Jay-Jay;B. Brobbey;4;9.0;B. Brobbey;A;/players/brian-brobbey/520146/;brian-brobbey;520146.0;afc-ajax;B. Brobbey;
Jay-Jay;S. Lammers;4;10.0;S. Lammers;A;/players/sam-lammers/407736/;sam-lammers;407736.0;stichting-fc-twente-65;S. Lammers;11.0
Rucebo;V. Barkas;4;1.0;V. Barkas;K;/players/vasileios-barkas/272919/;vasileios-barkas;272919.0;stichting-fc-utrecht;V. Barkas;4.0
Rucebo;Ivo Pinto;4;12.0;Ivo Pinto;V;/players/ivo-pinto/86672/;ivo-pinto;86672.0;fortuna-sittard;Ivo Pinto;0.0
Rucebo;J. Hato;4;4.0;J. Hato;V;/players/jorrel-hato/783173/;jorrel-hato;783173.0;afc-ajax;J. Hato;
Rucebo;G. Trauner;4;18.0;G. Trauner;V;/players/gernot-trauner/135546/;gernot-trauner;135546.0;feyenoord-rotterdam-nv;G. Trauner;
Rucebo;M. Deijl;4;2.0;M. Deijl;V;/players/mats-deijl/402457/;mats-deijl;402457.0;stichting-go-ahead-eagles;M. Deijl;-2.0
Rucebo;S. Steijn;4;14.0;S. Steijn;M;/players/sem-steijn/560623/;sem-steijn;560623.0;stichting-fc-twente-65;S. Steijn;8.0
Rucebo;J. Kitolano;4;;J. Kitolano;M;/players/joshua-gaston-kitolano/517475/;joshua-gaston-kitolano;517475.0;sparta-rotterdam-bv;J. Kitolano;0.56
Rucebo;L. Brouwers;4;8.0;L. Brouwers;M;/players/luuk-brouwers/402458/;luuk-brouwers;402458.0;sportclub-heerenveen;L. Brouwers;13.89
Rucebo;T. Parrott;4;9.0;T. Parrott;A;/players/troy-parrot/515624/;troy-parrot;515624.0;stichting-az;T. Parrott;5.67
Rucebo;L. de Jong;4;9.0;L. de Jong;A;/players/luuk-de-jong/65056/;luuk-de-jong;65056.0;psv-nv;L. de Jong;10.33
Rucebo;K. Ogawa;4;18.0;K. Ogawa;A;/players/koki-ogawa/435835/;koki-ogawa;435835.0;nijmegen-eendracht-combinatie;K. Ogawa;13.2
tukkeRoel;V. Barkas;5;1.0;V. Barkas;K;/players/vasileios-barkas/272919/;vasileios-barkas;272919.0;stichting-fc-utrecht;V. Barkas;
tukkeRoel;D. Hancko;5;33.0;D. Hancko;V;/players/david-hancko/391059/;david-hancko;391059.0;feyenoord-rotterdam-nv;D. Hancko;2.0
tukkeRoel;J. Hato;5;4.0;J. Hato;V;/players/jorrel-hato/783173/;jorrel-hato;783173.0;afc-ajax;J. Hato;
tukkeRoel;M. Kohlert;5;11.0;M. Köhlert;V;/players/mats-kohlert/400423/;mats-kohlert;400423.0;sportclub-heerenveen;M. Kohlert;0.0
tukkeRoel;C. Verdonk;5;24.0;C. Verdonk;V;/players/calvin-verdonk/319288/;calvin-verdonk;319288.0;nijmegen-eendracht-combinatie;C. Verdonk;1.0
tukkeRoel;F. Krastev;5;50.0;F. Krastev;M;/players/filip-yavorov-krastev/550509/;filip-yavorov-krastev;550509.0;bvo-fc-zwolle;F. Krastev;3.87
tukkeRoel;S. Mijnans;5;10.0;S. Mijnans;M;/players/sven-mijnans/566000/;sven-mijnans;566000.0;stichting-az;S. Mijnans;19.0
tukkeRoel;A. Verschueren;5;32.0;A. Verschueren;M;/players/arno-vershueren/319385/;arno-vershueren;319385.0;stichting-fc-twente-65;A. Verschueren;1.53
tukkeRoel;S. Steijn;5;14.0;S. Steijn;M;/players/sem-steijn/560623/;sem-steijn;560623.0;stichting-fc-twente-65;S. Steijn;11.0
tukkeRoel;S. Tengstedt;5;10.0;S. Tengstedt;A;/players/soren-tengstedt/615917/;soren-tengstedt;615917.0;stichting-go-ahead-eagles;S. Tengstedt;1.17
tukkeRoel;L. de Jong;5;9.0;L. de Jong;A;/players/luuk-de-jong/65056/;luuk-de-jong;65056.0;psv-nv;L. de Jong;7.47
methodmich;V. Barkas;5;1.0;V. Barkas;K;/players/vasileios-barkas/272919/;vasileios-barkas;272919.0;stichting-fc-utrecht;V. Barkas;
methodmich;M. Dijks;5;35.0;M. Dijks;V;/players/mitchel-dijks/219029/;mitchel-dijks;219029.0;fortuna-sittard;M. Dijks;2.77
methodmich;D. Hancko;5;33.0;D. Hancko;V;/players/david-hancko/391059/;david-hancko;391059.0;feyenoord-rotterdam-nv;D. Hancko;2.0
methodmich;M. Kohlert;5;11.0;M. Köhlert;V;/players/mats-kohlert/400423/;mats-kohlert;400423.0;sportclub-heerenveen;M. Kohlert;0.0
methodmich;S. Mijnans;5;10.0;S. Mijnans;M;/players/sven-mijnans/566000/;sven-mijnans;566000.0;stichting-az;S. Mijnans;19.0
methodmich;S. 't Zand;5;25.0;S. 't Zand;M;/players/shiloh-t-zand/824640/;shiloh-t-zand;824640.0;feyenoord-rotterdam-nv;S. 't Zand;7.0
methodmich;S. Steijn;5;14.0;S. Steijn;M;/players/sem-steijn/560623/;sem-steijn;560623.0;stichting-fc-twente-65;S. Steijn;11.0
methodmich;K. Sano;5;23.0;K. Sano;M;/players/kodai-sano/815318/;kodai-sano;815318.0;nijmegen-eendracht-combinatie;K. Sano;-5.0
methodmich;L. de Jong;5;9.0;L. de Jong;A;/players/luuk-de-jong/65056/;luuk-de-jong;65056.0;psv-nv;L. de Jong;7.47
methodmich;W. Weghorst;5;25.0;W. Weghorst;A;/players/wout-weghorst/255205/;wout-weghorst;255205.0;afc-ajax;W. Weghorst;
methodmich;T. Lauritsen;5;;T. Lauritsen;A;/players/tobias-lauritsen/406745/;tobias-lauritsen;406745.0;sparta-rotterdam-bv;T. Lauritsen;1.53
FMNederland;V. Barkas;5;1.0;V. Barkas;K;/players/vasileios-barkas/272919/;vasileios-barkas;272919.0;stichting-fc-utrecht;V. Barkas;
FMNederland;M. Kohlert;5;11.0;M. Köhlert;V;/players/mats-kohlert/400423/;mats-kohlert;400423.0;sportclub-heerenveen;M. Kohlert;0.0
FMNederland;M. Deijl;5;2.0;M. Deijl;V;/players/mats-deijl/402457/;mats-deijl;402457.0;stichting-go-ahead-eagles;M. Deijl;4.0
FMNederland;C. Verdonk;5;24.0;C. Verdonk;V;/players/calvin-verdonk/319288/;calvin-verdonk;319288.0;nijmegen-eendracht-combinatie;C. Verdonk;1.0
FMNederland;O. Boscagli;5;18.0;O. Boscagli;V;/players/olivier-boscagli/329542/;olivier-boscagli;329542.0;psv-nv;O. Boscagli;21.0
FMNederland;S. Bastien;5;22.0;S. Bastien;M;/players/samuel-bastien/314097/;samuel-bastien;314097.0;fortuna-sittard;S. Bastien;1.47
FMNederland;S. Steijn;5;14.0;S. Steijn;M;/players/sem-steijn/560623/;sem-steijn;560623.0;stichting-fc-twente-65;S. Steijn;11.0
FMNederland;C. Stengs;5;10.0;C. Stengs;M;/players/calvin-stengs/458659/;calvin-stengs;458659.0;feyenoord-rotterdam-nv;C. Stengs;
FMNederland;T. Robinet;5;9.0;T. Robinet;A;/players/thomas-robinet/312659/;thomas-robinet;312659.0;fc-omniworld;T. Robinet;5.0
FMNederland;T. Lauritsen;5;;T. Lauritsen;A;/players/tobias-lauritsen/406745/;tobias-lauritsen;406745.0;sparta-rotterdam-bv;T. Lauritsen;1.53
FMNederland;T. Parrott;5;9.0;T. Parrott;A;/players/troy-parrot/515624/;troy-parrot;515624.0;stichting-az;T. Parrott;36.11
crispy;L. Unnerstall;5;1.0;L. Unnerstall;K;/players/lars-unnerstall/81320/;lars-unnerstall;81320.0;stichting-fc-twente-65;L. Unnerstall;3.0
crispy;C. Verdonk;5;24.0;C. Verdonk;V;/players/calvin-verdonk/319288/;calvin-verdonk;319288.0;nijmegen-eendracht-combinatie;C. Verdonk;1.0
crispy;S. El Karouani;5;16.0;S. El Karouani;V;/players/souffian-elkarouani/537878/;souffian-elkarouani;537878.0;stichting-fc-utrecht;S. El Karouani;
crispy;M. Kohlert;5;11.0;M. Köhlert;V;/players/mats-kohlert/400423/;mats-kohlert;400423.0;sportclub-heerenveen;M. Kohlert;0.0
crispy;D. Hancko;5;33.0;D. Hancko;V;/players/david-hancko/391059/;david-hancko;391059.0;feyenoord-rotterdam-nv;D. Hancko;2.0
crispy;J. Schreuders;5;14.0;J. Schreuders;M;/players/jorg-schreuders/877779/;jorg-schreuders;877779.0;stichting-fc-groningen;J. Schreuders;3.64
crispy;A. Verschueren;5;32.0;A. Verschueren;M;/players/arno-vershueren/319385/;arno-vershueren;319385.0;stichting-fc-twente-65;A. Verschueren;1.53
crispy;S. Mijnans;5;10.0;S. Mijnans;M;/players/sven-mijnans/566000/;sven-mijnans;566000.0;stichting-az;S. Mijnans;19.0
crispy;A. Halilovic;5;10.0;A. Halilović;M;/players/alen-halilovi/270136/;alen-halilovi;270136.0;fortuna-sittard;A. Halilovic;3.0
crispy;K. Taylor;5;8.0;K. Taylor;M;/players/kenneth-taylor/508784/;kenneth-taylor;508784.0;afc-ajax;K. Taylor;
crispy;L. de Jong;5;9.0;L. de Jong;A;/players/luuk-de-jong/65056/;luuk-de-jong;65056.0;psv-nv;L. de Jong;7.47
svvthomas;N. Olij;5;;N. Olij;K;/players/nick-olij/235322/;nick-olij;235322.0;sparta-rotterdam-bv;N. Olij;1.0
svvthomas;M. Deijl;5;2.0;M. Deijl;V;/players/mats-deijl/402457/;mats-deijl;402457.0;stichting-go-ahead-eagles;M. Deijl;4.0
svvthomas;B. Kuipers;5;5.0;B. Kuipers;V;/players/bas-edo-kuipers/274649/;bas-edo-kuipers;274649.0;stichting-fc-twente-65;B. Kuipers;0.0
svvthomas;D. Mirani;5;4.0;D. Mirani;V;/players/damon-mirani/289811/;damon-mirani;289811.0;stichting-heracles-almelo;D. Mirani;14.0
svvthomas;M. Hoedemakers;5;6.0;M. Hoedemakers;M;/players/mees-hoedemakers/465082/;mees-hoedemakers;465082.0;nijmegen-eendracht-combinatie;M. Hoedemakers;2.57
svvthomas;D. Janosek;5;39.0;D. Janošek;M;/players/dominik-janosek/492661/;dominik-janosek;492661.0;nac-bv;D. Janosek;13.0
svvthomas;L. Brouwers;5;8.0;L. Brouwers;M;/players/luuk-brouwers/402458/;luuk-brouwers;402458.0;sportclub-heerenveen;L. Brouwers;12.0
svvthomas;C. Stengs;5;10.0;C. Stengs;M;/players/calvin-stengs/458659/;calvin-stengs;458659.0;feyenoord-rotterdam-nv;C. Stengs;
svvthomas;T. Parrott;5;9.0;T. Parrott;A;/players/troy-parrot/515624/;troy-parrot;515624.0;stichting-az;T. Parrott;36.11
svvthomas;L. de Jong;5;9.0;L. de Jong;A;/players/luuk-de-jong/65056/;luuk-de-jong;65056.0;psv-nv;L. de Jong;7.47
svvthomas;B. Brobbey;5;9.0;B. Brobbey;A;/players/brian-brobbey/520146/;brian-brobbey;520146.0;afc-ajax;B. Brobbey;
El Cid;L. Unnerstall;5;1.0;L. Unnerstall;K;/players/lars-unnerstall/81320/;lars-unnerstall;81320.0;stichting-fc-twente-65;L. Unnerstall;3.0
El Cid;P. Bochniewicz;5;5.0;P. Bochniewicz;V;/players/pawe-bochniewicz/273911/;pawe-bochniewicz;273911.0;sportclub-heerenveen;P. Bochniewicz;-6.0
El Cid;B. Nieuwkoop;5;2.0;B. Nieuwkoop;V;/players/bart-nieuwkoop/275124/;bart-nieuwkoop;275124.0;feyenoord-rotterdam-nv;B. Nieuwkoop;2.76
El Cid;D. van der Kust;5;;D. van der Kust;V;/players/djevencio-van-der-kust/569309/;djevencio-van-der-kust;569309.0;sparta-rotterdam-bv;D. van der Kust;0.23
El Cid;A. Halilovic;5;10.0;A. Halilović;M;/players/alen-halilovi/270136/;alen-halilovi;270136.0;fortuna-sittard;A. Halilovic;3.0
El Cid;L. Valente;5;10.0;L. Valente;M;/players/luciano-valente/703884/;luciano-valente;703884.0;stichting-fc-groningen;L. Valente;3.02
El Cid;V. Jensen;5;7.0;V. Jensen;M;/players/victor-jensen/460509/;victor-jensen;460509.0;stichting-fc-utrecht;V. Jensen;
El Cid;D. Proper;5;71.0;D. Proper;M;/players/dirk-proper/525939/;dirk-proper;525939.0;nijmegen-eendracht-combinatie;D. Proper;1.0
El Cid;B. Traore;5;20.0;B. Traoré;A;/players/bertrand-traore/102801/;bertrand-traore;102801.0;afc-ajax;B. Traore;
El Cid;L. de Jong;5;9.0;L. de Jong;A;/players/luuk-de-jong/65056/;luuk-de-jong;65056.0;psv-nv;L. de Jong;7.47
El Cid;T. Parrott;5;9.0;T. Parrott;A;/players/troy-parrot/515624/;troy-parrot;515624.0;stichting-az;T. Parrott;36.11
Otis.;V. Barkas;5;1.0;V. Barkas;K;/players/vasileios-barkas/272919/;vasileios-barkas;272919.0;stichting-fc-utrecht;V. Barkas;
Otis.;M. Deijl;5;2.0;M. Deijl;V;/players/mats-deijl/402457/;mats-deijl;402457.0;stichting-go-ahead-eagles;M. Deijl;4.0
Otis.;M. Hilgers;5;2.0;M. Hilgers;V;/players/mees-hilgers/627701/;mees-hilgers;627701.0;stichting-fc-twente-65;M. Hilgers;3.0
Otis.;J. Hato;5;4.0;J. Hato;V;/players/jorrel-hato/783173/;jorrel-hato;783173.0;afc-ajax;J. Hato;
Otis.;G. Smal;5;5.0;G. Smal;V;/players/gijs-smal/508760/;gijs-smal;508760.0;feyenoord-rotterdam-nv;G. Smal;2.0
Otis.;S. Mijnans;5;10.0;S. Mijnans;M;/players/sven-mijnans/566000/;sven-mijnans;566000.0;stichting-az;S. Mijnans;19.0
Otis.;Rober;5;7.0;Róber;M;/players/roberto-gonzalez-bayon/500171/;roberto-gonzalez-bayon;500171.0;nijmegen-eendracht-combinatie;Rober;2.0
Otis.;P. Clement;5;;P. Clement;M;/players/pelle-clement/379793/;pelle-clement;379793.0;sparta-rotterdam-bv;P. Clement;1.53
Otis.;D. Karlsbakk;5;9.0;D. Karlsbakk;A;/players/daniel-seland-karlsbakk/629619/;daniel-seland-karlsbakk;629619.0;sportclub-heerenveen;D. Karlsbakk;-1.33
Otis.;L. de Jong;5;9.0;L. de Jong;A;/players/luuk-de-jong/65056/;luuk-de-jong;65056.0;psv-nv;L. de Jong;7.47
Otis.;L. Kulenovic;5;19.0;L. Kulenović;A;/players/luka-kulenovi/631882/;luka-kulenovi;631882.0;stichting-heracles-almelo;L. Kulenovic;4.28
Gordon Shumway;L. Unnerstall;5;1.0;L. Unnerstall;K;/players/lars-unnerstall/81320/;lars-unnerstall;81320.0;stichting-fc-twente-65;L. Unnerstall;3.0
Gordon Shumway;B. Nieuwkoop;5;2.0;B. Nieuwkoop;V;/players/bart-nieuwkoop/275124/;bart-nieuwkoop;275124.0;feyenoord-rotterdam-nv;B. Nieuwkoop;2.76
Gordon Shumway;J. Hato;5;4.0;J. Hato;V;/players/jorrel-hato/783173/;jorrel-hato;783173.0;afc-ajax;J. Hato;
Gordon Shumway;M. Kohlert;5;11.0;M. Köhlert;V;/players/mats-kohlert/400423/;mats-kohlert;400423.0;sportclub-heerenveen;M. Kohlert;0.0
Gordon Shumway;C. Neghli;5;;C. Neghli;A;/players/camiel-neghli/680707/;camiel-neghli;680707.0;sparta-rotterdam-bv;C. Neghli;3.0
Gordon Shumway;L. Valente;5;10.0;L. Valente;M;/players/luciano-valente/703884/;luciano-valente;703884.0;stichting-fc-groningen;L. Valente;3.02
Gordon Shumway;D. Proper;5;71.0;D. Proper;M;/players/dirk-proper/525939/;dirk-proper;525939.0;nijmegen-eendracht-combinatie;D. Proper;1.0
Gordon Shumway;V. Jensen;5;7.0;V. Jensen;M;/players/victor-jensen/460509/;victor-jensen;460509.0;stichting-fc-utrecht;V. Jensen;
Gordon Shumway;L. de Jong;5;9.0;L. de Jong;A;/players/luuk-de-jong/65056/;luuk-de-jong;65056.0;psv-nv;L. de Jong;7.47
Gordon Shumway;!K. Sierhuis;5;;;;;;;;;
Gordon Shumway;T. Parrott;5;9.0;T. Parrott;A;/players/troy-parrot/515624/;troy-parrot;515624.0;stichting-az;T. Parrott;36.11
Suikerbrood;N. Olij;5;;N. Olij;K;/players/nick-olij/235322/;nick-olij;235322.0;sparta-rotterdam-bv;N. Olij;1.0
Suikerbrood;S. Olsson;5;19.0;S. Olsson;M;/players/simon-olsson/423888/;simon-olsson;423888.0;sportclub-heerenveen;S. Olsson;3.0
Suikerbrood;D. Rensch;5;2.0;D. Rensch;V;/players/devyne-rensch/601396/;devyne-rensch;601396.0;afc-ajax;D. Rensch;
Suikerbrood;J. Amofa;5;25.0;J. Amofa;V;/players/jamal-amofa/668121/;jamal-amofa;668121.0;stichting-go-ahead-eagles;J. Amofa;0.0
Suikerbrood;N. Viergever;5;24.0;N. Viergever;V;/players/nick--viergever/78529/;nick--viergever;78529.0;stichting-fc-utrecht;N. Viergever;
Suikerbrood;D. Proper;5;71.0;D. Proper;M;/players/dirk-proper/525939/;dirk-proper;525939.0;nijmegen-eendracht-combinatie;D. Proper;1.0
Suikerbrood;M. Vlap;5;18.0;M. Vlap;M;/players/michel-vlap/407742/;michel-vlap;407742.0;stichting-fc-twente-65;M. Vlap;1.29
Suikerbrood;A. Halilovic;5;10.0;A. Halilović;M;/players/alen-halilovi/270136/;alen-halilovi;270136.0;fortuna-sittard;A. Halilovic;3.0
Suikerbrood;S. Gimenez;5;29.0;S. Giménez;A;/players/santiago-tomas-gimenez/494293/;santiago-tomas-gimenez;494293.0;feyenoord-rotterdam-nv;S. Gimenez;3.02
Suikerbrood;R. van Bommel;5;7.0;R. van Bommel;A;/players/ruben-van-bommel/834074/;ruben-van-bommel;834074.0;stichting-az;R. van Bommel;8.44
Suikerbrood;L. de Jong;5;9.0;L. de Jong;A;/players/luuk-de-jong/65056/;luuk-de-jong;65056.0;psv-nv;L. de Jong;7.47
EnGCatjuh;N. Olij;5;;N. Olij;K;/players/nick-olij/235322/;nick-olij;235322.0;sparta-rotterdam-bv;N. Olij;1.0
EnGCatjuh;M. Kohlert;5;11.0;M. Köhlert;V;/players/mats-kohlert/400423/;mats-kohlert;400423.0;sportclub-heerenveen;M. Kohlert;0.0
EnGCatjuh;O. Boscagli;5;18.0;O. Boscagli;V;/players/olivier-boscagli/329542/;olivier-boscagli;329542.0;psv-nv;O. Boscagli;21.0
EnGCatjuh;S. El Karouani;5;16.0;S. El Karouani;V;/players/souffian-elkarouani/537878/;souffian-elkarouani;537878.0;stichting-fc-utrecht;S. El Karouani;
EnGCatjuh;S. Gimenez;5;29.0;S. Giménez;A;/players/santiago-tomas-gimenez/494293/;santiago-tomas-gimenez;494293.0;feyenoord-rotterdam-nv;S. Gimenez;3.02
EnGCatjuh;J. Schreuders;5;14.0;J. Schreuders;M;/players/jorg-schreuders/877779/;jorg-schreuders;877779.0;stichting-fc-groningen;J. Schreuders;3.64
EnGCatjuh;D. Proper;5;71.0;D. Proper;M;/players/dirk-proper/525939/;dirk-proper;525939.0;nijmegen-eendracht-combinatie;D. Proper;1.0
EnGCatjuh;S. Steijn;5;14.0;S. Steijn;M;/players/sem-steijn/560623/;sem-steijn;560623.0;stichting-fc-twente-65;S. Steijn;11.0
EnGCatjuh;T. Parrott;5;9.0;T. Parrott;A;/players/troy-parrot/515624/;troy-parrot;515624.0;stichting-az;T. Parrott;36.11
EnGCatjuh;B. Brobbey;5;9.0;B. Brobbey;A;/players/brian-brobbey/520146/;brian-brobbey;520146.0;afc-ajax;B. Brobbey;
EnGCatjuh;R. Meerveld;5;16.0;R. Meerveld;M;/players/ringo-meerveld/623815/;ringo-meerveld;623815.0;sbv-willem-ii-tilburg;R. Meerveld;17.0
Vishandel Makaay;R. Pasveer;5;22.0;R. Pasveer;K;/players/remko-pasveer/49689/;remko-pasveer;49689.0;afc-ajax;R. Pasveer;
Vishandel Makaay;R. Flamingo;5;6.0;R. Flamingo;V;/players/ryan-flamingo/627724/;ryan-flamingo;627724.0;psv-nv;R. Flamingo;14.5
Vishandel Makaay;J. Lelieveld;5;2.0;J. Lelieveld;V;/players/julian-lelieveld/407738/;julian-lelieveld;407738.0;rkc-waalwijk;J. Lelieveld;-0.47
Vishandel Makaay;K. Leerdam;5;18.0;K. Leerdam;V;/players/kelvin-leerdam/68354/;kelvin-leerdam;68354.0;stichting-heracles-almelo;K. Leerdam;0.0
Vishandel Makaay;M. Dijks;5;35.0;M. Dijks;V;/players/mitchel-dijks/219029/;mitchel-dijks;219029.0;fortuna-sittard;M. Dijks;2.77
Vishandel Makaay;T. Oosting;5;25.0;T. Oosting;M;/players/thijs-oosting/477591/;thijs-oosting;477591.0;stichting-fc-groningen;T. Oosting;0.58
Vishandel Makaay;E. van Ee;5;21.0;E. van Ee;M;/players/espen-van-ee/921919/;espen-van-ee;921919.0;sportclub-heerenveen;E. van Ee;1.53
Vishandel Makaay;P. Aaronson;5;21.0;P. Aaronson;M;/players/paxten-aaronson/576828/;paxten-aaronson;576828.0;stichting-fc-utrecht;P. Aaronson;
Vishandel Makaay;R. Kuijpers;5;17.0;R. Kuijpers;A;/players/roy-kuijpers/663306/;roy-kuijpers;663306.0;nac-bv;R. Kuijpers;1.6
Vishandel Makaay;R. van Wolfswinkel;5;9.0;R. van Wolfswinkel;A;/players/ricky-van-wolfswinkel/59407/;ricky-van-wolfswinkel;59407.0;stichting-fc-twente-65;R. van Wolfswinkel;1.29
Vishandel Makaay;T. Buitink;5;29.0;T. Buitink;A;/players/thomas-buitnik/457668/;thomas-buitnik;457668.0;bvo-fc-zwolle;T. Buitink;0.0
Friggles;L. Unnerstall;5;1.0;L. Unnerstall;K;/players/lars-unnerstall/81320/;lars-unnerstall;81320.0;stichting-fc-twente-65;L. Unnerstall;3.0
Friggles;T. Quintero;5;;T. Quintero;V;/players/teo-quintero/565562/;teo-quintero;565562.0;sparta-rotterdam-bv;T. Quintero;0.0
Friggles;M. Deijl;5;2.0;M. Deijl;V;/players/mats-deijl/402457/;mats-deijl;402457.0;stichting-go-ahead-eagles;M. Deijl;4.0
Friggles;S. El Karouani;5;16.0;S. El Karouani;V;/players/souffian-elkarouani/537878/;souffian-elkarouani;537878.0;stichting-fc-utrecht;S. El Karouani;
Friggles;S. Mijnans;5;10.0;S. Mijnans;M;/players/sven-mijnans/566000/;sven-mijnans;566000.0;stichting-az;S. Mijnans;19.0
Friggles;D. Proper;5;71.0;D. Proper;M;/players/dirk-proper/525939/;dirk-proper;525939.0;nijmegen-eendracht-combinatie;D. Proper;1.0
Friggles;M. Kohlert;5;11.0;M. Köhlert;V;/players/mats-kohlert/400423/;mats-kohlert;400423.0;sportclub-heerenveen;M. Kohlert;0.0
Friggles;S. 't Zand;5;25.0;S. 't Zand;M;/players/shiloh-t-zand/824640/;shiloh-t-zand;824640.0;feyenoord-rotterdam-nv;S. 't Zand;7.0
Friggles;S. Gimenez;5;29.0;S. Giménez;A;/players/santiago-tomas-gimenez/494293/;santiago-tomas-gimenez;494293.0;feyenoord-rotterdam-nv;S. Gimenez;3.02
Friggles;L. de Jong;5;9.0;L. de Jong;A;/players/luuk-de-jong/65056/;luuk-de-jong;65056.0;psv-nv;L. de Jong;7.47
Friggles;B. Brobbey;5;9.0;B. Brobbey;A;/players/brian-brobbey/520146/;brian-brobbey;520146.0;afc-ajax;B. Brobbey;
Jay-Jay;N. Olij;5;;N. Olij;K;/players/nick-olij/235322/;nick-olij;235322.0;sparta-rotterdam-bv;N. Olij;1.0
Jay-Jay;S. Maikuma;5;16.0;S. Maikuma;V;/players/seiya-maikuma/651537/;seiya-maikuma;651537.0;stichting-az;S. Maikuma;4.0
Jay-Jay;M. Deijl;5;2.0;M. Deijl;V;/players/mats-deijl/402457/;mats-deijl;402457.0;stichting-go-ahead-eagles;M. Deijl;4.0
Jay-Jay;S. El Karouani;5;16.0;S. El Karouani;V;/players/souffian-elkarouani/537878/;souffian-elkarouani;537878.0;stichting-fc-utrecht;S. El Karouani;
Jay-Jay;Ivo Pinto;5;12.0;Ivo Pinto;V;/players/ivo-pinto/86672/;ivo-pinto;86672.0;fortuna-sittard;Ivo Pinto;1.97
Jay-Jay;J. Veerman;5;23.0;J. Veerman;M;/players/joey--veerman/459312/;joey--veerman;459312.0;psv-nv;J. Veerman;8.0
Jay-Jay;D. Proper;5;71.0;D. Proper;M;/players/dirk-proper/525939/;dirk-proper;525939.0;nijmegen-eendracht-combinatie;D. Proper;1.0
Jay-Jay;S. Olsson;5;19.0;S. Olsson;M;/players/simon-olsson/423888/;simon-olsson;423888.0;sportclub-heerenveen;S. Olsson;3.0
Jay-Jay;S. Gimenez;5;29.0;S. Giménez;A;/players/santiago-tomas-gimenez/494293/;santiago-tomas-gimenez;494293.0;feyenoord-rotterdam-nv;S. Gimenez;3.02
Jay-Jay;B. Brobbey;5;9.0;B. Brobbey;A;/players/brian-brobbey/520146/;brian-brobbey;520146.0;afc-ajax;B. Brobbey;
Jay-Jay;S. Lammers;5;10.0;S. Lammers;A;/players/sam-lammers/407736/;sam-lammers;407736.0;stichting-fc-twente-65;S. Lammers;2.71
Rucebo;V. Barkas;5;1.0;V. Barkas;K;/players/vasileios-barkas/272919/;vasileios-barkas;272919.0;stichting-fc-utrecht;V. Barkas;
Rucebo;Ivo Pinto;5;12.0;Ivo Pinto;V;/players/ivo-pinto/86672/;ivo-pinto;86672.0;fortuna-sittard;Ivo Pinto;1.97
Rucebo;J. Hato;5;4.0;J. Hato;V;/players/jorrel-hato/783173/;jorrel-hato;783173.0;afc-ajax;J. Hato;
Rucebo;G. Trauner;5;18.0;G. Trauner;V;/players/gernot-trauner/135546/;gernot-trauner;135546.0;feyenoord-rotterdam-nv;G. Trauner;-0.04
Rucebo;M. Deijl;5;2.0;M. Deijl;V;/players/mats-deijl/402457/;mats-deijl;402457.0;stichting-go-ahead-eagles;M. Deijl;4.0
Rucebo;S. Steijn;5;14.0;S. Steijn;M;/players/sem-steijn/560623/;sem-steijn;560623.0;stichting-fc-twente-65;S. Steijn;11.0
Rucebo;J. Kitolano;5;;J. Kitolano;M;/players/joshua-gaston-kitolano/517475/;joshua-gaston-kitolano;517475.0;sparta-rotterdam-bv;J. Kitolano;1.47
Rucebo;L. Brouwers;5;8.0;L. Brouwers;M;/players/luuk-brouwers/402458/;luuk-brouwers;402458.0;sportclub-heerenveen;L. Brouwers;12.0
Rucebo;T. Parrott;5;9.0;T. Parrott;A;/players/troy-parrot/515624/;troy-parrot;515624.0;stichting-az;T. Parrott;36.11
Rucebo;L. de Jong;5;9.0;L. de Jong;A;/players/luuk-de-jong/65056/;luuk-de-jong;65056.0;psv-nv;L. de Jong;7.47
Rucebo;K. Ogawa;5;18.0;K. Ogawa;A;/players/koki-ogawa/435835/;koki-ogawa;435835.0;nijmegen-eendracht-combinatie;K. Ogawa;0.43
tukkeRoel;V. Barkas;6;1.0;V. Barkas;K;/players/vasileios-barkas/272919/;vasileios-barkas;272919.0;stichting-fc-utrecht;V. Barkas;
tukkeRoel;D. Hancko;6;33.0;D. Hancko;V;/players/david-hancko/391059/;david-hancko;391059.0;feyenoord-rotterdam-nv;D. Hancko;
tukkeRoel;J. Hato;6;4.0;J. Hato;V;/players/jorrel-hato/783173/;jorrel-hato;783173.0;afc-ajax;J. Hato;27.0
tukkeRoel;M. Kohlert;6;11.0;M. Köhlert;V;/players/mats-kohlert/400423/;mats-kohlert;400423.0;sportclub-heerenveen;M. Kohlert;-1.0
tukkeRoel;C. Verdonk;6;24.0;C. Verdonk;V;/players/calvin-verdonk/319288/;calvin-verdonk;319288.0;nijmegen-eendracht-combinatie;C. Verdonk;
tukkeRoel;F. Krastev;6;50.0;F. Krastev;M;/players/filip-yavorov-krastev/550509/;filip-yavorov-krastev;550509.0;bvo-fc-zwolle;F. Krastev;
tukkeRoel;S. Mijnans;6;10.0;S. Mijnans;M;/players/sven-mijnans/566000/;sven-mijnans;566000.0;stichting-az;S. Mijnans;
tukkeRoel;A. Verschueren;6;32.0;A. Verschueren;M;/players/arno-vershueren/319385/;arno-vershueren;319385.0;stichting-fc-twente-65;A. Verschueren;
tukkeRoel;S. Steijn;6;14.0;S. Steijn;M;/players/sem-steijn/560623/;sem-steijn;560623.0;stichting-fc-twente-65;S. Steijn;19.2
tukkeRoel;S. Tengstedt;6;10.0;S. Tengstedt;A;/players/soren-tengstedt/615917/;soren-tengstedt;615917.0;stichting-go-ahead-eagles;S. Tengstedt;
tukkeRoel;L. de Jong;6;9.0;L. de Jong;A;/players/luuk-de-jong/65056/;luuk-de-jong;65056.0;psv-nv;L. de Jong;
methodmich;V. Barkas;6;1.0;V. Barkas;K;/players/vasileios-barkas/272919/;vasileios-barkas;272919.0;stichting-fc-utrecht;V. Barkas;
methodmich;M. Dijks;6;35.0;M. Dijks;V;/players/mitchel-dijks/219029/;mitchel-dijks;219029.0;fortuna-sittard;M. Dijks;
methodmich;D. Hancko;6;33.0;D. Hancko;V;/players/david-hancko/391059/;david-hancko;391059.0;feyenoord-rotterdam-nv;D. Hancko;
methodmich;M. Kohlert;6;11.0;M. Köhlert;V;/players/mats-kohlert/400423/;mats-kohlert;400423.0;sportclub-heerenveen;M. Kohlert;-1.0
methodmich;S. Mijnans;6;10.0;S. Mijnans;M;/players/sven-mijnans/566000/;sven-mijnans;566000.0;stichting-az;S. Mijnans;
methodmich;S. 't Zand;6;25.0;S. 't Zand;M;/players/shiloh-t-zand/824640/;shiloh-t-zand;824640.0;feyenoord-rotterdam-nv;S. 't Zand;
methodmich;S. Steijn;6;14.0;S. Steijn;M;/players/sem-steijn/560623/;sem-steijn;560623.0;stichting-fc-twente-65;S. Steijn;19.2
methodmich;K. Sano;6;23.0;K. Sano;M;/players/kodai-sano/815318/;kodai-sano;815318.0;nijmegen-eendracht-combinatie;K. Sano;
methodmich;L. de Jong;6;9.0;L. de Jong;A;/players/luuk-de-jong/65056/;luuk-de-jong;65056.0;psv-nv;L. de Jong;
methodmich;W. Weghorst;6;25.0;W. Weghorst;A;/players/wout-weghorst/255205/;wout-weghorst;255205.0;afc-ajax;W. Weghorst;1.6
methodmich;T. Lauritsen;6;;T. Lauritsen;A;/players/tobias-lauritsen/406745/;tobias-lauritsen;406745.0;sparta-rotterdam-bv;T. Lauritsen;
FMNederland;V. Barkas;6;1.0;V. Barkas;K;/players/vasileios-barkas/272919/;vasileios-barkas;272919.0;stichting-fc-utrecht;V. Barkas;
FMNederland;M. Kohlert;6;11.0;M. Köhlert;V;/players/mats-kohlert/400423/;mats-kohlert;400423.0;sportclub-heerenveen;M. Kohlert;-1.0
FMNederland;M. Deijl;6;2.0;M. Deijl;V;/players/mats-deijl/402457/;mats-deijl;402457.0;stichting-go-ahead-eagles;M. Deijl;
FMNederland;C. Verdonk;6;24.0;C. Verdonk;V;/players/calvin-verdonk/319288/;calvin-verdonk;319288.0;nijmegen-eendracht-combinatie;C. Verdonk;
FMNederland;O. Boscagli;6;18.0;O. Boscagli;V;/players/olivier-boscagli/329542/;olivier-boscagli;329542.0;psv-nv;O. Boscagli;
FMNederland;S. Bastien;6;22.0;S. Bastien;M;/players/samuel-bastien/314097/;samuel-bastien;314097.0;fortuna-sittard;S. Bastien;2.33
FMNederland;S. Steijn;6;14.0;S. Steijn;M;/players/sem-steijn/560623/;sem-steijn;560623.0;stichting-fc-twente-65;S. Steijn;19.2
FMNederland;C. Stengs;6;10.0;C. Stengs;M;/players/calvin-stengs/458659/;calvin-stengs;458659.0;feyenoord-rotterdam-nv;C. Stengs;
FMNederland;T. Robinet;6;9.0;T. Robinet;A;/players/thomas-robinet/312659/;thomas-robinet;312659.0;fc-omniworld;T. Robinet;
FMNederland;T. Lauritsen;6;;T. Lauritsen;A;/players/tobias-lauritsen/406745/;tobias-lauritsen;406745.0;sparta-rotterdam-bv;T. Lauritsen;
FMNederland;T. Parrott;6;9.0;T. Parrott;A;/players/troy-parrot/515624/;troy-parrot;515624.0;stichting-az;T. Parrott;
crispy;L. Unnerstall;6;1.0;L. Unnerstall;K;/players/lars-unnerstall/81320/;lars-unnerstall;81320.0;stichting-fc-twente-65;L. Unnerstall;17.0
crispy;C. Verdonk;6;24.0;C. Verdonk;V;/players/calvin-verdonk/319288/;calvin-verdonk;319288.0;nijmegen-eendracht-combinatie;C. Verdonk;
crispy;S. El Karouani;6;16.0;S. El Karouani;V;/players/souffian-elkarouani/537878/;souffian-elkarouani;537878.0;stichting-fc-utrecht;S. El Karouani;
crispy;M. Kohlert;6;11.0;M. Köhlert;V;/players/mats-kohlert/400423/;mats-kohlert;400423.0;sportclub-heerenveen;M. Kohlert;-1.0
crispy;D. Hancko;6;33.0;D. Hancko;V;/players/david-hancko/391059/;david-hancko;391059.0;feyenoord-rotterdam-nv;D. Hancko;
crispy;J. Schreuders;6;14.0;J. Schreuders;M;/players/jorg-schreuders/877779/;jorg-schreuders;877779.0;stichting-fc-groningen;J. Schreuders;
crispy;A. Verschueren;6;32.0;A. Verschueren;M;/players/arno-vershueren/319385/;arno-vershueren;319385.0;stichting-fc-twente-65;A. Verschueren;
crispy;S. Mijnans;6;10.0;S. Mijnans;M;/players/sven-mijnans/566000/;sven-mijnans;566000.0;stichting-az;S. Mijnans;
crispy;A. Halilovic;6;10.0;A. Halilović;M;/players/alen-halilovi/270136/;alen-halilovi;270136.0;fortuna-sittard;A. Halilovic;2.73
crispy;K. Taylor;6;8.0;K. Taylor;M;/players/kenneth-taylor/508784/;kenneth-taylor;508784.0;afc-ajax;K. Taylor;17.0
crispy;L. de Jong;6;9.0;L. de Jong;A;/players/luuk-de-jong/65056/;luuk-de-jong;65056.0;psv-nv;L. de Jong;
svvthomas;N. Olij;6;;N. Olij;K;/players/nick-olij/235322/;nick-olij;235322.0;sparta-rotterdam-bv;N. Olij;
svvthomas;M. Deijl;6;2.0;M. Deijl;V;/players/mats-deijl/402457/;mats-deijl;402457.0;stichting-go-ahead-eagles;M. Deijl;
svvthomas;B. Kuipers;6;5.0;B. Kuipers;V;/players/bas-edo-kuipers/274649/;bas-edo-kuipers;274649.0;stichting-fc-twente-65;B. Kuipers;3.67
svvthomas;D. Mirani;6;4.0;D. Mirani;V;/players/damon-mirani/289811/;damon-mirani;289811.0;stichting-heracles-almelo;D. Mirani;
svvthomas;M. Hoedemakers;6;6.0;M. Hoedemakers;M;/players/mees-hoedemakers/465082/;mees-hoedemakers;465082.0;nijmegen-eendracht-combinatie;M. Hoedemakers;
svvthomas;D. Janosek;6;39.0;D. Janošek;M;/players/dominik-janosek/492661/;dominik-janosek;492661.0;nac-bv;D. Janosek;
svvthomas;L. Brouwers;6;8.0;L. Brouwers;M;/players/luuk-brouwers/402458/;luuk-brouwers;402458.0;sportclub-heerenveen;L. Brouwers;3.0
svvthomas;C. Stengs;6;10.0;C. Stengs;M;/players/calvin-stengs/458659/;calvin-stengs;458659.0;feyenoord-rotterdam-nv;C. Stengs;
svvthomas;T. Parrott;6;9.0;T. Parrott;A;/players/troy-parrot/515624/;troy-parrot;515624.0;stichting-az;T. Parrott;
svvthomas;L. de Jong;6;9.0;L. de Jong;A;/players/luuk-de-jong/65056/;luuk-de-jong;65056.0;psv-nv;L. de Jong;
svvthomas;B. Brobbey;6;9.0;B. Brobbey;A;/players/brian-brobbey/520146/;brian-brobbey;520146.0;afc-ajax;B. Brobbey;
El Cid;L. Unnerstall;6;1.0;L. Unnerstall;K;/players/lars-unnerstall/81320/;lars-unnerstall;81320.0;stichting-fc-twente-65;L. Unnerstall;17.0
El Cid;P. Bochniewicz;6;5.0;P. Bochniewicz;V;/players/pawe-bochniewicz/273911/;pawe-bochniewicz;273911.0;sportclub-heerenveen;P. Bochniewicz;0.07
El Cid;B. Nieuwkoop;6;2.0;B. Nieuwkoop;V;/players/bart-nieuwkoop/275124/;bart-nieuwkoop;275124.0;feyenoord-rotterdam-nv;B. Nieuwkoop;
El Cid;D. van der Kust;6;;D. van der Kust;V;/players/djevencio-van-der-kust/569309/;djevencio-van-der-kust;569309.0;sparta-rotterdam-bv;D. van der Kust;
El Cid;A. Halilovic;6;10.0;A. Halilović;M;/players/alen-halilovi/270136/;alen-halilovi;270136.0;fortuna-sittard;A. Halilovic;2.73
El Cid;L. Valente;6;10.0;L. Valente;M;/players/luciano-valente/703884/;luciano-valente;703884.0;stichting-fc-groningen;L. Valente;
El Cid;V. Jensen;6;7.0;V. Jensen;M;/players/victor-jensen/460509/;victor-jensen;460509.0;stichting-fc-utrecht;V. Jensen;
El Cid;D. Proper;6;71.0;D. Proper;M;/players/dirk-proper/525939/;dirk-proper;525939.0;nijmegen-eendracht-combinatie;D. Proper;
El Cid;B. Traore;6;20.0;B. Traoré;A;/players/bertrand-traore/102801/;bertrand-traore;102801.0;afc-ajax;B. Traore;16.4
El Cid;L. de Jong;6;9.0;L. de Jong;A;/players/luuk-de-jong/65056/;luuk-de-jong;65056.0;psv-nv;L. de Jong;
El Cid;T. Parrott;6;9.0;T. Parrott;A;/players/troy-parrot/515624/;troy-parrot;515624.0;stichting-az;T. Parrott;
Otis.;V. Barkas;6;1.0;V. Barkas;K;/players/vasileios-barkas/272919/;vasileios-barkas;272919.0;stichting-fc-utrecht;V. Barkas;
Otis.;M. Deijl;6;2.0;M. Deijl;V;/players/mats-deijl/402457/;mats-deijl;402457.0;stichting-go-ahead-eagles;M. Deijl;
Otis.;M. Hilgers;6;2.0;M. Hilgers;V;/players/mees-hilgers/627701/;mees-hilgers;627701.0;stichting-fc-twente-65;M. Hilgers;15.0
Otis.;J. Hato;6;4.0;J. Hato;V;/players/jorrel-hato/783173/;jorrel-hato;783173.0;afc-ajax;J. Hato;27.0
Otis.;G. Smal;6;5.0;G. Smal;V;/players/gijs-smal/508760/;gijs-smal;508760.0;feyenoord-rotterdam-nv;G. Smal;
Otis.;S. Mijnans;6;10.0;S. Mijnans;M;/players/sven-mijnans/566000/;sven-mijnans;566000.0;stichting-az;S. Mijnans;
Otis.;Rober;6;7.0;Róber;M;/players/roberto-gonzalez-bayon/500171/;roberto-gonzalez-bayon;500171.0;nijmegen-eendracht-combinatie;Rober;
Otis.;P. Clement;6;;P. Clement;M;/players/pelle-clement/379793/;pelle-clement;379793.0;sparta-rotterdam-bv;P. Clement;
Otis.;D. Karlsbakk;6;9.0;D. Karlsbakk;A;/players/daniel-seland-karlsbakk/629619/;daniel-seland-karlsbakk;629619.0;sportclub-heerenveen;D. Karlsbakk;0.0
Otis.;L. de Jong;6;9.0;L. de Jong;A;/players/luuk-de-jong/65056/;luuk-de-jong;65056.0;psv-nv;L. de Jong;
Otis.;L. Kulenovic;6;19.0;L. Kulenović;A;/players/luka-kulenovi/631882/;luka-kulenovi;631882.0;stichting-heracles-almelo;L. Kulenovic;
Gordon Shumway;L. Unnerstall;6;1.0;L. Unnerstall;K;/players/lars-unnerstall/81320/;lars-unnerstall;81320.0;stichting-fc-twente-65;L. Unnerstall;17.0
Gordon Shumway;B. Nieuwkoop;6;2.0;B. Nieuwkoop;V;/players/bart-nieuwkoop/275124/;bart-nieuwkoop;275124.0;feyenoord-rotterdam-nv;B. Nieuwkoop;
Gordon Shumway;J. Hato;6;4.0;J. Hato;V;/players/jorrel-hato/783173/;jorrel-hato;783173.0;afc-ajax;J. Hato;27.0
Gordon Shumway;M. Kohlert;6;11.0;M. Köhlert;V;/players/mats-kohlert/400423/;mats-kohlert;400423.0;sportclub-heerenveen;M. Kohlert;-1.0
Gordon Shumway;C. Neghli;6;;C. Neghli;A;/players/camiel-neghli/680707/;camiel-neghli;680707.0;sparta-rotterdam-bv;C. Neghli;
Gordon Shumway;L. Valente;6;10.0;L. Valente;M;/players/luciano-valente/703884/;luciano-valente;703884.0;stichting-fc-groningen;L. Valente;
Gordon Shumway;D. Proper;6;71.0;D. Proper;M;/players/dirk-proper/525939/;dirk-proper;525939.0;nijmegen-eendracht-combinatie;D. Proper;
Gordon Shumway;V. Jensen;6;7.0;V. Jensen;M;/players/victor-jensen/460509/;victor-jensen;460509.0;stichting-fc-utrecht;V. Jensen;
Gordon Shumway;L. de Jong;6;9.0;L. de Jong;A;/players/luuk-de-jong/65056/;luuk-de-jong;65056.0;psv-nv;L. de Jong;
Gordon Shumway;!K. Sierhuis;6;;;;;;;;;
Gordon Shumway;T. Parrott;6;9.0;T. Parrott;A;/players/troy-parrot/515624/;troy-parrot;515624.0;stichting-az;T. Parrott;
Suikerbrood;N. Olij;6;;N. Olij;K;/players/nick-olij/235322/;nick-olij;235322.0;sparta-rotterdam-bv;N. Olij;
Suikerbrood;S. Olsson;6;19.0;S. Olsson;M;/players/simon-olsson/423888/;simon-olsson;423888.0;sportclub-heerenveen;S. Olsson;2.67
Suikerbrood;D. Rensch;6;2.0;D. Rensch;V;/players/devyne-rensch/601396/;devyne-rensch;601396.0;afc-ajax;D. Rensch;27.0
Suikerbrood;J. Amofa;6;25.0;J. Amofa;V;/players/jamal-amofa/668121/;jamal-amofa;668121.0;stichting-go-ahead-eagles;J. Amofa;
Suikerbrood;N. Viergever;6;24.0;N. Viergever;V;/players/nick--viergever/78529/;nick--viergever;78529.0;stichting-fc-utrecht;N. Viergever;
Suikerbrood;D. Proper;6;71.0;D. Proper;M;/players/dirk-proper/525939/;dirk-proper;525939.0;nijmegen-eendracht-combinatie;D. Proper;
Suikerbrood;M. Vlap;6;18.0;M. Vlap;M;/players/michel-vlap/407742/;michel-vlap;407742.0;stichting-fc-twente-65;M. Vlap;3.02
Suikerbrood;A. Halilovic;6;10.0;A. Halilović;M;/players/alen-halilovi/270136/;alen-halilovi;270136.0;fortuna-sittard;A. Halilovic;2.73
Suikerbrood;S. Gimenez;6;29.0;S. Giménez;A;/players/santiago-tomas-gimenez/494293/;santiago-tomas-gimenez;494293.0;feyenoord-rotterdam-nv;S. Gimenez;
Suikerbrood;R. van Bommel;6;7.0;R. van Bommel;A;/players/ruben-van-bommel/834074/;ruben-van-bommel;834074.0;stichting-az;R. van Bommel;
Suikerbrood;L. de Jong;6;9.0;L. de Jong;A;/players/luuk-de-jong/65056/;luuk-de-jong;65056.0;psv-nv;L. de Jong;
EnGCatjuh;N. Olij;6;;N. Olij;K;/players/nick-olij/235322/;nick-olij;235322.0;sparta-rotterdam-bv;N. Olij;
EnGCatjuh;M. Kohlert;6;11.0;M. Köhlert;V;/players/mats-kohlert/400423/;mats-kohlert;400423.0;sportclub-heerenveen;M. Kohlert;-1.0
EnGCatjuh;O. Boscagli;6;18.0;O. Boscagli;V;/players/olivier-boscagli/329542/;olivier-boscagli;329542.0;psv-nv;O. Boscagli;
EnGCatjuh;S. El Karouani;6;16.0;S. El Karouani;V;/players/souffian-elkarouani/537878/;souffian-elkarouani;537878.0;stichting-fc-utrecht;S. El Karouani;
EnGCatjuh;S. Gimenez;6;29.0;S. Giménez;A;/players/santiago-tomas-gimenez/494293/;santiago-tomas-gimenez;494293.0;feyenoord-rotterdam-nv;S. Gimenez;
EnGCatjuh;J. Schreuders;6;14.0;J. Schreuders;M;/players/jorg-schreuders/877779/;jorg-schreuders;877779.0;stichting-fc-groningen;J. Schreuders;
EnGCatjuh;D. Proper;6;71.0;D. Proper;M;/players/dirk-proper/525939/;dirk-proper;525939.0;nijmegen-eendracht-combinatie;D. Proper;
EnGCatjuh;S. Steijn;6;14.0;S. Steijn;M;/players/sem-steijn/560623/;sem-steijn;560623.0;stichting-fc-twente-65;S. Steijn;19.2
EnGCatjuh;T. Parrott;6;9.0;T. Parrott;A;/players/troy-parrot/515624/;troy-parrot;515624.0;stichting-az;T. Parrott;
EnGCatjuh;B. Brobbey;6;9.0;B. Brobbey;A;/players/brian-brobbey/520146/;brian-brobbey;520146.0;afc-ajax;B. Brobbey;
EnGCatjuh;R. Meerveld;6;16.0;R. Meerveld;M;/players/ringo-meerveld/623815/;ringo-meerveld;623815.0;sbv-willem-ii-tilburg;R. Meerveld;
Vishandel Makaay;R. Pasveer;6;22.0;R. Pasveer;K;/players/remko-pasveer/49689/;remko-pasveer;49689.0;afc-ajax;R. Pasveer;17.0
Vishandel Makaay;R. Flamingo;6;6.0;R. Flamingo;V;/players/ryan-flamingo/627724/;ryan-flamingo;627724.0;psv-nv;R. Flamingo;
Vishandel Makaay;J. Lelieveld;6;2.0;J. Lelieveld;V;/players/julian-lelieveld/407738/;julian-lelieveld;407738.0;rkc-waalwijk;J. Lelieveld;
Vishandel Makaay;K. Leerdam;6;18.0;K. Leerdam;V;/players/kelvin-leerdam/68354/;kelvin-leerdam;68354.0;stichting-heracles-almelo;K. Leerdam;
Vishandel Makaay;M. Dijks;6;35.0;M. Dijks;V;/players/mitchel-dijks/219029/;mitchel-dijks;219029.0;fortuna-sittard;M. Dijks;
Vishandel Makaay;T. Oosting;6;25.0;T. Oosting;M;/players/thijs-oosting/477591/;thijs-oosting;477591.0;stichting-fc-groningen;T. Oosting;
Vishandel Makaay;E. van Ee;6;21.0;E. van Ee;M;/players/espen-van-ee/921919/;espen-van-ee;921919.0;sportclub-heerenveen;E. van Ee;3.0
Vishandel Makaay;P. Aaronson;6;21.0;P. Aaronson;M;/players/paxten-aaronson/576828/;paxten-aaronson;576828.0;stichting-fc-utrecht;P. Aaronson;
Vishandel Makaay;R. Kuijpers;6;17.0;R. Kuijpers;A;/players/roy-kuijpers/663306/;roy-kuijpers;663306.0;nac-bv;R. Kuijpers;
Vishandel Makaay;R. van Wolfswinkel;6;9.0;R. van Wolfswinkel;A;/players/ricky-van-wolfswinkel/59407/;ricky-van-wolfswinkel;59407.0;stichting-fc-twente-65;R. van Wolfswinkel;2.27
Vishandel Makaay;T. Buitink;6;29.0;T. Buitink;A;/players/thomas-buitnik/457668/;thomas-buitnik;457668.0;bvo-fc-zwolle;T. Buitink;
Friggles;L. Unnerstall;6;1.0;L. Unnerstall;K;/players/lars-unnerstall/81320/;lars-unnerstall;81320.0;stichting-fc-twente-65;L. Unnerstall;17.0
Friggles;T. Quintero;6;;T. Quintero;V;/players/teo-quintero/565562/;teo-quintero;565562.0;sparta-rotterdam-bv;T. Quintero;
Friggles;M. Deijl;6;2.0;M. Deijl;V;/players/mats-deijl/402457/;mats-deijl;402457.0;stichting-go-ahead-eagles;M. Deijl;
Friggles;S. El Karouani;6;16.0;S. El Karouani;V;/players/souffian-elkarouani/537878/;souffian-elkarouani;537878.0;stichting-fc-utrecht;S. El Karouani;
Friggles;S. Mijnans;6;10.0;S. Mijnans;M;/players/sven-mijnans/566000/;sven-mijnans;566000.0;stichting-az;S. Mijnans;
Friggles;D. Proper;6;71.0;D. Proper;M;/players/dirk-proper/525939/;dirk-proper;525939.0;nijmegen-eendracht-combinatie;D. Proper;
Friggles;M. Kohlert;6;11.0;M. Köhlert;V;/players/mats-kohlert/400423/;mats-kohlert;400423.0;sportclub-heerenveen;M. Kohlert;-1.0
Friggles;S. 't Zand;6;25.0;S. 't Zand;M;/players/shiloh-t-zand/824640/;shiloh-t-zand;824640.0;feyenoord-rotterdam-nv;S. 't Zand;
Friggles;S. Gimenez;6;29.0;S. Giménez;A;/players/santiago-tomas-gimenez/494293/;santiago-tomas-gimenez;494293.0;feyenoord-rotterdam-nv;S. Gimenez;
Friggles;L. de Jong;6;9.0;L. de Jong;A;/players/luuk-de-jong/65056/;luuk-de-jong;65056.0;psv-nv;L. de Jong;
Friggles;B. Brobbey;6;9.0;B. Brobbey;A;/players/brian-brobbey/520146/;brian-brobbey;520146.0;afc-ajax;B. Brobbey;
Jay-Jay;N. Olij;6;;N. Olij;K;/players/nick-olij/235322/;nick-olij;235322.0;sparta-rotterdam-bv;N. Olij;
Jay-Jay;S. Maikuma;6;16.0;S. Maikuma;V;/players/seiya-maikuma/651537/;seiya-maikuma;651537.0;stichting-az;S. Maikuma;
Jay-Jay;M. Deijl;6;2.0;M. Deijl;V;/players/mats-deijl/402457/;mats-deijl;402457.0;stichting-go-ahead-eagles;M. Deijl;
Jay-Jay;S. El Karouani;6;16.0;S. El Karouani;V;/players/souffian-elkarouani/537878/;souffian-elkarouani;537878.0;stichting-fc-utrecht;S. El Karouani;
Jay-Jay;Ivo Pinto;6;12.0;Ivo Pinto;V;/players/ivo-pinto/86672/;ivo-pinto;86672.0;fortuna-sittard;Ivo Pinto;-2.0
Jay-Jay;J. Veerman;6;23.0;J. Veerman;M;/players/joey--veerman/459312/;joey--veerman;459312.0;psv-nv;J. Veerman;
Jay-Jay;D. Proper;6;71.0;D. Proper;M;/players/dirk-proper/525939/;dirk-proper;525939.0;nijmegen-eendracht-combinatie;D. Proper;
Jay-Jay;S. Olsson;6;19.0;S. Olsson;M;/players/simon-olsson/423888/;simon-olsson;423888.0;sportclub-heerenveen;S. Olsson;2.67
Jay-Jay;S. Gimenez;6;29.0;S. Giménez;A;/players/santiago-tomas-gimenez/494293/;santiago-tomas-gimenez;494293.0;feyenoord-rotterdam-nv;S. Gimenez;
Jay-Jay;B. Brobbey;6;9.0;B. Brobbey;A;/players/brian-brobbey/520146/;brian-brobbey;520146.0;afc-ajax;B. Brobbey;
Jay-Jay;S. Lammers;6;10.0;S. Lammers;A;/players/sam-lammers/407736/;sam-lammers;407736.0;stichting-fc-twente-65;S. Lammers;3.73
Rucebo;V. Barkas;6;1.0;V. Barkas;K;/players/vasileios-barkas/272919/;vasileios-barkas;272919.0;stichting-fc-utrecht;V. Barkas;
Rucebo;Ivo Pinto;6;12.0;Ivo Pinto;V;/players/ivo-pinto/86672/;ivo-pinto;86672.0;fortuna-sittard;Ivo Pinto;-2.0
Rucebo;J. Hato;6;4.0;J. Hato;V;/players/jorrel-hato/783173/;jorrel-hato;783173.0;afc-ajax;J. Hato;27.0
Rucebo;G. Trauner;6;18.0;G. Trauner;V;/players/gernot-trauner/135546/;gernot-trauner;135546.0;feyenoord-rotterdam-nv;G. Trauner;
Rucebo;M. Deijl;6;2.0;M. Deijl;V;/players/mats-deijl/402457/;mats-deijl;402457.0;stichting-go-ahead-eagles;M. Deijl;
Rucebo;S. Steijn;6;14.0;S. Steijn;M;/players/sem-steijn/560623/;sem-steijn;560623.0;stichting-fc-twente-65;S. Steijn;19.2
Rucebo;J. Kitolano;6;;J. Kitolano;M;/players/joshua-gaston-kitolano/517475/;joshua-gaston-kitolano;517475.0;sparta-rotterdam-bv;J. Kitolano;
Rucebo;L. Brouwers;6;8.0;L. Brouwers;M;/players/luuk-brouwers/402458/;luuk-brouwers;402458.0;sportclub-heerenveen;L. Brouwers;3.0
Rucebo;T. Parrott;6;9.0;T. Parrott;A;/players/troy-parrot/515624/;troy-parrot;515624.0;stichting-az;T. Parrott;
Rucebo;L. de Jong;6;9.0;L. de Jong;A;/players/luuk-de-jong/65056/;luuk-de-jong;65056.0;psv-nv;L. de Jong;
Rucebo;K. Ogawa;6;18.0;K. Ogawa;A;/players/koki-ogawa/435835/;koki-ogawa;435835.0;nijmegen-eendracht-combinatie;K. Ogawa;
tukkeRoel;V. Barkas;7;1.0;V. Barkas;K;/players/vasileios-barkas/272919/;vasileios-barkas;272919.0;stichting-fc-utrecht;V. Barkas;3.0
tukkeRoel;D. Hancko;7;33.0;D. Hancko;V;/players/david-hancko/391059/;david-hancko;391059.0;feyenoord-rotterdam-nv;D. Hancko;15.0
tukkeRoel;J. Hato;7;4.0;J. Hato;V;/players/jorrel-hato/783173/;jorrel-hato;783173.0;afc-ajax;J. Hato;3.0
tukkeRoel;M. Kohlert;7;11.0;M. Köhlert;V;/players/mats-kohlert/400423/;mats-kohlert;400423.0;sportclub-heerenveen;M. Kohlert;4.0
tukkeRoel;C. Verdonk;7;24.0;C. Verdonk;V;/players/calvin-verdonk/319288/;calvin-verdonk;319288.0;nijmegen-eendracht-combinatie;C. Verdonk;1.0
tukkeRoel;F. Krastev;7;50.0;F. Krastev;M;/players/filip-yavorov-krastev/550509/;filip-yavorov-krastev;550509.0;bvo-fc-zwolle;F. Krastev;2.83
tukkeRoel;S. Mijnans;7;10.0;S. Mijnans;M;/players/sven-mijnans/566000/;sven-mijnans;566000.0;stichting-az;S. Mijnans;3.0
tukkeRoel;A. Verschueren;7;32.0;A. Verschueren;M;/players/arno-vershueren/319385/;arno-vershueren;319385.0;stichting-fc-twente-65;A. Verschueren;3.0
tukkeRoel;S. Steijn;7;14.0;S. Steijn;M;/players/sem-steijn/560623/;sem-steijn;560623.0;stichting-fc-twente-65;S. Steijn;26.0
tukkeRoel;S. Tengstedt;7;10.0;S. Tengstedt;A;/players/soren-tengstedt/615917/;soren-tengstedt;615917.0;stichting-go-ahead-eagles;S. Tengstedt;
tukkeRoel;L. de Jong;7;9.0;L. de Jong;A;/players/luuk-de-jong/65056/;luuk-de-jong;65056.0;psv-nv;L. de Jong;12.44
methodmich;V. Barkas;7;1.0;V. Barkas;K;/players/vasileios-barkas/272919/;vasileios-barkas;272919.0;stichting-fc-utrecht;V. Barkas;3.0
methodmich;M. Dijks;7;35.0;M. Dijks;V;/players/mitchel-dijks/219029/;mitchel-dijks;219029.0;fortuna-sittard;M. Dijks;
methodmich;D. Hancko;7;33.0;D. Hancko;V;/players/david-hancko/391059/;david-hancko;391059.0;feyenoord-rotterdam-nv;D. Hancko;15.0
methodmich;M. Kohlert;7;11.0;M. Köhlert;V;/players/mats-kohlert/400423/;mats-kohlert;400423.0;sportclub-heerenveen;M. Kohlert;4.0
methodmich;S. Mijnans;7;10.0;S. Mijnans;M;/players/sven-mijnans/566000/;sven-mijnans;566000.0;stichting-az;S. Mijnans;3.0
methodmich;S. 't Zand;7;25.0;S. 't Zand;M;/players/shiloh-t-zand/824640/;shiloh-t-zand;824640.0;feyenoord-rotterdam-nv;S. 't Zand;5.0
methodmich;S. Steijn;7;14.0;S. Steijn;M;/players/sem-steijn/560623/;sem-steijn;560623.0;stichting-fc-twente-65;S. Steijn;26.0
methodmich;K. Sano;7;23.0;K. Sano;M;/players/kodai-sano/815318/;kodai-sano;815318.0;nijmegen-eendracht-combinatie;K. Sano;
methodmich;L. de Jong;7;9.0;L. de Jong;A;/players/luuk-de-jong/65056/;luuk-de-jong;65056.0;psv-nv;L. de Jong;12.44
methodmich;W. Weghorst;7;25.0;W. Weghorst;A;/players/wout-weghorst/255205/;wout-weghorst;255205.0;afc-ajax;W. Weghorst;3.16
methodmich;T. Lauritsen;7;;T. Lauritsen;A;/players/tobias-lauritsen/406745/;tobias-lauritsen;406745.0;sparta-rotterdam-bv;T. Lauritsen;4.33
FMNederland;V. Barkas;7;1.0;V. Barkas;K;/players/vasileios-barkas/272919/;vasileios-barkas;272919.0;stichting-fc-utrecht;V. Barkas;3.0
FMNederland;M. Kohlert;7;11.0;M. Köhlert;V;/players/mats-kohlert/400423/;mats-kohlert;400423.0;sportclub-heerenveen;M. Kohlert;4.0
FMNederland;M. Deijl;7;2.0;M. Deijl;V;/players/mats-deijl/402457/;mats-deijl;402457.0;stichting-go-ahead-eagles;M. Deijl;3.0
FMNederland;C. Verdonk;7;24.0;C. Verdonk;V;/players/calvin-verdonk/319288/;calvin-verdonk;319288.0;nijmegen-eendracht-combinatie;C. Verdonk;1.0
FMNederland;O. Boscagli;7;18.0;O. Boscagli;V;/players/olivier-boscagli/329542/;olivier-boscagli;329542.0;psv-nv;O. Boscagli;4.0
FMNederland;S. Bastien;7;22.0;S. Bastien;M;/players/samuel-bastien/314097/;samuel-bastien;314097.0;fortuna-sittard;S. Bastien;0.43
FMNederland;S. Steijn;7;14.0;S. Steijn;M;/players/sem-steijn/560623/;sem-steijn;560623.0;stichting-fc-twente-65;S. Steijn;26.0
FMNederland;C. Stengs;7;10.0;C. Stengs;M;/players/calvin-stengs/458659/;calvin-stengs;458659.0;feyenoord-rotterdam-nv;C. Stengs;
FMNederland;T. Robinet;7;9.0;T. Robinet;A;/players/thomas-robinet/312659/;thomas-robinet;312659.0;fc-omniworld;T. Robinet;3.0
FMNederland;T. Lauritsen;7;;T. Lauritsen;A;/players/tobias-lauritsen/406745/;tobias-lauritsen;406745.0;sparta-rotterdam-bv;T. Lauritsen;4.33
FMNederland;T. Parrott;7;9.0;T. Parrott;A;/players/troy-parrot/515624/;troy-parrot;515624.0;stichting-az;T. Parrott;4.22
crispy;L. Unnerstall;7;1.0;L. Unnerstall;K;/players/lars-unnerstall/81320/;lars-unnerstall;81320.0;stichting-fc-twente-65;L. Unnerstall;17.0
crispy;C. Verdonk;7;24.0;C. Verdonk;V;/players/calvin-verdonk/319288/;calvin-verdonk;319288.0;nijmegen-eendracht-combinatie;C. Verdonk;1.0
crispy;S. El Karouani;7;16.0;S. El Karouani;V;/players/souffian-elkarouani/537878/;souffian-elkarouani;537878.0;stichting-fc-utrecht;S. El Karouani;1.0
crispy;M. Kohlert;7;11.0;M. Köhlert;V;/players/mats-kohlert/400423/;mats-kohlert;400423.0;sportclub-heerenveen;M. Kohlert;4.0
crispy;D. Hancko;7;33.0;D. Hancko;V;/players/david-hancko/391059/;david-hancko;391059.0;feyenoord-rotterdam-nv;D. Hancko;15.0
crispy;J. Schreuders;7;14.0;J. Schreuders;M;/players/jorg-schreuders/877779/;jorg-schreuders;877779.0;stichting-fc-groningen;J. Schreuders;2.0
crispy;A. Verschueren;7;32.0;A. Verschueren;M;/players/arno-vershueren/319385/;arno-vershueren;319385.0;stichting-fc-twente-65;A. Verschueren;3.0
crispy;S. Mijnans;7;10.0;S. Mijnans;M;/players/sven-mijnans/566000/;sven-mijnans;566000.0;stichting-az;S. Mijnans;3.0
crispy;A. Halilovic;7;10.0;A. Halilović;M;/players/alen-halilovi/270136/;alen-halilovi;270136.0;fortuna-sittard;A. Halilovic;7.97
crispy;K. Taylor;7;8.0;K. Taylor;M;/players/kenneth-taylor/508784/;kenneth-taylor;508784.0;afc-ajax;K. Taylor;2.71
crispy;L. de Jong;7;9.0;L. de Jong;A;/players/luuk-de-jong/65056/;luuk-de-jong;65056.0;psv-nv;L. de Jong;12.44
svvthomas;N. Olij;7;;N. Olij;K;/players/nick-olij/235322/;nick-olij;235322.0;sparta-rotterdam-bv;N. Olij;4.0
svvthomas;M. Deijl;7;2.0;M. Deijl;V;/players/mats-deijl/402457/;mats-deijl;402457.0;stichting-go-ahead-eagles;M. Deijl;3.0
svvthomas;B. Kuipers;7;5.0;B. Kuipers;V;/players/bas-edo-kuipers/274649/;bas-edo-kuipers;274649.0;stichting-fc-twente-65;B. Kuipers;3.0
svvthomas;D. Mirani;7;4.0;D. Mirani;V;/players/damon-mirani/289811/;damon-mirani;289811.0;stichting-heracles-almelo;D. Mirani;4.0
svvthomas;M. Hoedemakers;7;6.0;M. Hoedemakers;M;/players/mees-hoedemakers/465082/;mees-hoedemakers;465082.0;nijmegen-eendracht-combinatie;M. Hoedemakers;2.6
svvthomas;D. Janosek;7;39.0;D. Janošek;M;/players/dominik-janosek/492661/;dominik-janosek;492661.0;nac-bv;D. Janosek;1.9
svvthomas;L. Brouwers;7;8.0;L. Brouwers;M;/players/luuk-brouwers/402458/;luuk-brouwers;402458.0;sportclub-heerenveen;L. Brouwers;5.0
svvthomas;C. Stengs;7;10.0;C. Stengs;M;/players/calvin-stengs/458659/;calvin-stengs;458659.0;feyenoord-rotterdam-nv;C. Stengs;
svvthomas;T. Parrott;7;9.0;T. Parrott;A;/players/troy-parrot/515624/;troy-parrot;515624.0;stichting-az;T. Parrott;4.22
svvthomas;L. de Jong;7;9.0;L. de Jong;A;/players/luuk-de-jong/65056/;luuk-de-jong;65056.0;psv-nv;L. de Jong;12.44
svvthomas;B. Brobbey;7;9.0;B. Brobbey;A;/players/brian-brobbey/520146/;brian-brobbey;520146.0;afc-ajax;B. Brobbey;-1.16
El Cid;L. Unnerstall;7;1.0;L. Unnerstall;K;/players/lars-unnerstall/81320/;lars-unnerstall;81320.0;stichting-fc-twente-65;L. Unnerstall;17.0
El Cid;P. Bochniewicz;7;5.0;P. Bochniewicz;V;/players/pawe-bochniewicz/273911/;pawe-bochniewicz;273911.0;sportclub-heerenveen;P. Bochniewicz;2.72
El Cid;B. Nieuwkoop;7;2.0;B. Nieuwkoop;V;/players/bart-nieuwkoop/275124/;bart-nieuwkoop;275124.0;feyenoord-rotterdam-nv;B. Nieuwkoop;
El Cid;D. van der Kust;7;;D. van der Kust;V;/players/djevencio-van-der-kust/569309/;djevencio-van-der-kust;569309.0;sparta-rotterdam-bv;D. van der Kust;4.0
El Cid;A. Halilovic;7;10.0;A. Halilović;M;/players/alen-halilovi/270136/;alen-halilovi;270136.0;fortuna-sittard;A. Halilovic;7.97
El Cid;L. Valente;7;10.0;L. Valente;M;/players/luciano-valente/703884/;luciano-valente;703884.0;stichting-fc-groningen;L. Valente;10.0
El Cid;V. Jensen;7;7.0;V. Jensen;M;/players/victor-jensen/460509/;victor-jensen;460509.0;stichting-fc-utrecht;V. Jensen;1.67
El Cid;D. Proper;7;71.0;D. Proper;M;/players/dirk-proper/525939/;dirk-proper;525939.0;nijmegen-eendracht-combinatie;D. Proper;1.0
El Cid;B. Traore;7;20.0;B. Traoré;A;/players/bertrand-traore/102801/;bertrand-traore;102801.0;afc-ajax;B. Traore;2.04
El Cid;L. de Jong;7;9.0;L. de Jong;A;/players/luuk-de-jong/65056/;luuk-de-jong;65056.0;psv-nv;L. de Jong;12.44
El Cid;T. Parrott;7;9.0;T. Parrott;A;/players/troy-parrot/515624/;troy-parrot;515624.0;stichting-az;T. Parrott;4.22
Otis.;V. Barkas;7;1.0;V. Barkas;K;/players/vasileios-barkas/272919/;vasileios-barkas;272919.0;stichting-fc-utrecht;V. Barkas;3.0
Otis.;M. Deijl;7;2.0;M. Deijl;V;/players/mats-deijl/402457/;mats-deijl;402457.0;stichting-go-ahead-eagles;M. Deijl;3.0
Otis.;M. Hilgers;7;2.0;M. Hilgers;V;/players/mees-hilgers/627701/;mees-hilgers;627701.0;stichting-fc-twente-65;M. Hilgers;21.0
Otis.;J. Hato;7;4.0;J. Hato;V;/players/jorrel-hato/783173/;jorrel-hato;783173.0;afc-ajax;J. Hato;3.0
Otis.;G. Smal;7;5.0;G. Smal;V;/players/gijs-smal/508760/;gijs-smal;508760.0;feyenoord-rotterdam-nv;G. Smal;21.0
Otis.;S. Mijnans;7;10.0;S. Mijnans;M;/players/sven-mijnans/566000/;sven-mijnans;566000.0;stichting-az;S. Mijnans;3.0
Otis.;Rober;7;7.0;Róber;M;/players/roberto-gonzalez-bayon/500171/;roberto-gonzalez-bayon;500171.0;nijmegen-eendracht-combinatie;Rober;6.53
Otis.;P. Clement;7;;P. Clement;M;/players/pelle-clement/379793/;pelle-clement;379793.0;sparta-rotterdam-bv;P. Clement;4.33
Otis.;D. Karlsbakk;7;9.0;D. Karlsbakk;A;/players/daniel-seland-karlsbakk/629619/;daniel-seland-karlsbakk;629619.0;sportclub-heerenveen;D. Karlsbakk;1.28
Otis.;L. de Jong;7;9.0;L. de Jong;A;/players/luuk-de-jong/65056/;luuk-de-jong;65056.0;psv-nv;L. de Jong;12.44
Otis.;L. Kulenovic;7;19.0;L. Kulenović;A;/players/luka-kulenovi/631882/;luka-kulenovi;631882.0;stichting-heracles-almelo;L. Kulenovic;12.22
Gordon Shumway;L. Unnerstall;7;1.0;L. Unnerstall;K;/players/lars-unnerstall/81320/;lars-unnerstall;81320.0;stichting-fc-twente-65;L. Unnerstall;17.0
Gordon Shumway;B. Nieuwkoop;7;2.0;B. Nieuwkoop;V;/players/bart-nieuwkoop/275124/;bart-nieuwkoop;275124.0;feyenoord-rotterdam-nv;B. Nieuwkoop;
Gordon Shumway;J. Hato;7;4.0;J. Hato;V;/players/jorrel-hato/783173/;jorrel-hato;783173.0;afc-ajax;J. Hato;3.0
Gordon Shumway;M. Kohlert;7;11.0;M. Köhlert;V;/players/mats-kohlert/400423/;mats-kohlert;400423.0;sportclub-heerenveen;M. Kohlert;4.0
Gordon Shumway;C. Neghli;7;;C. Neghli;A;/players/camiel-neghli/680707/;camiel-neghli;680707.0;sparta-rotterdam-bv;C. Neghli;12.72
Gordon Shumway;L. Valente;7;10.0;L. Valente;M;/players/luciano-valente/703884/;luciano-valente;703884.0;stichting-fc-groningen;L. Valente;10.0
Gordon Shumway;D. Proper;7;71.0;D. Proper;M;/players/dirk-proper/525939/;dirk-proper;525939.0;nijmegen-eendracht-combinatie;D. Proper;1.0
Gordon Shumway;V. Jensen;7;7.0;V. Jensen;M;/players/victor-jensen/460509/;victor-jensen;460509.0;stichting-fc-utrecht;V. Jensen;1.67
Gordon Shumway;L. de Jong;7;9.0;L. de Jong;A;/players/luuk-de-jong/65056/;luuk-de-jong;65056.0;psv-nv;L. de Jong;12.44
Gordon Shumway;!K. Sierhuis;7;;;;;;;;;
Gordon Shumway;T. Parrott;7;9.0;T. Parrott;A;/players/troy-parrot/515624/;troy-parrot;515624.0;stichting-az;T. Parrott;4.22
Suikerbrood;N. Olij;7;;N. Olij;K;/players/nick-olij/235322/;nick-olij;235322.0;sparta-rotterdam-bv;N. Olij;4.0
Suikerbrood;S. Olsson;7;19.0;S. Olsson;M;/players/simon-olsson/423888/;simon-olsson;423888.0;sportclub-heerenveen;S. Olsson;5.0
Suikerbrood;D. Rensch;7;2.0;D. Rensch;V;/players/devyne-rensch/601396/;devyne-rensch;601396.0;afc-ajax;D. Rensch;3.0
Suikerbrood;J. Amofa;7;25.0;J. Amofa;V;/players/jamal-amofa/668121/;jamal-amofa;668121.0;stichting-go-ahead-eagles;J. Amofa;0.0
Suikerbrood;N. Viergever;7;24.0;N. Viergever;V;/players/nick--viergever/78529/;nick--viergever;78529.0;stichting-fc-utrecht;N. Viergever;3.0
Suikerbrood;D. Proper;7;71.0;D. Proper;M;/players/dirk-proper/525939/;dirk-proper;525939.0;nijmegen-eendracht-combinatie;D. Proper;1.0
Suikerbrood;M. Vlap;7;18.0;M. Vlap;M;/players/michel-vlap/407742/;michel-vlap;407742.0;stichting-fc-twente-65;M. Vlap;3.91
Suikerbrood;A. Halilovic;7;10.0;A. Halilović;M;/players/alen-halilovi/270136/;alen-halilovi;270136.0;fortuna-sittard;A. Halilovic;7.97
Suikerbrood;S. Gimenez;7;29.0;S. Giménez;A;/players/santiago-tomas-gimenez/494293/;santiago-tomas-gimenez;494293.0;feyenoord-rotterdam-nv;S. Gimenez;1.93
Suikerbrood;R. van Bommel;7;7.0;R. van Bommel;A;/players/ruben-van-bommel/834074/;ruben-van-bommel;834074.0;stichting-az;R. van Bommel;8.72
Suikerbrood;L. de Jong;7;9.0;L. de Jong;A;/players/luuk-de-jong/65056/;luuk-de-jong;65056.0;psv-nv;L. de Jong;12.44
EnGCatjuh;N. Olij;7;;N. Olij;K;/players/nick-olij/235322/;nick-olij;235322.0;sparta-rotterdam-bv;N. Olij;4.0
EnGCatjuh;M. Kohlert;7;11.0;M. Köhlert;V;/players/mats-kohlert/400423/;mats-kohlert;400423.0;sportclub-heerenveen;M. Kohlert;4.0
EnGCatjuh;O. Boscagli;7;18.0;O. Boscagli;V;/players/olivier-boscagli/329542/;olivier-boscagli;329542.0;psv-nv;O. Boscagli;4.0
EnGCatjuh;S. El Karouani;7;16.0;S. El Karouani;V;/players/souffian-elkarouani/537878/;souffian-elkarouani;537878.0;stichting-fc-utrecht;S. El Karouani;1.0
EnGCatjuh;S. Gimenez;7;29.0;S. Giménez;A;/players/santiago-tomas-gimenez/494293/;santiago-tomas-gimenez;494293.0;feyenoord-rotterdam-nv;S. Gimenez;1.93
EnGCatjuh;J. Schreuders;7;14.0;J. Schreuders;M;/players/jorg-schreuders/877779/;jorg-schreuders;877779.0;stichting-fc-groningen;J. Schreuders;2.0
EnGCatjuh;D. Proper;7;71.0;D. Proper;M;/players/dirk-proper/525939/;dirk-proper;525939.0;nijmegen-eendracht-combinatie;D. Proper;1.0
EnGCatjuh;S. Steijn;7;14.0;S. Steijn;M;/players/sem-steijn/560623/;sem-steijn;560623.0;stichting-fc-twente-65;S. Steijn;26.0
EnGCatjuh;T. Parrott;7;9.0;T. Parrott;A;/players/troy-parrot/515624/;troy-parrot;515624.0;stichting-az;T. Parrott;4.22
EnGCatjuh;B. Brobbey;7;9.0;B. Brobbey;A;/players/brian-brobbey/520146/;brian-brobbey;520146.0;afc-ajax;B. Brobbey;-1.16
EnGCatjuh;R. Meerveld;7;16.0;R. Meerveld;M;/players/ringo-meerveld/623815/;ringo-meerveld;623815.0;sbv-willem-ii-tilburg;R. Meerveld;1.0
Vishandel Makaay;R. Pasveer;7;22.0;R. Pasveer;K;/players/remko-pasveer/49689/;remko-pasveer;49689.0;afc-ajax;R. Pasveer;3.0
Vishandel Makaay;R. Flamingo;7;6.0;R. Flamingo;V;/players/ryan-flamingo/627724/;ryan-flamingo;627724.0;psv-nv;R. Flamingo;4.0
Vishandel Makaay;J. Lelieveld;7;2.0;J. Lelieveld;V;/players/julian-lelieveld/407738/;julian-lelieveld;407738.0;rkc-waalwijk;J. Lelieveld;0.27
Vishandel Makaay;K. Leerdam;7;18.0;K. Leerdam;V;/players/kelvin-leerdam/68354/;kelvin-leerdam;68354.0;stichting-heracles-almelo;K. Leerdam;0.0
Vishandel Makaay;M. Dijks;7;35.0;M. Dijks;V;/players/mitchel-dijks/219029/;mitchel-dijks;219029.0;fortuna-sittard;M. Dijks;
Vishandel Makaay;T. Oosting;7;25.0;T. Oosting;M;/players/thijs-oosting/477591/;thijs-oosting;477591.0;stichting-fc-groningen;T. Oosting;0.5
Vishandel Makaay;E. van Ee;7;21.0;E. van Ee;M;/players/espen-van-ee/921919/;espen-van-ee;921919.0;sportclub-heerenveen;E. van Ee;9.61
Vishandel Makaay;P. Aaronson;7;21.0;P. Aaronson;M;/players/paxten-aaronson/576828/;paxten-aaronson;576828.0;stichting-fc-utrecht;P. Aaronson;-1.94
Vishandel Makaay;R. Kuijpers;7;17.0;R. Kuijpers;A;/players/roy-kuijpers/663306/;roy-kuijpers;663306.0;nac-bv;R. Kuijpers;
Vishandel Makaay;R. van Wolfswinkel;7;9.0;R. van Wolfswinkel;A;/players/ricky-van-wolfswinkel/59407/;ricky-van-wolfswinkel;59407.0;stichting-fc-twente-65;R. van Wolfswinkel;9.8
Vishandel Makaay;T. Buitink;7;29.0;T. Buitink;A;/players/thomas-buitnik/457668/;thomas-buitnik;457668.0;bvo-fc-zwolle;T. Buitink;0.17
Friggles;L. Unnerstall;7;1.0;L. Unnerstall;K;/players/lars-unnerstall/81320/;lars-unnerstall;81320.0;stichting-fc-twente-65;L. Unnerstall;17.0
Friggles;T. Quintero;7;;T. Quintero;V;/players/teo-quintero/565562/;teo-quintero;565562.0;sparta-rotterdam-bv;T. Quintero;3.5
Friggles;M. Deijl;7;2.0;M. Deijl;V;/players/mats-deijl/402457/;mats-deijl;402457.0;stichting-go-ahead-eagles;M. Deijl;3.0
Friggles;S. El Karouani;7;16.0;S. El Karouani;V;/players/souffian-elkarouani/537878/;souffian-elkarouani;537878.0;stichting-fc-utrecht;S. El Karouani;1.0
Friggles;S. Mijnans;7;10.0;S. Mijnans;M;/players/sven-mijnans/566000/;sven-mijnans;566000.0;stichting-az;S. Mijnans;3.0
Friggles;D. Proper;7;71.0;D. Proper;M;/players/dirk-proper/525939/;dirk-proper;525939.0;nijmegen-eendracht-combinatie;D. Proper;1.0
Friggles;M. Kohlert;7;11.0;M. Köhlert;V;/players/mats-kohlert/400423/;mats-kohlert;400423.0;sportclub-heerenveen;M. Kohlert;4.0
Friggles;S. 't Zand;7;25.0;S. 't Zand;M;/players/shiloh-t-zand/824640/;shiloh-t-zand;824640.0;feyenoord-rotterdam-nv;S. 't Zand;5.0
Friggles;S. Gimenez;7;29.0;S. Giménez;A;/players/santiago-tomas-gimenez/494293/;santiago-tomas-gimenez;494293.0;feyenoord-rotterdam-nv;S. Gimenez;1.93
Friggles;L. de Jong;7;9.0;L. de Jong;A;/players/luuk-de-jong/65056/;luuk-de-jong;65056.0;psv-nv;L. de Jong;12.44
Friggles;B. Brobbey;7;9.0;B. Brobbey;A;/players/brian-brobbey/520146/;brian-brobbey;520146.0;afc-ajax;B. Brobbey;-1.16
Jay-Jay;N. Olij;7;;N. Olij;K;/players/nick-olij/235322/;nick-olij;235322.0;sparta-rotterdam-bv;N. Olij;4.0
Jay-Jay;S. Maikuma;7;16.0;S. Maikuma;V;/players/seiya-maikuma/651537/;seiya-maikuma;651537.0;stichting-az;S. Maikuma;2.0
Jay-Jay;M. Deijl;7;2.0;M. Deijl;V;/players/mats-deijl/402457/;mats-deijl;402457.0;stichting-go-ahead-eagles;M. Deijl;3.0
Jay-Jay;S. El Karouani;7;16.0;S. El Karouani;V;/players/souffian-elkarouani/537878/;souffian-elkarouani;537878.0;stichting-fc-utrecht;S. El Karouani;1.0
Jay-Jay;Ivo Pinto;7;12.0;Ivo Pinto;V;/players/ivo-pinto/86672/;ivo-pinto;86672.0;fortuna-sittard;Ivo Pinto;0.0
Jay-Jay;J. Veerman;7;23.0;J. Veerman;M;/players/joey--veerman/459312/;joey--veerman;459312.0;psv-nv;J. Veerman;2.56
Jay-Jay;D. Proper;7;71.0;D. Proper;M;/players/dirk-proper/525939/;dirk-proper;525939.0;nijmegen-eendracht-combinatie;D. Proper;1.0
Jay-Jay;S. Olsson;7;19.0;S. Olsson;M;/players/simon-olsson/423888/;simon-olsson;423888.0;sportclub-heerenveen;S. Olsson;5.0
Jay-Jay;S. Gimenez;7;29.0;S. Giménez;A;/players/santiago-tomas-gimenez/494293/;santiago-tomas-gimenez;494293.0;feyenoord-rotterdam-nv;S. Gimenez;1.93
Jay-Jay;B. Brobbey;7;9.0;B. Brobbey;A;/players/brian-brobbey/520146/;brian-brobbey;520146.0;afc-ajax;B. Brobbey;-1.16
Jay-Jay;S. Lammers;7;10.0;S. Lammers;A;/players/sam-lammers/407736/;sam-lammers;407736.0;stichting-fc-twente-65;S. Lammers;14.0
Rucebo;V. Barkas;7;1.0;V. Barkas;K;/players/vasileios-barkas/272919/;vasileios-barkas;272919.0;stichting-fc-utrecht;V. Barkas;3.0
Rucebo;Ivo Pinto;7;12.0;Ivo Pinto;V;/players/ivo-pinto/86672/;ivo-pinto;86672.0;fortuna-sittard;Ivo Pinto;0.0
Rucebo;J. Hato;7;4.0;J. Hato;V;/players/jorrel-hato/783173/;jorrel-hato;783173.0;afc-ajax;J. Hato;3.0
Rucebo;G. Trauner;7;18.0;G. Trauner;V;/players/gernot-trauner/135546/;gernot-trauner;135546.0;feyenoord-rotterdam-nv;G. Trauner;
Rucebo;M. Deijl;7;2.0;M. Deijl;V;/players/mats-deijl/402457/;mats-deijl;402457.0;stichting-go-ahead-eagles;M. Deijl;3.0
Rucebo;S. Steijn;7;14.0;S. Steijn;M;/players/sem-steijn/560623/;sem-steijn;560623.0;stichting-fc-twente-65;S. Steijn;26.0
Rucebo;A. Verschueren;7;32.0;A. Verschueren;M;/players/arno-vershueren/319385/;arno-vershueren;319385.0;stichting-fc-twente-65;A. Verschueren;3.0
Rucebo;L. Brouwers;7;8.0;L. Brouwers;M;/players/luuk-brouwers/402458/;luuk-brouwers;402458.0;sportclub-heerenveen;L. Brouwers;5.0
Rucebo;T. Parrott;7;9.0;T. Parrott;A;/players/troy-parrot/515624/;troy-parrot;515624.0;stichting-az;T. Parrott;4.22
Rucebo;L. de Jong;7;9.0;L. de Jong;A;/players/luuk-de-jong/65056/;luuk-de-jong;65056.0;psv-nv;L. de Jong;12.44
Rucebo;K. Ogawa;7;18.0;K. Ogawa;A;/players/koki-ogawa/435835/;koki-ogawa;435835.0;nijmegen-eendracht-combinatie;K. Ogawa;11.0
tukkeRoel;V. Barkas;8;1.0;V. Barkas;K;/players/vasileios-barkas/272919/;vasileios-barkas;272919.0;stichting-fc-utrecht;V. Barkas;4.0
tukkeRoel;D. Hancko;8;33.0;D. Hancko;V;/players/david-hancko/391059/;david-hancko;391059.0;feyenoord-rotterdam-nv;D. Hancko;3.0
tukkeRoel;J. Hato;8;4.0;J. Hato;V;/players/jorrel-hato/783173/;jorrel-hato;783173.0;afc-ajax;J. Hato;15.0
tukkeRoel;M. Kohlert;8;11.0;M. Köhlert;V;/players/mats-kohlert/400423/;mats-kohlert;400423.0;sportclub-heerenveen;M. Kohlert;1.0
tukkeRoel;C. Verdonk;8;24.0;C. Verdonk;V;/players/calvin-verdonk/319288/;calvin-verdonk;319288.0;nijmegen-eendracht-combinatie;C. Verdonk;3.0
tukkeRoel;F. Krastev;8;50.0;F. Krastev;M;/players/filip-yavorov-krastev/550509/;filip-yavorov-krastev;550509.0;bvo-fc-zwolle;F. Krastev;5.16
tukkeRoel;S. Mijnans;8;10.0;S. Mijnans;M;/players/sven-mijnans/566000/;sven-mijnans;566000.0;stichting-az;S. Mijnans;6.0
tukkeRoel;A. Verschueren;8;32.0;A. Verschueren;M;/players/arno-vershueren/319385/;arno-vershueren;319385.0;stichting-fc-twente-65;A. Verschueren;4.0
tukkeRoel;S. Steijn;8;14.0;S. Steijn;M;/players/sem-steijn/560623/;sem-steijn;560623.0;stichting-fc-twente-65;S. Steijn;7.38
tukkeRoel;S. Steijn;8;14.0;S. Steijn;M;/players/sem-steijn/560623/;sem-steijn;560623.0;stichting-fc-twente-65;S. Steijn;7.38
tukkeRoel;S. Tengstedt;8;10.0;S. Tengstedt;A;/players/soren-tengstedt/615917/;soren-tengstedt;615917.0;stichting-go-ahead-eagles;S. Tengstedt;0.0
tukkeRoel;L. de Jong;8;9.0;L. de Jong;A;/players/luuk-de-jong/65056/;luuk-de-jong;65056.0;psv-nv;L. de Jong;0.0
methodmich;V. Barkas;8;1.0;V. Barkas;K;/players/vasileios-barkas/272919/;vasileios-barkas;272919.0;stichting-fc-utrecht;V. Barkas;4.0
methodmich;M. Dijks;8;35.0;M. Dijks;V;/players/mitchel-dijks/219029/;mitchel-dijks;219029.0;fortuna-sittard;M. Dijks;0.0
methodmich;D. Hancko;8;33.0;D. Hancko;V;/players/david-hancko/391059/;david-hancko;391059.0;feyenoord-rotterdam-nv;D. Hancko;3.0
methodmich;M. Kohlert;8;11.0;M. Köhlert;V;/players/mats-kohlert/400423/;mats-kohlert;400423.0;sportclub-heerenveen;M. Kohlert;1.0
methodmich;S. Mijnans;8;10.0;S. Mijnans;M;/players/sven-mijnans/566000/;sven-mijnans;566000.0;stichting-az;S. Mijnans;6.0
methodmich;S. 't Zand;8;25.0;S. 't Zand;M;/players/shiloh-t-zand/824640/;shiloh-t-zand;824640.0;feyenoord-rotterdam-nv;S. 't Zand;5.0
methodmich;S. Steijn;8;14.0;S. Steijn;M;/players/sem-steijn/560623/;sem-steijn;560623.0;stichting-fc-twente-65;S. Steijn;7.38
methodmich;S. Steijn;8;14.0;S. Steijn;M;/players/sem-steijn/560623/;sem-steijn;560623.0;stichting-fc-twente-65;S. Steijn;7.38
methodmich;K. Sano;8;23.0;K. Sano;M;/players/kodai-sano/815318/;kodai-sano;815318.0;nijmegen-eendracht-combinatie;K. Sano;
methodmich;L. de Jong;8;9.0;L. de Jong;A;/players/luuk-de-jong/65056/;luuk-de-jong;65056.0;psv-nv;L. de Jong;0.0
methodmich;W. Weghorst;8;25.0;W. Weghorst;A;/players/wout-weghorst/255205/;wout-weghorst;255205.0;afc-ajax;W. Weghorst;
methodmich;T. Lauritsen;8;;T. Lauritsen;A;/players/tobias-lauritsen/406745/;tobias-lauritsen;406745.0;sparta-rotterdam-bv;T. Lauritsen;4.0
FMNederland;V. Barkas;8;1.0;V. Barkas;K;/players/vasileios-barkas/272919/;vasileios-barkas;272919.0;stichting-fc-utrecht;V. Barkas;4.0
FMNederland;M. Kohlert;8;11.0;M. Köhlert;V;/players/mats-kohlert/400423/;mats-kohlert;400423.0;sportclub-heerenveen;M. Kohlert;1.0
FMNederland;M. Deijl;8;2.0;M. Deijl;V;/players/mats-deijl/402457/;mats-deijl;402457.0;stichting-go-ahead-eagles;M. Deijl;15.0
FMNederland;C. Verdonk;8;24.0;C. Verdonk;V;/players/calvin-verdonk/319288/;calvin-verdonk;319288.0;nijmegen-eendracht-combinatie;C. Verdonk;3.0
FMNederland;O. Boscagli;8;18.0;O. Boscagli;V;/players/olivier-boscagli/329542/;olivier-boscagli;329542.0;psv-nv;O. Boscagli;15.0
FMNederland;S. Bastien;8;22.0;S. Bastien;M;/players/samuel-bastien/314097/;samuel-bastien;314097.0;fortuna-sittard;S. Bastien;4.0
FMNederland;S. Steijn;8;14.0;S. Steijn;M;/players/sem-steijn/560623/;sem-steijn;560623.0;stichting-fc-twente-65;S. Steijn;7.38
FMNederland;S. Steijn;8;14.0;S. Steijn;M;/players/sem-steijn/560623/;sem-steijn;560623.0;stichting-fc-twente-65;S. Steijn;7.38
FMNederland;C. Stengs;8;10.0;C. Stengs;M;/players/calvin-stengs/458659/;calvin-stengs;458659.0;feyenoord-rotterdam-nv;C. Stengs;
FMNederland;T. Robinet;8;9.0;T. Robinet;A;/players/thomas-robinet/312659/;thomas-robinet;312659.0;fc-omniworld;T. Robinet;1.0
FMNederland;T. Lauritsen;8;;T. Lauritsen;A;/players/tobias-lauritsen/406745/;tobias-lauritsen;406745.0;sparta-rotterdam-bv;T. Lauritsen;4.0
FMNederland;T. Parrott;8;9.0;T. Parrott;A;/players/troy-parrot/515624/;troy-parrot;515624.0;stichting-az;T. Parrott;11.0
crispy;L. Unnerstall;8;1.0;L. Unnerstall;K;/players/lars-unnerstall/81320/;lars-unnerstall;81320.0;stichting-fc-twente-65;L. Unnerstall;17.0
crispy;L. Unnerstall;8;1.0;L. Unnerstall;K;/players/lars-unnerstall/81320/;lars-unnerstall;81320.0;stichting-fc-twente-65;L. Unnerstall;17.0
crispy;C. Verdonk;8;24.0;C. Verdonk;V;/players/calvin-verdonk/319288/;calvin-verdonk;319288.0;nijmegen-eendracht-combinatie;C. Verdonk;3.0
crispy;S. El Karouani;8;16.0;S. El Karouani;V;/players/souffian-elkarouani/537878/;souffian-elkarouani;537878.0;stichting-fc-utrecht;S. El Karouani;10.0
crispy;M. Kohlert;8;11.0;M. Köhlert;V;/players/mats-kohlert/400423/;mats-kohlert;400423.0;sportclub-heerenveen;M. Kohlert;1.0
crispy;D. Hancko;8;33.0;D. Hancko;V;/players/david-hancko/391059/;david-hancko;391059.0;feyenoord-rotterdam-nv;D. Hancko;3.0
crispy;J. Schreuders;8;14.0;J. Schreuders;M;/players/jorg-schreuders/877779/;jorg-schreuders;877779.0;stichting-fc-groningen;J. Schreuders;2.17
crispy;A. Verschueren;8;32.0;A. Verschueren;M;/players/arno-vershueren/319385/;arno-vershueren;319385.0;stichting-fc-twente-65;A. Verschueren;4.0
crispy;S. Mijnans;8;10.0;S. Mijnans;M;/players/sven-mijnans/566000/;sven-mijnans;566000.0;stichting-az;S. Mijnans;6.0
crispy;A. Halilovic;8;10.0;A. Halilović;M;/players/alen-halilovi/270136/;alen-halilovi;270136.0;fortuna-sittard;A. Halilovic;4.0
crispy;K. Taylor;8;8.0;K. Taylor;M;/players/kenneth-taylor/508784/;kenneth-taylor;508784.0;afc-ajax;K. Taylor;5.78
crispy;L. de Jong;8;9.0;L. de Jong;A;/players/luuk-de-jong/65056/;luuk-de-jong;65056.0;psv-nv;L. de Jong;0.0
svvthomas;N. Olij;8;;N. Olij;K;/players/nick-olij/235322/;nick-olij;235322.0;sparta-rotterdam-bv;N. Olij;1.0
svvthomas;M. Deijl;8;2.0;M. Deijl;V;/players/mats-deijl/402457/;mats-deijl;402457.0;stichting-go-ahead-eagles;M. Deijl;15.0
svvthomas;D. Hancko;8;33.0;D. Hancko;V;/players/david-hancko/391059/;david-hancko;391059.0;feyenoord-rotterdam-nv;D. Hancko;3.0
svvthomas;D. Mirani;8;4.0;D. Mirani;V;/players/damon-mirani/289811/;damon-mirani;289811.0;stichting-heracles-almelo;D. Mirani;16.0
svvthomas;C. Sandra;8;14.0;C. Sandra;M;/players/cisse-sandra/638266/;cisse-sandra;638266.0;sbv-willem-ii-tilburg;C. Sandra;3.0
svvthomas;D. Janosek;8;39.0;D. Janošek;M;/players/dominik-janosek/492661/;dominik-janosek;492661.0;nac-bv;D. Janosek;0.4
svvthomas;D. Janosek;8;39.0;D. Janošek;M;/players/dominik-janosek/492661/;dominik-janosek;492661.0;nac-bv;D. Janosek;0.4
svvthomas;L. Brouwers;8;8.0;L. Brouwers;M;/players/luuk-brouwers/402458/;luuk-brouwers;402458.0;sportclub-heerenveen;L. Brouwers;3.0
svvthomas;S. Steijn;8;14.0;S. Steijn;M;/players/sem-steijn/560623/;sem-steijn;560623.0;stichting-fc-twente-65;S. Steijn;7.38
svvthomas;S. Steijn;8;14.0;S. Steijn;M;/players/sem-steijn/560623/;sem-steijn;560623.0;stichting-fc-twente-65;S. Steijn;7.38
svvthomas;T. Parrott;8;9.0;T. Parrott;A;/players/troy-parrot/515624/;troy-parrot;515624.0;stichting-az;T. Parrott;11.0
svvthomas;L. de Jong;8;9.0;L. de Jong;A;/players/luuk-de-jong/65056/;luuk-de-jong;65056.0;psv-nv;L. de Jong;0.0
svvthomas;B. Brobbey;8;9.0;B. Brobbey;A;/players/brian-brobbey/520146/;brian-brobbey;520146.0;afc-ajax;B. Brobbey;1.73
El Cid;L. Unnerstall;8;1.0;L. Unnerstall;K;/players/lars-unnerstall/81320/;lars-unnerstall;81320.0;stichting-fc-twente-65;L. Unnerstall;17.0
El Cid;L. Unnerstall;8;1.0;L. Unnerstall;K;/players/lars-unnerstall/81320/;lars-unnerstall;81320.0;stichting-fc-twente-65;L. Unnerstall;17.0
El Cid;P. Bochniewicz;8;5.0;P. Bochniewicz;V;/players/pawe-bochniewicz/273911/;pawe-bochniewicz;273911.0;sportclub-heerenveen;P. Bochniewicz;1.0
El Cid;B. Nieuwkoop;8;2.0;B. Nieuwkoop;V;/players/bart-nieuwkoop/275124/;bart-nieuwkoop;275124.0;feyenoord-rotterdam-nv;B. Nieuwkoop;
El Cid;D. van der Kust;8;;D. van der Kust;V;/players/djevencio-van-der-kust/569309/;djevencio-van-der-kust;569309.0;sparta-rotterdam-bv;D. van der Kust;3.0
El Cid;A. Halilovic;8;10.0;A. Halilović;M;/players/alen-halilovi/270136/;alen-halilovi;270136.0;fortuna-sittard;A. Halilovic;4.0
El Cid;L. Valente;8;10.0;L. Valente;M;/players/luciano-valente/703884/;luciano-valente;703884.0;stichting-fc-groningen;L. Valente;0.63
El Cid;V. Jensen;8;7.0;V. Jensen;M;/players/victor-jensen/460509/;victor-jensen;460509.0;stichting-fc-utrecht;V. Jensen;2.44
El Cid;D. Proper;8;71.0;D. Proper;M;/players/dirk-proper/525939/;dirk-proper;525939.0;nijmegen-eendracht-combinatie;D. Proper;2.04
El Cid;B. Traore;8;20.0;B. Traoré;A;/players/bertrand-traore/102801/;bertrand-traore;102801.0;afc-ajax;B. Traore;13.67
El Cid;L. de Jong;8;9.0;L. de Jong;A;/players/luuk-de-jong/65056/;luuk-de-jong;65056.0;psv-nv;L. de Jong;0.0
El Cid;T. Parrott;8;9.0;T. Parrott;A;/players/troy-parrot/515624/;troy-parrot;515624.0;stichting-az;T. Parrott;11.0
Otis.;V. Barkas;8;1.0;V. Barkas;K;/players/vasileios-barkas/272919/;vasileios-barkas;272919.0;stichting-fc-utrecht;V. Barkas;4.0
Otis.;M. Deijl;8;2.0;M. Deijl;V;/players/mats-deijl/402457/;mats-deijl;402457.0;stichting-go-ahead-eagles;M. Deijl;15.0
Otis.;M. Hilgers;8;2.0;M. Hilgers;V;/players/mees-hilgers/627701/;mees-hilgers;627701.0;stichting-fc-twente-65;M. Hilgers;7.67
Otis.;M. Hilgers;8;2.0;M. Hilgers;V;/players/mees-hilgers/627701/;mees-hilgers;627701.0;stichting-fc-twente-65;M. Hilgers;7.67
Otis.;J. Hato;8;4.0;J. Hato;V;/players/jorrel-hato/783173/;jorrel-hato;783173.0;afc-ajax;J. Hato;15.0
Otis.;G. Smal;8;5.0;G. Smal;V;/players/gijs-smal/508760/;gijs-smal;508760.0;feyenoord-rotterdam-nv;G. Smal;1.53
Otis.;S. Mijnans;8;10.0;S. Mijnans;M;/players/sven-mijnans/566000/;sven-mijnans;566000.0;stichting-az;S. Mijnans;6.0
Otis.;Rober;8;7.0;Róber;M;/players/roberto-gonzalez-bayon/500171/;roberto-gonzalez-bayon;500171.0;nijmegen-eendracht-combinatie;Rober;3.11
Otis.;P. Clement;8;;P. Clement;M;/players/pelle-clement/379793/;pelle-clement;379793.0;sparta-rotterdam-bv;P. Clement;9.0
Otis.;D. Karlsbakk;8;9.0;D. Karlsbakk;A;/players/daniel-seland-karlsbakk/629619/;daniel-seland-karlsbakk;629619.0;sportclub-heerenveen;D. Karlsbakk;-1.37
Otis.;L. de Jong;8;9.0;L. de Jong;A;/players/luuk-de-jong/65056/;luuk-de-jong;65056.0;psv-nv;L. de Jong;0.0
Otis.;L. Kulenovic;8;19.0;L. Kulenović;A;/players/luka-kulenovi/631882/;luka-kulenovi;631882.0;stichting-heracles-almelo;L. Kulenovic;4.0
Gordon Shumway;S. Steijn;8;14.0;S. Steijn;M;/players/sem-steijn/560623/;sem-steijn;560623.0;stichting-fc-twente-65;S. Steijn;7.38
Gordon Shumway;S. Steijn;8;14.0;S. Steijn;M;/players/sem-steijn/560623/;sem-steijn;560623.0;stichting-fc-twente-65;S. Steijn;7.38
Gordon Shumway;B. Nieuwkoop;8;2.0;B. Nieuwkoop;V;/players/bart-nieuwkoop/275124/;bart-nieuwkoop;275124.0;feyenoord-rotterdam-nv;B. Nieuwkoop;
Gordon Shumway;J. Hato;8;4.0;J. Hato;V;/players/jorrel-hato/783173/;jorrel-hato;783173.0;afc-ajax;J. Hato;15.0
Gordon Shumway;M. Kohlert;8;11.0;M. Köhlert;V;/players/mats-kohlert/400423/;mats-kohlert;400423.0;sportclub-heerenveen;M. Kohlert;1.0
Gordon Shumway;C. Neghli;8;;C. Neghli;A;/players/camiel-neghli/680707/;camiel-neghli;680707.0;sparta-rotterdam-bv;C. Neghli;4.0
Gordon Shumway;L. Valente;8;10.0;L. Valente;M;/players/luciano-valente/703884/;luciano-valente;703884.0;stichting-fc-groningen;L. Valente;0.63
Gordon Shumway;D. Proper;8;71.0;D. Proper;M;/players/dirk-proper/525939/;dirk-proper;525939.0;nijmegen-eendracht-combinatie;D. Proper;2.04
Gordon Shumway;V. Jensen;8;7.0;V. Jensen;M;/players/victor-jensen/460509/;victor-jensen;460509.0;stichting-fc-utrecht;V. Jensen;2.44
Gordon Shumway;L. de Jong;8;9.0;L. de Jong;A;/players/luuk-de-jong/65056/;luuk-de-jong;65056.0;psv-nv;L. de Jong;0.0
Gordon Shumway;!K. Sierhuis;8;;;;;;;;;
Gordon Shumway;T. Parrott;8;9.0;T. Parrott;A;/players/troy-parrot/515624/;troy-parrot;515624.0;stichting-az;T. Parrott;11.0
Suikerbrood;N. Olij;8;;N. Olij;K;/players/nick-olij/235322/;nick-olij;235322.0;sparta-rotterdam-bv;N. Olij;1.0
Suikerbrood;S. Olsson;8;19.0;S. Olsson;M;/players/simon-olsson/423888/;simon-olsson;423888.0;sportclub-heerenveen;S. Olsson;2.0
Suikerbrood;D. Rensch;8;2.0;D. Rensch;V;/players/devyne-rensch/601396/;devyne-rensch;601396.0;afc-ajax;D. Rensch;15.0
Suikerbrood;J. Amofa;8;25.0;J. Amofa;V;/players/jamal-amofa/668121/;jamal-amofa;668121.0;stichting-go-ahead-eagles;J. Amofa;
Suikerbrood;N. Viergever;8;24.0;N. Viergever;V;/players/nick--viergever/78529/;nick--viergever;78529.0;stichting-fc-utrecht;N. Viergever;4.0
Suikerbrood;D. Proper;8;71.0;D. Proper;M;/players/dirk-proper/525939/;dirk-proper;525939.0;nijmegen-eendracht-combinatie;D. Proper;2.04
Suikerbrood;M. Vlap;8;18.0;M. Vlap;M;/players/michel-vlap/407742/;michel-vlap;407742.0;stichting-fc-twente-65;M. Vlap;5.07
Suikerbrood;M. Vlap;8;18.0;M. Vlap;M;/players/michel-vlap/407742/;michel-vlap;407742.0;stichting-fc-twente-65;M. Vlap;5.07
Suikerbrood;A. Halilovic;8;10.0;A. Halilović;M;/players/alen-halilovi/270136/;alen-halilovi;270136.0;fortuna-sittard;A. Halilovic;4.0
Suikerbrood;A. Ueda;8;9.0;A. Ueda;A;/players/ayase-ueda/551425/;ayase-ueda;551425.0;feyenoord-rotterdam-nv;A. Ueda;4.0
Suikerbrood;R. van Bommel;8;7.0;R. van Bommel;A;/players/ruben-van-bommel/834074/;ruben-van-bommel;834074.0;stichting-az;R. van Bommel;3.0
Suikerbrood;L. de Jong;8;9.0;L. de Jong;A;/players/luuk-de-jong/65056/;luuk-de-jong;65056.0;psv-nv;L. de Jong;0.0
EnGCatjuh;N. Olij;8;;N. Olij;K;/players/nick-olij/235322/;nick-olij;235322.0;sparta-rotterdam-bv;N. Olij;1.0
EnGCatjuh;M. Kohlert;8;11.0;M. Köhlert;V;/players/mats-kohlert/400423/;mats-kohlert;400423.0;sportclub-heerenveen;M. Kohlert;1.0
EnGCatjuh;O. Boscagli;8;18.0;O. Boscagli;V;/players/olivier-boscagli/329542/;olivier-boscagli;329542.0;psv-nv;O. Boscagli;15.0
EnGCatjuh;S. El Karouani;8;16.0;S. El Karouani;V;/players/souffian-elkarouani/537878/;souffian-elkarouani;537878.0;stichting-fc-utrecht;S. El Karouani;10.0
EnGCatjuh;A. Ueda;8;9.0;A. Ueda;A;/players/ayase-ueda/551425/;ayase-ueda;551425.0;feyenoord-rotterdam-nv;A. Ueda;4.0
EnGCatjuh;J. Schreuders;8;14.0;J. Schreuders;M;/players/jorg-schreuders/877779/;jorg-schreuders;877779.0;stichting-fc-groningen;J. Schreuders;2.17
EnGCatjuh;D. Proper;8;71.0;D. Proper;M;/players/dirk-proper/525939/;dirk-proper;525939.0;nijmegen-eendracht-combinatie;D. Proper;2.04
EnGCatjuh;S. Steijn;8;14.0;S. Steijn;M;/players/sem-steijn/560623/;sem-steijn;560623.0;stichting-fc-twente-65;S. Steijn;7.38
EnGCatjuh;S. Steijn;8;14.0;S. Steijn;M;/players/sem-steijn/560623/;sem-steijn;560623.0;stichting-fc-twente-65;S. Steijn;7.38
EnGCatjuh;T. Parrott;8;9.0;T. Parrott;A;/players/troy-parrot/515624/;troy-parrot;515624.0;stichting-az;T. Parrott;11.0
EnGCatjuh;B. Brobbey;8;9.0;B. Brobbey;A;/players/brian-brobbey/520146/;brian-brobbey;520146.0;afc-ajax;B. Brobbey;1.73
EnGCatjuh;R. Meerveld;8;16.0;R. Meerveld;M;/players/ringo-meerveld/623815/;ringo-meerveld;623815.0;sbv-willem-ii-tilburg;R. Meerveld;3.0
Vishandel Makaay;R. Pasveer;8;22.0;R. Pasveer;K;/players/remko-pasveer/49689/;remko-pasveer;49689.0;afc-ajax;R. Pasveer;17.0
Vishandel Makaay;R. Flamingo;8;6.0;R. Flamingo;V;/players/ryan-flamingo/627724/;ryan-flamingo;627724.0;psv-nv;R. Flamingo;15.0
Vishandel Makaay;J. Lelieveld;8;2.0;J. Lelieveld;V;/players/julian-lelieveld/407738/;julian-lelieveld;407738.0;rkc-waalwijk;J. Lelieveld;1.0
Vishandel Makaay;K. Leerdam;8;18.0;K. Leerdam;V;/players/kelvin-leerdam/68354/;kelvin-leerdam;68354.0;stichting-heracles-almelo;K. Leerdam;0.0
Vishandel Makaay;M. Dijks;8;35.0;M. Dijks;V;/players/mitchel-dijks/219029/;mitchel-dijks;219029.0;fortuna-sittard;M. Dijks;0.0
Vishandel Makaay;T. Oosting;8;25.0;T. Oosting;M;/players/thijs-oosting/477591/;thijs-oosting;477591.0;stichting-fc-groningen;T. Oosting;0.83
Vishandel Makaay;E. van Ee;8;21.0;E. van Ee;M;/players/espen-van-ee/921919/;espen-van-ee;921919.0;sportclub-heerenveen;E. van Ee;1.47
Vishandel Makaay;P. Aaronson;8;21.0;P. Aaronson;M;/players/paxten-aaronson/576828/;paxten-aaronson;576828.0;stichting-fc-utrecht;P. Aaronson;11.44
Vishandel Makaay;R. Kuijpers;8;17.0;R. Kuijpers;A;/players/roy-kuijpers/663306/;roy-kuijpers;663306.0;nac-bv;R. Kuijpers;3.0
Vishandel Makaay;R. Kuijpers;8;17.0;R. Kuijpers;A;/players/roy-kuijpers/663306/;roy-kuijpers;663306.0;nac-bv;R. Kuijpers;3.0
Vishandel Makaay;R. van Wolfswinkel;8;9.0;R. van Wolfswinkel;A;/players/ricky-van-wolfswinkel/59407/;ricky-van-wolfswinkel;59407.0;stichting-fc-twente-65;R. van Wolfswinkel;9.0
Vishandel Makaay;R. van Wolfswinkel;8;9.0;R. van Wolfswinkel;A;/players/ricky-van-wolfswinkel/59407/;ricky-van-wolfswinkel;59407.0;stichting-fc-twente-65;R. van Wolfswinkel;9.0
Vishandel Makaay;T. Buitink;8;29.0;T. Buitink;A;/players/thomas-buitnik/457668/;thomas-buitnik;457668.0;bvo-fc-zwolle;T. Buitink;0.0
Friggles;L. Unnerstall;8;1.0;L. Unnerstall;K;/players/lars-unnerstall/81320/;lars-unnerstall;81320.0;stichting-fc-twente-65;L. Unnerstall;17.0
Friggles;L. Unnerstall;8;1.0;L. Unnerstall;K;/players/lars-unnerstall/81320/;lars-unnerstall;81320.0;stichting-fc-twente-65;L. Unnerstall;17.0
Friggles;T. Quintero;8;;T. Quintero;V;/players/teo-quintero/565562/;teo-quintero;565562.0;sparta-rotterdam-bv;T. Quintero;15.0
Friggles;M. Deijl;8;2.0;M. Deijl;V;/players/mats-deijl/402457/;mats-deijl;402457.0;stichting-go-ahead-eagles;M. Deijl;15.0
Friggles;S. El Karouani;8;16.0;S. El Karouani;V;/players/souffian-elkarouani/537878/;souffian-elkarouani;537878.0;stichting-fc-utrecht;S. El Karouani;10.0
Friggles;S. Mijnans;8;10.0;S. Mijnans;M;/players/sven-mijnans/566000/;sven-mijnans;566000.0;stichting-az;S. Mijnans;6.0
Friggles;D. Proper;8;71.0;D. Proper;M;/players/dirk-proper/525939/;dirk-proper;525939.0;nijmegen-eendracht-combinatie;D. Proper;2.04
Friggles;M. Kohlert;8;11.0;M. Köhlert;V;/players/mats-kohlert/400423/;mats-kohlert;400423.0;sportclub-heerenveen;M. Kohlert;1.0
Friggles;S. 't Zand;8;25.0;S. 't Zand;M;/players/shiloh-t-zand/824640/;shiloh-t-zand;824640.0;feyenoord-rotterdam-nv;S. 't Zand;5.0
Friggles;Q. Timber;8;8.0;Q. Timber;M;/players/quinten-maduro/463017/;quinten-maduro;463017.0;feyenoord-rotterdam-nv;Q. Timber;4.0
Friggles;L. de Jong;8;9.0;L. de Jong;A;/players/luuk-de-jong/65056/;luuk-de-jong;65056.0;psv-nv;L. de Jong;0.0
Friggles;B. Brobbey;8;9.0;B. Brobbey;A;/players/brian-brobbey/520146/;brian-brobbey;520146.0;afc-ajax;B. Brobbey;1.73
Jay-Jay;N. Olij;8;;N. Olij;K;/players/nick-olij/235322/;nick-olij;235322.0;sparta-rotterdam-bv;N. Olij;1.0
Jay-Jay;S. Maikuma;8;16.0;S. Maikuma;V;/players/seiya-maikuma/651537/;seiya-maikuma;651537.0;stichting-az;S. Maikuma;0.1
Jay-Jay;M. Deijl;8;2.0;M. Deijl;V;/players/mats-deijl/402457/;mats-deijl;402457.0;stichting-go-ahead-eagles;M. Deijl;15.0
Jay-Jay;S. El Karouani;8;16.0;S. El Karouani;V;/players/souffian-elkarouani/537878/;souffian-elkarouani;537878.0;stichting-fc-utrecht;S. El Karouani;10.0
Jay-Jay;Ivo Pinto;8;12.0;Ivo Pinto;V;/players/ivo-pinto/86672/;ivo-pinto;86672.0;fortuna-sittard;Ivo Pinto;9.0
Jay-Jay;J. Veerman;8;23.0;J. Veerman;M;/players/joey--veerman/459312/;joey--veerman;459312.0;psv-nv;J. Veerman;11.31
Jay-Jay;Rober;8;7.0;Róber;M;/players/roberto-gonzalez-bayon/500171/;roberto-gonzalez-bayon;500171.0;nijmegen-eendracht-combinatie;Rober;3.11
Jay-Jay;S. Olsson;8;19.0;S. Olsson;M;/players/simon-olsson/423888/;simon-olsson;423888.0;sportclub-heerenveen;S. Olsson;2.0
Jay-Jay;Q. Timber;8;8.0;Q. Timber;M;/players/quinten-maduro/463017/;quinten-maduro;463017.0;feyenoord-rotterdam-nv;Q. Timber;4.0
Jay-Jay;B. Brobbey;8;9.0;B. Brobbey;A;/players/brian-brobbey/520146/;brian-brobbey;520146.0;afc-ajax;B. Brobbey;1.73
Jay-Jay;S. Lammers;8;10.0;S. Lammers;A;/players/sam-lammers/407736/;sam-lammers;407736.0;stichting-fc-twente-65;S. Lammers;6.0
Jay-Jay;S. Lammers;8;10.0;S. Lammers;A;/players/sam-lammers/407736/;sam-lammers;407736.0;stichting-fc-twente-65;S. Lammers;6.0
Rucebo;V. Barkas;8;1.0;V. Barkas;K;/players/vasileios-barkas/272919/;vasileios-barkas;272919.0;stichting-fc-utrecht;V. Barkas;4.0
Rucebo;Ivo Pinto;8;12.0;Ivo Pinto;V;/players/ivo-pinto/86672/;ivo-pinto;86672.0;fortuna-sittard;Ivo Pinto;9.0
Rucebo;J. Hato;8;4.0;J. Hato;V;/players/jorrel-hato/783173/;jorrel-hato;783173.0;afc-ajax;J. Hato;15.0
Rucebo;G. Trauner;8;18.0;G. Trauner;V;/players/gernot-trauner/135546/;gernot-trauner;135546.0;feyenoord-rotterdam-nv;G. Trauner;0.0
Rucebo;M. Deijl;8;2.0;M. Deijl;V;/players/mats-deijl/402457/;mats-deijl;402457.0;stichting-go-ahead-eagles;M. Deijl;15.0
Rucebo;S. Steijn;8;14.0;S. Steijn;M;/players/sem-steijn/560623/;sem-steijn;560623.0;stichting-fc-twente-65;S. Steijn;7.38
Rucebo;S. Steijn;8;14.0;S. Steijn;M;/players/sem-steijn/560623/;sem-steijn;560623.0;stichting-fc-twente-65;S. Steijn;7.38
Rucebo;A. Verschueren;8;32.0;A. Verschueren;M;/players/arno-vershueren/319385/;arno-vershueren;319385.0;stichting-fc-twente-65;A. Verschueren;4.0
Rucebo;L. Brouwers;8;8.0;L. Brouwers;M;/players/luuk-brouwers/402458/;luuk-brouwers;402458.0;sportclub-heerenveen;L. Brouwers;3.0
Rucebo;T. Parrott;8;9.0;T. Parrott;A;/players/troy-parrot/515624/;troy-parrot;515624.0;stichting-az;T. Parrott;11.0
Rucebo;L. de Jong;8;9.0;L. de Jong;A;/players/luuk-de-jong/65056/;luuk-de-jong;65056.0;psv-nv;L. de Jong;0.0
Rucebo;K. Ogawa;8;18.0;K. Ogawa;A;/players/koki-ogawa/435835/;koki-ogawa;435835.0;nijmegen-eendracht-combinatie;K. Ogawa;4.0
tukkeRoel;V. Barkas;9;1.0;V. Barkas;K;/players/vasileios-barkas/272919/;vasileios-barkas;272919.0;stichting-fc-utrecht;V. Barkas;3.0
tukkeRoel;D. Hancko;9;33.0;D. Hancko;V;/players/david-hancko/391059/;david-hancko;391059.0;feyenoord-rotterdam-nv;D. Hancko;4.0
tukkeRoel;J. Hato;9;4.0;J. Hato;V;/players/jorrel-hato/783173/;jorrel-hato;783173.0;afc-ajax;J. Hato;4.0
tukkeRoel;M. Kohlert;9;11.0;M. Köhlert;V;/players/mats-kohlert/400423/;mats-kohlert;400423.0;sportclub-heerenveen;M. Kohlert;3.0
tukkeRoel;M. Kohlert;9;11.0;M. Köhlert;V;/players/mats-kohlert/400423/;mats-kohlert;400423.0;sportclub-heerenveen;M. Kohlert;3.0
tukkeRoel;C. Verdonk;9;24.0;C. Verdonk;V;/players/calvin-verdonk/319288/;calvin-verdonk;319288.0;nijmegen-eendracht-combinatie;C. Verdonk;0.0
tukkeRoel;F. Krastev;9;50.0;F. Krastev;M;/players/filip-yavorov-krastev/550509/;filip-yavorov-krastev;550509.0;bvo-fc-zwolle;F. Krastev;3.02
tukkeRoel;F. Krastev;9;50.0;F. Krastev;M;/players/filip-yavorov-krastev/550509/;filip-yavorov-krastev;550509.0;bvo-fc-zwolle;F. Krastev;3.02
tukkeRoel;S. Mijnans;9;10.0;S. Mijnans;M;/players/sven-mijnans/566000/;sven-mijnans;566000.0;stichting-az;S. Mijnans;3.0
tukkeRoel;A. Verschueren;9;32.0;A. Verschueren;M;/players/arno-vershueren/319385/;arno-vershueren;319385.0;stichting-fc-twente-65;A. Verschueren;5.0
tukkeRoel;S. Steijn;9;14.0;S. Steijn;M;/players/sem-steijn/560623/;sem-steijn;560623.0;stichting-fc-twente-65;S. Steijn;10.0
tukkeRoel;M. Deijl;9;2.0;M. Deijl;V;/players/mats-deijl/402457/;mats-deijl;402457.0;stichting-go-ahead-eagles;M. Deijl;5.0
tukkeRoel;L. de Jong;9;9.0;L. de Jong;A;/players/luuk-de-jong/65056/;luuk-de-jong;65056.0;psv-nv;L. de Jong;11.78
methodmich;V. Barkas;9;1.0;V. Barkas;K;/players/vasileios-barkas/272919/;vasileios-barkas;272919.0;stichting-fc-utrecht;V. Barkas;3.0
methodmich;M. Dijks;9;35.0;M. Dijks;V;/players/mitchel-dijks/219029/;mitchel-dijks;219029.0;fortuna-sittard;M. Dijks;1.0
methodmich;D. Hancko;9;33.0;D. Hancko;V;/players/david-hancko/391059/;david-hancko;391059.0;feyenoord-rotterdam-nv;D. Hancko;4.0
methodmich;M. Kohlert;9;11.0;M. Köhlert;V;/players/mats-kohlert/400423/;mats-kohlert;400423.0;sportclub-heerenveen;M. Kohlert;3.0
methodmich;M. Kohlert;9;11.0;M. Köhlert;V;/players/mats-kohlert/400423/;mats-kohlert;400423.0;sportclub-heerenveen;M. Kohlert;3.0
methodmich;S. Mijnans;9;10.0;S. Mijnans;M;/players/sven-mijnans/566000/;sven-mijnans;566000.0;stichting-az;S. Mijnans;3.0
methodmich;S. 't Zand;9;25.0;S. 't Zand;M;/players/shiloh-t-zand/824640/;shiloh-t-zand;824640.0;feyenoord-rotterdam-nv;S. 't Zand;3.0
methodmich;S. Steijn;9;14.0;S. Steijn;M;/players/sem-steijn/560623/;sem-steijn;560623.0;stichting-fc-twente-65;S. Steijn;10.0
methodmich;K. Sano;9;23.0;K. Sano;M;/players/kodai-sano/815318/;kodai-sano;815318.0;nijmegen-eendracht-combinatie;K. Sano;0.93
methodmich;L. de Jong;9;9.0;L. de Jong;A;/players/luuk-de-jong/65056/;luuk-de-jong;65056.0;psv-nv;L. de Jong;11.78
methodmich;W. Weghorst;9;25.0;W. Weghorst;A;/players/wout-weghorst/255205/;wout-weghorst;255205.0;afc-ajax;W. Weghorst;12.33
methodmich;T. Lauritsen;9;;T. Lauritsen;A;/players/tobias-lauritsen/406745/;tobias-lauritsen;406745.0;sparta-rotterdam-bv;T. Lauritsen;9.37
FMNederland;V. Barkas;9;1.0;V. Barkas;K;/players/vasileios-barkas/272919/;vasileios-barkas;272919.0;stichting-fc-utrecht;V. Barkas;3.0
FMNederland;M. Kohlert;9;11.0;M. Köhlert;V;/players/mats-kohlert/400423/;mats-kohlert;400423.0;sportclub-heerenveen;M. Kohlert;3.0
FMNederland;M. Kohlert;9;11.0;M. Köhlert;V;/players/mats-kohlert/400423/;mats-kohlert;400423.0;sportclub-heerenveen;M. Kohlert;3.0
FMNederland;M. Deijl;9;2.0;M. Deijl;V;/players/mats-deijl/402457/;mats-deijl;402457.0;stichting-go-ahead-eagles;M. Deijl;5.0
FMNederland;C. Verdonk;9;24.0;C. Verdonk;V;/players/calvin-verdonk/319288/;calvin-verdonk;319288.0;nijmegen-eendracht-combinatie;C. Verdonk;0.0
FMNederland;O. Boscagli;9;18.0;O. Boscagli;V;/players/olivier-boscagli/329542/;olivier-boscagli;329542.0;psv-nv;O. Boscagli;10.0
FMNederland;S. Bastien;9;22.0;S. Bastien;M;/players/samuel-bastien/314097/;samuel-bastien;314097.0;fortuna-sittard;S. Bastien;13.0
FMNederland;S. Steijn;9;14.0;S. Steijn;M;/players/sem-steijn/560623/;sem-steijn;560623.0;stichting-fc-twente-65;S. Steijn;10.0
FMNederland;Q. Timber;9;8.0;Q. Timber;M;/players/quinten-maduro/463017/;quinten-maduro;463017.0;feyenoord-rotterdam-nv;Q. Timber;3.0
FMNederland;T. Robinet;9;9.0;T. Robinet;A;/players/thomas-robinet/312659/;thomas-robinet;312659.0;fc-omniworld;T. Robinet;3.0
FMNederland;T. Lauritsen;9;;T. Lauritsen;A;/players/tobias-lauritsen/406745/;tobias-lauritsen;406745.0;sparta-rotterdam-bv;T. Lauritsen;9.37
FMNederland;T. Parrott;9;9.0;T. Parrott;A;/players/troy-parrot/515624/;troy-parrot;515624.0;stichting-az;T. Parrott;2.3
crispy;L. Unnerstall;9;1.0;L. Unnerstall;K;/players/lars-unnerstall/81320/;lars-unnerstall;81320.0;stichting-fc-twente-65;L. Unnerstall;1.0
crispy;C. Verdonk;9;24.0;C. Verdonk;V;/players/calvin-verdonk/319288/;calvin-verdonk;319288.0;nijmegen-eendracht-combinatie;C. Verdonk;0.0
crispy;S. El Karouani;9;16.0;S. El Karouani;V;/players/souffian-elkarouani/537878/;souffian-elkarouani;537878.0;stichting-fc-utrecht;S. El Karouani;8.89
crispy;M. Kohlert;9;11.0;M. Köhlert;V;/players/mats-kohlert/400423/;mats-kohlert;400423.0;sportclub-heerenveen;M. Kohlert;3.0
crispy;M. Kohlert;9;11.0;M. Köhlert;V;/players/mats-kohlert/400423/;mats-kohlert;400423.0;sportclub-heerenveen;M. Kohlert;3.0
crispy;D. Hancko;9;33.0;D. Hancko;V;/players/david-hancko/391059/;david-hancko;391059.0;feyenoord-rotterdam-nv;D. Hancko;4.0
crispy;J. Schreuders;9;14.0;J. Schreuders;M;/players/jorg-schreuders/877779/;jorg-schreuders;877779.0;stichting-fc-groningen;J. Schreuders;11.8
crispy;A. Verschueren;9;32.0;A. Verschueren;M;/players/arno-vershueren/319385/;arno-vershueren;319385.0;stichting-fc-twente-65;A. Verschueren;5.0
crispy;S. Mijnans;9;10.0;S. Mijnans;M;/players/sven-mijnans/566000/;sven-mijnans;566000.0;stichting-az;S. Mijnans;3.0
crispy;A. Halilovic;9;10.0;A. Halilović;M;/players/alen-halilovi/270136/;alen-halilovi;270136.0;fortuna-sittard;A. Halilovic;1.84
crispy;K. Taylor;9;8.0;K. Taylor;M;/players/kenneth-taylor/508784/;kenneth-taylor;508784.0;afc-ajax;K. Taylor;5.0
crispy;L. de Jong;9;9.0;L. de Jong;A;/players/luuk-de-jong/65056/;luuk-de-jong;65056.0;psv-nv;L. de Jong;11.78
svvthomas;N. Olij;9;;N. Olij;K;/players/nick-olij/235322/;nick-olij;235322.0;sparta-rotterdam-bv;N. Olij;1.0
svvthomas;M. Deijl;9;2.0;M. Deijl;V;/players/mats-deijl/402457/;mats-deijl;402457.0;stichting-go-ahead-eagles;M. Deijl;5.0
svvthomas;D. Hancko;9;33.0;D. Hancko;V;/players/david-hancko/391059/;david-hancko;391059.0;feyenoord-rotterdam-nv;D. Hancko;4.0
svvthomas;D. Mirani;9;4.0;D. Mirani;V;/players/damon-mirani/289811/;damon-mirani;289811.0;stichting-heracles-almelo;D. Mirani;-1.0
svvthomas;C. Sandra;9;14.0;C. Sandra;M;/players/cisse-sandra/638266/;cisse-sandra;638266.0;sbv-willem-ii-tilburg;C. Sandra;6.58
svvthomas;D. Janosek;9;39.0;D. Janošek;M;/players/dominik-janosek/492661/;dominik-janosek;492661.0;nac-bv;D. Janosek;11.58
svvthomas;L. Brouwers;9;8.0;L. Brouwers;M;/players/luuk-brouwers/402458/;luuk-brouwers;402458.0;sportclub-heerenveen;L. Brouwers;4.0
svvthomas;L. Brouwers;9;8.0;L. Brouwers;M;/players/luuk-brouwers/402458/;luuk-brouwers;402458.0;sportclub-heerenveen;L. Brouwers;4.0
svvthomas;S. Steijn;9;14.0;S. Steijn;M;/players/sem-steijn/560623/;sem-steijn;560623.0;stichting-fc-twente-65;S. Steijn;10.0
svvthomas;T. Parrott;9;9.0;T. Parrott;A;/players/troy-parrot/515624/;troy-parrot;515624.0;stichting-az;T. Parrott;2.3
svvthomas;L. de Jong;9;9.0;L. de Jong;A;/players/luuk-de-jong/65056/;luuk-de-jong;65056.0;psv-nv;L. de Jong;11.78
svvthomas;B. Brobbey;9;9.0;B. Brobbey;A;/players/brian-brobbey/520146/;brian-brobbey;520146.0;afc-ajax;B. Brobbey;7.28
El Cid;L. Unnerstall;9;1.0;L. Unnerstall;K;/players/lars-unnerstall/81320/;lars-unnerstall;81320.0;stichting-fc-twente-65;L. Unnerstall;1.0
El Cid;P. Bochniewicz;9;5.0;P. Bochniewicz;V;/players/pawe-bochniewicz/273911/;pawe-bochniewicz;273911.0;sportclub-heerenveen;P. Bochniewicz;3.0
El Cid;P. Bochniewicz;9;5.0;P. Bochniewicz;V;/players/pawe-bochniewicz/273911/;pawe-bochniewicz;273911.0;sportclub-heerenveen;P. Bochniewicz;3.0
El Cid;B. Nieuwkoop;9;2.0;B. Nieuwkoop;V;/players/bart-nieuwkoop/275124/;bart-nieuwkoop;275124.0;feyenoord-rotterdam-nv;B. Nieuwkoop;
El Cid;D. van der Kust;9;;D. van der Kust;V;/players/djevencio-van-der-kust/569309/;djevencio-van-der-kust;569309.0;sparta-rotterdam-bv;D. van der Kust;-1.27
El Cid;A. Halilovic;9;10.0;A. Halilović;M;/players/alen-halilovi/270136/;alen-halilovi;270136.0;fortuna-sittard;A. Halilovic;1.84
El Cid;L. Valente;9;10.0;L. Valente;M;/players/luciano-valente/703884/;luciano-valente;703884.0;stichting-fc-groningen;L. Valente;1.47
El Cid;V. Jensen;9;7.0;V. Jensen;M;/players/victor-jensen/460509/;victor-jensen;460509.0;stichting-fc-utrecht;V. Jensen;2.56
El Cid;D. Proper;9;71.0;D. Proper;M;/players/dirk-proper/525939/;dirk-proper;525939.0;nijmegen-eendracht-combinatie;D. Proper;
El Cid;B. Traore;9;20.0;B. Traoré;A;/players/bertrand-traore/102801/;bertrand-traore;102801.0;afc-ajax;B. Traore;3.33
El Cid;L. de Jong;9;9.0;L. de Jong;A;/players/luuk-de-jong/65056/;luuk-de-jong;65056.0;psv-nv;L. de Jong;11.78
El Cid;T. Parrott;9;9.0;T. Parrott;A;/players/troy-parrot/515624/;troy-parrot;515624.0;stichting-az;T. Parrott;2.3
Otis.;V. Barkas;9;1.0;V. Barkas;K;/players/vasileios-barkas/272919/;vasileios-barkas;272919.0;stichting-fc-utrecht;V. Barkas;3.0
Otis.;M. Deijl;9;2.0;M. Deijl;V;/players/mats-deijl/402457/;mats-deijl;402457.0;stichting-go-ahead-eagles;M. Deijl;5.0
Otis.;M. Hilgers;9;2.0;M. Hilgers;V;/players/mees-hilgers/627701/;mees-hilgers;627701.0;stichting-fc-twente-65;M. Hilgers;-1.0
Otis.;J. Hato;9;4.0;J. Hato;V;/players/jorrel-hato/783173/;jorrel-hato;783173.0;afc-ajax;J. Hato;4.0
Otis.;G. Smal;9;5.0;G. Smal;V;/players/gijs-smal/508760/;gijs-smal;508760.0;feyenoord-rotterdam-nv;G. Smal;0.39
Otis.;S. Mijnans;9;10.0;S. Mijnans;M;/players/sven-mijnans/566000/;sven-mijnans;566000.0;stichting-az;S. Mijnans;3.0
Otis.;Rober;9;7.0;Róber;M;/players/roberto-gonzalez-bayon/500171/;roberto-gonzalez-bayon;500171.0;nijmegen-eendracht-combinatie;Rober;2.5
Otis.;P. Clement;9;;P. Clement;M;/players/pelle-clement/379793/;pelle-clement;379793.0;sparta-rotterdam-bv;P. Clement;0.27
Otis.;D. Karlsbakk;9;9.0;D. Karlsbakk;A;/players/daniel-seland-karlsbakk/629619/;daniel-seland-karlsbakk;629619.0;sportclub-heerenveen;D. Karlsbakk;1.11
Otis.;D. Karlsbakk;9;9.0;D. Karlsbakk;A;/players/daniel-seland-karlsbakk/629619/;daniel-seland-karlsbakk;629619.0;sportclub-heerenveen;D. Karlsbakk;1.11
Otis.;L. de Jong;9;9.0;L. de Jong;A;/players/luuk-de-jong/65056/;luuk-de-jong;65056.0;psv-nv;L. de Jong;11.78
Otis.;L. Kulenovic;9;19.0;L. Kulenović;A;/players/luka-kulenovi/631882/;luka-kulenovi;631882.0;stichting-heracles-almelo;L. Kulenovic;11.0
Gordon Shumway;S. Steijn;9;14.0;S. Steijn;M;/players/sem-steijn/560623/;sem-steijn;560623.0;stichting-fc-twente-65;S. Steijn;10.0
Gordon Shumway;B. Nieuwkoop;9;2.0;B. Nieuwkoop;V;/players/bart-nieuwkoop/275124/;bart-nieuwkoop;275124.0;feyenoord-rotterdam-nv;B. Nieuwkoop;
Gordon Shumway;J. Hato;9;4.0;J. Hato;V;/players/jorrel-hato/783173/;jorrel-hato;783173.0;afc-ajax;J. Hato;4.0
Gordon Shumway;M. Kohlert;9;11.0;M. Köhlert;V;/players/mats-kohlert/400423/;mats-kohlert;400423.0;sportclub-heerenveen;M. Kohlert;3.0
Gordon Shumway;M. Kohlert;9;11.0;M. Köhlert;V;/players/mats-kohlert/400423/;mats-kohlert;400423.0;sportclub-heerenveen;M. Kohlert;3.0
Gordon Shumway;C. Neghli;9;;C. Neghli;A;/players/camiel-neghli/680707/;camiel-neghli;680707.0;sparta-rotterdam-bv;C. Neghli;2.73
Gordon Shumway;L. Valente;9;10.0;L. Valente;M;/players/luciano-valente/703884/;luciano-valente;703884.0;stichting-fc-groningen;L. Valente;1.47
Gordon Shumway;D. Proper;9;71.0;D. Proper;M;/players/dirk-proper/525939/;dirk-proper;525939.0;nijmegen-eendracht-combinatie;D. Proper;
Gordon Shumway;V. Jensen;9;7.0;V. Jensen;M;/players/victor-jensen/460509/;victor-jensen;460509.0;stichting-fc-utrecht;V. Jensen;2.56
Gordon Shumway;L. de Jong;9;9.0;L. de Jong;A;/players/luuk-de-jong/65056/;luuk-de-jong;65056.0;psv-nv;L. de Jong;11.78
Gordon Shumway;!K. Sierhuis;9;;;;;;;;;
Gordon Shumway;T. Parrott;9;9.0;T. Parrott;A;/players/troy-parrot/515624/;troy-parrot;515624.0;stichting-az;T. Parrott;2.3
Suikerbrood;N. Olij;9;;N. Olij;K;/players/nick-olij/235322/;nick-olij;235322.0;sparta-rotterdam-bv;N. Olij;1.0
Suikerbrood;S. Olsson;9;19.0;S. Olsson;M;/players/simon-olsson/423888/;simon-olsson;423888.0;sportclub-heerenveen;S. Olsson;3.29
Suikerbrood;S. Olsson;9;19.0;S. Olsson;M;/players/simon-olsson/423888/;simon-olsson;423888.0;sportclub-heerenveen;S. Olsson;3.29
Suikerbrood;D. Rensch;9;2.0;D. Rensch;V;/players/devyne-rensch/601396/;devyne-rensch;601396.0;afc-ajax;D. Rensch;4.0
Suikerbrood;J. Amofa;9;25.0;J. Amofa;V;/players/jamal-amofa/668121/;jamal-amofa;668121.0;stichting-go-ahead-eagles;J. Amofa;0.0
Suikerbrood;N. Viergever;9;24.0;N. Viergever;V;/players/nick--viergever/78529/;nick--viergever;78529.0;stichting-fc-utrecht;N. Viergever;15.0
Suikerbrood;D. Proper;9;71.0;D. Proper;M;/players/dirk-proper/525939/;dirk-proper;525939.0;nijmegen-eendracht-combinatie;D. Proper;
Suikerbrood;M. Vlap;9;18.0;M. Vlap;M;/players/michel-vlap/407742/;michel-vlap;407742.0;stichting-fc-twente-65;M. Vlap;2.47
Suikerbrood;A. Halilovic;9;10.0;A. Halilović;M;/players/alen-halilovi/270136/;alen-halilovi;270136.0;fortuna-sittard;A. Halilovic;1.84
Suikerbrood;A. Ueda;9;9.0;A. Ueda;A;/players/ayase-ueda/551425/;ayase-ueda;551425.0;feyenoord-rotterdam-nv;A. Ueda;12.67
Suikerbrood;R. van Bommel;9;7.0;R. van Bommel;A;/players/ruben-van-bommel/834074/;ruben-van-bommel;834074.0;stichting-az;R. van Bommel;0.73
Suikerbrood;L. de Jong;9;9.0;L. de Jong;A;/players/luuk-de-jong/65056/;luuk-de-jong;65056.0;psv-nv;L. de Jong;11.78
EnGCatjuh;N. Olij;9;;N. Olij;K;/players/nick-olij/235322/;nick-olij;235322.0;sparta-rotterdam-bv;N. Olij;1.0
EnGCatjuh;M. Kohlert;9;11.0;M. Köhlert;V;/players/mats-kohlert/400423/;mats-kohlert;400423.0;sportclub-heerenveen;M. Kohlert;3.0
EnGCatjuh;M. Kohlert;9;11.0;M. Köhlert;V;/players/mats-kohlert/400423/;mats-kohlert;400423.0;sportclub-heerenveen;M. Kohlert;3.0
EnGCatjuh;O. Boscagli;9;18.0;O. Boscagli;V;/players/olivier-boscagli/329542/;olivier-boscagli;329542.0;psv-nv;O. Boscagli;10.0
EnGCatjuh;S. El Karouani;9;16.0;S. El Karouani;V;/players/souffian-elkarouani/537878/;souffian-elkarouani;537878.0;stichting-fc-utrecht;S. El Karouani;8.89
EnGCatjuh;A. Ueda;9;9.0;A. Ueda;A;/players/ayase-ueda/551425/;ayase-ueda;551425.0;feyenoord-rotterdam-nv;A. Ueda;12.67
EnGCatjuh;J. Schreuders;9;14.0;J. Schreuders;M;/players/jorg-schreuders/877779/;jorg-schreuders;877779.0;stichting-fc-groningen;J. Schreuders;11.8
EnGCatjuh;D. Proper;9;71.0;D. Proper;M;/players/dirk-proper/525939/;dirk-proper;525939.0;nijmegen-eendracht-combinatie;D. Proper;
EnGCatjuh;S. Steijn;9;14.0;S. Steijn;M;/players/sem-steijn/560623/;sem-steijn;560623.0;stichting-fc-twente-65;S. Steijn;10.0
EnGCatjuh;T. Parrott;9;9.0;T. Parrott;A;/players/troy-parrot/515624/;troy-parrot;515624.0;stichting-az;T. Parrott;2.3
EnGCatjuh;B. Brobbey;9;9.0;B. Brobbey;A;/players/brian-brobbey/520146/;brian-brobbey;520146.0;afc-ajax;B. Brobbey;7.28
EnGCatjuh;R. Meerveld;9;16.0;R. Meerveld;M;/players/ringo-meerveld/623815/;ringo-meerveld;623815.0;sbv-willem-ii-tilburg;R. Meerveld;7.56
Vishandel Makaay;R. Pasveer;9;22.0;R. Pasveer;K;/players/remko-pasveer/49689/;remko-pasveer;49689.0;afc-ajax;R. Pasveer;4.0
Vishandel Makaay;R. Flamingo;9;6.0;R. Flamingo;V;/players/ryan-flamingo/627724/;ryan-flamingo;627724.0;psv-nv;R. Flamingo;4.0
Vishandel Makaay;J. Lelieveld;9;2.0;J. Lelieveld;V;/players/julian-lelieveld/407738/;julian-lelieveld;407738.0;rkc-waalwijk;J. Lelieveld;0.0
Vishandel Makaay;K. Leerdam;9;18.0;K. Leerdam;V;/players/kelvin-leerdam/68354/;kelvin-leerdam;68354.0;stichting-heracles-almelo;K. Leerdam;0.0
Vishandel Makaay;M. Dijks;9;35.0;M. Dijks;V;/players/mitchel-dijks/219029/;mitchel-dijks;219029.0;fortuna-sittard;M. Dijks;1.0
Vishandel Makaay;T. Oosting;9;25.0;T. Oosting;M;/players/thijs-oosting/477591/;thijs-oosting;477591.0;stichting-fc-groningen;T. Oosting;0.33
Vishandel Makaay;E. van Ee;9;21.0;E. van Ee;M;/players/espen-van-ee/921919/;espen-van-ee;921919.0;sportclub-heerenveen;E. van Ee;1.29
Vishandel Makaay;E. van Ee;9;21.0;E. van Ee;M;/players/espen-van-ee/921919/;espen-van-ee;921919.0;sportclub-heerenveen;E. van Ee;1.29
Vishandel Makaay;P. Aaronson;9;21.0;P. Aaronson;M;/players/paxten-aaronson/576828/;paxten-aaronson;576828.0;stichting-fc-utrecht;P. Aaronson;14.0
Vishandel Makaay;R. Kuijpers;9;17.0;R. Kuijpers;A;/players/roy-kuijpers/663306/;roy-kuijpers;663306.0;nac-bv;R. Kuijpers;0.0
Vishandel Makaay;R. van Wolfswinkel;9;9.0;R. van Wolfswinkel;A;/players/ricky-van-wolfswinkel/59407/;ricky-van-wolfswinkel;59407.0;stichting-fc-twente-65;R. van Wolfswinkel;
Vishandel Makaay;T. Buitink;9;29.0;T. Buitink;A;/players/thomas-buitnik/457668/;thomas-buitnik;457668.0;bvo-fc-zwolle;T. Buitink;0.0
Vishandel Makaay;T. Buitink;9;29.0;T. Buitink;A;/players/thomas-buitnik/457668/;thomas-buitnik;457668.0;bvo-fc-zwolle;T. Buitink;0.0
Friggles;L. Unnerstall;9;1.0;L. Unnerstall;K;/players/lars-unnerstall/81320/;lars-unnerstall;81320.0;stichting-fc-twente-65;L. Unnerstall;1.0
Friggles;T. Quintero;9;;T. Quintero;V;/players/teo-quintero/565562/;teo-quintero;565562.0;sparta-rotterdam-bv;T. Quintero;
Friggles;M. Deijl;9;2.0;M. Deijl;V;/players/mats-deijl/402457/;mats-deijl;402457.0;stichting-go-ahead-eagles;M. Deijl;5.0
Friggles;S. El Karouani;9;16.0;S. El Karouani;V;/players/souffian-elkarouani/537878/;souffian-elkarouani;537878.0;stichting-fc-utrecht;S. El Karouani;8.89
Friggles;S. Mijnans;9;10.0;S. Mijnans;M;/players/sven-mijnans/566000/;sven-mijnans;566000.0;stichting-az;S. Mijnans;3.0
Friggles;D. Proper;9;71.0;D. Proper;M;/players/dirk-proper/525939/;dirk-proper;525939.0;nijmegen-eendracht-combinatie;D. Proper;
Friggles;M. Kohlert;9;11.0;M. Köhlert;V;/players/mats-kohlert/400423/;mats-kohlert;400423.0;sportclub-heerenveen;M. Kohlert;3.0
Friggles;M. Kohlert;9;11.0;M. Köhlert;V;/players/mats-kohlert/400423/;mats-kohlert;400423.0;sportclub-heerenveen;M. Kohlert;3.0
Friggles;S. 't Zand;9;25.0;S. 't Zand;M;/players/shiloh-t-zand/824640/;shiloh-t-zand;824640.0;feyenoord-rotterdam-nv;S. 't Zand;3.0
Friggles;Q. Timber;9;8.0;Q. Timber;M;/players/quinten-maduro/463017/;quinten-maduro;463017.0;feyenoord-rotterdam-nv;Q. Timber;3.0
Friggles;L. de Jong;9;9.0;L. de Jong;A;/players/luuk-de-jong/65056/;luuk-de-jong;65056.0;psv-nv;L. de Jong;11.78
Friggles;B. Brobbey;9;9.0;B. Brobbey;A;/players/brian-brobbey/520146/;brian-brobbey;520146.0;afc-ajax;B. Brobbey;7.28
Jay-Jay;N. Olij;9;;N. Olij;K;/players/nick-olij/235322/;nick-olij;235322.0;sparta-rotterdam-bv;N. Olij;1.0
Jay-Jay;S. Maikuma;9;16.0;S. Maikuma;V;/players/seiya-maikuma/651537/;seiya-maikuma;651537.0;stichting-az;S. Maikuma;-0.27
Jay-Jay;M. Deijl;9;2.0;M. Deijl;V;/players/mats-deijl/402457/;mats-deijl;402457.0;stichting-go-ahead-eagles;M. Deijl;5.0
Jay-Jay;S. El Karouani;9;16.0;S. El Karouani;V;/players/souffian-elkarouani/537878/;souffian-elkarouani;537878.0;stichting-fc-utrecht;S. El Karouani;8.89
Jay-Jay;Ivo Pinto;9;12.0;Ivo Pinto;V;/players/ivo-pinto/86672/;ivo-pinto;86672.0;fortuna-sittard;Ivo Pinto;15.0
Jay-Jay;L. de Jong;9;9.0;L. de Jong;A;/players/luuk-de-jong/65056/;luuk-de-jong;65056.0;psv-nv;L. de Jong;11.78
Jay-Jay;Rober;9;7.0;Róber;M;/players/roberto-gonzalez-bayon/500171/;roberto-gonzalez-bayon;500171.0;nijmegen-eendracht-combinatie;Rober;2.5
Jay-Jay;S. Olsson;9;19.0;S. Olsson;M;/players/simon-olsson/423888/;simon-olsson;423888.0;sportclub-heerenveen;S. Olsson;3.29
Jay-Jay;S. Olsson;9;19.0;S. Olsson;M;/players/simon-olsson/423888/;simon-olsson;423888.0;sportclub-heerenveen;S. Olsson;3.29
Jay-Jay;Q. Timber;9;8.0;Q. Timber;M;/players/quinten-maduro/463017/;quinten-maduro;463017.0;feyenoord-rotterdam-nv;Q. Timber;3.0
Jay-Jay;B. Brobbey;9;9.0;B. Brobbey;A;/players/brian-brobbey/520146/;brian-brobbey;520146.0;afc-ajax;B. Brobbey;7.28
Jay-Jay;S. Lammers;9;10.0;S. Lammers;A;/players/sam-lammers/407736/;sam-lammers;407736.0;stichting-fc-twente-65;S. Lammers;3.0
Rucebo;V. Barkas;9;1.0;V. Barkas;K;/players/vasileios-barkas/272919/;vasileios-barkas;272919.0;stichting-fc-utrecht;V. Barkas;3.0
Rucebo;Ivo Pinto;9;12.0;Ivo Pinto;V;/players/ivo-pinto/86672/;ivo-pinto;86672.0;fortuna-sittard;Ivo Pinto;15.0
Rucebo;J. Hato;9;4.0;J. Hato;V;/players/jorrel-hato/783173/;jorrel-hato;783173.0;afc-ajax;J. Hato;4.0
Rucebo;D. Hancko;9;33.0;D. Hancko;V;/players/david-hancko/391059/;david-hancko;391059.0;feyenoord-rotterdam-nv;D. Hancko;4.0
Rucebo;M. Deijl;9;2.0;M. Deijl;V;/players/mats-deijl/402457/;mats-deijl;402457.0;stichting-go-ahead-eagles;M. Deijl;5.0
Rucebo;S. Steijn;9;14.0;S. Steijn;M;/players/sem-steijn/560623/;sem-steijn;560623.0;stichting-fc-twente-65;S. Steijn;10.0
Rucebo;A. Verschueren;9;32.0;A. Verschueren;M;/players/arno-vershueren/319385/;arno-vershueren;319385.0;stichting-fc-twente-65;A. Verschueren;5.0
Rucebo;L. Brouwers;9;8.0;L. Brouwers;M;/players/luuk-brouwers/402458/;luuk-brouwers;402458.0;sportclub-heerenveen;L. Brouwers;4.0
Rucebo;L. Brouwers;9;8.0;L. Brouwers;M;/players/luuk-brouwers/402458/;luuk-brouwers;402458.0;sportclub-heerenveen;L. Brouwers;4.0
Rucebo;T. Parrott;9;9.0;T. Parrott;A;/players/troy-parrot/515624/;troy-parrot;515624.0;stichting-az;T. Parrott;2.3
Rucebo;L. de Jong;9;9.0;L. de Jong;A;/players/luuk-de-jong/65056/;luuk-de-jong;65056.0;psv-nv;L. de Jong;11.78
Rucebo;K. Ogawa;9;18.0;K. Ogawa;A;/players/koki-ogawa/435835/;koki-ogawa;435835.0;nijmegen-eendracht-combinatie;K. Ogawa;2.07
tukkeRoel;V. Barkas;10;1.0;V. Barkas;K;/players/vasileios-barkas/272919/;vasileios-barkas;272919.0;stichting-fc-utrecht;V. Barkas;
tukkeRoel;D. Hancko;10;33.0;D. Hancko;V;/players/david-hancko/391059/;david-hancko;391059.0;feyenoord-rotterdam-nv;D. Hancko;4.0
tukkeRoel;J. Hato;10;4.0;J. Hato;V;/players/jorrel-hato/783173/;jorrel-hato;783173.0;afc-ajax;J. Hato;5.83
tukkeRoel;M. Kohlert;10;11.0;M. Köhlert;V;/players/mats-kohlert/400423/;mats-kohlert;400423.0;sportclub-heerenveen;M. Kohlert;0.0
tukkeRoel;C. Verdonk;10;24.0;C. Verdonk;V;/players/calvin-verdonk/319288/;calvin-verdonk;319288.0;nijmegen-eendracht-combinatie;C. Verdonk;2.83
tukkeRoel;F. Krastev;10;50.0;F. Krastev;M;/players/filip-yavorov-krastev/550509/;filip-yavorov-krastev;550509.0;bvo-fc-zwolle;F. Krastev;1.53
tukkeRoel;S. Mijnans;10;10.0;S. Mijnans;M;/players/sven-mijnans/566000/;sven-mijnans;566000.0;stichting-az;S. Mijnans;0.53
tukkeRoel;A. Verschueren;10;32.0;A. Verschueren;M;/players/arno-vershueren/319385/;arno-vershueren;319385.0;stichting-fc-twente-65;A. Verschueren;4.0
tukkeRoel;S. Steijn;10;14.0;S. Steijn;M;/players/sem-steijn/560623/;sem-steijn;560623.0;stichting-fc-twente-65;S. Steijn;18.0
tukkeRoel;M. Deijl;10;2.0;M. Deijl;V;/players/mats-deijl/402457/;mats-deijl;402457.0;stichting-go-ahead-eagles;M. Deijl;-2.0
tukkeRoel;L. de Jong;10;9.0;L. de Jong;A;/players/luuk-de-jong/65056/;luuk-de-jong;65056.0;psv-nv;L. de Jong;12.33
methodmich;V. Barkas;10;1.0;V. Barkas;K;/players/vasileios-barkas/272919/;vasileios-barkas;272919.0;stichting-fc-utrecht;V. Barkas;
methodmich;M. Dijks;10;35.0;M. Dijks;V;/players/mitchel-dijks/219029/;mitchel-dijks;219029.0;fortuna-sittard;M. Dijks;
methodmich;D. Hancko;10;33.0;D. Hancko;V;/players/david-hancko/391059/;david-hancko;391059.0;feyenoord-rotterdam-nv;D. Hancko;4.0
methodmich;M. Kohlert;10;11.0;M. Köhlert;V;/players/mats-kohlert/400423/;mats-kohlert;400423.0;sportclub-heerenveen;M. Kohlert;0.0
methodmich;S. Mijnans;10;10.0;S. Mijnans;M;/players/sven-mijnans/566000/;sven-mijnans;566000.0;stichting-az;S. Mijnans;0.53
methodmich;S. 't Zand;10;25.0;S. 't Zand;M;/players/shiloh-t-zand/824640/;shiloh-t-zand;824640.0;feyenoord-rotterdam-nv;S. 't Zand;3.0
methodmich;S. Steijn;10;14.0;S. Steijn;M;/players/sem-steijn/560623/;sem-steijn;560623.0;stichting-fc-twente-65;S. Steijn;18.0
methodmich;K. Sano;10;23.0;K. Sano;M;/players/kodai-sano/815318/;kodai-sano;815318.0;nijmegen-eendracht-combinatie;K. Sano;7.47
methodmich;L. de Jong;10;9.0;L. de Jong;A;/players/luuk-de-jong/65056/;luuk-de-jong;65056.0;psv-nv;L. de Jong;12.33
methodmich;W. Weghorst;10;25.0;W. Weghorst;A;/players/wout-weghorst/255205/;wout-weghorst;255205.0;afc-ajax;W. Weghorst;12.72
methodmich;T. Lauritsen;10;;T. Lauritsen;A;/players/tobias-lauritsen/406745/;tobias-lauritsen;406745.0;sparta-rotterdam-bv;T. Lauritsen;
FMNederland;V. Barkas;10;1.0;V. Barkas;K;/players/vasileios-barkas/272919/;vasileios-barkas;272919.0;stichting-fc-utrecht;V. Barkas;
FMNederland;M. Kohlert;10;11.0;M. Köhlert;V;/players/mats-kohlert/400423/;mats-kohlert;400423.0;sportclub-heerenveen;M. Kohlert;0.0
FMNederland;M. Deijl;10;2.0;M. Deijl;V;/players/mats-deijl/402457/;mats-deijl;402457.0;stichting-go-ahead-eagles;M. Deijl;-2.0
FMNederland;C. Verdonk;10;24.0;C. Verdonk;V;/players/calvin-verdonk/319288/;calvin-verdonk;319288.0;nijmegen-eendracht-combinatie;C. Verdonk;2.83
FMNederland;O. Boscagli;10;18.0;O. Boscagli;V;/players/olivier-boscagli/329542/;olivier-boscagli;329542.0;psv-nv;O. Boscagli;4.0
FMNederland;S. Bastien;10;22.0;S. Bastien;M;/players/samuel-bastien/314097/;samuel-bastien;314097.0;fortuna-sittard;S. Bastien;6.38
FMNederland;S. Steijn;10;14.0;S. Steijn;M;/players/sem-steijn/560623/;sem-steijn;560623.0;stichting-fc-twente-65;S. Steijn;18.0
FMNederland;Q. Timber;10;8.0;Q. Timber;M;/players/quinten-maduro/463017/;quinten-maduro;463017.0;feyenoord-rotterdam-nv;Q. Timber;14.0
FMNederland;T. Robinet;10;9.0;T. Robinet;A;/players/thomas-robinet/312659/;thomas-robinet;312659.0;fc-omniworld;T. Robinet;12.0
FMNederland;T. Lauritsen;10;;T. Lauritsen;A;/players/tobias-lauritsen/406745/;tobias-lauritsen;406745.0;sparta-rotterdam-bv;T. Lauritsen;
FMNederland;T. Parrott;10;9.0;T. Parrott;A;/players/troy-parrot/515624/;troy-parrot;515624.0;stichting-az;T. Parrott;2.07
crispy;L. Unnerstall;10;1.0;L. Unnerstall;K;/players/lars-unnerstall/81320/;lars-unnerstall;81320.0;stichting-fc-twente-65;L. Unnerstall;2.0
crispy;C. Verdonk;10;24.0;C. Verdonk;V;/players/calvin-verdonk/319288/;calvin-verdonk;319288.0;nijmegen-eendracht-combinatie;C. Verdonk;2.83
crispy;S. El Karouani;10;16.0;S. El Karouani;V;/players/souffian-elkarouani/537878/;souffian-elkarouani;537878.0;stichting-fc-utrecht;S. El Karouani;13.0
crispy;M. Kohlert;10;11.0;M. Köhlert;V;/players/mats-kohlert/400423/;mats-kohlert;400423.0;sportclub-heerenveen;M. Kohlert;0.0
crispy;D. Hancko;10;33.0;D. Hancko;V;/players/david-hancko/391059/;david-hancko;391059.0;feyenoord-rotterdam-nv;D. Hancko;4.0
crispy;J. Schreuders;10;14.0;J. Schreuders;M;/players/jorg-schreuders/877779/;jorg-schreuders;877779.0;stichting-fc-groningen;J. Schreuders;2.77
crispy;A. Verschueren;10;32.0;A. Verschueren;M;/players/arno-vershueren/319385/;arno-vershueren;319385.0;stichting-fc-twente-65;A. Verschueren;4.0
crispy;S. Mijnans;10;10.0;S. Mijnans;M;/players/sven-mijnans/566000/;sven-mijnans;566000.0;stichting-az;S. Mijnans;0.53
crispy;A. Halilovic;10;10.0;A. Halilović;M;/players/alen-halilovi/270136/;alen-halilovi;270136.0;fortuna-sittard;A. Halilovic;6.38
crispy;K. Taylor;10;8.0;K. Taylor;M;/players/kenneth-taylor/508784/;kenneth-taylor;508784.0;afc-ajax;K. Taylor;3.22
crispy;L. de Jong;10;9.0;L. de Jong;A;/players/luuk-de-jong/65056/;luuk-de-jong;65056.0;psv-nv;L. de Jong;12.33
svvthomas;N. Olij;10;;N. Olij;K;/players/nick-olij/235322/;nick-olij;235322.0;sparta-rotterdam-bv;N. Olij;2.0
svvthomas;M. Deijl;10;2.0;M. Deijl;V;/players/mats-deijl/402457/;mats-deijl;402457.0;stichting-go-ahead-eagles;M. Deijl;-2.0
svvthomas;D. Hancko;10;33.0;D. Hancko;V;/players/david-hancko/391059/;david-hancko;391059.0;feyenoord-rotterdam-nv;D. Hancko;4.0
svvthomas;D. Mirani;10;4.0;D. Mirani;V;/players/damon-mirani/289811/;damon-mirani;289811.0;stichting-heracles-almelo;D. Mirani;-1.0
svvthomas;C. Sandra;10;14.0;C. Sandra;M;/players/cisse-sandra/638266/;cisse-sandra;638266.0;sbv-willem-ii-tilburg;C. Sandra;7.0
svvthomas;D. Janosek;10;39.0;D. Janošek;M;/players/dominik-janosek/492661/;dominik-janosek;492661.0;nac-bv;D. Janosek;1.33
svvthomas;L. Brouwers;10;8.0;L. Brouwers;M;/players/luuk-brouwers/402458/;luuk-brouwers;402458.0;sportclub-heerenveen;L. Brouwers;1.0
svvthomas;S. Steijn;10;14.0;S. Steijn;M;/players/sem-steijn/560623/;sem-steijn;560623.0;stichting-fc-twente-65;S. Steijn;18.0
svvthomas;T. Parrott;10;9.0;T. Parrott;A;/players/troy-parrot/515624/;troy-parrot;515624.0;stichting-az;T. Parrott;2.07
svvthomas;L. de Jong;10;9.0;L. de Jong;A;/players/luuk-de-jong/65056/;luuk-de-jong;65056.0;psv-nv;L. de Jong;12.33
svvthomas;B. Brobbey;10;9.0;B. Brobbey;A;/players/brian-brobbey/520146/;brian-brobbey;520146.0;afc-ajax;B. Brobbey;1.28
El Cid;L. Unnerstall;10;1.0;L. Unnerstall;K;/players/lars-unnerstall/81320/;lars-unnerstall;81320.0;stichting-fc-twente-65;L. Unnerstall;2.0
El Cid;P. Bochniewicz;10;5.0;P. Bochniewicz;V;/players/pawe-bochniewicz/273911/;pawe-bochniewicz;273911.0;sportclub-heerenveen;P. Bochniewicz;0.0
El Cid;B. Nieuwkoop;10;2.0;B. Nieuwkoop;V;/players/bart-nieuwkoop/275124/;bart-nieuwkoop;275124.0;feyenoord-rotterdam-nv;B. Nieuwkoop;
El Cid;D. van der Kust;10;;D. van der Kust;V;/players/djevencio-van-der-kust/569309/;djevencio-van-der-kust;569309.0;sparta-rotterdam-bv;D. van der Kust;1.53
El Cid;A. Halilovic;10;10.0;A. Halilović;M;/players/alen-halilovi/270136/;alen-halilovi;270136.0;fortuna-sittard;A. Halilovic;6.38
El Cid;L. Valente;10;10.0;L. Valente;M;/players/luciano-valente/703884/;luciano-valente;703884.0;stichting-fc-groningen;L. Valente;3.0
El Cid;V. Jensen;10;7.0;V. Jensen;M;/players/victor-jensen/460509/;victor-jensen;460509.0;stichting-fc-utrecht;V. Jensen;7.38
El Cid;D. Proper;10;71.0;D. Proper;M;/players/dirk-proper/525939/;dirk-proper;525939.0;nijmegen-eendracht-combinatie;D. Proper;
El Cid;B. Traore;10;20.0;B. Traoré;A;/players/bertrand-traore/102801/;bertrand-traore;102801.0;afc-ajax;B. Traore;12.06
El Cid;L. de Jong;10;9.0;L. de Jong;A;/players/luuk-de-jong/65056/;luuk-de-jong;65056.0;psv-nv;L. de Jong;12.33
El Cid;T. Parrott;10;9.0;T. Parrott;A;/players/troy-parrot/515624/;troy-parrot;515624.0;stichting-az;T. Parrott;2.07
Otis.;V. Barkas;10;1.0;V. Barkas;K;/players/vasileios-barkas/272919/;vasileios-barkas;272919.0;stichting-fc-utrecht;V. Barkas;
Otis.;M. Deijl;10;2.0;M. Deijl;V;/players/mats-deijl/402457/;mats-deijl;402457.0;stichting-go-ahead-eagles;M. Deijl;-2.0
Otis.;M. Hilgers;10;2.0;M. Hilgers;V;/players/mees-hilgers/627701/;mees-hilgers;627701.0;stichting-fc-twente-65;M. Hilgers;2.0
Otis.;J. Hato;10;4.0;J. Hato;V;/players/jorrel-hato/783173/;jorrel-hato;783173.0;afc-ajax;J. Hato;5.83
Otis.;G. Smal;10;5.0;G. Smal;V;/players/gijs-smal/508760/;gijs-smal;508760.0;feyenoord-rotterdam-nv;G. Smal;0.22
Otis.;S. Mijnans;10;10.0;S. Mijnans;M;/players/sven-mijnans/566000/;sven-mijnans;566000.0;stichting-az;S. Mijnans;0.53
Otis.;Rober;10;7.0;Róber;M;/players/roberto-gonzalez-bayon/500171/;roberto-gonzalez-bayon;500171.0;nijmegen-eendracht-combinatie;Rober;1.51
Otis.;P. Clement;10;;P. Clement;M;/players/pelle-clement/379793/;pelle-clement;379793.0;sparta-rotterdam-bv;P. Clement;11.0
Otis.;D. Karlsbakk;10;9.0;D. Karlsbakk;A;/players/daniel-seland-karlsbakk/629619/;daniel-seland-karlsbakk;629619.0;sportclub-heerenveen;D. Karlsbakk;
Otis.;L. de Jong;10;9.0;L. de Jong;A;/players/luuk-de-jong/65056/;luuk-de-jong;65056.0;psv-nv;L. de Jong;12.33
Otis.;L. Kulenovic;10;19.0;L. Kulenović;A;/players/luka-kulenovi/631882/;luka-kulenovi;631882.0;stichting-heracles-almelo;L. Kulenovic;19.0
Gordon Shumway;S. Steijn;10;14.0;S. Steijn;M;/players/sem-steijn/560623/;sem-steijn;560623.0;stichting-fc-twente-65;S. Steijn;18.0
Gordon Shumway;B. Nieuwkoop;10;2.0;B. Nieuwkoop;V;/players/bart-nieuwkoop/275124/;bart-nieuwkoop;275124.0;feyenoord-rotterdam-nv;B. Nieuwkoop;
Gordon Shumway;J. Hato;10;4.0;J. Hato;V;/players/jorrel-hato/783173/;jorrel-hato;783173.0;afc-ajax;J. Hato;5.83
Gordon Shumway;M. Kohlert;10;11.0;M. Köhlert;V;/players/mats-kohlert/400423/;mats-kohlert;400423.0;sportclub-heerenveen;M. Kohlert;0.0
Gordon Shumway;C. Neghli;10;;C. Neghli;A;/players/camiel-neghli/680707/;camiel-neghli;680707.0;sparta-rotterdam-bv;C. Neghli;12.0
Gordon Shumway;L. Valente;10;10.0;L. Valente;M;/players/luciano-valente/703884/;luciano-valente;703884.0;stichting-fc-groningen;L. Valente;3.0
Gordon Shumway;D. Proper;10;71.0;D. Proper;M;/players/dirk-proper/525939/;dirk-proper;525939.0;nijmegen-eendracht-combinatie;D. Proper;
Gordon Shumway;V. Jensen;10;7.0;V. Jensen;M;/players/victor-jensen/460509/;victor-jensen;460509.0;stichting-fc-utrecht;V. Jensen;7.38
Gordon Shumway;L. de Jong;10;9.0;L. de Jong;A;/players/luuk-de-jong/65056/;luuk-de-jong;65056.0;psv-nv;L. de Jong;12.33
Gordon Shumway;!K. Sierhuis;10;;;;;;;;;
Gordon Shumway;T. Parrott;10;9.0;T. Parrott;A;/players/troy-parrot/515624/;troy-parrot;515624.0;stichting-az;T. Parrott;2.07
Suikerbrood;N. Olij;10;;N. Olij;K;/players/nick-olij/235322/;nick-olij;235322.0;sparta-rotterdam-bv;N. Olij;2.0
Suikerbrood;S. Olsson;10;19.0;S. Olsson;M;/players/simon-olsson/423888/;simon-olsson;423888.0;sportclub-heerenveen;S. Olsson;0.4
Suikerbrood;D. Rensch;10;2.0;D. Rensch;V;/players/devyne-rensch/601396/;devyne-rensch;601396.0;afc-ajax;D. Rensch;2.0
Suikerbrood;J. Amofa;10;25.0;J. Amofa;V;/players/jamal-amofa/668121/;jamal-amofa;668121.0;stichting-go-ahead-eagles;J. Amofa;0.0
Suikerbrood;N. Viergever;10;24.0;N. Viergever;V;/players/nick--viergever/78529/;nick--viergever;78529.0;stichting-fc-utrecht;N. Viergever;15.0
Suikerbrood;D. Proper;10;71.0;D. Proper;M;/players/dirk-proper/525939/;dirk-proper;525939.0;nijmegen-eendracht-combinatie;D. Proper;
Suikerbrood;M. Vlap;10;18.0;M. Vlap;M;/players/michel-vlap/407742/;michel-vlap;407742.0;stichting-fc-twente-65;M. Vlap;0.44
Suikerbrood;A. Halilovic;10;10.0;A. Halilović;M;/players/alen-halilovi/270136/;alen-halilovi;270136.0;fortuna-sittard;A. Halilovic;6.38
Suikerbrood;A. Ueda;10;9.0;A. Ueda;A;/players/ayase-ueda/551425/;ayase-ueda;551425.0;feyenoord-rotterdam-nv;A. Ueda;12.06
Suikerbrood;R. van Bommel;10;7.0;R. van Bommel;A;/players/ruben-van-bommel/834074/;ruben-van-bommel;834074.0;stichting-az;R. van Bommel;3.0
Suikerbrood;L. de Jong;10;9.0;L. de Jong;A;/players/luuk-de-jong/65056/;luuk-de-jong;65056.0;psv-nv;L. de Jong;12.33
EnGCatjuh;N. Olij;10;;N. Olij;K;/players/nick-olij/235322/;nick-olij;235322.0;sparta-rotterdam-bv;N. Olij;2.0
EnGCatjuh;M. Kohlert;10;11.0;M. Köhlert;V;/players/mats-kohlert/400423/;mats-kohlert;400423.0;sportclub-heerenveen;M. Kohlert;0.0
EnGCatjuh;O. Boscagli;10;18.0;O. Boscagli;V;/players/olivier-boscagli/329542/;olivier-boscagli;329542.0;psv-nv;O. Boscagli;4.0
EnGCatjuh;S. El Karouani;10;16.0;S. El Karouani;V;/players/souffian-elkarouani/537878/;souffian-elkarouani;537878.0;stichting-fc-utrecht;S. El Karouani;13.0
EnGCatjuh;A. Ueda;10;9.0;A. Ueda;A;/players/ayase-ueda/551425/;ayase-ueda;551425.0;feyenoord-rotterdam-nv;A. Ueda;12.06
EnGCatjuh;J. Schreuders;10;14.0;J. Schreuders;M;/players/jorg-schreuders/877779/;jorg-schreuders;877779.0;stichting-fc-groningen;J. Schreuders;2.77
EnGCatjuh;D. Proper;10;71.0;D. Proper;M;/players/dirk-proper/525939/;dirk-proper;525939.0;nijmegen-eendracht-combinatie;D. Proper;
EnGCatjuh;S. Steijn;10;14.0;S. Steijn;M;/players/sem-steijn/560623/;sem-steijn;560623.0;stichting-fc-twente-65;S. Steijn;18.0
EnGCatjuh;T. Parrott;10;9.0;T. Parrott;A;/players/troy-parrot/515624/;troy-parrot;515624.0;stichting-az;T. Parrott;2.07
EnGCatjuh;B. Brobbey;10;9.0;B. Brobbey;A;/players/brian-brobbey/520146/;brian-brobbey;520146.0;afc-ajax;B. Brobbey;1.28
EnGCatjuh;R. Meerveld;10;16.0;R. Meerveld;M;/players/ringo-meerveld/623815/;ringo-meerveld;623815.0;sbv-willem-ii-tilburg;R. Meerveld;7.0
Vishandel Makaay;R. Pasveer;10;22.0;R. Pasveer;K;/players/remko-pasveer/49689/;remko-pasveer;49689.0;afc-ajax;R. Pasveer;2.0
Vishandel Makaay;R. Flamingo;10;6.0;R. Flamingo;V;/players/ryan-flamingo/627724/;ryan-flamingo;627724.0;psv-nv;R. Flamingo;4.0
Vishandel Makaay;J. Lelieveld;10;2.0;J. Lelieveld;V;/players/julian-lelieveld/407738/;julian-lelieveld;407738.0;rkc-waalwijk;J. Lelieveld;0.33
Vishandel Makaay;K. Leerdam;10;18.0;K. Leerdam;V;/players/kelvin-leerdam/68354/;kelvin-leerdam;68354.0;stichting-heracles-almelo;K. Leerdam;0.0
Vishandel Makaay;M. Dijks;10;35.0;M. Dijks;V;/players/mitchel-dijks/219029/;mitchel-dijks;219029.0;fortuna-sittard;M. Dijks;
Vishandel Makaay;T. Oosting;10;25.0;T. Oosting;M;/players/thijs-oosting/477591/;thijs-oosting;477591.0;stichting-fc-groningen;T. Oosting;0.23
Vishandel Makaay;E. van Ee;10;21.0;E. van Ee;M;/players/espen-van-ee/921919/;espen-van-ee;921919.0;sportclub-heerenveen;E. van Ee;0.0
Vishandel Makaay;P. Aaronson;10;21.0;P. Aaronson;M;/players/paxten-aaronson/576828/;paxten-aaronson;576828.0;stichting-fc-utrecht;P. Aaronson;6.0
Vishandel Makaay;R. Kuijpers;10;17.0;R. Kuijpers;A;/players/roy-kuijpers/663306/;roy-kuijpers;663306.0;nac-bv;R. Kuijpers;0.0
Vishandel Makaay;R. van Wolfswinkel;10;9.0;R. van Wolfswinkel;A;/players/ricky-van-wolfswinkel/59407/;ricky-van-wolfswinkel;59407.0;stichting-fc-twente-65;R. van Wolfswinkel;4.0
Vishandel Makaay;T. Buitink;10;29.0;T. Buitink;A;/players/thomas-buitnik/457668/;thomas-buitnik;457668.0;bvo-fc-zwolle;T. Buitink;0.0
Friggles;L. Unnerstall;10;1.0;L. Unnerstall;K;/players/lars-unnerstall/81320/;lars-unnerstall;81320.0;stichting-fc-twente-65;L. Unnerstall;2.0
Friggles;T. Quintero;10;;T. Quintero;V;/players/teo-quintero/565562/;teo-quintero;565562.0;sparta-rotterdam-bv;T. Quintero;
Friggles;M. Deijl;10;2.0;M. Deijl;V;/players/mats-deijl/402457/;mats-deijl;402457.0;stichting-go-ahead-eagles;M. Deijl;-2.0
Friggles;S. El Karouani;10;16.0;S. El Karouani;V;/players/souffian-elkarouani/537878/;souffian-elkarouani;537878.0;stichting-fc-utrecht;S. El Karouani;13.0
Friggles;S. Mijnans;10;10.0;S. Mijnans;M;/players/sven-mijnans/566000/;sven-mijnans;566000.0;stichting-az;S. Mijnans;0.53
Friggles;D. Proper;10;71.0;D. Proper;M;/players/dirk-proper/525939/;dirk-proper;525939.0;nijmegen-eendracht-combinatie;D. Proper;
Friggles;M. Kohlert;10;11.0;M. Köhlert;V;/players/mats-kohlert/400423/;mats-kohlert;400423.0;sportclub-heerenveen;M. Kohlert;0.0
Friggles;S. 't Zand;10;25.0;S. 't Zand;M;/players/shiloh-t-zand/824640/;shiloh-t-zand;824640.0;feyenoord-rotterdam-nv;S. 't Zand;3.0
Friggles;Q. Timber;10;8.0;Q. Timber;M;/players/quinten-maduro/463017/;quinten-maduro;463017.0;feyenoord-rotterdam-nv;Q. Timber;14.0
Friggles;L. de Jong;10;9.0;L. de Jong;A;/players/luuk-de-jong/65056/;luuk-de-jong;65056.0;psv-nv;L. de Jong;12.33
Friggles;B. Brobbey;10;9.0;B. Brobbey;A;/players/brian-brobbey/520146/;brian-brobbey;520146.0;afc-ajax;B. Brobbey;1.28
Jay-Jay;N. Olij;10;;N. Olij;K;/players/nick-olij/235322/;nick-olij;235322.0;sparta-rotterdam-bv;N. Olij;2.0
Jay-Jay;S. Maikuma;10;16.0;S. Maikuma;V;/players/seiya-maikuma/651537/;seiya-maikuma;651537.0;stichting-az;S. Maikuma;1.0
Jay-Jay;M. Deijl;10;2.0;M. Deijl;V;/players/mats-deijl/402457/;mats-deijl;402457.0;stichting-go-ahead-eagles;M. Deijl;-2.0
Jay-Jay;S. El Karouani;10;16.0;S. El Karouani;V;/players/souffian-elkarouani/537878/;souffian-elkarouani;537878.0;stichting-fc-utrecht;S. El Karouani;13.0
Jay-Jay;Ivo Pinto;10;12.0;Ivo Pinto;V;/players/ivo-pinto/86672/;ivo-pinto;86672.0;fortuna-sittard;Ivo Pinto;14.0
Jay-Jay;L. de Jong;10;9.0;L. de Jong;A;/players/luuk-de-jong/65056/;luuk-de-jong;65056.0;psv-nv;L. de Jong;12.33
Jay-Jay;Rober;10;7.0;Róber;M;/players/roberto-gonzalez-bayon/500171/;roberto-gonzalez-bayon;500171.0;nijmegen-eendracht-combinatie;Rober;1.51
Jay-Jay;S. Olsson;10;19.0;S. Olsson;M;/players/simon-olsson/423888/;simon-olsson;423888.0;sportclub-heerenveen;S. Olsson;0.4
Jay-Jay;Q. Timber;10;8.0;Q. Timber;M;/players/quinten-maduro/463017/;quinten-maduro;463017.0;feyenoord-rotterdam-nv;Q. Timber;14.0
Jay-Jay;B. Brobbey;10;9.0;B. Brobbey;A;/players/brian-brobbey/520146/;brian-brobbey;520146.0;afc-ajax;B. Brobbey;1.28
Jay-Jay;S. Lammers;10;10.0;S. Lammers;A;/players/sam-lammers/407736/;sam-lammers;407736.0;stichting-fc-twente-65;S. Lammers;4.0
Rucebo;V. Barkas;10;1.0;V. Barkas;K;/players/vasileios-barkas/272919/;vasileios-barkas;272919.0;stichting-fc-utrecht;V. Barkas;
Rucebo;Ivo Pinto;10;12.0;Ivo Pinto;V;/players/ivo-pinto/86672/;ivo-pinto;86672.0;fortuna-sittard;Ivo Pinto;14.0
Rucebo;J. Hato;10;4.0;J. Hato;V;/players/jorrel-hato/783173/;jorrel-hato;783173.0;afc-ajax;J. Hato;5.83
Rucebo;D. Hancko;10;33.0;D. Hancko;V;/players/david-hancko/391059/;david-hancko;391059.0;feyenoord-rotterdam-nv;D. Hancko;4.0
Rucebo;M. Deijl;10;2.0;M. Deijl;V;/players/mats-deijl/402457/;mats-deijl;402457.0;stichting-go-ahead-eagles;M. Deijl;-2.0
Rucebo;S. Steijn;10;14.0;S. Steijn;M;/players/sem-steijn/560623/;sem-steijn;560623.0;stichting-fc-twente-65;S. Steijn;18.0
Rucebo;A. Verschueren;10;32.0;A. Verschueren;M;/players/arno-vershueren/319385/;arno-vershueren;319385.0;stichting-fc-twente-65;A. Verschueren;4.0
Rucebo;L. Brouwers;10;8.0;L. Brouwers;M;/players/luuk-brouwers/402458/;luuk-brouwers;402458.0;sportclub-heerenveen;L. Brouwers;1.0
Rucebo;T. Parrott;10;9.0;T. Parrott;A;/players/troy-parrot/515624/;troy-parrot;515624.0;stichting-az;T. Parrott;2.07
Rucebo;L. de Jong;10;9.0;L. de Jong;A;/players/luuk-de-jong/65056/;luuk-de-jong;65056.0;psv-nv;L. de Jong;12.33
Rucebo;K. Ogawa;10;18.0;K. Ogawa;A;/players/koki-ogawa/435835/;koki-ogawa;435835.0;nijmegen-eendracht-combinatie;K. Ogawa;5.6
tukkeRoel;V. Barkas;11;1.0;V. Barkas;K;/players/vasileios-barkas/272919/;vasileios-barkas;272919.0;stichting-fc-utrecht;V. Barkas;1.0
tukkeRoel;D. Hancko;11;33.0;D. Hancko;V;/players/david-hancko/391059/;david-hancko;391059.0;feyenoord-rotterdam-nv;D. Hancko;15.0
tukkeRoel;J. Hato;11;4.0;J. Hato;V;/players/jorrel-hato/783173/;jorrel-hato;783173.0;afc-ajax;J. Hato;1.0
tukkeRoel;M. Kohlert;11;11.0;M. Köhlert;V;/players/mats-kohlert/400423/;mats-kohlert;400423.0;sportclub-heerenveen;M. Kohlert;21.0
tukkeRoel;C. Verdonk;11;24.0;C. Verdonk;V;/players/calvin-verdonk/319288/;calvin-verdonk;319288.0;nijmegen-eendracht-combinatie;C. Verdonk;0.47
tukkeRoel;F. Krastev;11;50.0;F. Krastev;M;/players/filip-yavorov-krastev/550509/;filip-yavorov-krastev;550509.0;bvo-fc-zwolle;F. Krastev;1.1
tukkeRoel;S. Mijnans;11;10.0;S. Mijnans;M;/players/sven-mijnans/566000/;sven-mijnans;566000.0;stichting-az;S. Mijnans;2.0
tukkeRoel;A. Verschueren;11;32.0;A. Verschueren;M;/players/arno-vershueren/319385/;arno-vershueren;319385.0;stichting-fc-twente-65;A. Verschueren;3.0
tukkeRoel;S. Steijn;11;14.0;S. Steijn;M;/players/sem-steijn/560623/;sem-steijn;560623.0;stichting-fc-twente-65;S. Steijn;7.47
tukkeRoel;M. Deijl;11;2.0;M. Deijl;V;/players/mats-deijl/402457/;mats-deijl;402457.0;stichting-go-ahead-eagles;M. Deijl;2.0
tukkeRoel;L. de Jong;11;9.0;L. de Jong;A;/players/luuk-de-jong/65056/;luuk-de-jong;65056.0;psv-nv;L. de Jong;-1.2
methodmich;V. Barkas;11;1.0;V. Barkas;K;/players/vasileios-barkas/272919/;vasileios-barkas;272919.0;stichting-fc-utrecht;V. Barkas;1.0
methodmich;M. Dijks;11;35.0;M. Dijks;V;/players/mitchel-dijks/219029/;mitchel-dijks;219029.0;fortuna-sittard;M. Dijks;11.33
methodmich;D. Hancko;11;33.0;D. Hancko;V;/players/david-hancko/391059/;david-hancko;391059.0;feyenoord-rotterdam-nv;D. Hancko;15.0
methodmich;M. Kohlert;11;11.0;M. Köhlert;V;/players/mats-kohlert/400423/;mats-kohlert;400423.0;sportclub-heerenveen;M. Kohlert;21.0
methodmich;S. Mijnans;11;10.0;S. Mijnans;M;/players/sven-mijnans/566000/;sven-mijnans;566000.0;stichting-az;S. Mijnans;2.0
methodmich;S. 't Zand;11;25.0;S. 't Zand;M;/players/shiloh-t-zand/824640/;shiloh-t-zand;824640.0;feyenoord-rotterdam-nv;S. 't Zand;3.0
methodmich;S. Steijn;11;14.0;S. Steijn;M;/players/sem-steijn/560623/;sem-steijn;560623.0;stichting-fc-twente-65;S. Steijn;7.47
methodmich;K. Sano;11;23.0;K. Sano;M;/players/kodai-sano/815318/;kodai-sano;815318.0;nijmegen-eendracht-combinatie;K. Sano;2.77
methodmich;L. de Jong;11;9.0;L. de Jong;A;/players/luuk-de-jong/65056/;luuk-de-jong;65056.0;psv-nv;L. de Jong;-1.2
methodmich;W. Weghorst;11;25.0;W. Weghorst;A;/players/wout-weghorst/255205/;wout-weghorst;255205.0;afc-ajax;W. Weghorst;0.0
methodmich;T. Lauritsen;11;;T. Lauritsen;A;/players/tobias-lauritsen/406745/;tobias-lauritsen;406745.0;sparta-rotterdam-bv;T. Lauritsen;3.0
FMNederland;V. Barkas;11;1.0;V. Barkas;K;/players/vasileios-barkas/272919/;vasileios-barkas;272919.0;stichting-fc-utrecht;V. Barkas;1.0
FMNederland;M. Kohlert;11;11.0;M. Köhlert;V;/players/mats-kohlert/400423/;mats-kohlert;400423.0;sportclub-heerenveen;M. Kohlert;21.0
FMNederland;M. Deijl;11;2.0;M. Deijl;V;/players/mats-deijl/402457/;mats-deijl;402457.0;stichting-go-ahead-eagles;M. Deijl;2.0
FMNederland;C. Verdonk;11;24.0;C. Verdonk;V;/players/calvin-verdonk/319288/;calvin-verdonk;319288.0;nijmegen-eendracht-combinatie;C. Verdonk;0.47
FMNederland;O. Boscagli;11;18.0;O. Boscagli;V;/players/olivier-boscagli/329542/;olivier-boscagli;329542.0;psv-nv;O. Boscagli;10.5
FMNederland;S. Bastien;11;22.0;S. Bastien;M;/players/samuel-bastien/314097/;samuel-bastien;314097.0;fortuna-sittard;S. Bastien;
FMNederland;S. Steijn;11;14.0;S. Steijn;M;/players/sem-steijn/560623/;sem-steijn;560623.0;stichting-fc-twente-65;S. Steijn;7.47
FMNederland;Q. Timber;11;8.0;Q. Timber;M;/players/quinten-maduro/463017/;quinten-maduro;463017.0;feyenoord-rotterdam-nv;Q. Timber;15.0
FMNederland;T. Robinet;11;9.0;T. Robinet;A;/players/thomas-robinet/312659/;thomas-robinet;312659.0;fc-omniworld;T. Robinet;6.0
FMNederland;T. Lauritsen;11;;T. Lauritsen;A;/players/tobias-lauritsen/406745/;tobias-lauritsen;406745.0;sparta-rotterdam-bv;T. Lauritsen;3.0
FMNederland;T. Parrott;11;9.0;T. Parrott;A;/players/troy-parrot/515624/;troy-parrot;515624.0;stichting-az;T. Parrott;10.6
crispy;L. Unnerstall;11;1.0;L. Unnerstall;K;/players/lars-unnerstall/81320/;lars-unnerstall;81320.0;stichting-fc-twente-65;L. Unnerstall;17.0
crispy;B. Pereira;11;2.0;B. Pereira;V;/players/brayann-pereira/640596/;brayann-pereira;640596.0;nijmegen-eendracht-combinatie;B. Pereira;-0.47
crispy;S. El Karouani;11;16.0;S. El Karouani;V;/players/souffian-elkarouani/537878/;souffian-elkarouani;537878.0;stichting-fc-utrecht;S. El Karouani;1.0
crispy;M. Kohlert;11;11.0;M. Köhlert;V;/players/mats-kohlert/400423/;mats-kohlert;400423.0;sportclub-heerenveen;M. Kohlert;21.0
crispy;D. Hancko;11;33.0;D. Hancko;V;/players/david-hancko/391059/;david-hancko;391059.0;feyenoord-rotterdam-nv;D. Hancko;15.0
crispy;J. Schreuders;11;14.0;J. Schreuders;M;/players/jorg-schreuders/877779/;jorg-schreuders;877779.0;stichting-fc-groningen;J. Schreuders;2.63
crispy;A. Verschueren;11;32.0;A. Verschueren;M;/players/arno-vershueren/319385/;arno-vershueren;319385.0;stichting-fc-twente-65;A. Verschueren;3.0
crispy;S. Mijnans;11;10.0;S. Mijnans;M;/players/sven-mijnans/566000/;sven-mijnans;566000.0;stichting-az;S. Mijnans;2.0
crispy;A. Halilovic;11;10.0;A. Halilović;M;/players/alen-halilovi/270136/;alen-halilovi;270136.0;fortuna-sittard;A. Halilovic;
crispy;K. Taylor;11;8.0;K. Taylor;M;/players/kenneth-taylor/508784/;kenneth-taylor;508784.0;afc-ajax;K. Taylor;2.31
crispy;L. de Jong;11;9.0;L. de Jong;A;/players/luuk-de-jong/65056/;luuk-de-jong;65056.0;psv-nv;L. de Jong;-1.2
svvthomas;N. Olij;11;;N. Olij;K;/players/nick-olij/235322/;nick-olij;235322.0;sparta-rotterdam-bv;N. Olij;1.0
svvthomas;M. Deijl;11;2.0;M. Deijl;V;/players/mats-deijl/402457/;mats-deijl;402457.0;stichting-go-ahead-eagles;M. Deijl;2.0
svvthomas;D. Hancko;11;33.0;D. Hancko;V;/players/david-hancko/391059/;david-hancko;391059.0;feyenoord-rotterdam-nv;D. Hancko;15.0
svvthomas;D. Mirani;11;4.0;D. Mirani;V;/players/damon-mirani/289811/;damon-mirani;289811.0;stichting-heracles-almelo;D. Mirani;-2.0
svvthomas;C. Sandra;11;14.0;C. Sandra;M;/players/cisse-sandra/638266/;cisse-sandra;638266.0;sbv-willem-ii-tilburg;C. Sandra;2.3
svvthomas;D. Janosek;11;39.0;D. Janošek;M;/players/dominik-janosek/492661/;dominik-janosek;492661.0;nac-bv;D. Janosek;6.28
svvthomas;D. Janosek;11;39.0;D. Janošek;M;/players/dominik-janosek/492661/;dominik-janosek;492661.0;nac-bv;D. Janosek;6.28
svvthomas;L. Brouwers;11;8.0;L. Brouwers;M;/players/luuk-brouwers/402458/;luuk-brouwers;402458.0;sportclub-heerenveen;L. Brouwers;6.0
svvthomas;S. Steijn;11;14.0;S. Steijn;M;/players/sem-steijn/560623/;sem-steijn;560623.0;stichting-fc-twente-65;S. Steijn;7.47
svvthomas;T. Parrott;11;9.0;T. Parrott;A;/players/troy-parrot/515624/;troy-parrot;515624.0;stichting-az;T. Parrott;10.6
svvthomas;L. de Jong;11;9.0;L. de Jong;A;/players/luuk-de-jong/65056/;luuk-de-jong;65056.0;psv-nv;L. de Jong;-1.2
svvthomas;B. Brobbey;11;9.0;B. Brobbey;A;/players/brian-brobbey/520146/;brian-brobbey;520146.0;afc-ajax;B. Brobbey;6.0
El Cid;L. Unnerstall;11;1.0;L. Unnerstall;K;/players/lars-unnerstall/81320/;lars-unnerstall;81320.0;stichting-fc-twente-65;L. Unnerstall;17.0
El Cid;P. Bochniewicz;11;5.0;P. Bochniewicz;V;/players/pawe-bochniewicz/273911/;pawe-bochniewicz;273911.0;sportclub-heerenveen;P. Bochniewicz;13.0
El Cid;B. Nieuwkoop;11;2.0;B. Nieuwkoop;V;/players/bart-nieuwkoop/275124/;bart-nieuwkoop;275124.0;feyenoord-rotterdam-nv;B. Nieuwkoop;
El Cid;D. van der Kust;11;;D. van der Kust;V;/players/djevencio-van-der-kust/569309/;djevencio-van-der-kust;569309.0;sparta-rotterdam-bv;D. van der Kust;1.0
El Cid;A. Halilovic;11;10.0;A. Halilović;M;/players/alen-halilovi/270136/;alen-halilovi;270136.0;fortuna-sittard;A. Halilovic;
El Cid;L. Valente;11;10.0;L. Valente;M;/players/luciano-valente/703884/;luciano-valente;703884.0;stichting-fc-groningen;L. Valente;3.0
El Cid;V. Jensen;11;7.0;V. Jensen;M;/players/victor-jensen/460509/;victor-jensen;460509.0;stichting-fc-utrecht;V. Jensen;-0.1
El Cid;D. Proper;11;71.0;D. Proper;M;/players/dirk-proper/525939/;dirk-proper;525939.0;nijmegen-eendracht-combinatie;D. Proper;
El Cid;B. Traore;11;20.0;B. Traoré;A;/players/bertrand-traore/102801/;bertrand-traore;102801.0;afc-ajax;B. Traore;5.13
El Cid;L. de Jong;11;9.0;L. de Jong;A;/players/luuk-de-jong/65056/;luuk-de-jong;65056.0;psv-nv;L. de Jong;-1.2
El Cid;T. Parrott;11;9.0;T. Parrott;A;/players/troy-parrot/515624/;troy-parrot;515624.0;stichting-az;T. Parrott;10.6
Otis.;V. Barkas;11;1.0;V. Barkas;K;/players/vasileios-barkas/272919/;vasileios-barkas;272919.0;stichting-fc-utrecht;V. Barkas;1.0
Otis.;M. Deijl;11;2.0;M. Deijl;V;/players/mats-deijl/402457/;mats-deijl;402457.0;stichting-go-ahead-eagles;M. Deijl;2.0
Otis.;M. Hilgers;11;2.0;M. Hilgers;V;/players/mees-hilgers/627701/;mees-hilgers;627701.0;stichting-fc-twente-65;M. Hilgers;22.33
Otis.;J. Hato;11;4.0;J. Hato;V;/players/jorrel-hato/783173/;jorrel-hato;783173.0;afc-ajax;J. Hato;1.0
Otis.;G. Smal;11;5.0;G. Smal;V;/players/gijs-smal/508760/;gijs-smal;508760.0;feyenoord-rotterdam-nv;G. Smal;2.0
Otis.;S. Mijnans;11;10.0;S. Mijnans;M;/players/sven-mijnans/566000/;sven-mijnans;566000.0;stichting-az;S. Mijnans;2.0
Otis.;Rober;11;7.0;Róber;M;/players/roberto-gonzalez-bayon/500171/;roberto-gonzalez-bayon;500171.0;nijmegen-eendracht-combinatie;Rober;1.07
Otis.;P. Clement;11;;P. Clement;M;/players/pelle-clement/379793/;pelle-clement;379793.0;sparta-rotterdam-bv;P. Clement;2.77
Otis.;D. Karlsbakk;11;9.0;D. Karlsbakk;A;/players/daniel-seland-karlsbakk/629619/;daniel-seland-karlsbakk;629619.0;sportclub-heerenveen;D. Karlsbakk;0.0
Otis.;L. de Jong;11;9.0;L. de Jong;A;/players/luuk-de-jong/65056/;luuk-de-jong;65056.0;psv-nv;L. de Jong;-1.2
Otis.;L. Kulenovic;11;19.0;L. Kulenović;A;/players/luka-kulenovi/631882/;luka-kulenovi;631882.0;stichting-heracles-almelo;L. Kulenovic;0.0
Gordon Shumway;S. Steijn;11;14.0;S. Steijn;M;/players/sem-steijn/560623/;sem-steijn;560623.0;stichting-fc-twente-65;S. Steijn;7.47
Gordon Shumway;B. Nieuwkoop;11;2.0;B. Nieuwkoop;V;/players/bart-nieuwkoop/275124/;bart-nieuwkoop;275124.0;feyenoord-rotterdam-nv;B. Nieuwkoop;
Gordon Shumway;J. Hato;11;4.0;J. Hato;V;/players/jorrel-hato/783173/;jorrel-hato;783173.0;afc-ajax;J. Hato;1.0
Gordon Shumway;M. Kohlert;11;11.0;M. Köhlert;V;/players/mats-kohlert/400423/;mats-kohlert;400423.0;sportclub-heerenveen;M. Kohlert;21.0
Gordon Shumway;C. Neghli;11;;C. Neghli;A;/players/camiel-neghli/680707/;camiel-neghli;680707.0;sparta-rotterdam-bv;C. Neghli;2.4
Gordon Shumway;L. Valente;11;10.0;L. Valente;M;/players/luciano-valente/703884/;luciano-valente;703884.0;stichting-fc-groningen;L. Valente;3.0
Gordon Shumway;D. Proper;11;71.0;D. Proper;M;/players/dirk-proper/525939/;dirk-proper;525939.0;nijmegen-eendracht-combinatie;D. Proper;
Gordon Shumway;V. Jensen;11;7.0;V. Jensen;M;/players/victor-jensen/460509/;victor-jensen;460509.0;stichting-fc-utrecht;V. Jensen;-0.1
Gordon Shumway;L. de Jong;11;9.0;L. de Jong;A;/players/luuk-de-jong/65056/;luuk-de-jong;65056.0;psv-nv;L. de Jong;-1.2
Gordon Shumway;!K. Sierhuis;11;;;;;;;;;
Gordon Shumway;T. Parrott;11;9.0;T. Parrott;A;/players/troy-parrot/515624/;troy-parrot;515624.0;stichting-az;T. Parrott;10.6
Suikerbrood;N. Olij;11;;N. Olij;K;/players/nick-olij/235322/;nick-olij;235322.0;sparta-rotterdam-bv;N. Olij;1.0
Suikerbrood;S. Olsson;11;19.0;S. Olsson;M;/players/simon-olsson/423888/;simon-olsson;423888.0;sportclub-heerenveen;S. Olsson;4.76
Suikerbrood;D. Rensch;11;2.0;D. Rensch;V;/players/devyne-rensch/601396/;devyne-rensch;601396.0;afc-ajax;D. Rensch;0.0
Suikerbrood;J. Amofa;11;25.0;J. Amofa;V;/players/jamal-amofa/668121/;jamal-amofa;668121.0;stichting-go-ahead-eagles;J. Amofa;0.0
Suikerbrood;N. Viergever;11;24.0;N. Viergever;V;/players/nick--viergever/78529/;nick--viergever;78529.0;stichting-fc-utrecht;N. Viergever;1.0
Suikerbrood;D. Proper;11;71.0;D. Proper;M;/players/dirk-proper/525939/;dirk-proper;525939.0;nijmegen-eendracht-combinatie;D. Proper;
Suikerbrood;M. Vlap;11;18.0;M. Vlap;M;/players/michel-vlap/407742/;michel-vlap;407742.0;stichting-fc-twente-65;M. Vlap;27.0
Suikerbrood;A. Halilovic;11;10.0;A. Halilović;M;/players/alen-halilovi/270136/;alen-halilovi;270136.0;fortuna-sittard;A. Halilovic;
Suikerbrood;A. Ueda;11;9.0;A. Ueda;A;/players/ayase-ueda/551425/;ayase-ueda;551425.0;feyenoord-rotterdam-nv;A. Ueda;
Suikerbrood;R. van Bommel;11;7.0;R. van Bommel;A;/players/ruben-van-bommel/834074/;ruben-van-bommel;834074.0;stichting-az;R. van Bommel;
Suikerbrood;L. de Jong;11;9.0;L. de Jong;A;/players/luuk-de-jong/65056/;luuk-de-jong;65056.0;psv-nv;L. de Jong;-1.2
EnGCatjuh;N. Olij;11;;N. Olij;K;/players/nick-olij/235322/;nick-olij;235322.0;sparta-rotterdam-bv;N. Olij;1.0
EnGCatjuh;M. Kohlert;11;11.0;M. Köhlert;V;/players/mats-kohlert/400423/;mats-kohlert;400423.0;sportclub-heerenveen;M. Kohlert;21.0
EnGCatjuh;O. Boscagli;11;18.0;O. Boscagli;V;/players/olivier-boscagli/329542/;olivier-boscagli;329542.0;psv-nv;O. Boscagli;10.5
EnGCatjuh;S. El Karouani;11;16.0;S. El Karouani;V;/players/souffian-elkarouani/537878/;souffian-elkarouani;537878.0;stichting-fc-utrecht;S. El Karouani;1.0
EnGCatjuh;A. Ueda;11;9.0;A. Ueda;A;/players/ayase-ueda/551425/;ayase-ueda;551425.0;feyenoord-rotterdam-nv;A. Ueda;
EnGCatjuh;J. Schreuders;11;14.0;J. Schreuders;M;/players/jorg-schreuders/877779/;jorg-schreuders;877779.0;stichting-fc-groningen;J. Schreuders;2.63
EnGCatjuh;D. Proper;11;71.0;D. Proper;M;/players/dirk-proper/525939/;dirk-proper;525939.0;nijmegen-eendracht-combinatie;D. Proper;
EnGCatjuh;S. Steijn;11;14.0;S. Steijn;M;/players/sem-steijn/560623/;sem-steijn;560623.0;stichting-fc-twente-65;S. Steijn;7.47
EnGCatjuh;T. Parrott;11;9.0;T. Parrott;A;/players/troy-parrot/515624/;troy-parrot;515624.0;stichting-az;T. Parrott;10.6
EnGCatjuh;B. Brobbey;11;9.0;B. Brobbey;A;/players/brian-brobbey/520146/;brian-brobbey;520146.0;afc-ajax;B. Brobbey;6.0
EnGCatjuh;R. Meerveld;11;16.0;R. Meerveld;M;/players/ringo-meerveld/623815/;ringo-meerveld;623815.0;sbv-willem-ii-tilburg;R. Meerveld;3.0
Vishandel Makaay;R. Pasveer;11;22.0;R. Pasveer;K;/players/remko-pasveer/49689/;remko-pasveer;49689.0;afc-ajax;R. Pasveer;0.0
Vishandel Makaay;R. Flamingo;11;6.0;R. Flamingo;V;/players/ryan-flamingo/627724/;ryan-flamingo;627724.0;psv-nv;R. Flamingo;10.5
Vishandel Makaay;J. Lelieveld;11;2.0;J. Lelieveld;V;/players/julian-lelieveld/407738/;julian-lelieveld;407738.0;rkc-waalwijk;J. Lelieveld;-1.47
Vishandel Makaay;J. Lelieveld;11;2.0;J. Lelieveld;V;/players/julian-lelieveld/407738/;julian-lelieveld;407738.0;rkc-waalwijk;J. Lelieveld;-1.47
Vishandel Makaay;K. Leerdam;11;18.0;K. Leerdam;V;/players/kelvin-leerdam/68354/;kelvin-leerdam;68354.0;stichting-heracles-almelo;K. Leerdam;0.0
Vishandel Makaay;M. Dijks;11;35.0;M. Dijks;V;/players/mitchel-dijks/219029/;mitchel-dijks;219029.0;fortuna-sittard;M. Dijks;11.33
Vishandel Makaay;T. Oosting;11;25.0;T. Oosting;M;/players/thijs-oosting/477591/;thijs-oosting;477591.0;stichting-fc-groningen;T. Oosting;0.03
Vishandel Makaay;E. van Ee;11;21.0;E. van Ee;M;/players/espen-van-ee/921919/;espen-van-ee;921919.0;sportclub-heerenveen;E. van Ee;0.67
Vishandel Makaay;P. Aaronson;11;21.0;P. Aaronson;M;/players/paxten-aaronson/576828/;paxten-aaronson;576828.0;stichting-fc-utrecht;P. Aaronson;1.0
Vishandel Makaay;R. Kuijpers;11;17.0;R. Kuijpers;A;/players/roy-kuijpers/663306/;roy-kuijpers;663306.0;nac-bv;R. Kuijpers;0.72
Vishandel Makaay;R. Kuijpers;11;17.0;R. Kuijpers;A;/players/roy-kuijpers/663306/;roy-kuijpers;663306.0;nac-bv;R. Kuijpers;0.72
Vishandel Makaay;R. van Wolfswinkel;11;9.0;R. van Wolfswinkel;A;/players/ricky-van-wolfswinkel/59407/;ricky-van-wolfswinkel;59407.0;stichting-fc-twente-65;R. van Wolfswinkel;
Vishandel Makaay;T. Buitink;11;29.0;T. Buitink;A;/players/thomas-buitnik/457668/;thomas-buitnik;457668.0;bvo-fc-zwolle;T. Buitink;0.0
Friggles;L. Unnerstall;11;1.0;L. Unnerstall;K;/players/lars-unnerstall/81320/;lars-unnerstall;81320.0;stichting-fc-twente-65;L. Unnerstall;17.0
Friggles;T. Quintero;11;;T. Quintero;V;/players/teo-quintero/565562/;teo-quintero;565562.0;sparta-rotterdam-bv;T. Quintero;
Friggles;M. Deijl;11;2.0;M. Deijl;V;/players/mats-deijl/402457/;mats-deijl;402457.0;stichting-go-ahead-eagles;M. Deijl;2.0
Friggles;S. El Karouani;11;16.0;S. El Karouani;V;/players/souffian-elkarouani/537878/;souffian-elkarouani;537878.0;stichting-fc-utrecht;S. El Karouani;1.0
Friggles;S. Mijnans;11;10.0;S. Mijnans;M;/players/sven-mijnans/566000/;sven-mijnans;566000.0;stichting-az;S. Mijnans;2.0
Friggles;D. Proper;11;71.0;D. Proper;M;/players/dirk-proper/525939/;dirk-proper;525939.0;nijmegen-eendracht-combinatie;D. Proper;
Friggles;M. Kohlert;11;11.0;M. Köhlert;V;/players/mats-kohlert/400423/;mats-kohlert;400423.0;sportclub-heerenveen;M. Kohlert;21.0
Friggles;S. 't Zand;11;25.0;S. 't Zand;M;/players/shiloh-t-zand/824640/;shiloh-t-zand;824640.0;feyenoord-rotterdam-nv;S. 't Zand;3.0
Friggles;Q. Timber;11;8.0;Q. Timber;M;/players/quinten-maduro/463017/;quinten-maduro;463017.0;feyenoord-rotterdam-nv;Q. Timber;15.0
Friggles;L. de Jong;11;9.0;L. de Jong;A;/players/luuk-de-jong/65056/;luuk-de-jong;65056.0;psv-nv;L. de Jong;-1.2
Friggles;B. Brobbey;11;9.0;B. Brobbey;A;/players/brian-brobbey/520146/;brian-brobbey;520146.0;afc-ajax;B. Brobbey;6.0
Jay-Jay;N. Olij;11;;N. Olij;K;/players/nick-olij/235322/;nick-olij;235322.0;sparta-rotterdam-bv;N. Olij;1.0
Jay-Jay;S. Maikuma;11;16.0;S. Maikuma;V;/players/seiya-maikuma/651537/;seiya-maikuma;651537.0;stichting-az;S. Maikuma;2.0
Jay-Jay;M. Deijl;11;2.0;M. Deijl;V;/players/mats-deijl/402457/;mats-deijl;402457.0;stichting-go-ahead-eagles;M. Deijl;2.0
Jay-Jay;S. El Karouani;11;16.0;S. El Karouani;V;/players/souffian-elkarouani/537878/;souffian-elkarouani;537878.0;stichting-fc-utrecht;S. El Karouani;1.0
Jay-Jay;Ivo Pinto;11;12.0;Ivo Pinto;V;/players/ivo-pinto/86672/;ivo-pinto;86672.0;fortuna-sittard;Ivo Pinto;15.0
Jay-Jay;L. de Jong;11;9.0;L. de Jong;A;/players/luuk-de-jong/65056/;luuk-de-jong;65056.0;psv-nv;L. de Jong;-1.2
Jay-Jay;Rober;11;7.0;Róber;M;/players/roberto-gonzalez-bayon/500171/;roberto-gonzalez-bayon;500171.0;nijmegen-eendracht-combinatie;Rober;1.07
Jay-Jay;S. Olsson;11;19.0;S. Olsson;M;/players/simon-olsson/423888/;simon-olsson;423888.0;sportclub-heerenveen;S. Olsson;4.76
Jay-Jay;Q. Timber;11;8.0;Q. Timber;M;/players/quinten-maduro/463017/;quinten-maduro;463017.0;feyenoord-rotterdam-nv;Q. Timber;15.0
Jay-Jay;B. Brobbey;11;9.0;B. Brobbey;A;/players/brian-brobbey/520146/;brian-brobbey;520146.0;afc-ajax;B. Brobbey;6.0
Jay-Jay;S. Lammers;11;10.0;S. Lammers;A;/players/sam-lammers/407736/;sam-lammers;407736.0;stichting-fc-twente-65;S. Lammers;18.0
Rucebo;V. Barkas;11;1.0;V. Barkas;K;/players/vasileios-barkas/272919/;vasileios-barkas;272919.0;stichting-fc-utrecht;V. Barkas;1.0
Rucebo;Ivo Pinto;11;12.0;Ivo Pinto;V;/players/ivo-pinto/86672/;ivo-pinto;86672.0;fortuna-sittard;Ivo Pinto;15.0
Rucebo;J. Hato;11;4.0;J. Hato;V;/players/jorrel-hato/783173/;jorrel-hato;783173.0;afc-ajax;J. Hato;1.0
Rucebo;D. Hancko;11;33.0;D. Hancko;V;/players/david-hancko/391059/;david-hancko;391059.0;feyenoord-rotterdam-nv;D. Hancko;15.0
Rucebo;M. Deijl;11;2.0;M. Deijl;V;/players/mats-deijl/402457/;mats-deijl;402457.0;stichting-go-ahead-eagles;M. Deijl;2.0
Rucebo;S. Steijn;11;14.0;S. Steijn;M;/players/sem-steijn/560623/;sem-steijn;560623.0;stichting-fc-twente-65;S. Steijn;7.47
Rucebo;A. Verschueren;11;32.0;A. Verschueren;M;/players/arno-vershueren/319385/;arno-vershueren;319385.0;stichting-fc-twente-65;A. Verschueren;3.0
Rucebo;L. Brouwers;11;8.0;L. Brouwers;M;/players/luuk-brouwers/402458/;luuk-brouwers;402458.0;sportclub-heerenveen;L. Brouwers;6.0
Rucebo;T. Parrott;11;9.0;T. Parrott;A;/players/troy-parrot/515624/;troy-parrot;515624.0;stichting-az;T. Parrott;10.6
Rucebo;L. de Jong;11;9.0;L. de Jong;A;/players/luuk-de-jong/65056/;luuk-de-jong;65056.0;psv-nv;L. de Jong;-1.2
Rucebo;K. Ogawa;11;18.0;K. Ogawa;A;/players/koki-ogawa/435835/;koki-ogawa;435835.0;nijmegen-eendracht-combinatie;K. Ogawa;3.0
tukkeRoel;V. Barkas;12;1.0;V. Barkas;K;/players/vasileios-barkas/272919/;vasileios-barkas;272919.0;stichting-fc-utrecht;V. Barkas;
tukkeRoel;D. Hancko;12;33.0;D. Hancko;V;/players/david-hancko/391059/;david-hancko;391059.0;feyenoord-rotterdam-nv;D. Hancko;1.0
tukkeRoel;J. Hato;12;4.0;J. Hato;V;/players/jorrel-hato/783173/;jorrel-hato;783173.0;afc-ajax;J. Hato;27.0
tukkeRoel;M. Kohlert;12;11.0;M. Köhlert;V;/players/mats-kohlert/400423/;mats-kohlert;400423.0;sportclub-heerenveen;M. Kohlert;
tukkeRoel;C. Verdonk;12;24.0;C. Verdonk;V;/players/calvin-verdonk/319288/;calvin-verdonk;319288.0;nijmegen-eendracht-combinatie;C. Verdonk;
tukkeRoel;F. Krastev;12;50.0;F. Krastev;M;/players/filip-yavorov-krastev/550509/;filip-yavorov-krastev;550509.0;bvo-fc-zwolle;F. Krastev;
tukkeRoel;S. Mijnans;12;10.0;S. Mijnans;M;/players/sven-mijnans/566000/;sven-mijnans;566000.0;stichting-az;S. Mijnans;
tukkeRoel;A. Verschueren;12;32.0;A. Verschueren;M;/players/arno-vershueren/319385/;arno-vershueren;319385.0;stichting-fc-twente-65;A. Verschueren;
tukkeRoel;S. Steijn;12;14.0;S. Steijn;M;/players/sem-steijn/560623/;sem-steijn;560623.0;stichting-fc-twente-65;S. Steijn;
tukkeRoel;M. Deijl;12;2.0;M. Deijl;V;/players/mats-deijl/402457/;mats-deijl;402457.0;stichting-go-ahead-eagles;M. Deijl;
tukkeRoel;L. de Jong;12;9.0;L. de Jong;A;/players/luuk-de-jong/65056/;luuk-de-jong;65056.0;psv-nv;L. de Jong;
methodmich;V. Barkas;12;1.0;V. Barkas;K;/players/vasileios-barkas/272919/;vasileios-barkas;272919.0;stichting-fc-utrecht;V. Barkas;
methodmich;M. Dijks;12;35.0;M. Dijks;V;/players/mitchel-dijks/219029/;mitchel-dijks;219029.0;fortuna-sittard;M. Dijks;
methodmich;D. Hancko;12;33.0;D. Hancko;V;/players/david-hancko/391059/;david-hancko;391059.0;feyenoord-rotterdam-nv;D. Hancko;1.0
methodmich;M. Kohlert;12;11.0;M. Köhlert;V;/players/mats-kohlert/400423/;mats-kohlert;400423.0;sportclub-heerenveen;M. Kohlert;
methodmich;S. Mijnans;12;10.0;S. Mijnans;M;/players/sven-mijnans/566000/;sven-mijnans;566000.0;stichting-az;S. Mijnans;
methodmich;S. 't Zand;12;25.0;S. 't Zand;M;/players/shiloh-t-zand/824640/;shiloh-t-zand;824640.0;feyenoord-rotterdam-nv;S. 't Zand;
methodmich;S. Steijn;12;14.0;S. Steijn;M;/players/sem-steijn/560623/;sem-steijn;560623.0;stichting-fc-twente-65;S. Steijn;
methodmich;K. Sano;12;23.0;K. Sano;M;/players/kodai-sano/815318/;kodai-sano;815318.0;nijmegen-eendracht-combinatie;K. Sano;
methodmich;L. de Jong;12;9.0;L. de Jong;A;/players/luuk-de-jong/65056/;luuk-de-jong;65056.0;psv-nv;L. de Jong;
methodmich;W. Weghorst;12;25.0;W. Weghorst;A;/players/wout-weghorst/255205/;wout-weghorst;255205.0;afc-ajax;W. Weghorst;5.6
methodmich;T. Lauritsen;12;;T. Lauritsen;A;/players/tobias-lauritsen/406745/;tobias-lauritsen;406745.0;sparta-rotterdam-bv;T. Lauritsen;
FMNederland;V. Barkas;12;1.0;V. Barkas;K;/players/vasileios-barkas/272919/;vasileios-barkas;272919.0;stichting-fc-utrecht;V. Barkas;
FMNederland;M. Kohlert;12;11.0;M. Köhlert;V;/players/mats-kohlert/400423/;mats-kohlert;400423.0;sportclub-heerenveen;M. Kohlert;
FMNederland;M. Deijl;12;2.0;M. Deijl;V;/players/mats-deijl/402457/;mats-deijl;402457.0;stichting-go-ahead-eagles;M. Deijl;
FMNederland;C. Verdonk;12;24.0;C. Verdonk;V;/players/calvin-verdonk/319288/;calvin-verdonk;319288.0;nijmegen-eendracht-combinatie;C. Verdonk;
FMNederland;O. Boscagli;12;18.0;O. Boscagli;V;/players/olivier-boscagli/329542/;olivier-boscagli;329542.0;psv-nv;O. Boscagli;
FMNederland;S. Bastien;12;22.0;S. Bastien;M;/players/samuel-bastien/314097/;samuel-bastien;314097.0;fortuna-sittard;S. Bastien;
FMNederland;S. Steijn;12;14.0;S. Steijn;M;/players/sem-steijn/560623/;sem-steijn;560623.0;stichting-fc-twente-65;S. Steijn;
FMNederland;Q. Timber;12;8.0;Q. Timber;M;/players/quinten-maduro/463017/;quinten-maduro;463017.0;feyenoord-rotterdam-nv;Q. Timber;1.0
FMNederland;T. Robinet;12;9.0;T. Robinet;A;/players/thomas-robinet/312659/;thomas-robinet;312659.0;fc-omniworld;T. Robinet;
FMNederland;T. Lauritsen;12;;T. Lauritsen;A;/players/tobias-lauritsen/406745/;tobias-lauritsen;406745.0;sparta-rotterdam-bv;T. Lauritsen;
FMNederland;T. Parrott;12;9.0;T. Parrott;A;/players/troy-parrot/515624/;troy-parrot;515624.0;stichting-az;T. Parrott;
crispy;L. Unnerstall;12;1.0;L. Unnerstall;K;/players/lars-unnerstall/81320/;lars-unnerstall;81320.0;stichting-fc-twente-65;L. Unnerstall;
crispy;B. Pereira;12;2.0;B. Pereira;V;/players/brayann-pereira/640596/;brayann-pereira;640596.0;nijmegen-eendracht-combinatie;B. Pereira;
crispy;S. El Karouani;12;16.0;S. El Karouani;V;/players/souffian-elkarouani/537878/;souffian-elkarouani;537878.0;stichting-fc-utrecht;S. El Karouani;
crispy;M. Kohlert;12;11.0;M. Köhlert;V;/players/mats-kohlert/400423/;mats-kohlert;400423.0;sportclub-heerenveen;M. Kohlert;
crispy;D. Hancko;12;33.0;D. Hancko;V;/players/david-hancko/391059/;david-hancko;391059.0;feyenoord-rotterdam-nv;D. Hancko;1.0
crispy;J. Schreuders;12;14.0;J. Schreuders;M;/players/jorg-schreuders/877779/;jorg-schreuders;877779.0;stichting-fc-groningen;J. Schreuders;
crispy;A. Verschueren;12;32.0;A. Verschueren;M;/players/arno-vershueren/319385/;arno-vershueren;319385.0;stichting-fc-twente-65;A. Verschueren;
crispy;S. Mijnans;12;10.0;S. Mijnans;M;/players/sven-mijnans/566000/;sven-mijnans;566000.0;stichting-az;S. Mijnans;
crispy;A. Halilovic;12;10.0;A. Halilović;M;/players/alen-halilovi/270136/;alen-halilovi;270136.0;fortuna-sittard;A. Halilovic;
crispy;K. Taylor;12;8.0;K. Taylor;M;/players/kenneth-taylor/508784/;kenneth-taylor;508784.0;afc-ajax;K. Taylor;14.42
crispy;L. de Jong;12;9.0;L. de Jong;A;/players/luuk-de-jong/65056/;luuk-de-jong;65056.0;psv-nv;L. de Jong;
svvthomas;N. Olij;12;;N. Olij;K;/players/nick-olij/235322/;nick-olij;235322.0;sparta-rotterdam-bv;N. Olij;
svvthomas;M. Deijl;12;2.0;M. Deijl;V;/players/mats-deijl/402457/;mats-deijl;402457.0;stichting-go-ahead-eagles;M. Deijl;
svvthomas;D. Hancko;12;33.0;D. Hancko;V;/players/david-hancko/391059/;david-hancko;391059.0;feyenoord-rotterdam-nv;D. Hancko;1.0
svvthomas;D. Mirani;12;4.0;D. Mirani;V;/players/damon-mirani/289811/;damon-mirani;289811.0;stichting-heracles-almelo;D. Mirani;
svvthomas;C. Sandra;12;14.0;C. Sandra;M;/players/cisse-sandra/638266/;cisse-sandra;638266.0;sbv-willem-ii-tilburg;C. Sandra;
svvthomas;D. Janosek;12;39.0;D. Janošek;M;/players/dominik-janosek/492661/;dominik-janosek;492661.0;nac-bv;D. Janosek;
svvthomas;L. Brouwers;12;8.0;L. Brouwers;M;/players/luuk-brouwers/402458/;luuk-brouwers;402458.0;sportclub-heerenveen;L. Brouwers;
svvthomas;S. Steijn;12;14.0;S. Steijn;M;/players/sem-steijn/560623/;sem-steijn;560623.0;stichting-fc-twente-65;S. Steijn;
svvthomas;T. Parrott;12;9.0;T. Parrott;A;/players/troy-parrot/515624/;troy-parrot;515624.0;stichting-az;T. Parrott;
svvthomas;L. de Jong;12;9.0;L. de Jong;A;/players/luuk-de-jong/65056/;luuk-de-jong;65056.0;psv-nv;L. de Jong;
svvthomas;B. Brobbey;12;9.0;B. Brobbey;A;/players/brian-brobbey/520146/;brian-brobbey;520146.0;afc-ajax;B. Brobbey;0.4
El Cid;L. Unnerstall;12;1.0;L. Unnerstall;K;/players/lars-unnerstall/81320/;lars-unnerstall;81320.0;stichting-fc-twente-65;L. Unnerstall;
El Cid;P. Bochniewicz;12;5.0;P. Bochniewicz;V;/players/pawe-bochniewicz/273911/;pawe-bochniewicz;273911.0;sportclub-heerenveen;P. Bochniewicz;
El Cid;B. Nieuwkoop;12;2.0;B. Nieuwkoop;V;/players/bart-nieuwkoop/275124/;bart-nieuwkoop;275124.0;feyenoord-rotterdam-nv;B. Nieuwkoop;0.73
El Cid;D. van der Kust;12;;D. van der Kust;V;/players/djevencio-van-der-kust/569309/;djevencio-van-der-kust;569309.0;sparta-rotterdam-bv;D. van der Kust;
El Cid;A. Halilovic;12;10.0;A. Halilović;M;/players/alen-halilovi/270136/;alen-halilovi;270136.0;fortuna-sittard;A. Halilovic;
El Cid;L. Valente;12;10.0;L. Valente;M;/players/luciano-valente/703884/;luciano-valente;703884.0;stichting-fc-groningen;L. Valente;
El Cid;V. Jensen;12;7.0;V. Jensen;M;/players/victor-jensen/460509/;victor-jensen;460509.0;stichting-fc-utrecht;V. Jensen;
El Cid;D. Proper;12;71.0;D. Proper;M;/players/dirk-proper/525939/;dirk-proper;525939.0;nijmegen-eendracht-combinatie;D. Proper;
El Cid;B. Traore;12;20.0;B. Traoré;A;/players/bertrand-traore/102801/;bertrand-traore;102801.0;afc-ajax;B. Traore;1.4
El Cid;L. de Jong;12;9.0;L. de Jong;A;/players/luuk-de-jong/65056/;luuk-de-jong;65056.0;psv-nv;L. de Jong;
El Cid;T. Parrott;12;9.0;T. Parrott;A;/players/troy-parrot/515624/;troy-parrot;515624.0;stichting-az;T. Parrott;
Otis.;V. Barkas;12;1.0;V. Barkas;K;/players/vasileios-barkas/272919/;vasileios-barkas;272919.0;stichting-fc-utrecht;V. Barkas;
Otis.;M. Deijl;12;2.0;M. Deijl;V;/players/mats-deijl/402457/;mats-deijl;402457.0;stichting-go-ahead-eagles;M. Deijl;
Otis.;M. Hilgers;12;2.0;M. Hilgers;V;/players/mees-hilgers/627701/;mees-hilgers;627701.0;stichting-fc-twente-65;M. Hilgers;
Otis.;J. Hato;12;4.0;J. Hato;V;/players/jorrel-hato/783173/;jorrel-hato;783173.0;afc-ajax;J. Hato;27.0
Otis.;G. Smal;12;5.0;G. Smal;V;/players/gijs-smal/508760/;gijs-smal;508760.0;feyenoord-rotterdam-nv;G. Smal;0.73
Otis.;S. Mijnans;12;10.0;S. Mijnans;M;/players/sven-mijnans/566000/;sven-mijnans;566000.0;stichting-az;S. Mijnans;
Otis.;Rober;12;7.0;Róber;M;/players/roberto-gonzalez-bayon/500171/;roberto-gonzalez-bayon;500171.0;nijmegen-eendracht-combinatie;Rober;
Otis.;P. Clement;12;;P. Clement;M;/players/pelle-clement/379793/;pelle-clement;379793.0;sparta-rotterdam-bv;P. Clement;
Otis.;D. Karlsbakk;12;9.0;D. Karlsbakk;A;/players/daniel-seland-karlsbakk/629619/;daniel-seland-karlsbakk;629619.0;sportclub-heerenveen;D. Karlsbakk;
Otis.;L. de Jong;12;9.0;L. de Jong;A;/players/luuk-de-jong/65056/;luuk-de-jong;65056.0;psv-nv;L. de Jong;
Otis.;L. Kulenovic;12;19.0;L. Kulenović;A;/players/luka-kulenovi/631882/;luka-kulenovi;631882.0;stichting-heracles-almelo;L. Kulenovic;
Gordon Shumway;S. Steijn;12;14.0;S. Steijn;M;/players/sem-steijn/560623/;sem-steijn;560623.0;stichting-fc-twente-65;S. Steijn;
Gordon Shumway;B. Nieuwkoop;12;2.0;B. Nieuwkoop;V;/players/bart-nieuwkoop/275124/;bart-nieuwkoop;275124.0;feyenoord-rotterdam-nv;B. Nieuwkoop;0.73
Gordon Shumway;J. Hato;12;4.0;J. Hato;V;/players/jorrel-hato/783173/;jorrel-hato;783173.0;afc-ajax;J. Hato;27.0
Gordon Shumway;M. Kohlert;12;11.0;M. Köhlert;V;/players/mats-kohlert/400423/;mats-kohlert;400423.0;sportclub-heerenveen;M. Kohlert;
Gordon Shumway;C. Neghli;12;;C. Neghli;A;/players/camiel-neghli/680707/;camiel-neghli;680707.0;sparta-rotterdam-bv;C. Neghli;
Gordon Shumway;L. Valente;12;10.0;L. Valente;M;/players/luciano-valente/703884/;luciano-valente;703884.0;stichting-fc-groningen;L. Valente;
Gordon Shumway;D. Proper;12;71.0;D. Proper;M;/players/dirk-proper/525939/;dirk-proper;525939.0;nijmegen-eendracht-combinatie;D. Proper;
Gordon Shumway;V. Jensen;12;7.0;V. Jensen;M;/players/victor-jensen/460509/;victor-jensen;460509.0;stichting-fc-utrecht;V. Jensen;
Gordon Shumway;L. de Jong;12;9.0;L. de Jong;A;/players/luuk-de-jong/65056/;luuk-de-jong;65056.0;psv-nv;L. de Jong;
Gordon Shumway;!K. Sierhuis;12;;;;;;;;;
Gordon Shumway;T. Parrott;12;9.0;T. Parrott;A;/players/troy-parrot/515624/;troy-parrot;515624.0;stichting-az;T. Parrott;
Suikerbrood;N. Olij;12;;N. Olij;K;/players/nick-olij/235322/;nick-olij;235322.0;sparta-rotterdam-bv;N. Olij;
Suikerbrood;S. Olsson;12;19.0;S. Olsson;M;/players/simon-olsson/423888/;simon-olsson;423888.0;sportclub-heerenveen;S. Olsson;
Suikerbrood;D. Rensch;12;2.0;D. Rensch;V;/players/devyne-rensch/601396/;devyne-rensch;601396.0;afc-ajax;D. Rensch;15.0
Suikerbrood;J. Amofa;12;25.0;J. Amofa;V;/players/jamal-amofa/668121/;jamal-amofa;668121.0;stichting-go-ahead-eagles;J. Amofa;
Suikerbrood;N. Viergever;12;24.0;N. Viergever;V;/players/nick--viergever/78529/;nick--viergever;78529.0;stichting-fc-utrecht;N. Viergever;
Suikerbrood;D. Proper;12;71.0;D. Proper;M;/players/dirk-proper/525939/;dirk-proper;525939.0;nijmegen-eendracht-combinatie;D. Proper;
Suikerbrood;M. Vlap;12;18.0;M. Vlap;M;/players/michel-vlap/407742/;michel-vlap;407742.0;stichting-fc-twente-65;M. Vlap;
Suikerbrood;A. Halilovic;12;10.0;A. Halilović;M;/players/alen-halilovi/270136/;alen-halilovi;270136.0;fortuna-sittard;A. Halilovic;
Suikerbrood;A. Ueda;12;9.0;A. Ueda;A;/players/ayase-ueda/551425/;ayase-ueda;551425.0;feyenoord-rotterdam-nv;A. Ueda;1.33
Suikerbrood;R. van Bommel;12;7.0;R. van Bommel;A;/players/ruben-van-bommel/834074/;ruben-van-bommel;834074.0;stichting-az;R. van Bommel;
Suikerbrood;L. de Jong;12;9.0;L. de Jong;A;/players/luuk-de-jong/65056/;luuk-de-jong;65056.0;psv-nv;L. de Jong;
EnGCatjuh;N. Olij;12;;N. Olij;K;/players/nick-olij/235322/;nick-olij;235322.0;sparta-rotterdam-bv;N. Olij;
EnGCatjuh;M. Kohlert;12;11.0;M. Köhlert;V;/players/mats-kohlert/400423/;mats-kohlert;400423.0;sportclub-heerenveen;M. Kohlert;
EnGCatjuh;O. Boscagli;12;18.0;O. Boscagli;V;/players/olivier-boscagli/329542/;olivier-boscagli;329542.0;psv-nv;O. Boscagli;
EnGCatjuh;S. El Karouani;12;16.0;S. El Karouani;V;/players/souffian-elkarouani/537878/;souffian-elkarouani;537878.0;stichting-fc-utrecht;S. El Karouani;
EnGCatjuh;A. Ueda;12;9.0;A. Ueda;A;/players/ayase-ueda/551425/;ayase-ueda;551425.0;feyenoord-rotterdam-nv;A. Ueda;1.33
EnGCatjuh;J. Schreuders;12;14.0;J. Schreuders;M;/players/jorg-schreuders/877779/;jorg-schreuders;877779.0;stichting-fc-groningen;J. Schreuders;
EnGCatjuh;D. Proper;12;71.0;D. Proper;M;/players/dirk-proper/525939/;dirk-proper;525939.0;nijmegen-eendracht-combinatie;D. Proper;
EnGCatjuh;S. Steijn;12;14.0;S. Steijn;M;/players/sem-steijn/560623/;sem-steijn;560623.0;stichting-fc-twente-65;S. Steijn;
EnGCatjuh;T. Parrott;12;9.0;T. Parrott;A;/players/troy-parrot/515624/;troy-parrot;515624.0;stichting-az;T. Parrott;
EnGCatjuh;B. Brobbey;12;9.0;B. Brobbey;A;/players/brian-brobbey/520146/;brian-brobbey;520146.0;afc-ajax;B. Brobbey;0.4
EnGCatjuh;R. Meerveld;12;16.0;R. Meerveld;M;/players/ringo-meerveld/623815/;ringo-meerveld;623815.0;sbv-willem-ii-tilburg;R. Meerveld;
Vishandel Makaay;R. Pasveer;12;22.0;R. Pasveer;K;/players/remko-pasveer/49689/;remko-pasveer;49689.0;afc-ajax;R. Pasveer;25.0
Vishandel Makaay;R. Flamingo;12;6.0;R. Flamingo;V;/players/ryan-flamingo/627724/;ryan-flamingo;627724.0;psv-nv;R. Flamingo;
Vishandel Makaay;J. Lelieveld;12;2.0;J. Lelieveld;V;/players/julian-lelieveld/407738/;julian-lelieveld;407738.0;rkc-waalwijk;J. Lelieveld;
Vishandel Makaay;K. Leerdam;12;18.0;K. Leerdam;V;/players/kelvin-leerdam/68354/;kelvin-leerdam;68354.0;stichting-heracles-almelo;K. Leerdam;
Vishandel Makaay;M. Dijks;12;35.0;M. Dijks;V;/players/mitchel-dijks/219029/;mitchel-dijks;219029.0;fortuna-sittard;M. Dijks;
Vishandel Makaay;T. Oosting;12;25.0;T. Oosting;M;/players/thijs-oosting/477591/;thijs-oosting;477591.0;stichting-fc-groningen;T. Oosting;
Vishandel Makaay;E. van Ee;12;21.0;E. van Ee;M;/players/espen-van-ee/921919/;espen-van-ee;921919.0;sportclub-heerenveen;E. van Ee;
Vishandel Makaay;P. Aaronson;12;21.0;P. Aaronson;M;/players/paxten-aaronson/576828/;paxten-aaronson;576828.0;stichting-fc-utrecht;P. Aaronson;
Vishandel Makaay;R. Kuijpers;12;17.0;R. Kuijpers;A;/players/roy-kuijpers/663306/;roy-kuijpers;663306.0;nac-bv;R. Kuijpers;
Vishandel Makaay;R. van Wolfswinkel;12;9.0;R. van Wolfswinkel;A;/players/ricky-van-wolfswinkel/59407/;ricky-van-wolfswinkel;59407.0;stichting-fc-twente-65;R. van Wolfswinkel;
Vishandel Makaay;T. Buitink;12;29.0;T. Buitink;A;/players/thomas-buitnik/457668/;thomas-buitnik;457668.0;bvo-fc-zwolle;T. Buitink;
Friggles;L. Unnerstall;12;1.0;L. Unnerstall;K;/players/lars-unnerstall/81320/;lars-unnerstall;81320.0;stichting-fc-twente-65;L. Unnerstall;
Friggles;T. Quintero;12;;T. Quintero;V;/players/teo-quintero/565562/;teo-quintero;565562.0;sparta-rotterdam-bv;T. Quintero;
Friggles;M. Deijl;12;2.0;M. Deijl;V;/players/mats-deijl/402457/;mats-deijl;402457.0;stichting-go-ahead-eagles;M. Deijl;
Friggles;S. El Karouani;12;16.0;S. El Karouani;V;/players/souffian-elkarouani/537878/;souffian-elkarouani;537878.0;stichting-fc-utrecht;S. El Karouani;
Friggles;S. Mijnans;12;10.0;S. Mijnans;M;/players/sven-mijnans/566000/;sven-mijnans;566000.0;stichting-az;S. Mijnans;
Friggles;D. Proper;12;71.0;D. Proper;M;/players/dirk-proper/525939/;dirk-proper;525939.0;nijmegen-eendracht-combinatie;D. Proper;
Friggles;M. Kohlert;12;11.0;M. Köhlert;V;/players/mats-kohlert/400423/;mats-kohlert;400423.0;sportclub-heerenveen;M. Kohlert;
Friggles;S. 't Zand;12;25.0;S. 't Zand;M;/players/shiloh-t-zand/824640/;shiloh-t-zand;824640.0;feyenoord-rotterdam-nv;S. 't Zand;
Friggles;Q. Timber;12;8.0;Q. Timber;M;/players/quinten-maduro/463017/;quinten-maduro;463017.0;feyenoord-rotterdam-nv;Q. Timber;1.0
Friggles;L. de Jong;12;9.0;L. de Jong;A;/players/luuk-de-jong/65056/;luuk-de-jong;65056.0;psv-nv;L. de Jong;
Friggles;B. Brobbey;12;9.0;B. Brobbey;A;/players/brian-brobbey/520146/;brian-brobbey;520146.0;afc-ajax;B. Brobbey;0.4
Jay-Jay;N. Olij;12;;N. Olij;K;/players/nick-olij/235322/;nick-olij;235322.0;sparta-rotterdam-bv;N. Olij;
Jay-Jay;S. Maikuma;12;16.0;S. Maikuma;V;/players/seiya-maikuma/651537/;seiya-maikuma;651537.0;stichting-az;S. Maikuma;
Jay-Jay;M. Deijl;12;2.0;M. Deijl;V;/players/mats-deijl/402457/;mats-deijl;402457.0;stichting-go-ahead-eagles;M. Deijl;
Jay-Jay;S. El Karouani;12;16.0;S. El Karouani;V;/players/souffian-elkarouani/537878/;souffian-elkarouani;537878.0;stichting-fc-utrecht;S. El Karouani;
Jay-Jay;Ivo Pinto;12;12.0;Ivo Pinto;V;/players/ivo-pinto/86672/;ivo-pinto;86672.0;fortuna-sittard;Ivo Pinto;
Jay-Jay;L. de Jong;12;9.0;L. de Jong;A;/players/luuk-de-jong/65056/;luuk-de-jong;65056.0;psv-nv;L. de Jong;
Jay-Jay;Rober;12;7.0;Róber;M;/players/roberto-gonzalez-bayon/500171/;roberto-gonzalez-bayon;500171.0;nijmegen-eendracht-combinatie;Rober;
Jay-Jay;S. Olsson;12;19.0;S. Olsson;M;/players/simon-olsson/423888/;simon-olsson;423888.0;sportclub-heerenveen;S. Olsson;
Jay-Jay;Q. Timber;12;8.0;Q. Timber;M;/players/quinten-maduro/463017/;quinten-maduro;463017.0;feyenoord-rotterdam-nv;Q. Timber;1.0
Jay-Jay;B. Brobbey;12;9.0;B. Brobbey;A;/players/brian-brobbey/520146/;brian-brobbey;520146.0;afc-ajax;B. Brobbey;0.4
Jay-Jay;S. Lammers;12;10.0;S. Lammers;A;/players/sam-lammers/407736/;sam-lammers;407736.0;stichting-fc-twente-65;S. Lammers;
Rucebo;V. Barkas;12;1.0;V. Barkas;K;/players/vasileios-barkas/272919/;vasileios-barkas;272919.0;stichting-fc-utrecht;V. Barkas;
Rucebo;Ivo Pinto;12;12.0;Ivo Pinto;V;/players/ivo-pinto/86672/;ivo-pinto;86672.0;fortuna-sittard;Ivo Pinto;
Rucebo;J. Hato;12;4.0;J. Hato;V;/players/jorrel-hato/783173/;jorrel-hato;783173.0;afc-ajax;J. Hato;27.0
Rucebo;D. Hancko;12;33.0;D. Hancko;V;/players/david-hancko/391059/;david-hancko;391059.0;feyenoord-rotterdam-nv;D. Hancko;1.0
Rucebo;M. Deijl;12;2.0;M. Deijl;V;/players/mats-deijl/402457/;mats-deijl;402457.0;stichting-go-ahead-eagles;M. Deijl;
Rucebo;S. Steijn;12;14.0;S. Steijn;M;/players/sem-steijn/560623/;sem-steijn;560623.0;stichting-fc-twente-65;S. Steijn;
Rucebo;A. Verschueren;12;32.0;A. Verschueren;M;/players/arno-vershueren/319385/;arno-vershueren;319385.0;stichting-fc-twente-65;A. Verschueren;
Rucebo;L. Brouwers;12;8.0;L. Brouwers;M;/players/luuk-brouwers/402458/;luuk-brouwers;402458.0;sportclub-heerenveen;L. Brouwers;
Rucebo;T. Parrott;12;9.0;T. Parrott;A;/players/troy-parrot/515624/;troy-parrot;515624.0;stichting-az;T. Parrott;
Rucebo;L. de Jong;12;9.0;L. de Jong;A;/players/luuk-de-jong/65056/;luuk-de-jong;65056.0;psv-nv;L. de Jong;
Rucebo;K. Ogawa;12;18.0;K. Ogawa;A;/players/koki-ogawa/435835/;koki-ogawa;435835.0;nijmegen-eendracht-combinatie;K. Ogawa;
tukkeRoel;V. Barkas;13;1.0;V. Barkas;K;/players/vasileios-barkas/272919/;vasileios-barkas;272919.0;stichting-fc-utrecht;V. Barkas;4.0
tukkeRoel;D. Hancko;13;33.0;D. Hancko;V;/players/david-hancko/391059/;david-hancko;391059.0;feyenoord-rotterdam-nv;D. Hancko;3.0
tukkeRoel;J. Hato;13;4.0;J. Hato;V;/players/jorrel-hato/783173/;jorrel-hato;783173.0;afc-ajax;J. Hato;9.0
tukkeRoel;M. Kohlert;13;11.0;M. Köhlert;V;/players/mats-kohlert/400423/;mats-kohlert;400423.0;sportclub-heerenveen;M. Kohlert;0.0
tukkeRoel;C. Verdonk;13;24.0;C. Verdonk;V;/players/calvin-verdonk/319288/;calvin-verdonk;319288.0;nijmegen-eendracht-combinatie;C. Verdonk;13.0
tukkeRoel;F. Krastev;13;50.0;F. Krastev;M;/players/filip-yavorov-krastev/550509/;filip-yavorov-krastev;550509.0;bvo-fc-zwolle;F. Krastev;2.4
tukkeRoel;S. Mijnans;13;10.0;S. Mijnans;M;/players/sven-mijnans/566000/;sven-mijnans;566000.0;stichting-az;S. Mijnans;3.0
tukkeRoel;A. Verschueren;13;32.0;A. Verschueren;M;/players/arno-vershueren/319385/;arno-vershueren;319385.0;stichting-fc-twente-65;A. Verschueren;3.0
tukkeRoel;S. Steijn;13;14.0;S. Steijn;M;/players/sem-steijn/560623/;sem-steijn;560623.0;stichting-fc-twente-65;S. Steijn;
tukkeRoel;M. Deijl;13;2.0;M. Deijl;V;/players/mats-deijl/402457/;mats-deijl;402457.0;stichting-go-ahead-eagles;M. Deijl;2.0
tukkeRoel;L. de Jong;13;9.0;L. de Jong;A;/players/luuk-de-jong/65056/;luuk-de-jong;65056.0;psv-nv;L. de Jong;9.0
methodmich;V. Barkas;13;1.0;V. Barkas;K;/players/vasileios-barkas/272919/;vasileios-barkas;272919.0;stichting-fc-utrecht;V. Barkas;4.0
methodmich;M. Dijks;13;35.0;M. Dijks;V;/players/mitchel-dijks/219029/;mitchel-dijks;219029.0;fortuna-sittard;M. Dijks;21.0
methodmich;D. Hancko;13;33.0;D. Hancko;V;/players/david-hancko/391059/;david-hancko;391059.0;feyenoord-rotterdam-nv;D. Hancko;3.0
methodmich;M. Kohlert;13;11.0;M. Köhlert;V;/players/mats-kohlert/400423/;mats-kohlert;400423.0;sportclub-heerenveen;M. Kohlert;0.0
methodmich;S. Mijnans;13;10.0;S. Mijnans;M;/players/sven-mijnans/566000/;sven-mijnans;566000.0;stichting-az;S. Mijnans;3.0
methodmich;S. 't Zand;13;25.0;S. 't Zand;M;/players/shiloh-t-zand/824640/;shiloh-t-zand;824640.0;feyenoord-rotterdam-nv;S. 't Zand;0.71
methodmich;S. Steijn;13;14.0;S. Steijn;M;/players/sem-steijn/560623/;sem-steijn;560623.0;stichting-fc-twente-65;S. Steijn;
methodmich;K. Sano;13;23.0;K. Sano;M;/players/kodai-sano/815318/;kodai-sano;815318.0;nijmegen-eendracht-combinatie;K. Sano;8.0
methodmich;L. de Jong;13;9.0;L. de Jong;A;/players/luuk-de-jong/65056/;luuk-de-jong;65056.0;psv-nv;L. de Jong;9.0
methodmich;W. Weghorst;13;25.0;W. Weghorst;A;/players/wout-weghorst/255205/;wout-weghorst;255205.0;afc-ajax;W. Weghorst;1.06
methodmich;T. Lauritsen;13;;T. Lauritsen;A;/players/tobias-lauritsen/406745/;tobias-lauritsen;406745.0;sparta-rotterdam-bv;T. Lauritsen;3.57
FMNederland;V. Barkas;13;1.0;V. Barkas;K;/players/vasileios-barkas/272919/;vasileios-barkas;272919.0;stichting-fc-utrecht;V. Barkas;4.0
FMNederland;M. Kohlert;13;11.0;M. Köhlert;V;/players/mats-kohlert/400423/;mats-kohlert;400423.0;sportclub-heerenveen;M. Kohlert;0.0
FMNederland;M. Deijl;13;2.0;M. Deijl;V;/players/mats-deijl/402457/;mats-deijl;402457.0;stichting-go-ahead-eagles;M. Deijl;2.0
FMNederland;C. Verdonk;13;24.0;C. Verdonk;V;/players/calvin-verdonk/319288/;calvin-verdonk;319288.0;nijmegen-eendracht-combinatie;C. Verdonk;13.0
FMNederland;O. Boscagli;13;18.0;O. Boscagli;V;/players/olivier-boscagli/329542/;olivier-boscagli;329542.0;psv-nv;O. Boscagli;0.0
FMNederland;S. Bastien;13;22.0;S. Bastien;M;/players/samuel-bastien/314097/;samuel-bastien;314097.0;fortuna-sittard;S. Bastien;6.84
FMNederland;S. Steijn;13;14.0;S. Steijn;M;/players/sem-steijn/560623/;sem-steijn;560623.0;stichting-fc-twente-65;S. Steijn;
FMNederland;Q. Timber;13;8.0;Q. Timber;M;/players/quinten-maduro/463017/;quinten-maduro;463017.0;feyenoord-rotterdam-nv;Q. Timber;5.0
FMNederland;T. Robinet;13;9.0;T. Robinet;A;/players/thomas-robinet/312659/;thomas-robinet;312659.0;fc-omniworld;T. Robinet;3.0
FMNederland;T. Lauritsen;13;;T. Lauritsen;A;/players/tobias-lauritsen/406745/;tobias-lauritsen;406745.0;sparta-rotterdam-bv;T. Lauritsen;3.57
FMNederland;T. Parrott;13;9.0;T. Parrott;A;/players/troy-parrot/515624/;troy-parrot;515624.0;stichting-az;T. Parrott;11.0
crispy;L. Unnerstall;13;1.0;L. Unnerstall;K;/players/lars-unnerstall/81320/;lars-unnerstall;81320.0;stichting-fc-twente-65;L. Unnerstall;17.0
crispy;B. Pereira;13;2.0;B. Pereira;V;/players/brayann-pereira/640596/;brayann-pereira;640596.0;nijmegen-eendracht-combinatie;B. Pereira;15.0
crispy;S. El Karouani;13;16.0;S. El Karouani;V;/players/souffian-elkarouani/537878/;souffian-elkarouani;537878.0;stichting-fc-utrecht;S. El Karouani;4.0
crispy;M. Kohlert;13;11.0;M. Köhlert;V;/players/mats-kohlert/400423/;mats-kohlert;400423.0;sportclub-heerenveen;M. Kohlert;0.0
crispy;D. Hancko;13;33.0;D. Hancko;V;/players/david-hancko/391059/;david-hancko;391059.0;feyenoord-rotterdam-nv;D. Hancko;3.0
crispy;J. Schreuders;13;14.0;J. Schreuders;M;/players/jorg-schreuders/877779/;jorg-schreuders;877779.0;stichting-fc-groningen;J. Schreuders;0.23
crispy;A. Verschueren;13;32.0;A. Verschueren;M;/players/arno-vershueren/319385/;arno-vershueren;319385.0;stichting-fc-twente-65;A. Verschueren;3.0
crispy;S. Mijnans;13;10.0;S. Mijnans;M;/players/sven-mijnans/566000/;sven-mijnans;566000.0;stichting-az;S. Mijnans;3.0
crispy;A. Halilovic;13;10.0;A. Halilović;M;/players/alen-halilovi/270136/;alen-halilovi;270136.0;fortuna-sittard;A. Halilovic;1.16
crispy;K. Taylor;13;8.0;K. Taylor;M;/players/kenneth-taylor/508784/;kenneth-taylor;508784.0;afc-ajax;K. Taylor;1.06
crispy;L. de Jong;13;9.0;L. de Jong;A;/players/luuk-de-jong/65056/;luuk-de-jong;65056.0;psv-nv;L. de Jong;9.0
svvthomas;N. Olij;13;;N. Olij;K;/players/nick-olij/235322/;nick-olij;235322.0;sparta-rotterdam-bv;N. Olij;-1.0
svvthomas;M. Deijl;13;2.0;M. Deijl;V;/players/mats-deijl/402457/;mats-deijl;402457.0;stichting-go-ahead-eagles;M. Deijl;2.0
svvthomas;D. Hancko;13;33.0;D. Hancko;V;/players/david-hancko/391059/;david-hancko;391059.0;feyenoord-rotterdam-nv;D. Hancko;3.0
svvthomas;D. Mirani;13;4.0;D. Mirani;V;/players/damon-mirani/289811/;damon-mirani;289811.0;stichting-heracles-almelo;D. Mirani;15.0
svvthomas;C. Sandra;13;14.0;C. Sandra;M;/players/cisse-sandra/638266/;cisse-sandra;638266.0;sbv-willem-ii-tilburg;C. Sandra;2.37
svvthomas;D. Janosek;13;39.0;D. Janošek;M;/players/dominik-janosek/492661/;dominik-janosek;492661.0;nac-bv;D. Janosek;0.73
svvthomas;L. Brouwers;13;8.0;L. Brouwers;M;/players/luuk-brouwers/402458/;luuk-brouwers;402458.0;sportclub-heerenveen;L. Brouwers;1.53
svvthomas;S. Steijn;13;14.0;S. Steijn;M;/players/sem-steijn/560623/;sem-steijn;560623.0;stichting-fc-twente-65;S. Steijn;
svvthomas;T. Parrott;13;9.0;T. Parrott;A;/players/troy-parrot/515624/;troy-parrot;515624.0;stichting-az;T. Parrott;11.0
svvthomas;L. de Jong;13;9.0;L. de Jong;A;/players/luuk-de-jong/65056/;luuk-de-jong;65056.0;psv-nv;L. de Jong;9.0
svvthomas;B. Brobbey;13;9.0;B. Brobbey;A;/players/brian-brobbey/520146/;brian-brobbey;520146.0;afc-ajax;B. Brobbey;1.94
El Cid;L. Unnerstall;13;1.0;L. Unnerstall;K;/players/lars-unnerstall/81320/;lars-unnerstall;81320.0;stichting-fc-twente-65;L. Unnerstall;17.0
El Cid;P. Bochniewicz;13;5.0;P. Bochniewicz;V;/players/pawe-bochniewicz/273911/;pawe-bochniewicz;273911.0;sportclub-heerenveen;P. Bochniewicz;0.0
El Cid;B. Nieuwkoop;13;2.0;B. Nieuwkoop;V;/players/bart-nieuwkoop/275124/;bart-nieuwkoop;275124.0;feyenoord-rotterdam-nv;B. Nieuwkoop;5.67
El Cid;D. van der Kust;13;;D. van der Kust;V;/players/djevencio-van-der-kust/569309/;djevencio-van-der-kust;569309.0;sparta-rotterdam-bv;D. van der Kust;-9.0
El Cid;A. Halilovic;13;10.0;A. Halilović;M;/players/alen-halilovi/270136/;alen-halilovi;270136.0;fortuna-sittard;A. Halilovic;1.16
El Cid;L. Valente;13;10.0;L. Valente;M;/players/luciano-valente/703884/;luciano-valente;703884.0;stichting-fc-groningen;L. Valente;0.73
El Cid;V. Jensen;13;7.0;V. Jensen;M;/players/victor-jensen/460509/;victor-jensen;460509.0;stichting-fc-utrecht;V. Jensen;13.56
El Cid;D. Proper;13;71.0;D. Proper;M;/players/dirk-proper/525939/;dirk-proper;525939.0;nijmegen-eendracht-combinatie;D. Proper;
El Cid;B. Traore;13;20.0;B. Traoré;A;/players/bertrand-traore/102801/;bertrand-traore;102801.0;afc-ajax;B. Traore;4.78
El Cid;L. de Jong;13;9.0;L. de Jong;A;/players/luuk-de-jong/65056/;luuk-de-jong;65056.0;psv-nv;L. de Jong;9.0
El Cid;T. Parrott;13;9.0;T. Parrott;A;/players/troy-parrot/515624/;troy-parrot;515624.0;stichting-az;T. Parrott;11.0
Otis.;V. Barkas;13;1.0;V. Barkas;K;/players/vasileios-barkas/272919/;vasileios-barkas;272919.0;stichting-fc-utrecht;V. Barkas;4.0
Otis.;M. Deijl;13;2.0;M. Deijl;V;/players/mats-deijl/402457/;mats-deijl;402457.0;stichting-go-ahead-eagles;M. Deijl;2.0
Otis.;M. Hilgers;13;2.0;M. Hilgers;V;/players/mees-hilgers/627701/;mees-hilgers;627701.0;stichting-fc-twente-65;M. Hilgers;7.67
Otis.;J. Hato;13;4.0;J. Hato;V;/players/jorrel-hato/783173/;jorrel-hato;783173.0;afc-ajax;J. Hato;9.0
Otis.;G. Smal;13;5.0;G. Smal;V;/players/gijs-smal/508760/;gijs-smal;508760.0;feyenoord-rotterdam-nv;G. Smal;-0.44
Otis.;S. Mijnans;13;10.0;S. Mijnans;M;/players/sven-mijnans/566000/;sven-mijnans;566000.0;stichting-az;S. Mijnans;3.0
Otis.;Rober;13;7.0;Róber;M;/players/roberto-gonzalez-bayon/500171/;roberto-gonzalez-bayon;500171.0;nijmegen-eendracht-combinatie;Rober;7.02
Otis.;P. Clement;13;;P. Clement;M;/players/pelle-clement/379793/;pelle-clement;379793.0;sparta-rotterdam-bv;P. Clement;0.43
Otis.;D. Karlsbakk;13;9.0;D. Karlsbakk;A;/players/daniel-seland-karlsbakk/629619/;daniel-seland-karlsbakk;629619.0;sportclub-heerenveen;D. Karlsbakk;
Otis.;L. de Jong;13;9.0;L. de Jong;A;/players/luuk-de-jong/65056/;luuk-de-jong;65056.0;psv-nv;L. de Jong;9.0
Otis.;L. Kulenovic;13;19.0;L. Kulenović;A;/players/luka-kulenovi/631882/;luka-kulenovi;631882.0;stichting-heracles-almelo;L. Kulenovic;4.73
Gordon Shumway;S. Steijn;13;14.0;S. Steijn;M;/players/sem-steijn/560623/;sem-steijn;560623.0;stichting-fc-twente-65;S. Steijn;
Gordon Shumway;B. Nieuwkoop;13;2.0;B. Nieuwkoop;V;/players/bart-nieuwkoop/275124/;bart-nieuwkoop;275124.0;feyenoord-rotterdam-nv;B. Nieuwkoop;5.67
Gordon Shumway;J. Hato;13;4.0;J. Hato;V;/players/jorrel-hato/783173/;jorrel-hato;783173.0;afc-ajax;J. Hato;9.0
Gordon Shumway;M. Kohlert;13;11.0;M. Köhlert;V;/players/mats-kohlert/400423/;mats-kohlert;400423.0;sportclub-heerenveen;M. Kohlert;0.0
Gordon Shumway;C. Neghli;13;;C. Neghli;A;/players/camiel-neghli/680707/;camiel-neghli;680707.0;sparta-rotterdam-bv;C. Neghli;1.47
Gordon Shumway;L. Valente;13;10.0;L. Valente;M;/players/luciano-valente/703884/;luciano-valente;703884.0;stichting-fc-groningen;L. Valente;0.73
Gordon Shumway;D. Proper;13;71.0;D. Proper;M;/players/dirk-proper/525939/;dirk-proper;525939.0;nijmegen-eendracht-combinatie;D. Proper;
Gordon Shumway;V. Jensen;13;7.0;V. Jensen;M;/players/victor-jensen/460509/;victor-jensen;460509.0;stichting-fc-utrecht;V. Jensen;13.56
Gordon Shumway;L. de Jong;13;9.0;L. de Jong;A;/players/luuk-de-jong/65056/;luuk-de-jong;65056.0;psv-nv;L. de Jong;9.0
Gordon Shumway;!K. Sierhuis;13;;;;;;;;;
Gordon Shumway;T. Parrott;13;9.0;T. Parrott;A;/players/troy-parrot/515624/;troy-parrot;515624.0;stichting-az;T. Parrott;11.0
Suikerbrood;N. Olij;13;;N. Olij;K;/players/nick-olij/235322/;nick-olij;235322.0;sparta-rotterdam-bv;N. Olij;-1.0
Suikerbrood;S. Olsson;13;19.0;S. Olsson;M;/players/simon-olsson/423888/;simon-olsson;423888.0;sportclub-heerenveen;S. Olsson;0.0
Suikerbrood;D. Rensch;13;2.0;D. Rensch;V;/players/devyne-rensch/601396/;devyne-rensch;601396.0;afc-ajax;D. Rensch;3.0
Suikerbrood;J. Amofa;13;25.0;J. Amofa;V;/players/jamal-amofa/668121/;jamal-amofa;668121.0;stichting-go-ahead-eagles;J. Amofa;0.0
Suikerbrood;N. Viergever;13;24.0;N. Viergever;V;/players/nick--viergever/78529/;nick--viergever;78529.0;stichting-fc-utrecht;N. Viergever;4.0
Suikerbrood;D. Proper;13;71.0;D. Proper;M;/players/dirk-proper/525939/;dirk-proper;525939.0;nijmegen-eendracht-combinatie;D. Proper;
Suikerbrood;M. Vlap;13;18.0;M. Vlap;M;/players/michel-vlap/407742/;michel-vlap;407742.0;stichting-fc-twente-65;M. Vlap;7.2
Suikerbrood;A. Halilovic;13;10.0;A. Halilović;M;/players/alen-halilovi/270136/;alen-halilovi;270136.0;fortuna-sittard;A. Halilovic;1.16
Suikerbrood;A. Ueda;13;9.0;A. Ueda;A;/players/ayase-ueda/551425/;ayase-ueda;551425.0;feyenoord-rotterdam-nv;A. Ueda;
Suikerbrood;R. van Bommel;13;7.0;R. van Bommel;A;/players/ruben-van-bommel/834074/;ruben-van-bommel;834074.0;stichting-az;R. van Bommel;
Suikerbrood;L. de Jong;13;9.0;L. de Jong;A;/players/luuk-de-jong/65056/;luuk-de-jong;65056.0;psv-nv;L. de Jong;9.0
EnGCatjuh;N. Olij;13;;N. Olij;K;/players/nick-olij/235322/;nick-olij;235322.0;sparta-rotterdam-bv;N. Olij;-1.0
EnGCatjuh;M. Kohlert;13;11.0;M. Köhlert;V;/players/mats-kohlert/400423/;mats-kohlert;400423.0;sportclub-heerenveen;M. Kohlert;0.0
EnGCatjuh;O. Boscagli;13;18.0;O. Boscagli;V;/players/olivier-boscagli/329542/;olivier-boscagli;329542.0;psv-nv;O. Boscagli;0.0
EnGCatjuh;S. El Karouani;13;16.0;S. El Karouani;V;/players/souffian-elkarouani/537878/;souffian-elkarouani;537878.0;stichting-fc-utrecht;S. El Karouani;4.0
EnGCatjuh;A. Ueda;13;9.0;A. Ueda;A;/players/ayase-ueda/551425/;ayase-ueda;551425.0;feyenoord-rotterdam-nv;A. Ueda;
EnGCatjuh;J. Schreuders;13;14.0;J. Schreuders;M;/players/jorg-schreuders/877779/;jorg-schreuders;877779.0;stichting-fc-groningen;J. Schreuders;0.23
EnGCatjuh;D. Proper;13;71.0;D. Proper;M;/players/dirk-proper/525939/;dirk-proper;525939.0;nijmegen-eendracht-combinatie;D. Proper;
EnGCatjuh;S. Steijn;13;14.0;S. Steijn;M;/players/sem-steijn/560623/;sem-steijn;560623.0;stichting-fc-twente-65;S. Steijn;
EnGCatjuh;T. Parrott;13;9.0;T. Parrott;A;/players/troy-parrot/515624/;troy-parrot;515624.0;stichting-az;T. Parrott;11.0
EnGCatjuh;B. Brobbey;13;9.0;B. Brobbey;A;/players/brian-brobbey/520146/;brian-brobbey;520146.0;afc-ajax;B. Brobbey;1.94
EnGCatjuh;R. Meerveld;13;16.0;R. Meerveld;M;/players/ringo-meerveld/623815/;ringo-meerveld;623815.0;sbv-willem-ii-tilburg;R. Meerveld;3.0
Vishandel Makaay;R. Pasveer;13;22.0;R. Pasveer;K;/players/remko-pasveer/49689/;remko-pasveer;49689.0;afc-ajax;R. Pasveer;3.0
Vishandel Makaay;R. Flamingo;13;6.0;R. Flamingo;V;/players/ryan-flamingo/627724/;ryan-flamingo;627724.0;psv-nv;R. Flamingo;-2.03
Vishandel Makaay;J. Lelieveld;13;2.0;J. Lelieveld;V;/players/julian-lelieveld/407738/;julian-lelieveld;407738.0;rkc-waalwijk;J. Lelieveld;0.0
Vishandel Makaay;K. Leerdam;13;18.0;K. Leerdam;V;/players/kelvin-leerdam/68354/;kelvin-leerdam;68354.0;stichting-heracles-almelo;K. Leerdam;0.0
Vishandel Makaay;M. Dijks;13;35.0;M. Dijks;V;/players/mitchel-dijks/219029/;mitchel-dijks;219029.0;fortuna-sittard;M. Dijks;21.0
Vishandel Makaay;T. Oosting;13;25.0;T. Oosting;M;/players/thijs-oosting/477591/;thijs-oosting;477591.0;stichting-fc-groningen;T. Oosting;0.5
Vishandel Makaay;E. van Ee;13;21.0;E. van Ee;M;/players/espen-van-ee/921919/;espen-van-ee;921919.0;sportclub-heerenveen;E. van Ee;3.0
Vishandel Makaay;P. Aaronson;13;21.0;P. Aaronson;M;/players/paxten-aaronson/576828/;paxten-aaronson;576828.0;stichting-fc-utrecht;P. Aaronson;14.0
Vishandel Makaay;R. Kuijpers;13;17.0;R. Kuijpers;A;/players/roy-kuijpers/663306/;roy-kuijpers;663306.0;nac-bv;R. Kuijpers;0.0
Vishandel Makaay;R. van Wolfswinkel;13;9.0;R. van Wolfswinkel;A;/players/ricky-van-wolfswinkel/59407/;ricky-van-wolfswinkel;59407.0;stichting-fc-twente-65;R. van Wolfswinkel;0.93
Vishandel Makaay;T. Buitink;13;29.0;T. Buitink;A;/players/thomas-buitnik/457668/;thomas-buitnik;457668.0;bvo-fc-zwolle;T. Buitink;0.0
Friggles;L. Unnerstall;13;1.0;L. Unnerstall;K;/players/lars-unnerstall/81320/;lars-unnerstall;81320.0;stichting-fc-twente-65;L. Unnerstall;17.0
Friggles;T. Quintero;13;;T. Quintero;V;/players/teo-quintero/565562/;teo-quintero;565562.0;sparta-rotterdam-bv;T. Quintero;
Friggles;M. Deijl;13;2.0;M. Deijl;V;/players/mats-deijl/402457/;mats-deijl;402457.0;stichting-go-ahead-eagles;M. Deijl;2.0
Friggles;S. El Karouani;13;16.0;S. El Karouani;V;/players/souffian-elkarouani/537878/;souffian-elkarouani;537878.0;stichting-fc-utrecht;S. El Karouani;4.0
Friggles;S. Mijnans;13;10.0;S. Mijnans;M;/players/sven-mijnans/566000/;sven-mijnans;566000.0;stichting-az;S. Mijnans;3.0
Friggles;D. Proper;13;71.0;D. Proper;M;/players/dirk-proper/525939/;dirk-proper;525939.0;nijmegen-eendracht-combinatie;D. Proper;
Friggles;M. Kohlert;13;11.0;M. Köhlert;V;/players/mats-kohlert/400423/;mats-kohlert;400423.0;sportclub-heerenveen;M. Kohlert;0.0
Friggles;S. 't Zand;13;25.0;S. 't Zand;M;/players/shiloh-t-zand/824640/;shiloh-t-zand;824640.0;feyenoord-rotterdam-nv;S. 't Zand;0.71
Friggles;Q. Timber;13;8.0;Q. Timber;M;/players/quinten-maduro/463017/;quinten-maduro;463017.0;feyenoord-rotterdam-nv;Q. Timber;5.0
Friggles;L. de Jong;13;9.0;L. de Jong;A;/players/luuk-de-jong/65056/;luuk-de-jong;65056.0;psv-nv;L. de Jong;9.0
Friggles;B. Brobbey;13;9.0;B. Brobbey;A;/players/brian-brobbey/520146/;brian-brobbey;520146.0;afc-ajax;B. Brobbey;1.94
Jay-Jay;N. Olij;13;;N. Olij;K;/players/nick-olij/235322/;nick-olij;235322.0;sparta-rotterdam-bv;N. Olij;-1.0
Jay-Jay;S. Maikuma;13;16.0;S. Maikuma;V;/players/seiya-maikuma/651537/;seiya-maikuma;651537.0;stichting-az;S. Maikuma;0.0
Jay-Jay;M. Deijl;13;2.0;M. Deijl;V;/players/mats-deijl/402457/;mats-deijl;402457.0;stichting-go-ahead-eagles;M. Deijl;2.0
Jay-Jay;S. El Karouani;13;16.0;S. El Karouani;V;/players/souffian-elkarouani/537878/;souffian-elkarouani;537878.0;stichting-fc-utrecht;S. El Karouani;4.0
Jay-Jay;Ivo Pinto;13;12.0;Ivo Pinto;V;/players/ivo-pinto/86672/;ivo-pinto;86672.0;fortuna-sittard;Ivo Pinto;15.0
Jay-Jay;L. de Jong;13;9.0;L. de Jong;A;/players/luuk-de-jong/65056/;luuk-de-jong;65056.0;psv-nv;L. de Jong;9.0
Jay-Jay;Rober;13;7.0;Róber;M;/players/roberto-gonzalez-bayon/500171/;roberto-gonzalez-bayon;500171.0;nijmegen-eendracht-combinatie;Rober;7.02
Jay-Jay;S. Olsson;13;19.0;S. Olsson;M;/players/simon-olsson/423888/;simon-olsson;423888.0;sportclub-heerenveen;S. Olsson;0.0
Jay-Jay;Q. Timber;13;8.0;Q. Timber;M;/players/quinten-maduro/463017/;quinten-maduro;463017.0;feyenoord-rotterdam-nv;Q. Timber;5.0
Jay-Jay;B. Brobbey;13;9.0;B. Brobbey;A;/players/brian-brobbey/520146/;brian-brobbey;520146.0;afc-ajax;B. Brobbey;1.94
Jay-Jay;S. Lammers;13;10.0;S. Lammers;A;/players/sam-lammers/407736/;sam-lammers;407736.0;stichting-fc-twente-65;S. Lammers;13.07
Rucebo;V. Barkas;13;1.0;V. Barkas;K;/players/vasileios-barkas/272919/;vasileios-barkas;272919.0;stichting-fc-utrecht;V. Barkas;4.0
Rucebo;Ivo Pinto;13;12.0;Ivo Pinto;V;/players/ivo-pinto/86672/;ivo-pinto;86672.0;fortuna-sittard;Ivo Pinto;15.0
Rucebo;J. Hato;13;4.0;J. Hato;V;/players/jorrel-hato/783173/;jorrel-hato;783173.0;afc-ajax;J. Hato;9.0
Rucebo;D. Hancko;13;33.0;D. Hancko;V;/players/david-hancko/391059/;david-hancko;391059.0;feyenoord-rotterdam-nv;D. Hancko;3.0
Rucebo;M. Deijl;13;2.0;M. Deijl;V;/players/mats-deijl/402457/;mats-deijl;402457.0;stichting-go-ahead-eagles;M. Deijl;2.0
Rucebo;S. Steijn;13;14.0;S. Steijn;M;/players/sem-steijn/560623/;sem-steijn;560623.0;stichting-fc-twente-65;S. Steijn;
Rucebo;A. Verschueren;13;32.0;A. Verschueren;M;/players/arno-vershueren/319385/;arno-vershueren;319385.0;stichting-fc-twente-65;A. Verschueren;3.0
Rucebo;L. Brouwers;13;8.0;L. Brouwers;M;/players/luuk-brouwers/402458/;luuk-brouwers;402458.0;sportclub-heerenveen;L. Brouwers;1.53
Rucebo;T. Parrott;13;9.0;T. Parrott;A;/players/troy-parrot/515624/;troy-parrot;515624.0;stichting-az;T. Parrott;11.0
Rucebo;L. de Jong;13;9.0;L. de Jong;A;/players/luuk-de-jong/65056/;luuk-de-jong;65056.0;psv-nv;L. de Jong;9.0
Rucebo;K. Ogawa;13;18.0;K. Ogawa;A;/players/koki-ogawa/435835/;koki-ogawa;435835.0;nijmegen-eendracht-combinatie;K. Ogawa;20.27
tukkeRoel;V. Barkas;14;1.0;V. Barkas;K;/players/vasileios-barkas/272919/;vasileios-barkas;272919.0;stichting-fc-utrecht;V. Barkas;17.0
tukkeRoel;D. Hancko;14;33.0;D. Hancko;V;/players/david-hancko/391059/;david-hancko;391059.0;feyenoord-rotterdam-nv;D. Hancko;10.0
tukkeRoel;J. Hato;14;4.0;J. Hato;V;/players/jorrel-hato/783173/;jorrel-hato;783173.0;afc-ajax;J. Hato;0.0
tukkeRoel;M. Kohlert;14;11.0;M. Köhlert;V;/players/mats-kohlert/400423/;mats-kohlert;400423.0;sportclub-heerenveen;M. Kohlert;15.0
tukkeRoel;C. Verdonk;14;24.0;C. Verdonk;V;/players/calvin-verdonk/319288/;calvin-verdonk;319288.0;nijmegen-eendracht-combinatie;C. Verdonk;15.0
tukkeRoel;F. Krastev;14;50.0;F. Krastev;M;/players/filip-yavorov-krastev/550509/;filip-yavorov-krastev;550509.0;bvo-fc-zwolle;F. Krastev;0.11
tukkeRoel;S. Mijnans;14;10.0;S. Mijnans;M;/players/sven-mijnans/566000/;sven-mijnans;566000.0;stichting-az;S. Mijnans;3.0
tukkeRoel;A. Verschueren;14;32.0;A. Verschueren;M;/players/arno-vershueren/319385/;arno-vershueren;319385.0;stichting-fc-twente-65;A. Verschueren;3.0
tukkeRoel;S. Steijn;14;14.0;S. Steijn;M;/players/sem-steijn/560623/;sem-steijn;560623.0;stichting-fc-twente-65;S. Steijn;1.29
tukkeRoel;M. Deijl;14;2.0;M. Deijl;V;/players/mats-deijl/402457/;mats-deijl;402457.0;stichting-go-ahead-eagles;M. Deijl;2.0
tukkeRoel;L. de Jong;14;9.0;L. de Jong;A;/players/luuk-de-jong/65056/;luuk-de-jong;65056.0;psv-nv;L. de Jong;1.27
methodmich;V. Barkas;14;1.0;V. Barkas;K;/players/vasileios-barkas/272919/;vasileios-barkas;272919.0;stichting-fc-utrecht;V. Barkas;17.0
methodmich;M. Dijks;14;35.0;M. Dijks;V;/players/mitchel-dijks/219029/;mitchel-dijks;219029.0;fortuna-sittard;M. Dijks;0.07
methodmich;D. Hancko;14;33.0;D. Hancko;V;/players/david-hancko/391059/;david-hancko;391059.0;feyenoord-rotterdam-nv;D. Hancko;10.0
methodmich;M. Kohlert;14;11.0;M. Köhlert;V;/players/mats-kohlert/400423/;mats-kohlert;400423.0;sportclub-heerenveen;M. Kohlert;15.0
methodmich;S. Mijnans;14;10.0;S. Mijnans;M;/players/sven-mijnans/566000/;sven-mijnans;566000.0;stichting-az;S. Mijnans;3.0
methodmich;S. 't Zand;14;25.0;S. 't Zand;M;/players/shiloh-t-zand/824640/;shiloh-t-zand;824640.0;feyenoord-rotterdam-nv;S. 't Zand;0.17
methodmich;S. Steijn;14;14.0;S. Steijn;M;/players/sem-steijn/560623/;sem-steijn;560623.0;stichting-fc-twente-65;S. Steijn;1.29
methodmich;K. Sano;14;23.0;K. Sano;M;/players/kodai-sano/815318/;kodai-sano;815318.0;nijmegen-eendracht-combinatie;K. Sano;8.0
methodmich;L. de Jong;14;9.0;L. de Jong;A;/players/luuk-de-jong/65056/;luuk-de-jong;65056.0;psv-nv;L. de Jong;1.27
methodmich;W. Weghorst;14;25.0;W. Weghorst;A;/players/wout-weghorst/255205/;wout-weghorst;255205.0;afc-ajax;W. Weghorst;3.11
methodmich;T. Lauritsen;14;;T. Lauritsen;A;/players/tobias-lauritsen/406745/;tobias-lauritsen;406745.0;sparta-rotterdam-bv;T. Lauritsen;3.0
FMNederland;V. Barkas;14;1.0;V. Barkas;K;/players/vasileios-barkas/272919/;vasileios-barkas;272919.0;stichting-fc-utrecht;V. Barkas;17.0
FMNederland;M. Kohlert;14;11.0;M. Köhlert;V;/players/mats-kohlert/400423/;mats-kohlert;400423.0;sportclub-heerenveen;M. Kohlert;15.0
FMNederland;M. Deijl;14;2.0;M. Deijl;V;/players/mats-deijl/402457/;mats-deijl;402457.0;stichting-go-ahead-eagles;M. Deijl;2.0
FMNederland;C. Verdonk;14;24.0;C. Verdonk;V;/players/calvin-verdonk/319288/;calvin-verdonk;319288.0;nijmegen-eendracht-combinatie;C. Verdonk;15.0
FMNederland;O. Boscagli;14;18.0;O. Boscagli;V;/players/olivier-boscagli/329542/;olivier-boscagli;329542.0;psv-nv;O. Boscagli;15.0
FMNederland;S. Bastien;14;22.0;S. Bastien;M;/players/samuel-bastien/314097/;samuel-bastien;314097.0;fortuna-sittard;S. Bastien;3.0
FMNederland;S. Steijn;14;14.0;S. Steijn;M;/players/sem-steijn/560623/;sem-steijn;560623.0;stichting-fc-twente-65;S. Steijn;1.29
FMNederland;Q. Timber;14;8.0;Q. Timber;M;/players/quinten-maduro/463017/;quinten-maduro;463017.0;feyenoord-rotterdam-nv;Q. Timber;3.39
FMNederland;T. Robinet;14;9.0;T. Robinet;A;/players/thomas-robinet/312659/;thomas-robinet;312659.0;fc-omniworld;T. Robinet;
FMNederland;T. Lauritsen;14;;T. Lauritsen;A;/players/tobias-lauritsen/406745/;tobias-lauritsen;406745.0;sparta-rotterdam-bv;T. Lauritsen;3.0
FMNederland;T. Parrott;14;9.0;T. Parrott;A;/players/troy-parrot/515624/;troy-parrot;515624.0;stichting-az;T. Parrott;3.0
crispy;L. Unnerstall;14;1.0;L. Unnerstall;K;/players/lars-unnerstall/81320/;lars-unnerstall;81320.0;stichting-fc-twente-65;L. Unnerstall;2.0
crispy;B. Pereira;14;2.0;B. Pereira;V;/players/brayann-pereira/640596/;brayann-pereira;640596.0;nijmegen-eendracht-combinatie;B. Pereira;19.0
crispy;S. El Karouani;14;16.0;S. El Karouani;V;/players/souffian-elkarouani/537878/;souffian-elkarouani;537878.0;stichting-fc-utrecht;S. El Karouani;15.0
crispy;M. Kohlert;14;11.0;M. Köhlert;V;/players/mats-kohlert/400423/;mats-kohlert;400423.0;sportclub-heerenveen;M. Kohlert;15.0
crispy;D. Hancko;14;33.0;D. Hancko;V;/players/david-hancko/391059/;david-hancko;391059.0;feyenoord-rotterdam-nv;D. Hancko;10.0
crispy;J. Schreuders;14;14.0;J. Schreuders;M;/players/jorg-schreuders/877779/;jorg-schreuders;877779.0;stichting-fc-groningen;J. Schreuders;8.0
crispy;A. Verschueren;14;32.0;A. Verschueren;M;/players/arno-vershueren/319385/;arno-vershueren;319385.0;stichting-fc-twente-65;A. Verschueren;3.0
crispy;S. Mijnans;14;10.0;S. Mijnans;M;/players/sven-mijnans/566000/;sven-mijnans;566000.0;stichting-az;S. Mijnans;3.0
crispy;A. Halilovic;14;10.0;A. Halilović;M;/players/alen-halilovi/270136/;alen-halilovi;270136.0;fortuna-sittard;A. Halilovic;2.63
crispy;K. Taylor;14;8.0;K. Taylor;M;/players/kenneth-taylor/508784/;kenneth-taylor;508784.0;afc-ajax;K. Taylor;13.11
crispy;L. de Jong;14;9.0;L. de Jong;A;/players/luuk-de-jong/65056/;luuk-de-jong;65056.0;psv-nv;L. de Jong;1.27
svvthomas;N. Olij;14;;N. Olij;K;/players/nick-olij/235322/;nick-olij;235322.0;sparta-rotterdam-bv;N. Olij;2.0
svvthomas;M. Deijl;14;2.0;M. Deijl;V;/players/mats-deijl/402457/;mats-deijl;402457.0;stichting-go-ahead-eagles;M. Deijl;2.0
svvthomas;D. Hancko;14;33.0;D. Hancko;V;/players/david-hancko/391059/;david-hancko;391059.0;feyenoord-rotterdam-nv;D. Hancko;10.0
svvthomas;D. Mirani;14;4.0;D. Mirani;V;/players/damon-mirani/289811/;damon-mirani;289811.0;stichting-heracles-almelo;D. Mirani;2.0
svvthomas;C. Sandra;14;14.0;C. Sandra;M;/players/cisse-sandra/638266/;cisse-sandra;638266.0;sbv-willem-ii-tilburg;C. Sandra;13.44
svvthomas;D. Janosek;14;39.0;D. Janošek;M;/players/dominik-janosek/492661/;dominik-janosek;492661.0;nac-bv;D. Janosek;0.93
svvthomas;L. Brouwers;14;8.0;L. Brouwers;M;/players/luuk-brouwers/402458/;luuk-brouwers;402458.0;sportclub-heerenveen;L. Brouwers;11.0
svvthomas;S. Steijn;14;14.0;S. Steijn;M;/players/sem-steijn/560623/;sem-steijn;560623.0;stichting-fc-twente-65;S. Steijn;1.29
svvthomas;T. Parrott;14;9.0;T. Parrott;A;/players/troy-parrot/515624/;troy-parrot;515624.0;stichting-az;T. Parrott;3.0
svvthomas;L. de Jong;14;9.0;L. de Jong;A;/players/luuk-de-jong/65056/;luuk-de-jong;65056.0;psv-nv;L. de Jong;1.27
svvthomas;B. Brobbey;14;9.0;B. Brobbey;A;/players/brian-brobbey/520146/;brian-brobbey;520146.0;afc-ajax;B. Brobbey;0.89
El Cid;L. Unnerstall;14;1.0;L. Unnerstall;K;/players/lars-unnerstall/81320/;lars-unnerstall;81320.0;stichting-fc-twente-65;L. Unnerstall;2.0
El Cid;P. Bochniewicz;14;5.0;P. Bochniewicz;V;/players/pawe-bochniewicz/273911/;pawe-bochniewicz;273911.0;sportclub-heerenveen;P. Bochniewicz;15.0
El Cid;B. Nieuwkoop;14;2.0;B. Nieuwkoop;V;/players/bart-nieuwkoop/275124/;bart-nieuwkoop;275124.0;feyenoord-rotterdam-nv;B. Nieuwkoop;0.0
El Cid;D. van der Kust;14;;D. van der Kust;V;/players/djevencio-van-der-kust/569309/;djevencio-van-der-kust;569309.0;sparta-rotterdam-bv;D. van der Kust;
El Cid;A. Halilovic;14;10.0;A. Halilović;M;/players/alen-halilovi/270136/;alen-halilovi;270136.0;fortuna-sittard;A. Halilovic;2.63
El Cid;L. Valente;14;10.0;L. Valente;M;/players/luciano-valente/703884/;luciano-valente;703884.0;stichting-fc-groningen;L. Valente;7.02
El Cid;V. Jensen;14;7.0;V. Jensen;M;/players/victor-jensen/460509/;victor-jensen;460509.0;stichting-fc-utrecht;V. Jensen;5.24
El Cid;D. Proper;14;71.0;D. Proper;M;/players/dirk-proper/525939/;dirk-proper;525939.0;nijmegen-eendracht-combinatie;D. Proper;
El Cid;B. Traore;14;20.0;B. Traoré;A;/players/bertrand-traore/102801/;bertrand-traore;102801.0;afc-ajax;B. Traore;9.96
El Cid;L. de Jong;14;9.0;L. de Jong;A;/players/luuk-de-jong/65056/;luuk-de-jong;65056.0;psv-nv;L. de Jong;1.27
El Cid;T. Parrott;14;9.0;T. Parrott;A;/players/troy-parrot/515624/;troy-parrot;515624.0;stichting-az;T. Parrott;3.0
Otis.;V. Barkas;14;1.0;V. Barkas;K;/players/vasileios-barkas/272919/;vasileios-barkas;272919.0;stichting-fc-utrecht;V. Barkas;17.0
Otis.;M. Deijl;14;2.0;M. Deijl;V;/players/mats-deijl/402457/;mats-deijl;402457.0;stichting-go-ahead-eagles;M. Deijl;2.0
Otis.;M. Hilgers;14;2.0;M. Hilgers;V;/players/mees-hilgers/627701/;mees-hilgers;627701.0;stichting-fc-twente-65;M. Hilgers;1.73
Otis.;J. Hato;14;4.0;J. Hato;V;/players/jorrel-hato/783173/;jorrel-hato;783173.0;afc-ajax;J. Hato;0.0
Otis.;G. Smal;14;5.0;G. Smal;V;/players/gijs-smal/508760/;gijs-smal;508760.0;feyenoord-rotterdam-nv;G. Smal;3.61
Otis.;S. Mijnans;14;10.0;S. Mijnans;M;/players/sven-mijnans/566000/;sven-mijnans;566000.0;stichting-az;S. Mijnans;3.0
Otis.;Rober;14;7.0;Róber;M;/players/roberto-gonzalez-bayon/500171/;roberto-gonzalez-bayon;500171.0;nijmegen-eendracht-combinatie;Rober;6.13
Otis.;P. Clement;14;;P. Clement;M;/players/pelle-clement/379793/;pelle-clement;379793.0;sparta-rotterdam-bv;P. Clement;-0.47
Otis.;D. Karlsbakk;14;9.0;D. Karlsbakk;A;/players/daniel-seland-karlsbakk/629619/;daniel-seland-karlsbakk;629619.0;sportclub-heerenveen;D. Karlsbakk;
Otis.;L. de Jong;14;9.0;L. de Jong;A;/players/luuk-de-jong/65056/;luuk-de-jong;65056.0;psv-nv;L. de Jong;1.27
Otis.;L. Kulenovic;14;19.0;L. Kulenović;A;/players/luka-kulenovi/631882/;luka-kulenovi;631882.0;stichting-heracles-almelo;L. Kulenovic;3.0
Gordon Shumway;S. Steijn;14;14.0;S. Steijn;M;/players/sem-steijn/560623/;sem-steijn;560623.0;stichting-fc-twente-65;S. Steijn;1.29
Gordon Shumway;B. Nieuwkoop;14;2.0;B. Nieuwkoop;V;/players/bart-nieuwkoop/275124/;bart-nieuwkoop;275124.0;feyenoord-rotterdam-nv;B. Nieuwkoop;0.0
Gordon Shumway;J. Hato;14;4.0;J. Hato;V;/players/jorrel-hato/783173/;jorrel-hato;783173.0;afc-ajax;J. Hato;0.0
Gordon Shumway;M. Kohlert;14;11.0;M. Köhlert;V;/players/mats-kohlert/400423/;mats-kohlert;400423.0;sportclub-heerenveen;M. Kohlert;15.0
Gordon Shumway;C. Neghli;14;;C. Neghli;A;/players/camiel-neghli/680707/;camiel-neghli;680707.0;sparta-rotterdam-bv;C. Neghli;2.47
Gordon Shumway;L. Valente;14;10.0;L. Valente;M;/players/luciano-valente/703884/;luciano-valente;703884.0;stichting-fc-groningen;L. Valente;7.02
Gordon Shumway;D. Proper;14;71.0;D. Proper;M;/players/dirk-proper/525939/;dirk-proper;525939.0;nijmegen-eendracht-combinatie;D. Proper;
Gordon Shumway;V. Jensen;14;7.0;V. Jensen;M;/players/victor-jensen/460509/;victor-jensen;460509.0;stichting-fc-utrecht;V. Jensen;5.24
Gordon Shumway;L. de Jong;14;9.0;L. de Jong;A;/players/luuk-de-jong/65056/;luuk-de-jong;65056.0;psv-nv;L. de Jong;1.27
Gordon Shumway;!K. Sierhuis;14;;;;;;;;;
Gordon Shumway;T. Parrott;14;9.0;T. Parrott;A;/players/troy-parrot/515624/;troy-parrot;515624.0;stichting-az;T. Parrott;3.0
Suikerbrood;N. Olij;14;;N. Olij;K;/players/nick-olij/235322/;nick-olij;235322.0;sparta-rotterdam-bv;N. Olij;2.0
Suikerbrood;S. Olsson;14;19.0;S. Olsson;M;/players/simon-olsson/423888/;simon-olsson;423888.0;sportclub-heerenveen;S. Olsson;0.0
Suikerbrood;D. Rensch;14;2.0;D. Rensch;V;/players/devyne-rensch/601396/;devyne-rensch;601396.0;afc-ajax;D. Rensch;2.0
Suikerbrood;J. Amofa;14;25.0;J. Amofa;V;/players/jamal-amofa/668121/;jamal-amofa;668121.0;stichting-go-ahead-eagles;J. Amofa;
Suikerbrood;N. Viergever;14;24.0;N. Viergever;V;/players/nick--viergever/78529/;nick--viergever;78529.0;stichting-fc-utrecht;N. Viergever;15.0
Suikerbrood;D. Proper;14;71.0;D. Proper;M;/players/dirk-proper/525939/;dirk-proper;525939.0;nijmegen-eendracht-combinatie;D. Proper;
Suikerbrood;M. Vlap;14;18.0;M. Vlap;M;/players/michel-vlap/407742/;michel-vlap;407742.0;stichting-fc-twente-65;M. Vlap;22.0
Suikerbrood;A. Halilovic;14;10.0;A. Halilović;M;/players/alen-halilovi/270136/;alen-halilovi;270136.0;fortuna-sittard;A. Halilovic;2.63
Suikerbrood;A. Ueda;14;9.0;A. Ueda;A;/players/ayase-ueda/551425/;ayase-ueda;551425.0;feyenoord-rotterdam-nv;A. Ueda;
Suikerbrood;R. van Bommel;14;7.0;R. van Bommel;A;/players/ruben-van-bommel/834074/;ruben-van-bommel;834074.0;stichting-az;R. van Bommel;
Suikerbrood;L. de Jong;14;9.0;L. de Jong;A;/players/luuk-de-jong/65056/;luuk-de-jong;65056.0;psv-nv;L. de Jong;1.27
EnGCatjuh;N. Olij;14;;N. Olij;K;/players/nick-olij/235322/;nick-olij;235322.0;sparta-rotterdam-bv;N. Olij;2.0
EnGCatjuh;M. Kohlert;14;11.0;M. Köhlert;V;/players/mats-kohlert/400423/;mats-kohlert;400423.0;sportclub-heerenveen;M. Kohlert;15.0
EnGCatjuh;O. Boscagli;14;18.0;O. Boscagli;V;/players/olivier-boscagli/329542/;olivier-boscagli;329542.0;psv-nv;O. Boscagli;15.0
EnGCatjuh;S. El Karouani;14;16.0;S. El Karouani;V;/players/souffian-elkarouani/537878/;souffian-elkarouani;537878.0;stichting-fc-utrecht;S. El Karouani;15.0
EnGCatjuh;A. Ueda;14;9.0;A. Ueda;A;/players/ayase-ueda/551425/;ayase-ueda;551425.0;feyenoord-rotterdam-nv;A. Ueda;
EnGCatjuh;J. Schreuders;14;14.0;J. Schreuders;M;/players/jorg-schreuders/877779/;jorg-schreuders;877779.0;stichting-fc-groningen;J. Schreuders;8.0
EnGCatjuh;D. Proper;14;71.0;D. Proper;M;/players/dirk-proper/525939/;dirk-proper;525939.0;nijmegen-eendracht-combinatie;D. Proper;
EnGCatjuh;S. Steijn;14;14.0;S. Steijn;M;/players/sem-steijn/560623/;sem-steijn;560623.0;stichting-fc-twente-65;S. Steijn;1.29
EnGCatjuh;T. Parrott;14;9.0;T. Parrott;A;/players/troy-parrot/515624/;troy-parrot;515624.0;stichting-az;T. Parrott;3.0
EnGCatjuh;B. Brobbey;14;9.0;B. Brobbey;A;/players/brian-brobbey/520146/;brian-brobbey;520146.0;afc-ajax;B. Brobbey;0.89
EnGCatjuh;R. Meerveld;14;16.0;R. Meerveld;M;/players/ringo-meerveld/623815/;ringo-meerveld;623815.0;sbv-willem-ii-tilburg;R. Meerveld;5.0
Vishandel Makaay;R. Pasveer;14;22.0;R. Pasveer;K;/players/remko-pasveer/49689/;remko-pasveer;49689.0;afc-ajax;R. Pasveer;2.0
Vishandel Makaay;R. Flamingo;14;6.0;R. Flamingo;V;/players/ryan-flamingo/627724/;ryan-flamingo;627724.0;psv-nv;R. Flamingo;15.0
Vishandel Makaay;J. Lelieveld;14;2.0;J. Lelieveld;V;/players/julian-lelieveld/407738/;julian-lelieveld;407738.0;rkc-waalwijk;J. Lelieveld;0.0
Vishandel Makaay;K. Leerdam;14;18.0;K. Leerdam;V;/players/kelvin-leerdam/68354/;kelvin-leerdam;68354.0;stichting-heracles-almelo;K. Leerdam;0.0
Vishandel Makaay;M. Dijks;14;35.0;M. Dijks;V;/players/mitchel-dijks/219029/;mitchel-dijks;219029.0;fortuna-sittard;M. Dijks;0.07
Vishandel Makaay;T. Oosting;14;25.0;T. Oosting;M;/players/thijs-oosting/477591/;thijs-oosting;477591.0;stichting-fc-groningen;T. Oosting;0.0
Vishandel Makaay;E. van Ee;14;21.0;E. van Ee;M;/players/espen-van-ee/921919/;espen-van-ee;921919.0;sportclub-heerenveen;E. van Ee;6.0
Vishandel Makaay;P. Aaronson;14;21.0;P. Aaronson;M;/players/paxten-aaronson/576828/;paxten-aaronson;576828.0;stichting-fc-utrecht;P. Aaronson;17.0
Vishandel Makaay;R. Kuijpers;14;17.0;R. Kuijpers;A;/players/roy-kuijpers/663306/;roy-kuijpers;663306.0;nac-bv;R. Kuijpers;0.0
Vishandel Makaay;R. van Wolfswinkel;14;9.0;R. van Wolfswinkel;A;/players/ricky-van-wolfswinkel/59407/;ricky-van-wolfswinkel;59407.0;stichting-fc-twente-65;R. van Wolfswinkel;1.29
Vishandel Makaay;T. Buitink;14;29.0;T. Buitink;A;/players/thomas-buitnik/457668/;thomas-buitnik;457668.0;bvo-fc-zwolle;T. Buitink;0.0
Friggles;L. Unnerstall;14;1.0;L. Unnerstall;K;/players/lars-unnerstall/81320/;lars-unnerstall;81320.0;stichting-fc-twente-65;L. Unnerstall;2.0
Friggles;T. Quintero;14;;T. Quintero;V;/players/teo-quintero/565562/;teo-quintero;565562.0;sparta-rotterdam-bv;T. Quintero;
Friggles;M. Deijl;14;2.0;M. Deijl;V;/players/mats-deijl/402457/;mats-deijl;402457.0;stichting-go-ahead-eagles;M. Deijl;2.0
Friggles;S. El Karouani;14;16.0;S. El Karouani;V;/players/souffian-elkarouani/537878/;souffian-elkarouani;537878.0;stichting-fc-utrecht;S. El Karouani;15.0
Friggles;S. Mijnans;14;10.0;S. Mijnans;M;/players/sven-mijnans/566000/;sven-mijnans;566000.0;stichting-az;S. Mijnans;3.0
Friggles;D. Proper;14;71.0;D. Proper;M;/players/dirk-proper/525939/;dirk-proper;525939.0;nijmegen-eendracht-combinatie;D. Proper;
Friggles;M. Kohlert;14;11.0;M. Köhlert;V;/players/mats-kohlert/400423/;mats-kohlert;400423.0;sportclub-heerenveen;M. Kohlert;15.0
Friggles;S. 't Zand;14;25.0;S. 't Zand;M;/players/shiloh-t-zand/824640/;shiloh-t-zand;824640.0;feyenoord-rotterdam-nv;S. 't Zand;0.17
Friggles;Q. Timber;14;8.0;Q. Timber;M;/players/quinten-maduro/463017/;quinten-maduro;463017.0;feyenoord-rotterdam-nv;Q. Timber;3.39
Friggles;L. de Jong;14;9.0;L. de Jong;A;/players/luuk-de-jong/65056/;luuk-de-jong;65056.0;psv-nv;L. de Jong;1.27
Friggles;B. Brobbey;14;9.0;B. Brobbey;A;/players/brian-brobbey/520146/;brian-brobbey;520146.0;afc-ajax;B. Brobbey;0.89
Jay-Jay;N. Olij;14;;N. Olij;K;/players/nick-olij/235322/;nick-olij;235322.0;sparta-rotterdam-bv;N. Olij;2.0
Jay-Jay;S. Maikuma;14;16.0;S. Maikuma;V;/players/seiya-maikuma/651537/;seiya-maikuma;651537.0;stichting-az;S. Maikuma;0.0
Jay-Jay;M. Deijl;14;2.0;M. Deijl;V;/players/mats-deijl/402457/;mats-deijl;402457.0;stichting-go-ahead-eagles;M. Deijl;2.0
Jay-Jay;S. El Karouani;14;16.0;S. El Karouani;V;/players/souffian-elkarouani/537878/;souffian-elkarouani;537878.0;stichting-fc-utrecht;S. El Karouani;15.0
Jay-Jay;Ivo Pinto;14;12.0;Ivo Pinto;V;/players/ivo-pinto/86672/;ivo-pinto;86672.0;fortuna-sittard;Ivo Pinto;0.1
Jay-Jay;L. de Jong;14;9.0;L. de Jong;A;/players/luuk-de-jong/65056/;luuk-de-jong;65056.0;psv-nv;L. de Jong;1.27
Jay-Jay;Rober;14;7.0;Róber;M;/players/roberto-gonzalez-bayon/500171/;roberto-gonzalez-bayon;500171.0;nijmegen-eendracht-combinatie;Rober;6.13
Jay-Jay;S. Olsson;14;19.0;S. Olsson;M;/players/simon-olsson/423888/;simon-olsson;423888.0;sportclub-heerenveen;S. Olsson;0.0
Jay-Jay;Q. Timber;14;8.0;Q. Timber;M;/players/quinten-maduro/463017/;quinten-maduro;463017.0;feyenoord-rotterdam-nv;Q. Timber;3.39
Jay-Jay;B. Brobbey;14;9.0;B. Brobbey;A;/players/brian-brobbey/520146/;brian-brobbey;520146.0;afc-ajax;B. Brobbey;0.89
Jay-Jay;S. Lammers;14;10.0;S. Lammers;A;/players/sam-lammers/407736/;sam-lammers;407736.0;stichting-fc-twente-65;S. Lammers;2.71
Rucebo;V. Barkas;14;1.0;V. Barkas;K;/players/vasileios-barkas/272919/;vasileios-barkas;272919.0;stichting-fc-utrecht;V. Barkas;17.0
Rucebo;Ivo Pinto;14;12.0;Ivo Pinto;V;/players/ivo-pinto/86672/;ivo-pinto;86672.0;fortuna-sittard;Ivo Pinto;0.1
Rucebo;J. Hato;14;4.0;J. Hato;V;/players/jorrel-hato/783173/;jorrel-hato;783173.0;afc-ajax;J. Hato;0.0
Rucebo;D. Hancko;14;33.0;D. Hancko;V;/players/david-hancko/391059/;david-hancko;391059.0;feyenoord-rotterdam-nv;D. Hancko;10.0
Rucebo;M. Deijl;14;2.0;M. Deijl;V;/players/mats-deijl/402457/;mats-deijl;402457.0;stichting-go-ahead-eagles;M. Deijl;2.0
Rucebo;S. Steijn;14;14.0;S. Steijn;M;/players/sem-steijn/560623/;sem-steijn;560623.0;stichting-fc-twente-65;S. Steijn;1.29
Rucebo;A. Verschueren;14;32.0;A. Verschueren;M;/players/arno-vershueren/319385/;arno-vershueren;319385.0;stichting-fc-twente-65;A. Verschueren;3.0
Rucebo;L. Brouwers;14;8.0;L. Brouwers;M;/players/luuk-brouwers/402458/;luuk-brouwers;402458.0;sportclub-heerenveen;L. Brouwers;11.0
Rucebo;T. Parrott;14;9.0;T. Parrott;A;/players/troy-parrot/515624/;troy-parrot;515624.0;stichting-az;T. Parrott;3.0
Rucebo;L. de Jong;14;9.0;L. de Jong;A;/players/luuk-de-jong/65056/;luuk-de-jong;65056.0;psv-nv;L. de Jong;1.27
Rucebo;K. Ogawa;14;18.0;K. Ogawa;A;/players/koki-ogawa/435835/;koki-ogawa;435835.0;nijmegen-eendracht-combinatie;K. Ogawa;13.2
tukkeRoel;V. Barkas;15;1.0;V. Barkas;K;/players/vasileios-barkas/272919/;vasileios-barkas;272919.0;stichting-fc-utrecht;V. Barkas;4.0
tukkeRoel;D. Hancko;15;33.0;D. Hancko;V;/players/david-hancko/391059/;david-hancko;391059.0;feyenoord-rotterdam-nv;D. Hancko;15.0
tukkeRoel;J. Hato;15;4.0;J. Hato;V;/players/jorrel-hato/783173/;jorrel-hato;783173.0;afc-ajax;J. Hato;11.33
tukkeRoel;M. Kohlert;15;11.0;M. Köhlert;V;/players/mats-kohlert/400423/;mats-kohlert;400423.0;sportclub-heerenveen;M. Kohlert;
tukkeRoel;C. Verdonk;15;24.0;C. Verdonk;V;/players/calvin-verdonk/319288/;calvin-verdonk;319288.0;nijmegen-eendracht-combinatie;C. Verdonk;1.0
tukkeRoel;F. Krastev;15;50.0;F. Krastev;M;/players/filip-yavorov-krastev/550509/;filip-yavorov-krastev;550509.0;bvo-fc-zwolle;F. Krastev;0.67
tukkeRoel;S. Mijnans;15;10.0;S. Mijnans;M;/players/sven-mijnans/566000/;sven-mijnans;566000.0;stichting-az;S. Mijnans;12.0
tukkeRoel;A. Verschueren;15;32.0;A. Verschueren;M;/players/arno-vershueren/319385/;arno-vershueren;319385.0;stichting-fc-twente-65;A. Verschueren;2.23
tukkeRoel;S. Steijn;15;14.0;S. Steijn;M;/players/sem-steijn/560623/;sem-steijn;560623.0;stichting-fc-twente-65;S. Steijn;18.33
tukkeRoel;M. Deijl;15;2.0;M. Deijl;V;/players/mats-deijl/402457/;mats-deijl;402457.0;stichting-go-ahead-eagles;M. Deijl;27.0
tukkeRoel;L. de Jong;15;9.0;L. de Jong;A;/players/luuk-de-jong/65056/;luuk-de-jong;65056.0;psv-nv;L. de Jong;
methodmich;V. Barkas;15;1.0;V. Barkas;K;/players/vasileios-barkas/272919/;vasileios-barkas;272919.0;stichting-fc-utrecht;V. Barkas;4.0
methodmich;M. Dijks;15;35.0;M. Dijks;V;/players/mitchel-dijks/219029/;mitchel-dijks;219029.0;fortuna-sittard;M. Dijks;1.0
methodmich;D. Hancko;15;33.0;D. Hancko;V;/players/david-hancko/391059/;david-hancko;391059.0;feyenoord-rotterdam-nv;D. Hancko;15.0
methodmich;M. Kohlert;15;11.0;M. Köhlert;V;/players/mats-kohlert/400423/;mats-kohlert;400423.0;sportclub-heerenveen;M. Kohlert;
methodmich;S. Mijnans;15;10.0;S. Mijnans;M;/players/sven-mijnans/566000/;sven-mijnans;566000.0;stichting-az;S. Mijnans;12.0
methodmich;S. 't Zand;15;25.0;S. 't Zand;M;/players/shiloh-t-zand/824640/;shiloh-t-zand;824640.0;feyenoord-rotterdam-nv;S. 't Zand;1.96
methodmich;S. Steijn;15;14.0;S. Steijn;M;/players/sem-steijn/560623/;sem-steijn;560623.0;stichting-fc-twente-65;S. Steijn;18.33
methodmich;K. Sano;15;23.0;K. Sano;M;/players/kodai-sano/815318/;kodai-sano;815318.0;nijmegen-eendracht-combinatie;K. Sano;3.0
methodmich;L. de Jong;15;9.0;L. de Jong;A;/players/luuk-de-jong/65056/;luuk-de-jong;65056.0;psv-nv;L. de Jong;
methodmich;W. Weghorst;15;25.0;W. Weghorst;A;/players/wout-weghorst/255205/;wout-weghorst;255205.0;afc-ajax;W. Weghorst;1.6
methodmich;T. Lauritsen;15;;T. Lauritsen;A;/players/tobias-lauritsen/406745/;tobias-lauritsen;406745.0;sparta-rotterdam-bv;T. Lauritsen;11.0
FMNederland;V. Barkas;15;1.0;V. Barkas;K;/players/vasileios-barkas/272919/;vasileios-barkas;272919.0;stichting-fc-utrecht;V. Barkas;4.0
FMNederland;M. Kohlert;15;11.0;M. Köhlert;V;/players/mats-kohlert/400423/;mats-kohlert;400423.0;sportclub-heerenveen;M. Kohlert;
FMNederland;M. Deijl;15;2.0;M. Deijl;V;/players/mats-deijl/402457/;mats-deijl;402457.0;stichting-go-ahead-eagles;M. Deijl;27.0
FMNederland;C. Verdonk;15;24.0;C. Verdonk;V;/players/calvin-verdonk/319288/;calvin-verdonk;319288.0;nijmegen-eendracht-combinatie;C. Verdonk;1.0
FMNederland;O. Boscagli;15;18.0;O. Boscagli;V;/players/olivier-boscagli/329542/;olivier-boscagli;329542.0;psv-nv;O. Boscagli;27.0
FMNederland;S. Bastien;15;22.0;S. Bastien;M;/players/samuel-bastien/314097/;samuel-bastien;314097.0;fortuna-sittard;S. Bastien;2.67
FMNederland;S. Steijn;15;14.0;S. Steijn;M;/players/sem-steijn/560623/;sem-steijn;560623.0;stichting-fc-twente-65;S. Steijn;18.33
FMNederland;Q. Timber;15;8.0;Q. Timber;M;/players/quinten-maduro/463017/;quinten-maduro;463017.0;feyenoord-rotterdam-nv;Q. Timber;
FMNederland;T. Robinet;15;9.0;T. Robinet;A;/players/thomas-robinet/312659/;thomas-robinet;312659.0;fc-omniworld;T. Robinet;1.93
FMNederland;T. Lauritsen;15;;T. Lauritsen;A;/players/tobias-lauritsen/406745/;tobias-lauritsen;406745.0;sparta-rotterdam-bv;T. Lauritsen;11.0
FMNederland;T. Parrott;15;9.0;T. Parrott;A;/players/troy-parrot/515624/;troy-parrot;515624.0;stichting-az;T. Parrott;5.0
crispy;L. Unnerstall;15;1.0;L. Unnerstall;K;/players/lars-unnerstall/81320/;lars-unnerstall;81320.0;stichting-fc-twente-65;L. Unnerstall;4.0
crispy;B. Pereira;15;2.0;B. Pereira;V;/players/brayann-pereira/640596/;brayann-pereira;640596.0;nijmegen-eendracht-combinatie;B. Pereira;0.33
crispy;S. El Karouani;15;16.0;S. El Karouani;V;/players/souffian-elkarouani/537878/;souffian-elkarouani;537878.0;stichting-fc-utrecht;S. El Karouani;4.0
crispy;M. Kohlert;15;11.0;M. Köhlert;V;/players/mats-kohlert/400423/;mats-kohlert;400423.0;sportclub-heerenveen;M. Kohlert;
crispy;D. Hancko;15;33.0;D. Hancko;V;/players/david-hancko/391059/;david-hancko;391059.0;feyenoord-rotterdam-nv;D. Hancko;15.0
crispy;J. Schreuders;15;14.0;J. Schreuders;M;/players/jorg-schreuders/877779/;jorg-schreuders;877779.0;stichting-fc-groningen;J. Schreuders;1.0
crispy;A. Verschueren;15;32.0;A. Verschueren;M;/players/arno-vershueren/319385/;arno-vershueren;319385.0;stichting-fc-twente-65;A. Verschueren;2.23
crispy;S. Mijnans;15;10.0;S. Mijnans;M;/players/sven-mijnans/566000/;sven-mijnans;566000.0;stichting-az;S. Mijnans;12.0
crispy;D. Vente;15;9.0;D. Vente;A;/players/dylan-vente/426585/;dylan-vente;426585.0;bvo-fc-zwolle;D. Vente;2.57
crispy;K. Taylor;15;8.0;K. Taylor;M;/players/kenneth-taylor/508784/;kenneth-taylor;508784.0;afc-ajax;K. Taylor;8.0
crispy;M. Tillman;15;7.0;M. Tillman;M;/players/malik-tillman/561787/;malik-tillman;561787.0;psv-nv;M. Tillman;2.49
svvthomas;N. Olij;15;;N. Olij;K;/players/nick-olij/235322/;nick-olij;235322.0;sparta-rotterdam-bv;N. Olij;1.0
svvthomas;M. Deijl;15;2.0;M. Deijl;V;/players/mats-deijl/402457/;mats-deijl;402457.0;stichting-go-ahead-eagles;M. Deijl;27.0
svvthomas;D. Hancko;15;33.0;D. Hancko;V;/players/david-hancko/391059/;david-hancko;391059.0;feyenoord-rotterdam-nv;D. Hancko;15.0
svvthomas;D. Mirani;15;4.0;D. Mirani;V;/players/damon-mirani/289811/;damon-mirani;289811.0;stichting-heracles-almelo;D. Mirani;2.0
svvthomas;C. Sandra;15;14.0;C. Sandra;M;/players/cisse-sandra/638266/;cisse-sandra;638266.0;sbv-willem-ii-tilburg;C. Sandra;4.0
svvthomas;D. Janosek;15;39.0;D. Janošek;M;/players/dominik-janosek/492661/;dominik-janosek;492661.0;nac-bv;D. Janosek;0.76
svvthomas;L. Brouwers;15;8.0;L. Brouwers;M;/players/luuk-brouwers/402458/;luuk-brouwers;402458.0;sportclub-heerenveen;L. Brouwers;3.0
svvthomas;S. Steijn;15;14.0;S. Steijn;M;/players/sem-steijn/560623/;sem-steijn;560623.0;stichting-fc-twente-65;S. Steijn;18.33
svvthomas;T. Parrott;15;9.0;T. Parrott;A;/players/troy-parrot/515624/;troy-parrot;515624.0;stichting-az;T. Parrott;5.0
svvthomas;L. de Jong;15;9.0;L. de Jong;A;/players/luuk-de-jong/65056/;luuk-de-jong;65056.0;psv-nv;L. de Jong;
svvthomas;B. Brobbey;15;9.0;B. Brobbey;A;/players/brian-brobbey/520146/;brian-brobbey;520146.0;afc-ajax;B. Brobbey;12.4
El Cid;L. Unnerstall;15;1.0;L. Unnerstall;K;/players/lars-unnerstall/81320/;lars-unnerstall;81320.0;stichting-fc-twente-65;L. Unnerstall;4.0
El Cid;P. Bochniewicz;15;5.0;P. Bochniewicz;V;/players/pawe-bochniewicz/273911/;pawe-bochniewicz;273911.0;sportclub-heerenveen;P. Bochniewicz;0.0
El Cid;B. Nieuwkoop;15;2.0;B. Nieuwkoop;V;/players/bart-nieuwkoop/275124/;bart-nieuwkoop;275124.0;feyenoord-rotterdam-nv;B. Nieuwkoop;5.0
El Cid;D. van der Kust;15;;D. van der Kust;V;/players/djevencio-van-der-kust/569309/;djevencio-van-der-kust;569309.0;sparta-rotterdam-bv;D. van der Kust;
El Cid;A. Halilovic;15;10.0;A. Halilović;M;/players/alen-halilovi/270136/;alen-halilovi;270136.0;fortuna-sittard;A. Halilovic;0.1
El Cid;L. Valente;15;10.0;L. Valente;M;/players/luciano-valente/703884/;luciano-valente;703884.0;stichting-fc-groningen;L. Valente;2.83
El Cid;V. Jensen;15;7.0;V. Jensen;M;/players/victor-jensen/460509/;victor-jensen;460509.0;stichting-fc-utrecht;V. Jensen;14.0
El Cid;D. Proper;15;71.0;D. Proper;M;/players/dirk-proper/525939/;dirk-proper;525939.0;nijmegen-eendracht-combinatie;D. Proper;0.9
El Cid;B. Traore;15;20.0;B. Traoré;A;/players/bertrand-traore/102801/;bertrand-traore;102801.0;afc-ajax;B. Traore;3.73
El Cid;L. de Jong;15;9.0;L. de Jong;A;/players/luuk-de-jong/65056/;luuk-de-jong;65056.0;psv-nv;L. de Jong;
El Cid;T. Parrott;15;9.0;T. Parrott;A;/players/troy-parrot/515624/;troy-parrot;515624.0;stichting-az;T. Parrott;5.0
Otis.;V. Barkas;15;1.0;V. Barkas;K;/players/vasileios-barkas/272919/;vasileios-barkas;272919.0;stichting-fc-utrecht;V. Barkas;4.0
Otis.;M. Deijl;15;2.0;M. Deijl;V;/players/mats-deijl/402457/;mats-deijl;402457.0;stichting-go-ahead-eagles;M. Deijl;27.0
Otis.;M. Hilgers;15;2.0;M. Hilgers;V;/players/mees-hilgers/627701/;mees-hilgers;627701.0;stichting-fc-twente-65;M. Hilgers;2.0
Otis.;J. Hato;15;4.0;J. Hato;V;/players/jorrel-hato/783173/;jorrel-hato;783173.0;afc-ajax;J. Hato;11.33
Otis.;J. Trenskow;15;20.0;J. Trenskow;A;/players/jacob-trenskow/672937/;jacob-trenskow;672937.0;sportclub-heerenveen;J. Trenskow;3.0
Otis.;S. Mijnans;15;10.0;S. Mijnans;M;/players/sven-mijnans/566000/;sven-mijnans;566000.0;stichting-az;S. Mijnans;12.0
Otis.;Rober;15;7.0;Róber;M;/players/roberto-gonzalez-bayon/500171/;roberto-gonzalez-bayon;500171.0;nijmegen-eendracht-combinatie;Rober;2.33
Otis.;P. Clement;15;;P. Clement;M;/players/pelle-clement/379793/;pelle-clement;379793.0;sparta-rotterdam-bv;P. Clement;1.0
Otis.;D. Hancko;15;33.0;D. Hancko;V;/players/david-hancko/391059/;david-hancko;391059.0;feyenoord-rotterdam-nv;D. Hancko;15.0
Otis.;L. de Jong;15;9.0;L. de Jong;A;/players/luuk-de-jong/65056/;luuk-de-jong;65056.0;psv-nv;L. de Jong;
Otis.;L. Kulenovic;15;19.0;L. Kulenović;A;/players/luka-kulenovi/631882/;luka-kulenovi;631882.0;stichting-heracles-almelo;L. Kulenovic;11.87
Gordon Shumway;S. Steijn;15;14.0;S. Steijn;M;/players/sem-steijn/560623/;sem-steijn;560623.0;stichting-fc-twente-65;S. Steijn;18.33
Gordon Shumway;B. Nieuwkoop;15;2.0;B. Nieuwkoop;V;/players/bart-nieuwkoop/275124/;bart-nieuwkoop;275124.0;feyenoord-rotterdam-nv;B. Nieuwkoop;5.0
Gordon Shumway;J. Hato;15;4.0;J. Hato;V;/players/jorrel-hato/783173/;jorrel-hato;783173.0;afc-ajax;J. Hato;11.33
Gordon Shumway;M. Kohlert;15;11.0;M. Köhlert;V;/players/mats-kohlert/400423/;mats-kohlert;400423.0;sportclub-heerenveen;M. Kohlert;
Gordon Shumway;C. Neghli;15;;C. Neghli;A;/players/camiel-neghli/680707/;camiel-neghli;680707.0;sparta-rotterdam-bv;C. Neghli;0.33
Gordon Shumway;L. Valente;15;10.0;L. Valente;M;/players/luciano-valente/703884/;luciano-valente;703884.0;stichting-fc-groningen;L. Valente;2.83
Gordon Shumway;D. Proper;15;71.0;D. Proper;M;/players/dirk-proper/525939/;dirk-proper;525939.0;nijmegen-eendracht-combinatie;D. Proper;0.9
Gordon Shumway;V. Jensen;15;7.0;V. Jensen;M;/players/victor-jensen/460509/;victor-jensen;460509.0;stichting-fc-utrecht;V. Jensen;14.0
Gordon Shumway;L. de Jong;15;9.0;L. de Jong;A;/players/luuk-de-jong/65056/;luuk-de-jong;65056.0;psv-nv;L. de Jong;
Gordon Shumway;!K. Sierhuis;15;;;;;;;;;
Gordon Shumway;T. Parrott;15;9.0;T. Parrott;A;/players/troy-parrot/515624/;troy-parrot;515624.0;stichting-az;T. Parrott;5.0
Suikerbrood;N. Olij;15;;N. Olij;K;/players/nick-olij/235322/;nick-olij;235322.0;sparta-rotterdam-bv;N. Olij;1.0
Suikerbrood;S. Olsson;15;19.0;S. Olsson;M;/players/simon-olsson/423888/;simon-olsson;423888.0;sportclub-heerenveen;S. Olsson;0.0
Suikerbrood;D. Rensch;15;2.0;D. Rensch;V;/players/devyne-rensch/601396/;devyne-rensch;601396.0;afc-ajax;D. Rensch;13.33
Suikerbrood;J. Amofa;15;25.0;J. Amofa;V;/players/jamal-amofa/668121/;jamal-amofa;668121.0;stichting-go-ahead-eagles;J. Amofa;0.0
Suikerbrood;N. Viergever;15;24.0;N. Viergever;V;/players/nick--viergever/78529/;nick--viergever;78529.0;stichting-fc-utrecht;N. Viergever;4.0
Suikerbrood;D. Proper;15;71.0;D. Proper;M;/players/dirk-proper/525939/;dirk-proper;525939.0;nijmegen-eendracht-combinatie;D. Proper;0.9
Suikerbrood;M. Vlap;15;18.0;M. Vlap;M;/players/michel-vlap/407742/;michel-vlap;407742.0;stichting-fc-twente-65;M. Vlap;8.28
Suikerbrood;A. Halilovic;15;10.0;A. Halilović;M;/players/alen-halilovi/270136/;alen-halilovi;270136.0;fortuna-sittard;A. Halilovic;0.1
Suikerbrood;A. Ueda;15;9.0;A. Ueda;A;/players/ayase-ueda/551425/;ayase-ueda;551425.0;feyenoord-rotterdam-nv;A. Ueda;
Suikerbrood;R. van Bommel;15;7.0;R. van Bommel;A;/players/ruben-van-bommel/834074/;ruben-van-bommel;834074.0;stichting-az;R. van Bommel;0.72
Suikerbrood;L. de Jong;15;9.0;L. de Jong;A;/players/luuk-de-jong/65056/;luuk-de-jong;65056.0;psv-nv;L. de Jong;
EnGCatjuh;N. Olij;15;;N. Olij;K;/players/nick-olij/235322/;nick-olij;235322.0;sparta-rotterdam-bv;N. Olij;1.0
EnGCatjuh;M. Kohlert;15;11.0;M. Köhlert;V;/players/mats-kohlert/400423/;mats-kohlert;400423.0;sportclub-heerenveen;M. Kohlert;
EnGCatjuh;O. Boscagli;15;18.0;O. Boscagli;V;/players/olivier-boscagli/329542/;olivier-boscagli;329542.0;psv-nv;O. Boscagli;27.0
EnGCatjuh;S. El Karouani;15;16.0;S. El Karouani;V;/players/souffian-elkarouani/537878/;souffian-elkarouani;537878.0;stichting-fc-utrecht;S. El Karouani;4.0
EnGCatjuh;A. Ueda;15;9.0;A. Ueda;A;/players/ayase-ueda/551425/;ayase-ueda;551425.0;feyenoord-rotterdam-nv;A. Ueda;
EnGCatjuh;J. Schreuders;15;14.0;J. Schreuders;M;/players/jorg-schreuders/877779/;jorg-schreuders;877779.0;stichting-fc-groningen;J. Schreuders;1.0
EnGCatjuh;D. Proper;15;71.0;D. Proper;M;/players/dirk-proper/525939/;dirk-proper;525939.0;nijmegen-eendracht-combinatie;D. Proper;0.9
EnGCatjuh;S. Steijn;15;14.0;S. Steijn;M;/players/sem-steijn/560623/;sem-steijn;560623.0;stichting-fc-twente-65;S. Steijn;18.33
EnGCatjuh;T. Parrott;15;9.0;T. Parrott;A;/players/troy-parrot/515624/;troy-parrot;515624.0;stichting-az;T. Parrott;5.0
EnGCatjuh;B. Brobbey;15;9.0;B. Brobbey;A;/players/brian-brobbey/520146/;brian-brobbey;520146.0;afc-ajax;B. Brobbey;12.4
EnGCatjuh;R. Meerveld;15;16.0;R. Meerveld;M;/players/ringo-meerveld/623815/;ringo-meerveld;623815.0;sbv-willem-ii-tilburg;R. Meerveld;4.0
Vishandel Makaay;R. Pasveer;15;22.0;R. Pasveer;K;/players/remko-pasveer/49689/;remko-pasveer;49689.0;afc-ajax;R. Pasveer;17.0
Vishandel Makaay;R. Flamingo;15;6.0;R. Flamingo;V;/players/ryan-flamingo/627724/;ryan-flamingo;627724.0;psv-nv;R. Flamingo;21.0
Vishandel Makaay;J. Lelieveld;15;2.0;J. Lelieveld;V;/players/julian-lelieveld/407738/;julian-lelieveld;407738.0;rkc-waalwijk;J. Lelieveld;0.6
Vishandel Makaay;K. Leerdam;15;18.0;K. Leerdam;V;/players/kelvin-leerdam/68354/;kelvin-leerdam;68354.0;stichting-heracles-almelo;K. Leerdam;0.0
Vishandel Makaay;M. Dijks;15;35.0;M. Dijks;V;/players/mitchel-dijks/219029/;mitchel-dijks;219029.0;fortuna-sittard;M. Dijks;1.0
Vishandel Makaay;T. Oosting;15;25.0;T. Oosting;M;/players/thijs-oosting/477591/;thijs-oosting;477591.0;stichting-fc-groningen;T. Oosting;1.47
Vishandel Makaay;E. van Ee;15;21.0;E. van Ee;M;/players/espen-van-ee/921919/;espen-van-ee;921919.0;sportclub-heerenveen;E. van Ee;3.0
Vishandel Makaay;P. Aaronson;15;21.0;P. Aaronson;M;/players/paxten-aaronson/576828/;paxten-aaronson;576828.0;stichting-fc-utrecht;P. Aaronson;10.0
Vishandel Makaay;A. Hadj Moussa;15;23.0;A. Hadj Moussa;A;/players/anis--hadj-moussa/755639/;anis--hadj-moussa;755639.0;feyenoord-rotterdam-nv;A. Hadj Moussa;14.0
Vishandel Makaay;R. van Wolfswinkel;15;9.0;R. van Wolfswinkel;A;/players/ricky-van-wolfswinkel/59407/;ricky-van-wolfswinkel;59407.0;stichting-fc-twente-65;R. van Wolfswinkel;9.72
Vishandel Makaay;M. Meerdink;15;35.0;M. Meerdink;A;/players/mexx-meerdink/796451/;mexx-meerdink;796451.0;stichting-az;M. Meerdink;4.28
Friggles;L. Unnerstall;15;1.0;L. Unnerstall;K;/players/lars-unnerstall/81320/;lars-unnerstall;81320.0;stichting-fc-twente-65;L. Unnerstall;4.0
Friggles;T. Quintero;15;;T. Quintero;V;/players/teo-quintero/565562/;teo-quintero;565562.0;sparta-rotterdam-bv;T. Quintero;0.0
Friggles;M. Deijl;15;2.0;M. Deijl;V;/players/mats-deijl/402457/;mats-deijl;402457.0;stichting-go-ahead-eagles;M. Deijl;27.0
Friggles;S. El Karouani;15;16.0;S. El Karouani;V;/players/souffian-elkarouani/537878/;souffian-elkarouani;537878.0;stichting-fc-utrecht;S. El Karouani;4.0
Friggles;S. Mijnans;15;10.0;S. Mijnans;M;/players/sven-mijnans/566000/;sven-mijnans;566000.0;stichting-az;S. Mijnans;12.0
Friggles;D. Proper;15;71.0;D. Proper;M;/players/dirk-proper/525939/;dirk-proper;525939.0;nijmegen-eendracht-combinatie;D. Proper;0.9
Friggles;M. Kohlert;15;11.0;M. Köhlert;V;/players/mats-kohlert/400423/;mats-kohlert;400423.0;sportclub-heerenveen;M. Kohlert;
Friggles;S. 't Zand;15;25.0;S. 't Zand;M;/players/shiloh-t-zand/824640/;shiloh-t-zand;824640.0;feyenoord-rotterdam-nv;S. 't Zand;1.96
Friggles;Q. Timber;15;8.0;Q. Timber;M;/players/quinten-maduro/463017/;quinten-maduro;463017.0;feyenoord-rotterdam-nv;Q. Timber;
Friggles;L. de Jong;15;9.0;L. de Jong;A;/players/luuk-de-jong/65056/;luuk-de-jong;65056.0;psv-nv;L. de Jong;
Friggles;B. Brobbey;15;9.0;B. Brobbey;A;/players/brian-brobbey/520146/;brian-brobbey;520146.0;afc-ajax;B. Brobbey;12.4
Jay-Jay;N. Olij;15;;N. Olij;K;/players/nick-olij/235322/;nick-olij;235322.0;sparta-rotterdam-bv;N. Olij;1.0
Jay-Jay;S. Maikuma;15;16.0;S. Maikuma;V;/players/seiya-maikuma/651537/;seiya-maikuma;651537.0;stichting-az;S. Maikuma;1.39
Jay-Jay;M. Deijl;15;2.0;M. Deijl;V;/players/mats-deijl/402457/;mats-deijl;402457.0;stichting-go-ahead-eagles;M. Deijl;27.0
Jay-Jay;S. El Karouani;15;16.0;S. El Karouani;V;/players/souffian-elkarouani/537878/;souffian-elkarouani;537878.0;stichting-fc-utrecht;S. El Karouani;4.0
Jay-Jay;Ivo Pinto;15;12.0;Ivo Pinto;V;/players/ivo-pinto/86672/;ivo-pinto;86672.0;fortuna-sittard;Ivo Pinto;0.67
Jay-Jay;L. de Jong;15;9.0;L. de Jong;A;/players/luuk-de-jong/65056/;luuk-de-jong;65056.0;psv-nv;L. de Jong;
Jay-Jay;Rober;15;7.0;Róber;M;/players/roberto-gonzalez-bayon/500171/;roberto-gonzalez-bayon;500171.0;nijmegen-eendracht-combinatie;Rober;2.33
Jay-Jay;S. Olsson;15;19.0;S. Olsson;M;/players/simon-olsson/423888/;simon-olsson;423888.0;sportclub-heerenveen;S. Olsson;0.0
Jay-Jay;Q. Timber;15;8.0;Q. Timber;M;/players/quinten-maduro/463017/;quinten-maduro;463017.0;feyenoord-rotterdam-nv;Q. Timber;
Jay-Jay;B. Brobbey;15;9.0;B. Brobbey;A;/players/brian-brobbey/520146/;brian-brobbey;520146.0;afc-ajax;B. Brobbey;12.4
Jay-Jay;S. Lammers;15;10.0;S. Lammers;A;/players/sam-lammers/407736/;sam-lammers;407736.0;stichting-fc-twente-65;S. Lammers;3.28
Rucebo;V. Barkas;15;1.0;V. Barkas;K;/players/vasileios-barkas/272919/;vasileios-barkas;272919.0;stichting-fc-utrecht;V. Barkas;4.0
Rucebo;Ivo Pinto;15;12.0;Ivo Pinto;V;/players/ivo-pinto/86672/;ivo-pinto;86672.0;fortuna-sittard;Ivo Pinto;0.67
Rucebo;J. Hato;15;4.0;J. Hato;V;/players/jorrel-hato/783173/;jorrel-hato;783173.0;afc-ajax;J. Hato;11.33
Rucebo;D. Hancko;15;33.0;D. Hancko;V;/players/david-hancko/391059/;david-hancko;391059.0;feyenoord-rotterdam-nv;D. Hancko;15.0
Rucebo;M. Deijl;15;2.0;M. Deijl;V;/players/mats-deijl/402457/;mats-deijl;402457.0;stichting-go-ahead-eagles;M. Deijl;27.0
Rucebo;S. Steijn;15;14.0;S. Steijn;M;/players/sem-steijn/560623/;sem-steijn;560623.0;stichting-fc-twente-65;S. Steijn;18.33
Rucebo;A. Verschueren;15;32.0;A. Verschueren;M;/players/arno-vershueren/319385/;arno-vershueren;319385.0;stichting-fc-twente-65;A. Verschueren;2.23
Rucebo;L. Brouwers;15;8.0;L. Brouwers;M;/players/luuk-brouwers/402458/;luuk-brouwers;402458.0;sportclub-heerenveen;L. Brouwers;3.0
Rucebo;T. Parrott;15;9.0;T. Parrott;A;/players/troy-parrot/515624/;troy-parrot;515624.0;stichting-az;T. Parrott;5.0
Rucebo;L. de Jong;15;9.0;L. de Jong;A;/players/luuk-de-jong/65056/;luuk-de-jong;65056.0;psv-nv;L. de Jong;
Rucebo;K. Ogawa;15;18.0;K. Ogawa;A;/players/koki-ogawa/435835/;koki-ogawa;435835.0;nijmegen-eendracht-combinatie;K. Ogawa;3.0
tukkeRoel;V. Barkas;16;1.0;V. Barkas;K;/players/vasileios-barkas/272919/;vasileios-barkas;272919.0;stichting-fc-utrecht;V. Barkas;-2.0
tukkeRoel;D. Hancko;16;33.0;D. Hancko;V;/players/david-hancko/391059/;david-hancko;391059.0;feyenoord-rotterdam-nv;D. Hancko;3.0
tukkeRoel;J. Hato;16;4.0;J. Hato;V;/players/jorrel-hato/783173/;jorrel-hato;783173.0;afc-ajax;J. Hato;2.0
tukkeRoel;M. Kohlert;16;11.0;M. Köhlert;V;/players/mats-kohlert/400423/;mats-kohlert;400423.0;sportclub-heerenveen;M. Kohlert;
tukkeRoel;C. Verdonk;16;24.0;C. Verdonk;V;/players/calvin-verdonk/319288/;calvin-verdonk;319288.0;nijmegen-eendracht-combinatie;C. Verdonk;1.0
tukkeRoel;F. Krastev;16;50.0;F. Krastev;M;/players/filip-yavorov-krastev/550509/;filip-yavorov-krastev;550509.0;bvo-fc-zwolle;F. Krastev;0.0
tukkeRoel;S. Mijnans;16;10.0;S. Mijnans;M;/players/sven-mijnans/566000/;sven-mijnans;566000.0;stichting-az;S. Mijnans;8.0
tukkeRoel;A. Verschueren;16;32.0;A. Verschueren;M;/players/arno-vershueren/319385/;arno-vershueren;319385.0;stichting-fc-twente-65;A. Verschueren;2.2
tukkeRoel;S. Steijn;16;14.0;S. Steijn;M;/players/sem-steijn/560623/;sem-steijn;560623.0;stichting-fc-twente-65;S. Steijn;18.72
tukkeRoel;M. Deijl;16;2.0;M. Deijl;V;/players/mats-deijl/402457/;mats-deijl;402457.0;stichting-go-ahead-eagles;M. Deijl;0.0
tukkeRoel;L. de Jong;16;9.0;L. de Jong;A;/players/luuk-de-jong/65056/;luuk-de-jong;65056.0;psv-nv;L. de Jong;4.28
methodmich;V. Barkas;16;1.0;V. Barkas;K;/players/vasileios-barkas/272919/;vasileios-barkas;272919.0;stichting-fc-utrecht;V. Barkas;-2.0
methodmich;M. Dijks;16;35.0;M. Dijks;V;/players/mitchel-dijks/219029/;mitchel-dijks;219029.0;fortuna-sittard;M. Dijks;3.0
methodmich;D. Hancko;16;33.0;D. Hancko;V;/players/david-hancko/391059/;david-hancko;391059.0;feyenoord-rotterdam-nv;D. Hancko;3.0
methodmich;M. Kohlert;16;11.0;M. Köhlert;V;/players/mats-kohlert/400423/;mats-kohlert;400423.0;sportclub-heerenveen;M. Kohlert;
methodmich;S. Mijnans;16;10.0;S. Mijnans;M;/players/sven-mijnans/566000/;sven-mijnans;566000.0;stichting-az;S. Mijnans;8.0
methodmich;S. 't Zand;16;25.0;S. 't Zand;M;/players/shiloh-t-zand/824640/;shiloh-t-zand;824640.0;feyenoord-rotterdam-nv;S. 't Zand;0.0
methodmich;S. Steijn;16;14.0;S. Steijn;M;/players/sem-steijn/560623/;sem-steijn;560623.0;stichting-fc-twente-65;S. Steijn;18.72
methodmich;K. Sano;16;23.0;K. Sano;M;/players/kodai-sano/815318/;kodai-sano;815318.0;nijmegen-eendracht-combinatie;K. Sano;1.0
methodmich;L. de Jong;16;9.0;L. de Jong;A;/players/luuk-de-jong/65056/;luuk-de-jong;65056.0;psv-nv;L. de Jong;4.28
methodmich;W. Weghorst;16;25.0;W. Weghorst;A;/players/wout-weghorst/255205/;wout-weghorst;255205.0;afc-ajax;W. Weghorst;17.78
methodmich;T. Lauritsen;16;;T. Lauritsen;A;/players/tobias-lauritsen/406745/;tobias-lauritsen;406745.0;sparta-rotterdam-bv;T. Lauritsen;3.0
FMNederland;V. Barkas;16;1.0;V. Barkas;K;/players/vasileios-barkas/272919/;vasileios-barkas;272919.0;stichting-fc-utrecht;V. Barkas;-2.0
FMNederland;M. Kohlert;16;11.0;M. Köhlert;V;/players/mats-kohlert/400423/;mats-kohlert;400423.0;sportclub-heerenveen;M. Kohlert;
FMNederland;M. Deijl;16;2.0;M. Deijl;V;/players/mats-deijl/402457/;mats-deijl;402457.0;stichting-go-ahead-eagles;M. Deijl;0.0
FMNederland;C. Verdonk;16;24.0;C. Verdonk;V;/players/calvin-verdonk/319288/;calvin-verdonk;319288.0;nijmegen-eendracht-combinatie;C. Verdonk;1.0
FMNederland;O. Boscagli;16;18.0;O. Boscagli;V;/players/olivier-boscagli/329542/;olivier-boscagli;329542.0;psv-nv;O. Boscagli;7.78
FMNederland;S. Bastien;16;22.0;S. Bastien;M;/players/samuel-bastien/314097/;samuel-bastien;314097.0;fortuna-sittard;S. Bastien;9.0
FMNederland;S. Steijn;16;14.0;S. Steijn;M;/players/sem-steijn/560623/;sem-steijn;560623.0;stichting-fc-twente-65;S. Steijn;18.72
FMNederland;Q. Timber;16;8.0;Q. Timber;M;/players/quinten-maduro/463017/;quinten-maduro;463017.0;feyenoord-rotterdam-nv;Q. Timber;4.0
FMNederland;T. Robinet;16;9.0;T. Robinet;A;/players/thomas-robinet/312659/;thomas-robinet;312659.0;fc-omniworld;T. Robinet;3.0
FMNederland;T. Lauritsen;16;;T. Lauritsen;A;/players/tobias-lauritsen/406745/;tobias-lauritsen;406745.0;sparta-rotterdam-bv;T. Lauritsen;3.0
FMNederland;T. Parrott;16;9.0;T. Parrott;A;/players/troy-parrot/515624/;troy-parrot;515624.0;stichting-az;T. Parrott;1.07
crispy;L. Unnerstall;16;1.0;L. Unnerstall;K;/players/lars-unnerstall/81320/;lars-unnerstall;81320.0;stichting-fc-twente-65;L. Unnerstall;
crispy;B. Pereira;16;2.0;B. Pereira;V;/players/brayann-pereira/640596/;brayann-pereira;640596.0;nijmegen-eendracht-combinatie;B. Pereira;1.0
crispy;S. El Karouani;16;16.0;S. El Karouani;V;/players/souffian-elkarouani/537878/;souffian-elkarouani;537878.0;stichting-fc-utrecht;S. El Karouani;4.0
crispy;M. Kohlert;16;11.0;M. Köhlert;V;/players/mats-kohlert/400423/;mats-kohlert;400423.0;sportclub-heerenveen;M. Kohlert;
crispy;D. Hancko;16;33.0;D. Hancko;V;/players/david-hancko/391059/;david-hancko;391059.0;feyenoord-rotterdam-nv;D. Hancko;3.0
crispy;J. Schreuders;16;14.0;J. Schreuders;M;/players/jorg-schreuders/877779/;jorg-schreuders;877779.0;stichting-fc-groningen;J. Schreuders;8.0
crispy;A. Verschueren;16;32.0;A. Verschueren;M;/players/arno-vershueren/319385/;arno-vershueren;319385.0;stichting-fc-twente-65;A. Verschueren;2.2
crispy;S. Mijnans;16;10.0;S. Mijnans;M;/players/sven-mijnans/566000/;sven-mijnans;566000.0;stichting-az;S. Mijnans;8.0
crispy;D. Vente;16;9.0;D. Vente;A;/players/dylan-vente/426585/;dylan-vente;426585.0;bvo-fc-zwolle;D. Vente;6.0
crispy;K. Taylor;16;8.0;K. Taylor;M;/players/kenneth-taylor/508784/;kenneth-taylor;508784.0;afc-ajax;K. Taylor;14.11
crispy;M. Tillman;16;7.0;M. Tillman;M;/players/malik-tillman/561787/;malik-tillman;561787.0;psv-nv;M. Tillman;5.0
svvthomas;N. Olij;16;;N. Olij;K;/players/nick-olij/235322/;nick-olij;235322.0;sparta-rotterdam-bv;N. Olij;0.0
svvthomas;M. Deijl;16;2.0;M. Deijl;V;/players/mats-deijl/402457/;mats-deijl;402457.0;stichting-go-ahead-eagles;M. Deijl;0.0
svvthomas;D. Hancko;16;33.0;D. Hancko;V;/players/david-hancko/391059/;david-hancko;391059.0;feyenoord-rotterdam-nv;D. Hancko;3.0
svvthomas;D. Mirani;16;4.0;D. Mirani;V;/players/damon-mirani/289811/;damon-mirani;289811.0;stichting-heracles-almelo;D. Mirani;2.0
svvthomas;C. Sandra;16;14.0;C. Sandra;M;/players/cisse-sandra/638266/;cisse-sandra;638266.0;sbv-willem-ii-tilburg;C. Sandra;3.0
svvthomas;D. Janosek;16;39.0;D. Janošek;M;/players/dominik-janosek/492661/;dominik-janosek;492661.0;nac-bv;D. Janosek;0.0
svvthomas;L. Brouwers;16;8.0;L. Brouwers;M;/players/luuk-brouwers/402458/;luuk-brouwers;402458.0;sportclub-heerenveen;L. Brouwers;4.0
svvthomas;S. Steijn;16;14.0;S. Steijn;M;/players/sem-steijn/560623/;sem-steijn;560623.0;stichting-fc-twente-65;S. Steijn;18.72
svvthomas;T. Parrott;16;9.0;T. Parrott;A;/players/troy-parrot/515624/;troy-parrot;515624.0;stichting-az;T. Parrott;1.07
svvthomas;L. de Jong;16;9.0;L. de Jong;A;/players/luuk-de-jong/65056/;luuk-de-jong;65056.0;psv-nv;L. de Jong;4.28
svvthomas;B. Brobbey;16;9.0;B. Brobbey;A;/players/brian-brobbey/520146/;brian-brobbey;520146.0;afc-ajax;B. Brobbey;
El Cid;L. Unnerstall;16;1.0;L. Unnerstall;K;/players/lars-unnerstall/81320/;lars-unnerstall;81320.0;stichting-fc-twente-65;L. Unnerstall;
El Cid;P. Bochniewicz;16;5.0;P. Bochniewicz;V;/players/pawe-bochniewicz/273911/;pawe-bochniewicz;273911.0;sportclub-heerenveen;P. Bochniewicz;3.69
El Cid;B. Nieuwkoop;16;2.0;B. Nieuwkoop;V;/players/bart-nieuwkoop/275124/;bart-nieuwkoop;275124.0;feyenoord-rotterdam-nv;B. Nieuwkoop;0.0
El Cid;D. van der Kust;16;;D. van der Kust;V;/players/djevencio-van-der-kust/569309/;djevencio-van-der-kust;569309.0;sparta-rotterdam-bv;D. van der Kust;0.5
El Cid;A. Halilovic;16;10.0;A. Halilović;M;/players/alen-halilovi/270136/;alen-halilovi;270136.0;fortuna-sittard;A. Halilovic;3.91
El Cid;L. Valente;16;10.0;L. Valente;M;/players/luciano-valente/703884/;luciano-valente;703884.0;stichting-fc-groningen;L. Valente;11.58
El Cid;V. Jensen;16;7.0;V. Jensen;M;/players/victor-jensen/460509/;victor-jensen;460509.0;stichting-fc-utrecht;V. Jensen;2.13
El Cid;D. Proper;16;71.0;D. Proper;M;/players/dirk-proper/525939/;dirk-proper;525939.0;nijmegen-eendracht-combinatie;D. Proper;2.87
El Cid;B. Traore;16;20.0;B. Traoré;A;/players/bertrand-traore/102801/;bertrand-traore;102801.0;afc-ajax;B. Traore;1.22
El Cid;L. de Jong;16;9.0;L. de Jong;A;/players/luuk-de-jong/65056/;luuk-de-jong;65056.0;psv-nv;L. de Jong;4.28
El Cid;T. Parrott;16;9.0;T. Parrott;A;/players/troy-parrot/515624/;troy-parrot;515624.0;stichting-az;T. Parrott;1.07
Otis.;V. Barkas;16;1.0;V. Barkas;K;/players/vasileios-barkas/272919/;vasileios-barkas;272919.0;stichting-fc-utrecht;V. Barkas;-2.0
Otis.;M. Deijl;16;2.0;M. Deijl;V;/players/mats-deijl/402457/;mats-deijl;402457.0;stichting-go-ahead-eagles;M. Deijl;0.0
Otis.;M. Hilgers;16;2.0;M. Hilgers;V;/players/mees-hilgers/627701/;mees-hilgers;627701.0;stichting-fc-twente-65;M. Hilgers;
Otis.;J. Hato;16;4.0;J. Hato;V;/players/jorrel-hato/783173/;jorrel-hato;783173.0;afc-ajax;J. Hato;2.0
Otis.;J. Trenskow;16;20.0;J. Trenskow;A;/players/jacob-trenskow/672937/;jacob-trenskow;672937.0;sportclub-heerenveen;J. Trenskow;5.51
Otis.;S. Mijnans;16;10.0;S. Mijnans;M;/players/sven-mijnans/566000/;sven-mijnans;566000.0;stichting-az;S. Mijnans;8.0
Otis.;Rober;16;7.0;Róber;M;/players/roberto-gonzalez-bayon/500171/;roberto-gonzalez-bayon;500171.0;nijmegen-eendracht-combinatie;Rober;0.73
Otis.;P. Clement;16;;P. Clement;M;/players/pelle-clement/379793/;pelle-clement;379793.0;sparta-rotterdam-bv;P. Clement;
Otis.;D. Hancko;16;33.0;D. Hancko;V;/players/david-hancko/391059/;david-hancko;391059.0;feyenoord-rotterdam-nv;D. Hancko;3.0
Otis.;L. de Jong;16;9.0;L. de Jong;A;/players/luuk-de-jong/65056/;luuk-de-jong;65056.0;psv-nv;L. de Jong;4.28
Otis.;L. Kulenovic;16;19.0;L. Kulenović;A;/players/luka-kulenovi/631882/;luka-kulenovi;631882.0;stichting-heracles-almelo;L. Kulenovic;2.27
Gordon Shumway;S. Steijn;16;14.0;S. Steijn;M;/players/sem-steijn/560623/;sem-steijn;560623.0;stichting-fc-twente-65;S. Steijn;18.72
Gordon Shumway;B. Nieuwkoop;16;2.0;B. Nieuwkoop;V;/players/bart-nieuwkoop/275124/;bart-nieuwkoop;275124.0;feyenoord-rotterdam-nv;B. Nieuwkoop;0.0
Gordon Shumway;J. Hato;16;4.0;J. Hato;V;/players/jorrel-hato/783173/;jorrel-hato;783173.0;afc-ajax;J. Hato;2.0
Gordon Shumway;M. Kohlert;16;11.0;M. Köhlert;V;/players/mats-kohlert/400423/;mats-kohlert;400423.0;sportclub-heerenveen;M. Kohlert;
Gordon Shumway;C. Neghli;16;;C. Neghli;A;/players/camiel-neghli/680707/;camiel-neghli;680707.0;sparta-rotterdam-bv;C. Neghli;3.0
Gordon Shumway;L. Valente;16;10.0;L. Valente;M;/players/luciano-valente/703884/;luciano-valente;703884.0;stichting-fc-groningen;L. Valente;11.58
Gordon Shumway;D. Proper;16;71.0;D. Proper;M;/players/dirk-proper/525939/;dirk-proper;525939.0;nijmegen-eendracht-combinatie;D. Proper;2.87
Gordon Shumway;V. Jensen;16;7.0;V. Jensen;M;/players/victor-jensen/460509/;victor-jensen;460509.0;stichting-fc-utrecht;V. Jensen;2.13
Gordon Shumway;L. de Jong;16;9.0;L. de Jong;A;/players/luuk-de-jong/65056/;luuk-de-jong;65056.0;psv-nv;L. de Jong;4.28
Gordon Shumway;!K. Sierhuis;16;;;;;;;;;
Gordon Shumway;T. Parrott;16;9.0;T. Parrott;A;/players/troy-parrot/515624/;troy-parrot;515624.0;stichting-az;T. Parrott;1.07
Suikerbrood;N. Olij;16;;N. Olij;K;/players/nick-olij/235322/;nick-olij;235322.0;sparta-rotterdam-bv;N. Olij;0.0
Suikerbrood;S. Olsson;16;19.0;S. Olsson;M;/players/simon-olsson/423888/;simon-olsson;423888.0;sportclub-heerenveen;S. Olsson;0.0
Suikerbrood;D. Rensch;16;2.0;D. Rensch;V;/players/devyne-rensch/601396/;devyne-rensch;601396.0;afc-ajax;D. Rensch;-1.11
Suikerbrood;J. Amofa;16;25.0;J. Amofa;V;/players/jamal-amofa/668121/;jamal-amofa;668121.0;stichting-go-ahead-eagles;J. Amofa;0.0
Suikerbrood;N. Viergever;16;24.0;N. Viergever;V;/players/nick--viergever/78529/;nick--viergever;78529.0;stichting-fc-utrecht;N. Viergever;-2.0
Suikerbrood;D. Proper;16;71.0;D. Proper;M;/players/dirk-proper/525939/;dirk-proper;525939.0;nijmegen-eendracht-combinatie;D. Proper;2.87
Suikerbrood;M. Vlap;16;18.0;M. Vlap;M;/players/michel-vlap/407742/;michel-vlap;407742.0;stichting-fc-twente-65;M. Vlap;4.28
Suikerbrood;A. Halilovic;16;10.0;A. Halilović;M;/players/alen-halilovi/270136/;alen-halilovi;270136.0;fortuna-sittard;A. Halilovic;3.91
Suikerbrood;A. Ueda;16;9.0;A. Ueda;A;/players/ayase-ueda/551425/;ayase-ueda;551425.0;feyenoord-rotterdam-nv;A. Ueda;
Suikerbrood;R. van Bommel;16;7.0;R. van Bommel;A;/players/ruben-van-bommel/834074/;ruben-van-bommel;834074.0;stichting-az;R. van Bommel;4.27
Suikerbrood;L. de Jong;16;9.0;L. de Jong;A;/players/luuk-de-jong/65056/;luuk-de-jong;65056.0;psv-nv;L. de Jong;4.28
EnGCatjuh;N. Olij;16;;N. Olij;K;/players/nick-olij/235322/;nick-olij;235322.0;sparta-rotterdam-bv;N. Olij;0.0
EnGCatjuh;M. Kohlert;16;11.0;M. Köhlert;V;/players/mats-kohlert/400423/;mats-kohlert;400423.0;sportclub-heerenveen;M. Kohlert;
EnGCatjuh;O. Boscagli;16;18.0;O. Boscagli;V;/players/olivier-boscagli/329542/;olivier-boscagli;329542.0;psv-nv;O. Boscagli;7.78
EnGCatjuh;S. El Karouani;16;16.0;S. El Karouani;V;/players/souffian-elkarouani/537878/;souffian-elkarouani;537878.0;stichting-fc-utrecht;S. El Karouani;4.0
EnGCatjuh;A. Ueda;16;9.0;A. Ueda;A;/players/ayase-ueda/551425/;ayase-ueda;551425.0;feyenoord-rotterdam-nv;A. Ueda;
EnGCatjuh;J. Schreuders;16;14.0;J. Schreuders;M;/players/jorg-schreuders/877779/;jorg-schreuders;877779.0;stichting-fc-groningen;J. Schreuders;8.0
EnGCatjuh;D. Proper;16;71.0;D. Proper;M;/players/dirk-proper/525939/;dirk-proper;525939.0;nijmegen-eendracht-combinatie;D. Proper;2.87
EnGCatjuh;S. Steijn;16;14.0;S. Steijn;M;/players/sem-steijn/560623/;sem-steijn;560623.0;stichting-fc-twente-65;S. Steijn;18.72
EnGCatjuh;T. Parrott;16;9.0;T. Parrott;A;/players/troy-parrot/515624/;troy-parrot;515624.0;stichting-az;T. Parrott;1.07
EnGCatjuh;B. Brobbey;16;9.0;B. Brobbey;A;/players/brian-brobbey/520146/;brian-brobbey;520146.0;afc-ajax;B. Brobbey;
EnGCatjuh;R. Meerveld;16;16.0;R. Meerveld;M;/players/ringo-meerveld/623815/;ringo-meerveld;623815.0;sbv-willem-ii-tilburg;R. Meerveld;2.87
Vishandel Makaay;R. Pasveer;16;22.0;R. Pasveer;K;/players/remko-pasveer/49689/;remko-pasveer;49689.0;afc-ajax;R. Pasveer;4.0
Vishandel Makaay;R. Flamingo;16;6.0;R. Flamingo;V;/players/ryan-flamingo/627724/;ryan-flamingo;627724.0;psv-nv;R. Flamingo;1.0
Vishandel Makaay;J. Lelieveld;16;2.0;J. Lelieveld;V;/players/julian-lelieveld/407738/;julian-lelieveld;407738.0;rkc-waalwijk;J. Lelieveld;0.0
Vishandel Makaay;K. Leerdam;16;18.0;K. Leerdam;V;/players/kelvin-leerdam/68354/;kelvin-leerdam;68354.0;stichting-heracles-almelo;K. Leerdam;0.0
Vishandel Makaay;M. Dijks;16;35.0;M. Dijks;V;/players/mitchel-dijks/219029/;mitchel-dijks;219029.0;fortuna-sittard;M. Dijks;3.0
Vishandel Makaay;T. Oosting;16;25.0;T. Oosting;M;/players/thijs-oosting/477591/;thijs-oosting;477591.0;stichting-fc-groningen;T. Oosting;17.0
Vishandel Makaay;E. van Ee;16;21.0;E. van Ee;M;/players/espen-van-ee/921919/;espen-van-ee;921919.0;sportclub-heerenveen;E. van Ee;4.0
Vishandel Makaay;P. Aaronson;16;21.0;P. Aaronson;M;/players/paxten-aaronson/576828/;paxten-aaronson;576828.0;stichting-fc-utrecht;P. Aaronson;1.0
Vishandel Makaay;A. Hadj Moussa;16;23.0;A. Hadj Moussa;A;/players/anis--hadj-moussa/755639/;anis--hadj-moussa;755639.0;feyenoord-rotterdam-nv;A. Hadj Moussa;2.0
Vishandel Makaay;R. van Wolfswinkel;16;9.0;R. van Wolfswinkel;A;/players/ricky-van-wolfswinkel/59407/;ricky-van-wolfswinkel;59407.0;stichting-fc-twente-65;R. van Wolfswinkel;3.94
Vishandel Makaay;M. Meerdink;16;35.0;M. Meerdink;A;/players/mexx-meerdink/796451/;mexx-meerdink;796451.0;stichting-az;M. Meerdink;4.93
Friggles;L. Unnerstall;16;1.0;L. Unnerstall;K;/players/lars-unnerstall/81320/;lars-unnerstall;81320.0;stichting-fc-twente-65;L. Unnerstall;
Friggles;T. Quintero;16;;T. Quintero;V;/players/teo-quintero/565562/;teo-quintero;565562.0;sparta-rotterdam-bv;T. Quintero;1.2
Friggles;M. Deijl;16;2.0;M. Deijl;V;/players/mats-deijl/402457/;mats-deijl;402457.0;stichting-go-ahead-eagles;M. Deijl;0.0
Friggles;S. El Karouani;16;16.0;S. El Karouani;V;/players/souffian-elkarouani/537878/;souffian-elkarouani;537878.0;stichting-fc-utrecht;S. El Karouani;4.0
Friggles;S. Mijnans;16;10.0;S. Mijnans;M;/players/sven-mijnans/566000/;sven-mijnans;566000.0;stichting-az;S. Mijnans;8.0
Friggles;D. Proper;16;71.0;D. Proper;M;/players/dirk-proper/525939/;dirk-proper;525939.0;nijmegen-eendracht-combinatie;D. Proper;2.87
Friggles;M. Kohlert;16;11.0;M. Köhlert;V;/players/mats-kohlert/400423/;mats-kohlert;400423.0;sportclub-heerenveen;M. Kohlert;
Friggles;S. 't Zand;16;25.0;S. 't Zand;M;/players/shiloh-t-zand/824640/;shiloh-t-zand;824640.0;feyenoord-rotterdam-nv;S. 't Zand;0.0
Friggles;Q. Timber;16;8.0;Q. Timber;M;/players/quinten-maduro/463017/;quinten-maduro;463017.0;feyenoord-rotterdam-nv;Q. Timber;4.0
Friggles;L. de Jong;16;9.0;L. de Jong;A;/players/luuk-de-jong/65056/;luuk-de-jong;65056.0;psv-nv;L. de Jong;4.28
Friggles;B. Brobbey;16;9.0;B. Brobbey;A;/players/brian-brobbey/520146/;brian-brobbey;520146.0;afc-ajax;B. Brobbey;
Jay-Jay;N. Olij;16;;N. Olij;K;/players/nick-olij/235322/;nick-olij;235322.0;sparta-rotterdam-bv;N. Olij;0.0
Jay-Jay;S. Maikuma;16;16.0;S. Maikuma;V;/players/seiya-maikuma/651537/;seiya-maikuma;651537.0;stichting-az;S. Maikuma;15.0
Jay-Jay;M. Deijl;16;2.0;M. Deijl;V;/players/mats-deijl/402457/;mats-deijl;402457.0;stichting-go-ahead-eagles;M. Deijl;0.0
Jay-Jay;S. El Karouani;16;16.0;S. El Karouani;V;/players/souffian-elkarouani/537878/;souffian-elkarouani;537878.0;stichting-fc-utrecht;S. El Karouani;4.0
Jay-Jay;Ivo Pinto;16;12.0;Ivo Pinto;V;/players/ivo-pinto/86672/;ivo-pinto;86672.0;fortuna-sittard;Ivo Pinto;
Jay-Jay;L. de Jong;16;9.0;L. de Jong;A;/players/luuk-de-jong/65056/;luuk-de-jong;65056.0;psv-nv;L. de Jong;4.28
Jay-Jay;Rober;16;7.0;Róber;M;/players/roberto-gonzalez-bayon/500171/;roberto-gonzalez-bayon;500171.0;nijmegen-eendracht-combinatie;Rober;0.73
Jay-Jay;S. Olsson;16;19.0;S. Olsson;M;/players/simon-olsson/423888/;simon-olsson;423888.0;sportclub-heerenveen;S. Olsson;0.0
Jay-Jay;Q. Timber;16;8.0;Q. Timber;M;/players/quinten-maduro/463017/;quinten-maduro;463017.0;feyenoord-rotterdam-nv;Q. Timber;4.0
Jay-Jay;B. Brobbey;16;9.0;B. Brobbey;A;/players/brian-brobbey/520146/;brian-brobbey;520146.0;afc-ajax;B. Brobbey;
Jay-Jay;S. Lammers;16;10.0;S. Lammers;A;/players/sam-lammers/407736/;sam-lammers;407736.0;stichting-fc-twente-65;S. Lammers;13.0
Rucebo;V. Barkas;16;1.0;V. Barkas;K;/players/vasileios-barkas/272919/;vasileios-barkas;272919.0;stichting-fc-utrecht;V. Barkas;-2.0
Rucebo;Ivo Pinto;16;12.0;Ivo Pinto;V;/players/ivo-pinto/86672/;ivo-pinto;86672.0;fortuna-sittard;Ivo Pinto;
Rucebo;J. Hato;16;4.0;J. Hato;V;/players/jorrel-hato/783173/;jorrel-hato;783173.0;afc-ajax;J. Hato;2.0
Rucebo;D. Hancko;16;33.0;D. Hancko;V;/players/david-hancko/391059/;david-hancko;391059.0;feyenoord-rotterdam-nv;D. Hancko;3.0
Rucebo;M. Deijl;16;2.0;M. Deijl;V;/players/mats-deijl/402457/;mats-deijl;402457.0;stichting-go-ahead-eagles;M. Deijl;0.0
Rucebo;S. Steijn;16;14.0;S. Steijn;M;/players/sem-steijn/560623/;sem-steijn;560623.0;stichting-fc-twente-65;S. Steijn;18.72
Rucebo;A. Verschueren;16;32.0;A. Verschueren;M;/players/arno-vershueren/319385/;arno-vershueren;319385.0;stichting-fc-twente-65;A. Verschueren;2.2
Rucebo;L. Brouwers;16;8.0;L. Brouwers;M;/players/luuk-brouwers/402458/;luuk-brouwers;402458.0;sportclub-heerenveen;L. Brouwers;4.0
Rucebo;T. Parrott;16;9.0;T. Parrott;A;/players/troy-parrot/515624/;troy-parrot;515624.0;stichting-az;T. Parrott;1.07
Rucebo;L. de Jong;16;9.0;L. de Jong;A;/players/luuk-de-jong/65056/;luuk-de-jong;65056.0;psv-nv;L. de Jong;4.28
Rucebo;K. Ogawa;16;18.0;K. Ogawa;A;/players/koki-ogawa/435835/;koki-ogawa;435835.0;nijmegen-eendracht-combinatie;K. Ogawa;3.0
tukkeRoel;V. Barkas;17;1.0;V. Barkas;K;/players/vasileios-barkas/272919/;vasileios-barkas;272919.0;stichting-fc-utrecht;V. Barkas;2.0
tukkeRoel;D. Hancko;17;33.0;D. Hancko;V;/players/david-hancko/391059/;david-hancko;391059.0;feyenoord-rotterdam-nv;D. Hancko;
tukkeRoel;J. Hato;17;4.0;J. Hato;V;/players/jorrel-hato/783173/;jorrel-hato;783173.0;afc-ajax;J. Hato;2.0
tukkeRoel;M. Kohlert;17;11.0;M. Köhlert;V;/players/mats-kohlert/400423/;mats-kohlert;400423.0;sportclub-heerenveen;M. Kohlert;
tukkeRoel;C. Verdonk;17;24.0;C. Verdonk;V;/players/calvin-verdonk/319288/;calvin-verdonk;319288.0;nijmegen-eendracht-combinatie;C. Verdonk;
tukkeRoel;F. Krastev;17;50.0;F. Krastev;M;/players/filip-yavorov-krastev/550509/;filip-yavorov-krastev;550509.0;bvo-fc-zwolle;F. Krastev;
tukkeRoel;S. Mijnans;17;10.0;S. Mijnans;M;/players/sven-mijnans/566000/;sven-mijnans;566000.0;stichting-az;S. Mijnans;
tukkeRoel;A. Verschueren;17;32.0;A. Verschueren;M;/players/arno-vershueren/319385/;arno-vershueren;319385.0;stichting-fc-twente-65;A. Verschueren;
tukkeRoel;S. Steijn;17;14.0;S. Steijn;M;/players/sem-steijn/560623/;sem-steijn;560623.0;stichting-fc-twente-65;S. Steijn;
tukkeRoel;M. Deijl;17;2.0;M. Deijl;V;/players/mats-deijl/402457/;mats-deijl;402457.0;stichting-go-ahead-eagles;M. Deijl;
tukkeRoel;L. de Jong;17;9.0;L. de Jong;A;/players/luuk-de-jong/65056/;luuk-de-jong;65056.0;psv-nv;L. de Jong;
methodmich;V. Barkas;17;1.0;V. Barkas;K;/players/vasileios-barkas/272919/;vasileios-barkas;272919.0;stichting-fc-utrecht;V. Barkas;2.0
methodmich;M. Dijks;17;35.0;M. Dijks;V;/players/mitchel-dijks/219029/;mitchel-dijks;219029.0;fortuna-sittard;M. Dijks;
methodmich;D. Hancko;17;33.0;D. Hancko;V;/players/david-hancko/391059/;david-hancko;391059.0;feyenoord-rotterdam-nv;D. Hancko;
methodmich;M. Kohlert;17;11.0;M. Köhlert;V;/players/mats-kohlert/400423/;mats-kohlert;400423.0;sportclub-heerenveen;M. Kohlert;
methodmich;S. Mijnans;17;10.0;S. Mijnans;M;/players/sven-mijnans/566000/;sven-mijnans;566000.0;stichting-az;S. Mijnans;
methodmich;S. 't Zand;17;25.0;S. 't Zand;M;/players/shiloh-t-zand/824640/;shiloh-t-zand;824640.0;feyenoord-rotterdam-nv;S. 't Zand;
methodmich;S. Steijn;17;14.0;S. Steijn;M;/players/sem-steijn/560623/;sem-steijn;560623.0;stichting-fc-twente-65;S. Steijn;
methodmich;K. Sano;17;23.0;K. Sano;M;/players/kodai-sano/815318/;kodai-sano;815318.0;nijmegen-eendracht-combinatie;K. Sano;
methodmich;L. de Jong;17;9.0;L. de Jong;A;/players/luuk-de-jong/65056/;luuk-de-jong;65056.0;psv-nv;L. de Jong;
methodmich;W. Weghorst;17;25.0;W. Weghorst;A;/players/wout-weghorst/255205/;wout-weghorst;255205.0;afc-ajax;W. Weghorst;3.29
methodmich;T. Lauritsen;17;;T. Lauritsen;A;/players/tobias-lauritsen/406745/;tobias-lauritsen;406745.0;sparta-rotterdam-bv;T. Lauritsen;
FMNederland;V. Barkas;17;1.0;V. Barkas;K;/players/vasileios-barkas/272919/;vasileios-barkas;272919.0;stichting-fc-utrecht;V. Barkas;2.0
FMNederland;M. Kohlert;17;11.0;M. Köhlert;V;/players/mats-kohlert/400423/;mats-kohlert;400423.0;sportclub-heerenveen;M. Kohlert;
FMNederland;M. Deijl;17;2.0;M. Deijl;V;/players/mats-deijl/402457/;mats-deijl;402457.0;stichting-go-ahead-eagles;M. Deijl;
FMNederland;C. Verdonk;17;24.0;C. Verdonk;V;/players/calvin-verdonk/319288/;calvin-verdonk;319288.0;nijmegen-eendracht-combinatie;C. Verdonk;
FMNederland;O. Boscagli;17;18.0;O. Boscagli;V;/players/olivier-boscagli/329542/;olivier-boscagli;329542.0;psv-nv;O. Boscagli;
FMNederland;S. Bastien;17;22.0;S. Bastien;M;/players/samuel-bastien/314097/;samuel-bastien;314097.0;fortuna-sittard;S. Bastien;
FMNederland;S. Steijn;17;14.0;S. Steijn;M;/players/sem-steijn/560623/;sem-steijn;560623.0;stichting-fc-twente-65;S. Steijn;
FMNederland;Q. Timber;17;8.0;Q. Timber;M;/players/quinten-maduro/463017/;quinten-maduro;463017.0;feyenoord-rotterdam-nv;Q. Timber;
FMNederland;T. Robinet;17;9.0;T. Robinet;A;/players/thomas-robinet/312659/;thomas-robinet;312659.0;fc-omniworld;T. Robinet;
FMNederland;T. Lauritsen;17;;T. Lauritsen;A;/players/tobias-lauritsen/406745/;tobias-lauritsen;406745.0;sparta-rotterdam-bv;T. Lauritsen;
FMNederland;T. Parrott;17;9.0;T. Parrott;A;/players/troy-parrot/515624/;troy-parrot;515624.0;stichting-az;T. Parrott;
crispy;L. Unnerstall;17;1.0;L. Unnerstall;K;/players/lars-unnerstall/81320/;lars-unnerstall;81320.0;stichting-fc-twente-65;L. Unnerstall;
crispy;B. Pereira;17;2.0;B. Pereira;V;/players/brayann-pereira/640596/;brayann-pereira;640596.0;nijmegen-eendracht-combinatie;B. Pereira;
crispy;S. El Karouani;17;16.0;S. El Karouani;V;/players/souffian-elkarouani/537878/;souffian-elkarouani;537878.0;stichting-fc-utrecht;S. El Karouani;2.0
crispy;M. Kohlert;17;11.0;M. Köhlert;V;/players/mats-kohlert/400423/;mats-kohlert;400423.0;sportclub-heerenveen;M. Kohlert;
crispy;D. Hancko;17;33.0;D. Hancko;V;/players/david-hancko/391059/;david-hancko;391059.0;feyenoord-rotterdam-nv;D. Hancko;
crispy;J. Schreuders;17;14.0;J. Schreuders;M;/players/jorg-schreuders/877779/;jorg-schreuders;877779.0;stichting-fc-groningen;J. Schreuders;
crispy;A. Verschueren;17;32.0;A. Verschueren;M;/players/arno-vershueren/319385/;arno-vershueren;319385.0;stichting-fc-twente-65;A. Verschueren;
crispy;S. Mijnans;17;10.0;S. Mijnans;M;/players/sven-mijnans/566000/;sven-mijnans;566000.0;stichting-az;S. Mijnans;
crispy;D. Vente;17;9.0;D. Vente;A;/players/dylan-vente/426585/;dylan-vente;426585.0;bvo-fc-zwolle;D. Vente;
crispy;K. Taylor;17;8.0;K. Taylor;M;/players/kenneth-taylor/508784/;kenneth-taylor;508784.0;afc-ajax;K. Taylor;3.78
crispy;M. Tillman;17;7.0;M. Tillman;M;/players/malik-tillman/561787/;malik-tillman;561787.0;psv-nv;M. Tillman;
svvthomas;N. Olij;17;;N. Olij;K;/players/nick-olij/235322/;nick-olij;235322.0;sparta-rotterdam-bv;N. Olij;
svvthomas;M. Deijl;17;2.0;M. Deijl;V;/players/mats-deijl/402457/;mats-deijl;402457.0;stichting-go-ahead-eagles;M. Deijl;
svvthomas;D. Hancko;17;33.0;D. Hancko;V;/players/david-hancko/391059/;david-hancko;391059.0;feyenoord-rotterdam-nv;D. Hancko;
svvthomas;D. Mirani;17;4.0;D. Mirani;V;/players/damon-mirani/289811/;damon-mirani;289811.0;stichting-heracles-almelo;D. Mirani;
svvthomas;C. Sandra;17;14.0;C. Sandra;M;/players/cisse-sandra/638266/;cisse-sandra;638266.0;sbv-willem-ii-tilburg;C. Sandra;
svvthomas;K. Ogawa;17;18.0;K. Ogawa;A;/players/koki-ogawa/435835/;koki-ogawa;435835.0;nijmegen-eendracht-combinatie;K. Ogawa;
svvthomas;L. Brouwers;17;8.0;L. Brouwers;M;/players/luuk-brouwers/402458/;luuk-brouwers;402458.0;sportclub-heerenveen;L. Brouwers;
svvthomas;S. Steijn;17;14.0;S. Steijn;M;/players/sem-steijn/560623/;sem-steijn;560623.0;stichting-fc-twente-65;S. Steijn;
svvthomas;T. Parrott;17;9.0;T. Parrott;A;/players/troy-parrot/515624/;troy-parrot;515624.0;stichting-az;T. Parrott;
svvthomas;L. de Jong;17;9.0;L. de Jong;A;/players/luuk-de-jong/65056/;luuk-de-jong;65056.0;psv-nv;L. de Jong;
svvthomas;D. Klaassen;17;18.0;D. Klaassen;M;/players/davy-klaassen/158581/;davy-klaassen;158581.0;afc-ajax;D. Klaassen;1.29
El Cid;L. Unnerstall;17;1.0;L. Unnerstall;K;/players/lars-unnerstall/81320/;lars-unnerstall;81320.0;stichting-fc-twente-65;L. Unnerstall;
El Cid;P. Bochniewicz;17;5.0;P. Bochniewicz;V;/players/pawe-bochniewicz/273911/;pawe-bochniewicz;273911.0;sportclub-heerenveen;P. Bochniewicz;
El Cid;B. Nieuwkoop;17;2.0;B. Nieuwkoop;V;/players/bart-nieuwkoop/275124/;bart-nieuwkoop;275124.0;feyenoord-rotterdam-nv;B. Nieuwkoop;
El Cid;D. van der Kust;17;;D. van der Kust;V;/players/djevencio-van-der-kust/569309/;djevencio-van-der-kust;569309.0;sparta-rotterdam-bv;D. van der Kust;
El Cid;A. Halilovic;17;10.0;A. Halilović;M;/players/alen-halilovi/270136/;alen-halilovi;270136.0;fortuna-sittard;A. Halilovic;
El Cid;L. Valente;17;10.0;L. Valente;M;/players/luciano-valente/703884/;luciano-valente;703884.0;stichting-fc-groningen;L. Valente;
El Cid;V. Jensen;17;7.0;V. Jensen;M;/players/victor-jensen/460509/;victor-jensen;460509.0;stichting-fc-utrecht;V. Jensen;0.76
El Cid;D. Proper;17;71.0;D. Proper;M;/players/dirk-proper/525939/;dirk-proper;525939.0;nijmegen-eendracht-combinatie;D. Proper;
El Cid;B. Traore;17;20.0;B. Traoré;A;/players/bertrand-traore/102801/;bertrand-traore;102801.0;afc-ajax;B. Traore;2.71
El Cid;L. de Jong;17;9.0;L. de Jong;A;/players/luuk-de-jong/65056/;luuk-de-jong;65056.0;psv-nv;L. de Jong;
El Cid;T. Parrott;17;9.0;T. Parrott;A;/players/troy-parrot/515624/;troy-parrot;515624.0;stichting-az;T. Parrott;
Otis.;V. Barkas;17;1.0;V. Barkas;K;/players/vasileios-barkas/272919/;vasileios-barkas;272919.0;stichting-fc-utrecht;V. Barkas;2.0
Otis.;M. Deijl;17;2.0;M. Deijl;V;/players/mats-deijl/402457/;mats-deijl;402457.0;stichting-go-ahead-eagles;M. Deijl;
Otis.;M. Hilgers;17;2.0;M. Hilgers;V;/players/mees-hilgers/627701/;mees-hilgers;627701.0;stichting-fc-twente-65;M. Hilgers;
Otis.;J. Hato;17;4.0;J. Hato;V;/players/jorrel-hato/783173/;jorrel-hato;783173.0;afc-ajax;J. Hato;2.0
Otis.;J. Trenskow;17;20.0;J. Trenskow;A;/players/jacob-trenskow/672937/;jacob-trenskow;672937.0;sportclub-heerenveen;J. Trenskow;
Otis.;S. Mijnans;17;10.0;S. Mijnans;M;/players/sven-mijnans/566000/;sven-mijnans;566000.0;stichting-az;S. Mijnans;
Otis.;Rober;17;7.0;Róber;M;/players/roberto-gonzalez-bayon/500171/;roberto-gonzalez-bayon;500171.0;nijmegen-eendracht-combinatie;Rober;
Otis.;P. Clement;17;;P. Clement;M;/players/pelle-clement/379793/;pelle-clement;379793.0;sparta-rotterdam-bv;P. Clement;
Otis.;D. Hancko;17;33.0;D. Hancko;V;/players/david-hancko/391059/;david-hancko;391059.0;feyenoord-rotterdam-nv;D. Hancko;
Otis.;L. de Jong;17;9.0;L. de Jong;A;/players/luuk-de-jong/65056/;luuk-de-jong;65056.0;psv-nv;L. de Jong;
Otis.;L. Kulenovic;17;19.0;L. Kulenović;A;/players/luka-kulenovi/631882/;luka-kulenovi;631882.0;stichting-heracles-almelo;L. Kulenovic;
Gordon Shumway;S. Steijn;17;14.0;S. Steijn;M;/players/sem-steijn/560623/;sem-steijn;560623.0;stichting-fc-twente-65;S. Steijn;
Gordon Shumway;B. Nieuwkoop;17;2.0;B. Nieuwkoop;V;/players/bart-nieuwkoop/275124/;bart-nieuwkoop;275124.0;feyenoord-rotterdam-nv;B. Nieuwkoop;
Gordon Shumway;J. Hato;17;4.0;J. Hato;V;/players/jorrel-hato/783173/;jorrel-hato;783173.0;afc-ajax;J. Hato;2.0
Gordon Shumway;M. Kohlert;17;11.0;M. Köhlert;V;/players/mats-kohlert/400423/;mats-kohlert;400423.0;sportclub-heerenveen;M. Kohlert;
Gordon Shumway;C. Neghli;17;;C. Neghli;A;/players/camiel-neghli/680707/;camiel-neghli;680707.0;sparta-rotterdam-bv;C. Neghli;
Gordon Shumway;L. Valente;17;10.0;L. Valente;M;/players/luciano-valente/703884/;luciano-valente;703884.0;stichting-fc-groningen;L. Valente;
Gordon Shumway;D. Proper;17;71.0;D. Proper;M;/players/dirk-proper/525939/;dirk-proper;525939.0;nijmegen-eendracht-combinatie;D. Proper;
Gordon Shumway;V. Jensen;17;7.0;V. Jensen;M;/players/victor-jensen/460509/;victor-jensen;460509.0;stichting-fc-utrecht;V. Jensen;0.76
Gordon Shumway;L. de Jong;17;9.0;L. de Jong;A;/players/luuk-de-jong/65056/;luuk-de-jong;65056.0;psv-nv;L. de Jong;
Gordon Shumway;!K. Sierhuis;17;;;;;;;;;
Gordon Shumway;T. Parrott;17;9.0;T. Parrott;A;/players/troy-parrot/515624/;troy-parrot;515624.0;stichting-az;T. Parrott;
Suikerbrood;N. Olij;17;;N. Olij;K;/players/nick-olij/235322/;nick-olij;235322.0;sparta-rotterdam-bv;N. Olij;
Suikerbrood;S. Olsson;17;19.0;S. Olsson;M;/players/simon-olsson/423888/;simon-olsson;423888.0;sportclub-heerenveen;S. Olsson;
Suikerbrood;D. Rensch;17;2.0;D. Rensch;V;/players/devyne-rensch/601396/;devyne-rensch;601396.0;afc-ajax;D. Rensch;
Suikerbrood;J. Amofa;17;25.0;J. Amofa;V;/players/jamal-amofa/668121/;jamal-amofa;668121.0;stichting-go-ahead-eagles;J. Amofa;
Suikerbrood;N. Viergever;17;24.0;N. Viergever;V;/players/nick--viergever/78529/;nick--viergever;78529.0;stichting-fc-utrecht;N. Viergever;2.0
Suikerbrood;D. Proper;17;71.0;D. Proper;M;/players/dirk-proper/525939/;dirk-proper;525939.0;nijmegen-eendracht-combinatie;D. Proper;
Suikerbrood;M. Vlap;17;18.0;M. Vlap;M;/players/michel-vlap/407742/;michel-vlap;407742.0;stichting-fc-twente-65;M. Vlap;
Suikerbrood;A. Halilovic;17;10.0;A. Halilović;M;/players/alen-halilovi/270136/;alen-halilovi;270136.0;fortuna-sittard;A. Halilovic;
Suikerbrood;A. Ueda;17;9.0;A. Ueda;A;/players/ayase-ueda/551425/;ayase-ueda;551425.0;feyenoord-rotterdam-nv;A. Ueda;
Suikerbrood;R. van Bommel;17;7.0;R. van Bommel;A;/players/ruben-van-bommel/834074/;ruben-van-bommel;834074.0;stichting-az;R. van Bommel;
Suikerbrood;L. de Jong;17;9.0;L. de Jong;A;/players/luuk-de-jong/65056/;luuk-de-jong;65056.0;psv-nv;L. de Jong;
EnGCatjuh;R. Roefs;17;22.0;R. Roefs;K;/players/robin-roefs/636190/;robin-roefs;636190.0;nijmegen-eendracht-combinatie;R. Roefs;
EnGCatjuh;M. Kohlert;17;11.0;M. Köhlert;V;/players/mats-kohlert/400423/;mats-kohlert;400423.0;sportclub-heerenveen;M. Kohlert;
EnGCatjuh;O. Boscagli;17;18.0;O. Boscagli;V;/players/olivier-boscagli/329542/;olivier-boscagli;329542.0;psv-nv;O. Boscagli;
EnGCatjuh;S. El Karouani;17;16.0;S. El Karouani;V;/players/souffian-elkarouani/537878/;souffian-elkarouani;537878.0;stichting-fc-utrecht;S. El Karouani;2.0
EnGCatjuh;Igor Paixao;17;14.0;Igor Paixão;A;/players/igor-guilherme-barbosa-da-paixao/593041/;igor-guilherme-barbosa-da-paixao;593041.0;feyenoord-rotterdam-nv;Igor Paixao;
EnGCatjuh;J. Schreuders;17;14.0;J. Schreuders;M;/players/jorg-schreuders/877779/;jorg-schreuders;877779.0;stichting-fc-groningen;J. Schreuders;
EnGCatjuh;S. Adewoye;17;4.0;S. Adewoye;V;/players/shawn-adewoye/618207/;shawn-adewoye;618207.0;fortuna-sittard;S. Adewoye;
EnGCatjuh;S. Steijn;17;14.0;S. Steijn;M;/players/sem-steijn/560623/;sem-steijn;560623.0;stichting-fc-twente-65;S. Steijn;
EnGCatjuh;T. Parrott;17;9.0;T. Parrott;A;/players/troy-parrot/515624/;troy-parrot;515624.0;stichting-az;T. Parrott;
EnGCatjuh;B. Brobbey;17;9.0;B. Brobbey;A;/players/brian-brobbey/520146/;brian-brobbey;520146.0;afc-ajax;B. Brobbey;0.71
EnGCatjuh;R. Meerveld;17;16.0;R. Meerveld;M;/players/ringo-meerveld/623815/;ringo-meerveld;623815.0;sbv-willem-ii-tilburg;R. Meerveld;
Vishandel Makaay;R. Pasveer;17;22.0;R. Pasveer;K;/players/remko-pasveer/49689/;remko-pasveer;49689.0;afc-ajax;R. Pasveer;-1.0
Vishandel Makaay;R. Flamingo;17;6.0;R. Flamingo;V;/players/ryan-flamingo/627724/;ryan-flamingo;627724.0;psv-nv;R. Flamingo;
Vishandel Makaay;J. Lelieveld;17;2.0;J. Lelieveld;V;/players/julian-lelieveld/407738/;julian-lelieveld;407738.0;rkc-waalwijk;J. Lelieveld;
Vishandel Makaay;K. Leerdam;17;18.0;K. Leerdam;V;/players/kelvin-leerdam/68354/;kelvin-leerdam;68354.0;stichting-heracles-almelo;K. Leerdam;
Vishandel Makaay;M. Dijks;17;35.0;M. Dijks;V;/players/mitchel-dijks/219029/;mitchel-dijks;219029.0;fortuna-sittard;M. Dijks;
Vishandel Makaay;T. Oosting;17;25.0;T. Oosting;M;/players/thijs-oosting/477591/;thijs-oosting;477591.0;stichting-fc-groningen;T. Oosting;
Vishandel Makaay;E. van Ee;17;21.0;E. van Ee;M;/players/espen-van-ee/921919/;espen-van-ee;921919.0;sportclub-heerenveen;E. van Ee;
Vishandel Makaay;P. Aaronson;17;21.0;P. Aaronson;M;/players/paxten-aaronson/576828/;paxten-aaronson;576828.0;stichting-fc-utrecht;P. Aaronson;4.0
Vishandel Makaay;A. Hadj Moussa;17;23.0;A. Hadj Moussa;A;/players/anis--hadj-moussa/755639/;anis--hadj-moussa;755639.0;feyenoord-rotterdam-nv;A. Hadj Moussa;
Vishandel Makaay;R. van Wolfswinkel;17;9.0;R. van Wolfswinkel;A;/players/ricky-van-wolfswinkel/59407/;ricky-van-wolfswinkel;59407.0;stichting-fc-twente-65;R. van Wolfswinkel;
Vishandel Makaay;M. Meerdink;17;35.0;M. Meerdink;A;/players/mexx-meerdink/796451/;mexx-meerdink;796451.0;stichting-az;M. Meerdink;
Friggles;L. Unnerstall;17;1.0;L. Unnerstall;K;/players/lars-unnerstall/81320/;lars-unnerstall;81320.0;stichting-fc-twente-65;L. Unnerstall;
Friggles;T. Quintero;17;;T. Quintero;V;/players/teo-quintero/565562/;teo-quintero;565562.0;sparta-rotterdam-bv;T. Quintero;
Friggles;M. Deijl;17;2.0;M. Deijl;V;/players/mats-deijl/402457/;mats-deijl;402457.0;stichting-go-ahead-eagles;M. Deijl;
Friggles;S. El Karouani;17;16.0;S. El Karouani;V;/players/souffian-elkarouani/537878/;souffian-elkarouani;537878.0;stichting-fc-utrecht;S. El Karouani;2.0
Friggles;S. Mijnans;17;10.0;S. Mijnans;M;/players/sven-mijnans/566000/;sven-mijnans;566000.0;stichting-az;S. Mijnans;
Friggles;D. Proper;17;71.0;D. Proper;M;/players/dirk-proper/525939/;dirk-proper;525939.0;nijmegen-eendracht-combinatie;D. Proper;
Friggles;M. Kohlert;17;11.0;M. Köhlert;V;/players/mats-kohlert/400423/;mats-kohlert;400423.0;sportclub-heerenveen;M. Kohlert;
Friggles;S. 't Zand;17;25.0;S. 't Zand;M;/players/shiloh-t-zand/824640/;shiloh-t-zand;824640.0;feyenoord-rotterdam-nv;S. 't Zand;
Friggles;Q. Timber;17;8.0;Q. Timber;M;/players/quinten-maduro/463017/;quinten-maduro;463017.0;feyenoord-rotterdam-nv;Q. Timber;
Friggles;L. de Jong;17;9.0;L. de Jong;A;/players/luuk-de-jong/65056/;luuk-de-jong;65056.0;psv-nv;L. de Jong;
Friggles;B. Brobbey;17;9.0;B. Brobbey;A;/players/brian-brobbey/520146/;brian-brobbey;520146.0;afc-ajax;B. Brobbey;0.71
Jay-Jay;N. Olij;17;;N. Olij;K;/players/nick-olij/235322/;nick-olij;235322.0;sparta-rotterdam-bv;N. Olij;
Jay-Jay;S. Maikuma;17;16.0;S. Maikuma;V;/players/seiya-maikuma/651537/;seiya-maikuma;651537.0;stichting-az;S. Maikuma;
Jay-Jay;M. Deijl;17;2.0;M. Deijl;V;/players/mats-deijl/402457/;mats-deijl;402457.0;stichting-go-ahead-eagles;M. Deijl;
Jay-Jay;S. El Karouani;17;16.0;S. El Karouani;V;/players/souffian-elkarouani/537878/;souffian-elkarouani;537878.0;stichting-fc-utrecht;S. El Karouani;2.0
Jay-Jay;Ivo Pinto;17;12.0;Ivo Pinto;V;/players/ivo-pinto/86672/;ivo-pinto;86672.0;fortuna-sittard;Ivo Pinto;
Jay-Jay;L. de Jong;17;9.0;L. de Jong;A;/players/luuk-de-jong/65056/;luuk-de-jong;65056.0;psv-nv;L. de Jong;
Jay-Jay;Rober;17;7.0;Róber;M;/players/roberto-gonzalez-bayon/500171/;roberto-gonzalez-bayon;500171.0;nijmegen-eendracht-combinatie;Rober;
Jay-Jay;S. Olsson;17;19.0;S. Olsson;M;/players/simon-olsson/423888/;simon-olsson;423888.0;sportclub-heerenveen;S. Olsson;
Jay-Jay;Q. Timber;17;8.0;Q. Timber;M;/players/quinten-maduro/463017/;quinten-maduro;463017.0;feyenoord-rotterdam-nv;Q. Timber;
Jay-Jay;B. Brobbey;17;9.0;B. Brobbey;A;/players/brian-brobbey/520146/;brian-brobbey;520146.0;afc-ajax;B. Brobbey;0.71
Jay-Jay;S. Lammers;17;10.0;S. Lammers;A;/players/sam-lammers/407736/;sam-lammers;407736.0;stichting-fc-twente-65;S. Lammers;
Rucebo;V. Barkas;17;1.0;V. Barkas;K;/players/vasileios-barkas/272919/;vasileios-barkas;272919.0;stichting-fc-utrecht;V. Barkas;2.0
Rucebo;Ivo Pinto;17;12.0;Ivo Pinto;V;/players/ivo-pinto/86672/;ivo-pinto;86672.0;fortuna-sittard;Ivo Pinto;
Rucebo;J. Hato;17;4.0;J. Hato;V;/players/jorrel-hato/783173/;jorrel-hato;783173.0;afc-ajax;J. Hato;2.0
Rucebo;D. Hancko;17;33.0;D. Hancko;V;/players/david-hancko/391059/;david-hancko;391059.0;feyenoord-rotterdam-nv;D. Hancko;
Rucebo;M. Deijl;17;2.0;M. Deijl;V;/players/mats-deijl/402457/;mats-deijl;402457.0;stichting-go-ahead-eagles;M. Deijl;
Rucebo;S. Steijn;17;14.0;S. Steijn;M;/players/sem-steijn/560623/;sem-steijn;560623.0;stichting-fc-twente-65;S. Steijn;
Rucebo;A. Verschueren;17;32.0;A. Verschueren;M;/players/arno-vershueren/319385/;arno-vershueren;319385.0;stichting-fc-twente-65;A. Verschueren;
Rucebo;L. Brouwers;17;8.0;L. Brouwers;M;/players/luuk-brouwers/402458/;luuk-brouwers;402458.0;sportclub-heerenveen;L. Brouwers;
Rucebo;T. Parrott;17;9.0;T. Parrott;A;/players/troy-parrot/515624/;troy-parrot;515624.0;stichting-az;T. Parrott;
Rucebo;L. de Jong;17;9.0;L. de Jong;A;/players/luuk-de-jong/65056/;luuk-de-jong;65056.0;psv-nv;L. de Jong;
Rucebo;K. Ogawa;17;18.0;K. Ogawa;A;/players/koki-ogawa/435835/;koki-ogawa;435835.0;nijmegen-eendracht-combinatie;K. Ogawa;
tukkeRoel;V. Barkas;18;1.0;V. Barkas;K;/players/vasileios-barkas/272919/;vasileios-barkas;272919.0;stichting-fc-utrecht;V. Barkas;4.0
tukkeRoel;D. Hancko;18;33.0;D. Hancko;V;/players/david-hancko/391059/;david-hancko;391059.0;feyenoord-rotterdam-nv;D. Hancko;3.0
tukkeRoel;J. Hato;18;4.0;J. Hato;V;/players/jorrel-hato/783173/;jorrel-hato;783173.0;afc-ajax;J. Hato;1.0
tukkeRoel;M. Kohlert;18;11.0;M. Köhlert;V;/players/mats-kohlert/400423/;mats-kohlert;400423.0;sportclub-heerenveen;M. Kohlert;
tukkeRoel;C. Verdonk;18;24.0;C. Verdonk;V;/players/calvin-verdonk/319288/;calvin-verdonk;319288.0;nijmegen-eendracht-combinatie;C. Verdonk;-4.0
tukkeRoel;F. Krastev;18;50.0;F. Krastev;M;/players/filip-yavorov-krastev/550509/;filip-yavorov-krastev;550509.0;bvo-fc-zwolle;F. Krastev;0.0
tukkeRoel;S. Mijnans;18;10.0;S. Mijnans;M;/players/sven-mijnans/566000/;sven-mijnans;566000.0;stichting-az;S. Mijnans;5.0
tukkeRoel;A. Verschueren;18;32.0;A. Verschueren;M;/players/arno-vershueren/319385/;arno-vershueren;319385.0;stichting-fc-twente-65;A. Verschueren;1.0
tukkeRoel;S. Steijn;18;14.0;S. Steijn;M;/players/sem-steijn/560623/;sem-steijn;560623.0;stichting-fc-twente-65;S. Steijn;12.0
tukkeRoel;M. Deijl;18;2.0;M. Deijl;V;/players/mats-deijl/402457/;mats-deijl;402457.0;stichting-go-ahead-eagles;M. Deijl;21.0
tukkeRoel;L. de Jong;18;9.0;L. de Jong;A;/players/luuk-de-jong/65056/;luuk-de-jong;65056.0;psv-nv;L. de Jong;0.0
methodmich;V. Barkas;18;1.0;V. Barkas;K;/players/vasileios-barkas/272919/;vasileios-barkas;272919.0;stichting-fc-utrecht;V. Barkas;4.0
methodmich;M. Dijks;18;35.0;M. Dijks;V;/players/mitchel-dijks/219029/;mitchel-dijks;219029.0;fortuna-sittard;M. Dijks;1.91
methodmich;D. Hancko;18;33.0;D. Hancko;V;/players/david-hancko/391059/;david-hancko;391059.0;feyenoord-rotterdam-nv;D. Hancko;3.0
methodmich;M. Kohlert;18;11.0;M. Köhlert;V;/players/mats-kohlert/400423/;mats-kohlert;400423.0;sportclub-heerenveen;M. Kohlert;
methodmich;S. Mijnans;18;10.0;S. Mijnans;M;/players/sven-mijnans/566000/;sven-mijnans;566000.0;stichting-az;S. Mijnans;5.0
methodmich;S. 't Zand;18;25.0;S. 't Zand;M;/players/shiloh-t-zand/824640/;shiloh-t-zand;824640.0;feyenoord-rotterdam-nv;S. 't Zand;0.67
methodmich;S. Steijn;18;14.0;S. Steijn;M;/players/sem-steijn/560623/;sem-steijn;560623.0;stichting-fc-twente-65;S. Steijn;12.0
methodmich;K. Sano;18;23.0;K. Sano;M;/players/kodai-sano/815318/;kodai-sano;815318.0;nijmegen-eendracht-combinatie;K. Sano;3.0
methodmich;L. de Jong;18;9.0;L. de Jong;A;/players/luuk-de-jong/65056/;luuk-de-jong;65056.0;psv-nv;L. de Jong;0.0
methodmich;W. Weghorst;18;25.0;W. Weghorst;A;/players/wout-weghorst/255205/;wout-weghorst;255205.0;afc-ajax;W. Weghorst;0.1
methodmich;T. Lauritsen;18;;T. Lauritsen;A;/players/tobias-lauritsen/406745/;tobias-lauritsen;406745.0;sparta-rotterdam-bv;T. Lauritsen;3.0
FMNederland;V. Barkas;18;1.0;V. Barkas;K;/players/vasileios-barkas/272919/;vasileios-barkas;272919.0;stichting-fc-utrecht;V. Barkas;4.0
FMNederland;M. Kohlert;18;11.0;M. Köhlert;V;/players/mats-kohlert/400423/;mats-kohlert;400423.0;sportclub-heerenveen;M. Kohlert;
FMNederland;M. Deijl;18;2.0;M. Deijl;V;/players/mats-deijl/402457/;mats-deijl;402457.0;stichting-go-ahead-eagles;M. Deijl;21.0
FMNederland;C. Verdonk;18;24.0;C. Verdonk;V;/players/calvin-verdonk/319288/;calvin-verdonk;319288.0;nijmegen-eendracht-combinatie;C. Verdonk;-4.0
FMNederland;O. Boscagli;18;18.0;O. Boscagli;V;/players/olivier-boscagli/329542/;olivier-boscagli;329542.0;psv-nv;O. Boscagli;4.0
FMNederland;S. Bastien;18;22.0;S. Bastien;M;/players/samuel-bastien/314097/;samuel-bastien;314097.0;fortuna-sittard;S. Bastien;4.0
FMNederland;S. Steijn;18;14.0;S. Steijn;M;/players/sem-steijn/560623/;sem-steijn;560623.0;stichting-fc-twente-65;S. Steijn;12.0
FMNederland;Q. Timber;18;8.0;Q. Timber;M;/players/quinten-maduro/463017/;quinten-maduro;463017.0;feyenoord-rotterdam-nv;Q. Timber;5.0
FMNederland;T. Robinet;18;9.0;T. Robinet;A;/players/thomas-robinet/312659/;thomas-robinet;312659.0;fc-omniworld;T. Robinet;3.0
FMNederland;T. Lauritsen;18;;T. Lauritsen;A;/players/tobias-lauritsen/406745/;tobias-lauritsen;406745.0;sparta-rotterdam-bv;T. Lauritsen;3.0
FMNederland;T. Parrott;18;9.0;T. Parrott;A;/players/troy-parrot/515624/;troy-parrot;515624.0;stichting-az;T. Parrott;13.0
crispy;L. Unnerstall;18;1.0;L. Unnerstall;K;/players/lars-unnerstall/81320/;lars-unnerstall;81320.0;stichting-fc-twente-65;L. Unnerstall;
crispy;B. Pereira;18;2.0;B. Pereira;V;/players/brayann-pereira/640596/;brayann-pereira;640596.0;nijmegen-eendracht-combinatie;B. Pereira;-2.87
crispy;S. El Karouani;18;16.0;S. El Karouani;V;/players/souffian-elkarouani/537878/;souffian-elkarouani;537878.0;stichting-fc-utrecht;S. El Karouani;10.0
crispy;M. Kohlert;18;11.0;M. Köhlert;V;/players/mats-kohlert/400423/;mats-kohlert;400423.0;sportclub-heerenveen;M. Kohlert;
crispy;D. Hancko;18;33.0;D. Hancko;V;/players/david-hancko/391059/;david-hancko;391059.0;feyenoord-rotterdam-nv;D. Hancko;3.0
crispy;J. Schreuders;18;14.0;J. Schreuders;M;/players/jorg-schreuders/877779/;jorg-schreuders;877779.0;stichting-fc-groningen;J. Schreuders;5.83
crispy;A. Verschueren;18;32.0;A. Verschueren;M;/players/arno-vershueren/319385/;arno-vershueren;319385.0;stichting-fc-twente-65;A. Verschueren;1.0
crispy;S. Mijnans;18;10.0;S. Mijnans;M;/players/sven-mijnans/566000/;sven-mijnans;566000.0;stichting-az;S. Mijnans;5.0
crispy;D. Vente;18;9.0;D. Vente;A;/players/dylan-vente/426585/;dylan-vente;426585.0;bvo-fc-zwolle;D. Vente;5.0
crispy;K. Taylor;18;8.0;K. Taylor;M;/players/kenneth-taylor/508784/;kenneth-taylor;508784.0;afc-ajax;K. Taylor;2.6
crispy;M. Tillman;18;7.0;M. Tillman;M;/players/malik-tillman/561787/;malik-tillman;561787.0;psv-nv;M. Tillman;14.0
svvthomas;N. Olij;18;;N. Olij;K;/players/nick-olij/235322/;nick-olij;235322.0;sparta-rotterdam-bv;N. Olij;1.0
svvthomas;M. Deijl;18;2.0;M. Deijl;V;/players/mats-deijl/402457/;mats-deijl;402457.0;stichting-go-ahead-eagles;M. Deijl;21.0
svvthomas;D. Hancko;18;33.0;D. Hancko;V;/players/david-hancko/391059/;david-hancko;391059.0;feyenoord-rotterdam-nv;D. Hancko;3.0
svvthomas;D. Mirani;18;4.0;D. Mirani;V;/players/damon-mirani/289811/;damon-mirani;289811.0;stichting-heracles-almelo;D. Mirani;2.0
svvthomas;C. Sandra;18;14.0;C. Sandra;M;/players/cisse-sandra/638266/;cisse-sandra;638266.0;sbv-willem-ii-tilburg;C. Sandra;2.3
svvthomas;K. Ogawa;18;18.0;K. Ogawa;A;/players/koki-ogawa/435835/;koki-ogawa;435835.0;nijmegen-eendracht-combinatie;K. Ogawa;1.83
svvthomas;L. Brouwers;18;8.0;L. Brouwers;M;/players/luuk-brouwers/402458/;luuk-brouwers;402458.0;sportclub-heerenveen;L. Brouwers;14.0
svvthomas;S. Steijn;18;14.0;S. Steijn;M;/players/sem-steijn/560623/;sem-steijn;560623.0;stichting-fc-twente-65;S. Steijn;12.0
svvthomas;T. Parrott;18;9.0;T. Parrott;A;/players/troy-parrot/515624/;troy-parrot;515624.0;stichting-az;T. Parrott;13.0
svvthomas;L. de Jong;18;9.0;L. de Jong;A;/players/luuk-de-jong/65056/;luuk-de-jong;65056.0;psv-nv;L. de Jong;0.0
svvthomas;D. Klaassen;18;18.0;D. Klaassen;M;/players/davy-klaassen/158581/;davy-klaassen;158581.0;afc-ajax;D. Klaassen;2.43
El Cid;L. Unnerstall;18;1.0;L. Unnerstall;K;/players/lars-unnerstall/81320/;lars-unnerstall;81320.0;stichting-fc-twente-65;L. Unnerstall;
El Cid;P. Bochniewicz;18;5.0;P. Bochniewicz;V;/players/pawe-bochniewicz/273911/;pawe-bochniewicz;273911.0;sportclub-heerenveen;P. Bochniewicz;
El Cid;B. Nieuwkoop;18;2.0;B. Nieuwkoop;V;/players/bart-nieuwkoop/275124/;bart-nieuwkoop;275124.0;feyenoord-rotterdam-nv;B. Nieuwkoop;0.11
El Cid;D. van der Kust;18;;D. van der Kust;V;/players/djevencio-van-der-kust/569309/;djevencio-van-der-kust;569309.0;sparta-rotterdam-bv;D. van der Kust;0.0
El Cid;A. Halilovic;18;10.0;A. Halilović;M;/players/alen-halilovi/270136/;alen-halilovi;270136.0;fortuna-sittard;A. Halilovic;13.91
El Cid;L. Valente;18;10.0;L. Valente;M;/players/luciano-valente/703884/;luciano-valente;703884.0;stichting-fc-groningen;L. Valente;4.38
El Cid;V. Jensen;18;7.0;V. Jensen;M;/players/victor-jensen/460509/;victor-jensen;460509.0;stichting-fc-utrecht;V. Jensen;0.72
El Cid;D. Proper;18;71.0;D. Proper;M;/players/dirk-proper/525939/;dirk-proper;525939.0;nijmegen-eendracht-combinatie;D. Proper;3.0
El Cid;B. Traore;18;20.0;B. Traoré;A;/players/bertrand-traore/102801/;bertrand-traore;102801.0;afc-ajax;B. Traore;0.9
El Cid;L. de Jong;18;9.0;L. de Jong;A;/players/luuk-de-jong/65056/;luuk-de-jong;65056.0;psv-nv;L. de Jong;0.0
El Cid;T. Parrott;18;9.0;T. Parrott;A;/players/troy-parrot/515624/;troy-parrot;515624.0;stichting-az;T. Parrott;13.0
Otis.;V. Barkas;18;1.0;V. Barkas;K;/players/vasileios-barkas/272919/;vasileios-barkas;272919.0;stichting-fc-utrecht;V. Barkas;4.0
Otis.;M. Deijl;18;2.0;M. Deijl;V;/players/mats-deijl/402457/;mats-deijl;402457.0;stichting-go-ahead-eagles;M. Deijl;21.0
Otis.;M. Hilgers;18;2.0;M. Hilgers;V;/players/mees-hilgers/627701/;mees-hilgers;627701.0;stichting-fc-twente-65;M. Hilgers;-2.03
Otis.;J. Hato;18;4.0;J. Hato;V;/players/jorrel-hato/783173/;jorrel-hato;783173.0;afc-ajax;J. Hato;1.0
Otis.;J. Trenskow;18;20.0;J. Trenskow;A;/players/jacob-trenskow/672937/;jacob-trenskow;672937.0;sportclub-heerenveen;J. Trenskow;
Otis.;S. Mijnans;18;10.0;S. Mijnans;M;/players/sven-mijnans/566000/;sven-mijnans;566000.0;stichting-az;S. Mijnans;5.0
Otis.;Rober;18;7.0;Róber;M;/players/roberto-gonzalez-bayon/500171/;roberto-gonzalez-bayon;500171.0;nijmegen-eendracht-combinatie;Rober;0.0
Otis.;P. Clement;18;;P. Clement;M;/players/pelle-clement/379793/;pelle-clement;379793.0;sparta-rotterdam-bv;P. Clement;2.37
Otis.;D. Hancko;18;33.0;D. Hancko;V;/players/david-hancko/391059/;david-hancko;391059.0;feyenoord-rotterdam-nv;D. Hancko;3.0
Otis.;L. de Jong;18;9.0;L. de Jong;A;/players/luuk-de-jong/65056/;luuk-de-jong;65056.0;psv-nv;L. de Jong;0.0
Otis.;L. Kulenovic;18;19.0;L. Kulenović;A;/players/luka-kulenovi/631882/;luka-kulenovi;631882.0;stichting-heracles-almelo;L. Kulenovic;12.0
Gordon Shumway;S. Steijn;18;14.0;S. Steijn;M;/players/sem-steijn/560623/;sem-steijn;560623.0;stichting-fc-twente-65;S. Steijn;12.0
Gordon Shumway;B. Nieuwkoop;18;2.0;B. Nieuwkoop;V;/players/bart-nieuwkoop/275124/;bart-nieuwkoop;275124.0;feyenoord-rotterdam-nv;B. Nieuwkoop;0.11
Gordon Shumway;J. Hato;18;4.0;J. Hato;V;/players/jorrel-hato/783173/;jorrel-hato;783173.0;afc-ajax;J. Hato;1.0
Gordon Shumway;M. Kohlert;18;11.0;M. Köhlert;V;/players/mats-kohlert/400423/;mats-kohlert;400423.0;sportclub-heerenveen;M. Kohlert;
Gordon Shumway;C. Neghli;18;;C. Neghli;A;/players/camiel-neghli/680707/;camiel-neghli;680707.0;sparta-rotterdam-bv;C. Neghli;0.37
Gordon Shumway;L. Valente;18;10.0;L. Valente;M;/players/luciano-valente/703884/;luciano-valente;703884.0;stichting-fc-groningen;L. Valente;4.38
Gordon Shumway;D. Proper;18;71.0;D. Proper;M;/players/dirk-proper/525939/;dirk-proper;525939.0;nijmegen-eendracht-combinatie;D. Proper;3.0
Gordon Shumway;V. Jensen;18;7.0;V. Jensen;M;/players/victor-jensen/460509/;victor-jensen;460509.0;stichting-fc-utrecht;V. Jensen;0.72
Gordon Shumway;L. de Jong;18;9.0;L. de Jong;A;/players/luuk-de-jong/65056/;luuk-de-jong;65056.0;psv-nv;L. de Jong;0.0
Gordon Shumway;!K. Sierhuis;18;;;;;;;;;
Gordon Shumway;T. Parrott;18;9.0;T. Parrott;A;/players/troy-parrot/515624/;troy-parrot;515624.0;stichting-az;T. Parrott;13.0
Suikerbrood;N. Olij;18;;N. Olij;K;/players/nick-olij/235322/;nick-olij;235322.0;sparta-rotterdam-bv;N. Olij;1.0
Suikerbrood;S. Olsson;18;19.0;S. Olsson;M;/players/simon-olsson/423888/;simon-olsson;423888.0;sportclub-heerenveen;S. Olsson;1.5
Suikerbrood;D. Rensch;18;2.0;D. Rensch;V;/players/devyne-rensch/601396/;devyne-rensch;601396.0;afc-ajax;D. Rensch;
Suikerbrood;J. Amofa;18;25.0;J. Amofa;V;/players/jamal-amofa/668121/;jamal-amofa;668121.0;stichting-go-ahead-eagles;J. Amofa;
Suikerbrood;N. Viergever;18;24.0;N. Viergever;V;/players/nick--viergever/78529/;nick--viergever;78529.0;stichting-fc-utrecht;N. Viergever;4.0
Suikerbrood;D. Proper;18;71.0;D. Proper;M;/players/dirk-proper/525939/;dirk-proper;525939.0;nijmegen-eendracht-combinatie;D. Proper;3.0
Suikerbrood;M. Vlap;18;18.0;M. Vlap;M;/players/michel-vlap/407742/;michel-vlap;407742.0;stichting-fc-twente-65;M. Vlap;1.97
Suikerbrood;A. Halilovic;18;10.0;A. Halilović;M;/players/alen-halilovi/270136/;alen-halilovi;270136.0;fortuna-sittard;A. Halilovic;13.91
Suikerbrood;A. Ueda;18;9.0;A. Ueda;A;/players/ayase-ueda/551425/;ayase-ueda;551425.0;feyenoord-rotterdam-nv;A. Ueda;
Suikerbrood;R. van Bommel;18;7.0;R. van Bommel;A;/players/ruben-van-bommel/834074/;ruben-van-bommel;834074.0;stichting-az;R. van Bommel;3.67
Suikerbrood;L. de Jong;18;9.0;L. de Jong;A;/players/luuk-de-jong/65056/;luuk-de-jong;65056.0;psv-nv;L. de Jong;0.0
EnGCatjuh;R. Roefs;18;22.0;R. Roefs;K;/players/robin-roefs/636190/;robin-roefs;636190.0;nijmegen-eendracht-combinatie;R. Roefs;-2.0
EnGCatjuh;M. Kohlert;18;11.0;M. Köhlert;V;/players/mats-kohlert/400423/;mats-kohlert;400423.0;sportclub-heerenveen;M. Kohlert;
EnGCatjuh;O. Boscagli;18;18.0;O. Boscagli;V;/players/olivier-boscagli/329542/;olivier-boscagli;329542.0;psv-nv;O. Boscagli;4.0
EnGCatjuh;S. El Karouani;18;16.0;S. El Karouani;V;/players/souffian-elkarouani/537878/;souffian-elkarouani;537878.0;stichting-fc-utrecht;S. El Karouani;10.0
EnGCatjuh;Igor Paixao;18;14.0;Igor Paixão;A;/players/igor-guilherme-barbosa-da-paixao/593041/;igor-guilherme-barbosa-da-paixao;593041.0;feyenoord-rotterdam-nv;Igor Paixao;13.0
EnGCatjuh;J. Schreuders;18;14.0;J. Schreuders;M;/players/jorg-schreuders/877779/;jorg-schreuders;877779.0;stichting-fc-groningen;J. Schreuders;5.83
EnGCatjuh;S. Adewoye;18;4.0;S. Adewoye;V;/players/shawn-adewoye/618207/;shawn-adewoye;618207.0;fortuna-sittard;S. Adewoye;
EnGCatjuh;S. Steijn;18;14.0;S. Steijn;M;/players/sem-steijn/560623/;sem-steijn;560623.0;stichting-fc-twente-65;S. Steijn;12.0
EnGCatjuh;T. Parrott;18;9.0;T. Parrott;A;/players/troy-parrot/515624/;troy-parrot;515624.0;stichting-az;T. Parrott;13.0
EnGCatjuh;B. Brobbey;18;9.0;B. Brobbey;A;/players/brian-brobbey/520146/;brian-brobbey;520146.0;afc-ajax;B. Brobbey;4.9
EnGCatjuh;R. Meerveld;18;16.0;R. Meerveld;M;/players/ringo-meerveld/623815/;ringo-meerveld;623815.0;sbv-willem-ii-tilburg;R. Meerveld;3.0
Vishandel Makaay;R. Pasveer;18;22.0;R. Pasveer;K;/players/remko-pasveer/49689/;remko-pasveer;49689.0;afc-ajax;R. Pasveer;1.0
Vishandel Makaay;R. Flamingo;18;6.0;R. Flamingo;V;/players/ryan-flamingo/627724/;ryan-flamingo;627724.0;psv-nv;R. Flamingo;4.0
Vishandel Makaay;J. Lelieveld;18;2.0;J. Lelieveld;V;/players/julian-lelieveld/407738/;julian-lelieveld;407738.0;rkc-waalwijk;J. Lelieveld;0.73
Vishandel Makaay;K. Leerdam;18;18.0;K. Leerdam;V;/players/kelvin-leerdam/68354/;kelvin-leerdam;68354.0;stichting-heracles-almelo;K. Leerdam;0.0
Vishandel Makaay;M. Dijks;18;35.0;M. Dijks;V;/players/mitchel-dijks/219029/;mitchel-dijks;219029.0;fortuna-sittard;M. Dijks;1.91
Vishandel Makaay;T. Oosting;18;25.0;T. Oosting;M;/players/thijs-oosting/477591/;thijs-oosting;477591.0;stichting-fc-groningen;T. Oosting;6.38
Vishandel Makaay;E. van Ee;18;21.0;E. van Ee;M;/players/espen-van-ee/921919/;espen-van-ee;921919.0;sportclub-heerenveen;E. van Ee;5.0
Vishandel Makaay;P. Aaronson;18;21.0;P. Aaronson;M;/players/paxten-aaronson/576828/;paxten-aaronson;576828.0;stichting-fc-utrecht;P. Aaronson;5.0
Vishandel Makaay;A. Hadj Moussa;18;23.0;A. Hadj Moussa;A;/players/anis--hadj-moussa/755639/;anis--hadj-moussa;755639.0;feyenoord-rotterdam-nv;A. Hadj Moussa;12.33
Vishandel Makaay;R. van Wolfswinkel;18;9.0;R. van Wolfswinkel;A;/players/ricky-van-wolfswinkel/59407/;ricky-van-wolfswinkel;59407.0;stichting-fc-twente-65;R. van Wolfswinkel;
Vishandel Makaay;M. Meerdink;18;35.0;M. Meerdink;A;/players/mexx-meerdink/796451/;mexx-meerdink;796451.0;stichting-az;M. Meerdink;0.0
Friggles;L. Unnerstall;18;1.0;L. Unnerstall;K;/players/lars-unnerstall/81320/;lars-unnerstall;81320.0;stichting-fc-twente-65;L. Unnerstall;
Friggles;T. Quintero;18;;T. Quintero;V;/players/teo-quintero/565562/;teo-quintero;565562.0;sparta-rotterdam-bv;T. Quintero;0.53
Friggles;M. Deijl;18;2.0;M. Deijl;V;/players/mats-deijl/402457/;mats-deijl;402457.0;stichting-go-ahead-eagles;M. Deijl;21.0
Friggles;S. El Karouani;18;16.0;S. El Karouani;V;/players/souffian-elkarouani/537878/;souffian-elkarouani;537878.0;stichting-fc-utrecht;S. El Karouani;10.0
Friggles;S. Mijnans;18;10.0;S. Mijnans;M;/players/sven-mijnans/566000/;sven-mijnans;566000.0;stichting-az;S. Mijnans;5.0
Friggles;D. Proper;18;71.0;D. Proper;M;/players/dirk-proper/525939/;dirk-proper;525939.0;nijmegen-eendracht-combinatie;D. Proper;3.0
Friggles;M. Kohlert;18;11.0;M. Köhlert;V;/players/mats-kohlert/400423/;mats-kohlert;400423.0;sportclub-heerenveen;M. Kohlert;
Friggles;S. 't Zand;18;25.0;S. 't Zand;M;/players/shiloh-t-zand/824640/;shiloh-t-zand;824640.0;feyenoord-rotterdam-nv;S. 't Zand;0.67
Friggles;Q. Timber;18;8.0;Q. Timber;M;/players/quinten-maduro/463017/;quinten-maduro;463017.0;feyenoord-rotterdam-nv;Q. Timber;5.0
Friggles;L. de Jong;18;9.0;L. de Jong;A;/players/luuk-de-jong/65056/;luuk-de-jong;65056.0;psv-nv;L. de Jong;0.0
Friggles;B. Brobbey;18;9.0;B. Brobbey;A;/players/brian-brobbey/520146/;brian-brobbey;520146.0;afc-ajax;B. Brobbey;4.9
Jay-Jay;N. Olij;18;;N. Olij;K;/players/nick-olij/235322/;nick-olij;235322.0;sparta-rotterdam-bv;N. Olij;1.0
Jay-Jay;S. Maikuma;18;16.0;S. Maikuma;V;/players/seiya-maikuma/651537/;seiya-maikuma;651537.0;stichting-az;S. Maikuma;4.0
Jay-Jay;M. Deijl;18;2.0;M. Deijl;V;/players/mats-deijl/402457/;mats-deijl;402457.0;stichting-go-ahead-eagles;M. Deijl;21.0
Jay-Jay;S. El Karouani;18;16.0;S. El Karouani;V;/players/souffian-elkarouani/537878/;souffian-elkarouani;537878.0;stichting-fc-utrecht;S. El Karouani;10.0
Jay-Jay;Ivo Pinto;18;12.0;Ivo Pinto;V;/players/ivo-pinto/86672/;ivo-pinto;86672.0;fortuna-sittard;Ivo Pinto;
Jay-Jay;L. de Jong;18;9.0;L. de Jong;A;/players/luuk-de-jong/65056/;luuk-de-jong;65056.0;psv-nv;L. de Jong;0.0
Jay-Jay;Rober;18;7.0;Róber;M;/players/roberto-gonzalez-bayon/500171/;roberto-gonzalez-bayon;500171.0;nijmegen-eendracht-combinatie;Rober;0.0
Jay-Jay;S. Olsson;18;19.0;S. Olsson;M;/players/simon-olsson/423888/;simon-olsson;423888.0;sportclub-heerenveen;S. Olsson;1.5
Jay-Jay;Q. Timber;18;8.0;Q. Timber;M;/players/quinten-maduro/463017/;quinten-maduro;463017.0;feyenoord-rotterdam-nv;Q. Timber;5.0
Jay-Jay;B. Brobbey;18;9.0;B. Brobbey;A;/players/brian-brobbey/520146/;brian-brobbey;520146.0;afc-ajax;B. Brobbey;4.9
Jay-Jay;S. Lammers;18;10.0;S. Lammers;A;/players/sam-lammers/407736/;sam-lammers;407736.0;stichting-fc-twente-65;S. Lammers;3.0
Rucebo;V. Barkas;18;1.0;V. Barkas;K;/players/vasileios-barkas/272919/;vasileios-barkas;272919.0;stichting-fc-utrecht;V. Barkas;4.0
Rucebo;Ivo Pinto;18;12.0;Ivo Pinto;V;/players/ivo-pinto/86672/;ivo-pinto;86672.0;fortuna-sittard;Ivo Pinto;
Rucebo;J. Hato;18;4.0;J. Hato;V;/players/jorrel-hato/783173/;jorrel-hato;783173.0;afc-ajax;J. Hato;1.0
Rucebo;D. Hancko;18;33.0;D. Hancko;V;/players/david-hancko/391059/;david-hancko;391059.0;feyenoord-rotterdam-nv;D. Hancko;3.0
Rucebo;M. Deijl;18;2.0;M. Deijl;V;/players/mats-deijl/402457/;mats-deijl;402457.0;stichting-go-ahead-eagles;M. Deijl;21.0
Rucebo;S. Steijn;18;14.0;S. Steijn;M;/players/sem-steijn/560623/;sem-steijn;560623.0;stichting-fc-twente-65;S. Steijn;12.0
Rucebo;A. Verschueren;18;32.0;A. Verschueren;M;/players/arno-vershueren/319385/;arno-vershueren;319385.0;stichting-fc-twente-65;A. Verschueren;1.0
Rucebo;L. Brouwers;18;8.0;L. Brouwers;M;/players/luuk-brouwers/402458/;luuk-brouwers;402458.0;sportclub-heerenveen;L. Brouwers;14.0
Rucebo;T. Parrott;18;9.0;T. Parrott;A;/players/troy-parrot/515624/;troy-parrot;515624.0;stichting-az;T. Parrott;13.0
Rucebo;L. de Jong;18;9.0;L. de Jong;A;/players/luuk-de-jong/65056/;luuk-de-jong;65056.0;psv-nv;L. de Jong;0.0
Rucebo;K. Ogawa;18;18.0;K. Ogawa;A;/players/koki-ogawa/435835/;koki-ogawa;435835.0;nijmegen-eendracht-combinatie;K. Ogawa;1.83
tukkeRoel;V. Barkas;19;1.0;V. Barkas;K;/players/vasileios-barkas/272919/;vasileios-barkas;272919.0;stichting-fc-utrecht;V. Barkas;1.0
tukkeRoel;D. Hancko;19;33.0;D. Hancko;V;/players/david-hancko/391059/;david-hancko;391059.0;feyenoord-rotterdam-nv;D. Hancko;15.0
tukkeRoel;J. Hato;19;4.0;J. Hato;V;/players/jorrel-hato/783173/;jorrel-hato;783173.0;afc-ajax;J. Hato;0.0
tukkeRoel;M. Kohlert;19;11.0;M. Köhlert;V;/players/mats-kohlert/400423/;mats-kohlert;400423.0;sportclub-heerenveen;M. Kohlert;
tukkeRoel;C. Verdonk;19;24.0;C. Verdonk;V;/players/calvin-verdonk/319288/;calvin-verdonk;319288.0;nijmegen-eendracht-combinatie;C. Verdonk;3.0
tukkeRoel;D. Mbayo;19;11.0;D. Mbayo;A;/players/dylan-mbayo/599681/;dylan-mbayo;599681.0;bvo-fc-zwolle;D. Mbayo;3.0
tukkeRoel;S. Mijnans;19;10.0;S. Mijnans;M;/players/sven-mijnans/566000/;sven-mijnans;566000.0;stichting-az;S. Mijnans;3.89
tukkeRoel;A. Verschueren;19;32.0;A. Verschueren;M;/players/arno-vershueren/319385/;arno-vershueren;319385.0;stichting-fc-twente-65;A. Verschueren;2.0
tukkeRoel;S. Steijn;19;14.0;S. Steijn;M;/players/sem-steijn/560623/;sem-steijn;560623.0;stichting-fc-twente-65;S. Steijn;15.31
tukkeRoel;M. Deijl;19;2.0;M. Deijl;V;/players/mats-deijl/402457/;mats-deijl;402457.0;stichting-go-ahead-eagles;M. Deijl;1.0
tukkeRoel;L. de Jong;19;9.0;L. de Jong;A;/players/luuk-de-jong/65056/;luuk-de-jong;65056.0;psv-nv;L. de Jong;3.0
methodmich;V. Barkas;19;1.0;V. Barkas;K;/players/vasileios-barkas/272919/;vasileios-barkas;272919.0;stichting-fc-utrecht;V. Barkas;1.0
methodmich;M. Dijks;19;35.0;M. Dijks;V;/players/mitchel-dijks/219029/;mitchel-dijks;219029.0;fortuna-sittard;M. Dijks;2.72
methodmich;D. Hancko;19;33.0;D. Hancko;V;/players/david-hancko/391059/;david-hancko;391059.0;feyenoord-rotterdam-nv;D. Hancko;15.0
methodmich;M. Kohlert;19;11.0;M. Köhlert;V;/players/mats-kohlert/400423/;mats-kohlert;400423.0;sportclub-heerenveen;M. Kohlert;
methodmich;S. Mijnans;19;10.0;S. Mijnans;M;/players/sven-mijnans/566000/;sven-mijnans;566000.0;stichting-az;S. Mijnans;3.89
methodmich;S. 't Zand;19;25.0;S. 't Zand;M;/players/shiloh-t-zand/824640/;shiloh-t-zand;824640.0;feyenoord-rotterdam-nv;S. 't Zand;12.0
methodmich;S. Steijn;19;14.0;S. Steijn;M;/players/sem-steijn/560623/;sem-steijn;560623.0;stichting-fc-twente-65;S. Steijn;15.31
methodmich;K. Sano;19;23.0;K. Sano;M;/players/kodai-sano/815318/;kodai-sano;815318.0;nijmegen-eendracht-combinatie;K. Sano;4.0
methodmich;L. de Jong;19;9.0;L. de Jong;A;/players/luuk-de-jong/65056/;luuk-de-jong;65056.0;psv-nv;L. de Jong;3.0
methodmich;W. Weghorst;19;25.0;W. Weghorst;A;/players/wout-weghorst/255205/;wout-weghorst;255205.0;afc-ajax;W. Weghorst;13.0
methodmich;T. Lauritsen;19;;T. Lauritsen;A;/players/tobias-lauritsen/406745/;tobias-lauritsen;406745.0;sparta-rotterdam-bv;T. Lauritsen;4.0
FMNederland;V. Barkas;19;1.0;V. Barkas;K;/players/vasileios-barkas/272919/;vasileios-barkas;272919.0;stichting-fc-utrecht;V. Barkas;1.0
FMNederland;M. Kohlert;19;11.0;M. Köhlert;V;/players/mats-kohlert/400423/;mats-kohlert;400423.0;sportclub-heerenveen;M. Kohlert;
FMNederland;M. Deijl;19;2.0;M. Deijl;V;/players/mats-deijl/402457/;mats-deijl;402457.0;stichting-go-ahead-eagles;M. Deijl;1.0
FMNederland;C. Verdonk;19;24.0;C. Verdonk;V;/players/calvin-verdonk/319288/;calvin-verdonk;319288.0;nijmegen-eendracht-combinatie;C. Verdonk;3.0
FMNederland;O. Boscagli;19;18.0;O. Boscagli;V;/players/olivier-boscagli/329542/;olivier-boscagli;329542.0;psv-nv;O. Boscagli;2.0
FMNederland;S. Bastien;19;22.0;S. Bastien;M;/players/samuel-bastien/314097/;samuel-bastien;314097.0;fortuna-sittard;S. Bastien;5.0
FMNederland;S. Steijn;19;14.0;S. Steijn;M;/players/sem-steijn/560623/;sem-steijn;560623.0;stichting-fc-twente-65;S. Steijn;15.31
FMNederland;Q. Timber;19;8.0;Q. Timber;M;/players/quinten-maduro/463017/;quinten-maduro;463017.0;feyenoord-rotterdam-nv;Q. Timber;5.0
FMNederland;T. Robinet;19;9.0;T. Robinet;A;/players/thomas-robinet/312659/;thomas-robinet;312659.0;fc-omniworld;T. Robinet;3.0
FMNederland;T. Lauritsen;19;;T. Lauritsen;A;/players/tobias-lauritsen/406745/;tobias-lauritsen;406745.0;sparta-rotterdam-bv;T. Lauritsen;4.0
FMNederland;T. Parrott;19;9.0;T. Parrott;A;/players/troy-parrot/515624/;troy-parrot;515624.0;stichting-az;T. Parrott;13.0
crispy;L. Unnerstall;19;1.0;L. Unnerstall;K;/players/lars-unnerstall/81320/;lars-unnerstall;81320.0;stichting-fc-twente-65;L. Unnerstall;17.0
crispy;B. Pereira;19;2.0;B. Pereira;V;/players/brayann-pereira/640596/;brayann-pereira;640596.0;nijmegen-eendracht-combinatie;B. Pereira;2.98
crispy;S. El Karouani;19;16.0;S. El Karouani;V;/players/souffian-elkarouani/537878/;souffian-elkarouani;537878.0;stichting-fc-utrecht;S. El Karouani;1.0
crispy;M. Kohlert;19;11.0;M. Köhlert;V;/players/mats-kohlert/400423/;mats-kohlert;400423.0;sportclub-heerenveen;M. Kohlert;
crispy;D. Hancko;19;33.0;D. Hancko;V;/players/david-hancko/391059/;david-hancko;391059.0;feyenoord-rotterdam-nv;D. Hancko;15.0
crispy;J. Schreuders;19;14.0;J. Schreuders;M;/players/jorg-schreuders/877779/;jorg-schreuders;877779.0;stichting-fc-groningen;J. Schreuders;2.1
crispy;A. Verschueren;19;32.0;A. Verschueren;M;/players/arno-vershueren/319385/;arno-vershueren;319385.0;stichting-fc-twente-65;A. Verschueren;2.0
crispy;S. Mijnans;19;10.0;S. Mijnans;M;/players/sven-mijnans/566000/;sven-mijnans;566000.0;stichting-az;S. Mijnans;3.89
crispy;D. Vente;19;9.0;D. Vente;A;/players/dylan-vente/426585/;dylan-vente;426585.0;bvo-fc-zwolle;D. Vente;3.0
crispy;K. Taylor;19;8.0;K. Taylor;M;/players/kenneth-taylor/508784/;kenneth-taylor;508784.0;afc-ajax;K. Taylor;22.0
crispy;M. Tillman;19;7.0;M. Tillman;M;/players/malik-tillman/561787/;malik-tillman;561787.0;psv-nv;M. Tillman;3.0
svvthomas;N. Olij;19;;N. Olij;K;/players/nick-olij/235322/;nick-olij;235322.0;sparta-rotterdam-bv;N. Olij;3.0
svvthomas;M. Deijl;19;2.0;M. Deijl;V;/players/mats-deijl/402457/;mats-deijl;402457.0;stichting-go-ahead-eagles;M. Deijl;1.0
svvthomas;D. Hancko;19;33.0;D. Hancko;V;/players/david-hancko/391059/;david-hancko;391059.0;feyenoord-rotterdam-nv;D. Hancko;15.0
svvthomas;D. Mirani;19;4.0;D. Mirani;V;/players/damon-mirani/289811/;damon-mirani;289811.0;stichting-heracles-almelo;D. Mirani;-2.77
svvthomas;C. Sandra;19;14.0;C. Sandra;M;/players/cisse-sandra/638266/;cisse-sandra;638266.0;sbv-willem-ii-tilburg;C. Sandra;
svvthomas;K. Ogawa;19;18.0;K. Ogawa;A;/players/koki-ogawa/435835/;koki-ogawa;435835.0;nijmegen-eendracht-combinatie;K. Ogawa;2.98
svvthomas;L. Brouwers;19;8.0;L. Brouwers;M;/players/luuk-brouwers/402458/;luuk-brouwers;402458.0;sportclub-heerenveen;L. Brouwers;8.0
svvthomas;S. Steijn;19;14.0;S. Steijn;M;/players/sem-steijn/560623/;sem-steijn;560623.0;stichting-fc-twente-65;S. Steijn;15.31
svvthomas;T. Parrott;19;9.0;T. Parrott;A;/players/troy-parrot/515624/;troy-parrot;515624.0;stichting-az;T. Parrott;13.0
svvthomas;L. de Jong;19;9.0;L. de Jong;A;/players/luuk-de-jong/65056/;luuk-de-jong;65056.0;psv-nv;L. de Jong;3.0
svvthomas;D. Klaassen;19;18.0;D. Klaassen;M;/players/davy-klaassen/158581/;davy-klaassen;158581.0;afc-ajax;D. Klaassen;13.0
El Cid;L. Unnerstall;19;1.0;L. Unnerstall;K;/players/lars-unnerstall/81320/;lars-unnerstall;81320.0;stichting-fc-twente-65;L. Unnerstall;17.0
El Cid;P. Bochniewicz;19;5.0;P. Bochniewicz;V;/players/pawe-bochniewicz/273911/;pawe-bochniewicz;273911.0;sportclub-heerenveen;P. Bochniewicz;
El Cid;B. Nieuwkoop;19;2.0;B. Nieuwkoop;V;/players/bart-nieuwkoop/275124/;bart-nieuwkoop;275124.0;feyenoord-rotterdam-nv;B. Nieuwkoop;0.0
El Cid;D. van der Kust;19;;D. van der Kust;V;/players/djevencio-van-der-kust/569309/;djevencio-van-der-kust;569309.0;sparta-rotterdam-bv;D. van der Kust;0.0
El Cid;A. Halilovic;19;10.0;A. Halilović;M;/players/alen-halilovi/270136/;alen-halilovi;270136.0;fortuna-sittard;A. Halilovic;3.78
El Cid;L. Valente;19;10.0;L. Valente;M;/players/luciano-valente/703884/;luciano-valente;703884.0;stichting-fc-groningen;L. Valente;
El Cid;V. Jensen;19;7.0;V. Jensen;M;/players/victor-jensen/460509/;victor-jensen;460509.0;stichting-fc-utrecht;V. Jensen;1.29
El Cid;D. Proper;19;71.0;D. Proper;M;/players/dirk-proper/525939/;dirk-proper;525939.0;nijmegen-eendracht-combinatie;D. Proper;4.0
El Cid;B. Traore;19;20.0;B. Traoré;A;/players/bertrand-traore/102801/;bertrand-traore;102801.0;afc-ajax;B. Traore;1.93
El Cid;L. de Jong;19;9.0;L. de Jong;A;/players/luuk-de-jong/65056/;luuk-de-jong;65056.0;psv-nv;L. de Jong;3.0
El Cid;T. Parrott;19;9.0;T. Parrott;A;/players/troy-parrot/515624/;troy-parrot;515624.0;stichting-az;T. Parrott;13.0
Otis.;V. Barkas;19;1.0;V. Barkas;K;/players/vasileios-barkas/272919/;vasileios-barkas;272919.0;stichting-fc-utrecht;V. Barkas;1.0
Otis.;M. Deijl;19;2.0;M. Deijl;V;/players/mats-deijl/402457/;mats-deijl;402457.0;stichting-go-ahead-eagles;M. Deijl;1.0
Otis.;M. Hilgers;19;2.0;M. Hilgers;V;/players/mees-hilgers/627701/;mees-hilgers;627701.0;stichting-fc-twente-65;M. Hilgers;
Otis.;J. Hato;19;4.0;J. Hato;V;/players/jorrel-hato/783173/;jorrel-hato;783173.0;afc-ajax;J. Hato;0.0
Otis.;J. Trenskow;19;20.0;J. Trenskow;A;/players/jacob-trenskow/672937/;jacob-trenskow;672937.0;sportclub-heerenveen;J. Trenskow;
Otis.;S. Mijnans;19;10.0;S. Mijnans;M;/players/sven-mijnans/566000/;sven-mijnans;566000.0;stichting-az;S. Mijnans;3.89
Otis.;Rober;19;7.0;Róber;M;/players/roberto-gonzalez-bayon/500171/;roberto-gonzalez-bayon;500171.0;nijmegen-eendracht-combinatie;Rober;1.02
Otis.;P. Clement;19;;P. Clement;M;/players/pelle-clement/379793/;pelle-clement;379793.0;sparta-rotterdam-bv;P. Clement;4.0
Otis.;D. Hancko;19;33.0;D. Hancko;V;/players/david-hancko/391059/;david-hancko;391059.0;feyenoord-rotterdam-nv;D. Hancko;15.0
Otis.;L. de Jong;19;9.0;L. de Jong;A;/players/luuk-de-jong/65056/;luuk-de-jong;65056.0;psv-nv;L. de Jong;3.0
Otis.;L. Kulenovic;19;19.0;L. Kulenović;A;/players/luka-kulenovi/631882/;luka-kulenovi;631882.0;stichting-heracles-almelo;L. Kulenovic;0.77
Gordon Shumway;S. Steijn;19;14.0;S. Steijn;M;/players/sem-steijn/560623/;sem-steijn;560623.0;stichting-fc-twente-65;S. Steijn;15.31
Gordon Shumway;B. Nieuwkoop;19;2.0;B. Nieuwkoop;V;/players/bart-nieuwkoop/275124/;bart-nieuwkoop;275124.0;feyenoord-rotterdam-nv;B. Nieuwkoop;0.0
Gordon Shumway;J. Hato;19;4.0;J. Hato;V;/players/jorrel-hato/783173/;jorrel-hato;783173.0;afc-ajax;J. Hato;0.0
Gordon Shumway;M. Kohlert;19;11.0;M. Köhlert;V;/players/mats-kohlert/400423/;mats-kohlert;400423.0;sportclub-heerenveen;M. Kohlert;
Gordon Shumway;C. Neghli;19;;C. Neghli;A;/players/camiel-neghli/680707/;camiel-neghli;680707.0;sparta-rotterdam-bv;C. Neghli;9.24
Gordon Shumway;L. Valente;19;10.0;L. Valente;M;/players/luciano-valente/703884/;luciano-valente;703884.0;stichting-fc-groningen;L. Valente;
Gordon Shumway;D. Proper;19;71.0;D. Proper;M;/players/dirk-proper/525939/;dirk-proper;525939.0;nijmegen-eendracht-combinatie;D. Proper;4.0
Gordon Shumway;V. Jensen;19;7.0;V. Jensen;M;/players/victor-jensen/460509/;victor-jensen;460509.0;stichting-fc-utrecht;V. Jensen;1.29
Gordon Shumway;L. de Jong;19;9.0;L. de Jong;A;/players/luuk-de-jong/65056/;luuk-de-jong;65056.0;psv-nv;L. de Jong;3.0
Gordon Shumway;!K. Sierhuis;19;;;;;;;;;
Gordon Shumway;T. Parrott;19;9.0;T. Parrott;A;/players/troy-parrot/515624/;troy-parrot;515624.0;stichting-az;T. Parrott;13.0
Suikerbrood;N. Olij;19;;N. Olij;K;/players/nick-olij/235322/;nick-olij;235322.0;sparta-rotterdam-bv;N. Olij;3.0
Suikerbrood;S. Olsson;19;19.0;S. Olsson;M;/players/simon-olsson/423888/;simon-olsson;423888.0;sportclub-heerenveen;S. Olsson;0.89
Suikerbrood;D. Rensch;19;2.0;D. Rensch;V;/players/devyne-rensch/601396/;devyne-rensch;601396.0;afc-ajax;D. Rensch;13.0
Suikerbrood;J. Amofa;19;25.0;J. Amofa;V;/players/jamal-amofa/668121/;jamal-amofa;668121.0;stichting-go-ahead-eagles;J. Amofa;
Suikerbrood;N. Viergever;19;24.0;N. Viergever;V;/players/nick--viergever/78529/;nick--viergever;78529.0;stichting-fc-utrecht;N. Viergever;1.0
Suikerbrood;D. Proper;19;71.0;D. Proper;M;/players/dirk-proper/525939/;dirk-proper;525939.0;nijmegen-eendracht-combinatie;D. Proper;4.0
Suikerbrood;M. Vlap;19;18.0;M. Vlap;M;/players/michel-vlap/407742/;michel-vlap;407742.0;stichting-fc-twente-65;M. Vlap;6.31
Suikerbrood;A. Halilovic;19;10.0;A. Halilović;M;/players/alen-halilovi/270136/;alen-halilovi;270136.0;fortuna-sittard;A. Halilovic;3.78
Suikerbrood;A. Ueda;19;9.0;A. Ueda;A;/players/ayase-ueda/551425/;ayase-ueda;551425.0;feyenoord-rotterdam-nv;A. Ueda;
Suikerbrood;R. van Bommel;19;7.0;R. van Bommel;A;/players/ruben-van-bommel/834074/;ruben-van-bommel;834074.0;stichting-az;R. van Bommel;3.0
Suikerbrood;L. de Jong;19;9.0;L. de Jong;A;/players/luuk-de-jong/65056/;luuk-de-jong;65056.0;psv-nv;L. de Jong;3.0
EnGCatjuh;R. Roefs;19;22.0;R. Roefs;K;/players/robin-roefs/636190/;robin-roefs;636190.0;nijmegen-eendracht-combinatie;R. Roefs;3.0
EnGCatjuh;M. Kohlert;19;11.0;M. Köhlert;V;/players/mats-kohlert/400423/;mats-kohlert;400423.0;sportclub-heerenveen;M. Kohlert;
EnGCatjuh;O. Boscagli;19;18.0;O. Boscagli;V;/players/olivier-boscagli/329542/;olivier-boscagli;329542.0;psv-nv;O. Boscagli;2.0
EnGCatjuh;S. El Karouani;19;16.0;S. El Karouani;V;/players/souffian-elkarouani/537878/;souffian-elkarouani;537878.0;stichting-fc-utrecht;S. El Karouani;1.0
EnGCatjuh;Igor Paixao;19;14.0;Igor Paixão;A;/players/igor-guilherme-barbosa-da-paixao/593041/;igor-guilherme-barbosa-da-paixao;593041.0;feyenoord-rotterdam-nv;Igor Paixao;1.11
EnGCatjuh;J. Schreuders;19;14.0;J. Schreuders;M;/players/jorg-schreuders/877779/;jorg-schreuders;877779.0;stichting-fc-groningen;J. Schreuders;2.1
EnGCatjuh;S. Adewoye;19;4.0;S. Adewoye;V;/players/shawn-adewoye/618207/;shawn-adewoye;618207.0;fortuna-sittard;S. Adewoye;
EnGCatjuh;S. Steijn;19;14.0;S. Steijn;M;/players/sem-steijn/560623/;sem-steijn;560623.0;stichting-fc-twente-65;S. Steijn;15.31
EnGCatjuh;T. Parrott;19;9.0;T. Parrott;A;/players/troy-parrot/515624/;troy-parrot;515624.0;stichting-az;T. Parrott;13.0
EnGCatjuh;B. Brobbey;19;9.0;B. Brobbey;A;/players/brian-brobbey/520146/;brian-brobbey;520146.0;afc-ajax;B. Brobbey;1.0
EnGCatjuh;R. Meerveld;19;16.0;R. Meerveld;M;/players/ringo-meerveld/623815/;ringo-meerveld;623815.0;sbv-willem-ii-tilburg;R. Meerveld;17.0
Vishandel Makaay;R. Pasveer;19;22.0;R. Pasveer;K;/players/remko-pasveer/49689/;remko-pasveer;49689.0;afc-ajax;R. Pasveer;17.0
Vishandel Makaay;R. Flamingo;19;6.0;R. Flamingo;V;/players/ryan-flamingo/627724/;ryan-flamingo;627724.0;psv-nv;R. Flamingo;2.0
Vishandel Makaay;J. Lelieveld;19;2.0;J. Lelieveld;V;/players/julian-lelieveld/407738/;julian-lelieveld;407738.0;rkc-waalwijk;J. Lelieveld;0.0
Vishandel Makaay;K. Leerdam;19;18.0;K. Leerdam;V;/players/kelvin-leerdam/68354/;kelvin-leerdam;68354.0;stichting-heracles-almelo;K. Leerdam;0.0
Vishandel Makaay;M. Dijks;19;35.0;M. Dijks;V;/players/mitchel-dijks/219029/;mitchel-dijks;219029.0;fortuna-sittard;M. Dijks;2.72
Vishandel Makaay;T. Oosting;19;25.0;T. Oosting;M;/players/thijs-oosting/477591/;thijs-oosting;477591.0;stichting-fc-groningen;T. Oosting;3.0
Vishandel Makaay;E. van Ee;19;21.0;E. van Ee;M;/players/espen-van-ee/921919/;espen-van-ee;921919.0;sportclub-heerenveen;E. van Ee;8.0
Vishandel Makaay;P. Aaronson;19;21.0;P. Aaronson;M;/players/paxten-aaronson/576828/;paxten-aaronson;576828.0;stichting-fc-utrecht;P. Aaronson;2.0
Vishandel Makaay;A. Hadj Moussa;19;23.0;A. Hadj Moussa;A;/players/anis--hadj-moussa/755639/;anis--hadj-moussa;755639.0;feyenoord-rotterdam-nv;A. Hadj Moussa;7.89
Vishandel Makaay;R. van Wolfswinkel;19;9.0;R. van Wolfswinkel;A;/players/ricky-van-wolfswinkel/59407/;ricky-van-wolfswinkel;59407.0;stichting-fc-twente-65;R. van Wolfswinkel;6.0
Vishandel Makaay;M. Meerdink;19;35.0;M. Meerdink;A;/players/mexx-meerdink/796451/;mexx-meerdink;796451.0;stichting-az;M. Meerdink;1.11
Friggles;L. Unnerstall;19;1.0;L. Unnerstall;K;/players/lars-unnerstall/81320/;lars-unnerstall;81320.0;stichting-fc-twente-65;L. Unnerstall;17.0
Friggles;T. Quintero;19;;T. Quintero;V;/players/teo-quintero/565562/;teo-quintero;565562.0;sparta-rotterdam-bv;T. Quintero;-0.96
Friggles;M. Deijl;19;2.0;M. Deijl;V;/players/mats-deijl/402457/;mats-deijl;402457.0;stichting-go-ahead-eagles;M. Deijl;1.0
Friggles;S. El Karouani;19;16.0;S. El Karouani;V;/players/souffian-elkarouani/537878/;souffian-elkarouani;537878.0;stichting-fc-utrecht;S. El Karouani;1.0
Friggles;S. Mijnans;19;10.0;S. Mijnans;M;/players/sven-mijnans/566000/;sven-mijnans;566000.0;stichting-az;S. Mijnans;3.89
Friggles;D. Proper;19;71.0;D. Proper;M;/players/dirk-proper/525939/;dirk-proper;525939.0;nijmegen-eendracht-combinatie;D. Proper;4.0
Friggles;M. Kohlert;19;11.0;M. Köhlert;V;/players/mats-kohlert/400423/;mats-kohlert;400423.0;sportclub-heerenveen;M. Kohlert;
Friggles;S. 't Zand;19;25.0;S. 't Zand;M;/players/shiloh-t-zand/824640/;shiloh-t-zand;824640.0;feyenoord-rotterdam-nv;S. 't Zand;12.0
Friggles;Q. Timber;19;8.0;Q. Timber;M;/players/quinten-maduro/463017/;quinten-maduro;463017.0;feyenoord-rotterdam-nv;Q. Timber;5.0
Friggles;L. de Jong;19;9.0;L. de Jong;A;/players/luuk-de-jong/65056/;luuk-de-jong;65056.0;psv-nv;L. de Jong;3.0
Friggles;B. Brobbey;19;9.0;B. Brobbey;A;/players/brian-brobbey/520146/;brian-brobbey;520146.0;afc-ajax;B. Brobbey;1.0
Jay-Jay;N. Olij;19;;N. Olij;K;/players/nick-olij/235322/;nick-olij;235322.0;sparta-rotterdam-bv;N. Olij;3.0
Jay-Jay;S. Maikuma;19;16.0;S. Maikuma;V;/players/seiya-maikuma/651537/;seiya-maikuma;651537.0;stichting-az;S. Maikuma;3.28
Jay-Jay;M. Deijl;19;2.0;M. Deijl;V;/players/mats-deijl/402457/;mats-deijl;402457.0;stichting-go-ahead-eagles;M. Deijl;1.0
Jay-Jay;S. El Karouani;19;16.0;S. El Karouani;V;/players/souffian-elkarouani/537878/;souffian-elkarouani;537878.0;stichting-fc-utrecht;S. El Karouani;1.0
Jay-Jay;Ivo Pinto;19;12.0;Ivo Pinto;V;/players/ivo-pinto/86672/;ivo-pinto;86672.0;fortuna-sittard;Ivo Pinto;1.22
Jay-Jay;L. de Jong;19;9.0;L. de Jong;A;/players/luuk-de-jong/65056/;luuk-de-jong;65056.0;psv-nv;L. de Jong;3.0
Jay-Jay;Rober;19;7.0;Róber;M;/players/roberto-gonzalez-bayon/500171/;roberto-gonzalez-bayon;500171.0;nijmegen-eendracht-combinatie;Rober;1.02
Jay-Jay;S. Olsson;19;19.0;S. Olsson;M;/players/simon-olsson/423888/;simon-olsson;423888.0;sportclub-heerenveen;S. Olsson;0.89
Jay-Jay;Q. Timber;19;8.0;Q. Timber;M;/players/quinten-maduro/463017/;quinten-maduro;463017.0;feyenoord-rotterdam-nv;Q. Timber;5.0
Jay-Jay;B. Brobbey;19;9.0;B. Brobbey;A;/players/brian-brobbey/520146/;brian-brobbey;520146.0;afc-ajax;B. Brobbey;1.0
Jay-Jay;S. Lammers;19;10.0;S. Lammers;A;/players/sam-lammers/407736/;sam-lammers;407736.0;stichting-fc-twente-65;S. Lammers;3.67
Rucebo;V. Barkas;19;1.0;V. Barkas;K;/players/vasileios-barkas/272919/;vasileios-barkas;272919.0;stichting-fc-utrecht;V. Barkas;1.0
Rucebo;Ivo Pinto;19;12.0;Ivo Pinto;V;/players/ivo-pinto/86672/;ivo-pinto;86672.0;fortuna-sittard;Ivo Pinto;1.22
Rucebo;J. Hato;19;4.0;J. Hato;V;/players/jorrel-hato/783173/;jorrel-hato;783173.0;afc-ajax;J. Hato;0.0
Rucebo;D. Hancko;19;33.0;D. Hancko;V;/players/david-hancko/391059/;david-hancko;391059.0;feyenoord-rotterdam-nv;D. Hancko;15.0
Rucebo;M. Deijl;19;2.0;M. Deijl;V;/players/mats-deijl/402457/;mats-deijl;402457.0;stichting-go-ahead-eagles;M. Deijl;1.0
Rucebo;S. Steijn;19;14.0;S. Steijn;M;/players/sem-steijn/560623/;sem-steijn;560623.0;stichting-fc-twente-65;S. Steijn;15.31
Rucebo;A. Verschueren;19;32.0;A. Verschueren;M;/players/arno-vershueren/319385/;arno-vershueren;319385.0;stichting-fc-twente-65;A. Verschueren;2.0
Rucebo;L. Brouwers;19;8.0;L. Brouwers;M;/players/luuk-brouwers/402458/;luuk-brouwers;402458.0;sportclub-heerenveen;L. Brouwers;8.0
Rucebo;T. Parrott;19;9.0;T. Parrott;A;/players/troy-parrot/515624/;troy-parrot;515624.0;stichting-az;T. Parrott;13.0
Rucebo;L. de Jong;19;9.0;L. de Jong;A;/players/luuk-de-jong/65056/;luuk-de-jong;65056.0;psv-nv;L. de Jong;3.0
Rucebo;K. Ogawa;19;18.0;K. Ogawa;A;/players/koki-ogawa/435835/;koki-ogawa;435835.0;nijmegen-eendracht-combinatie;K. Ogawa;2.98
tukkeRoel;V. Barkas;20;1.0;V. Barkas;K;/players/vasileios-barkas/272919/;vasileios-barkas;272919.0;stichting-fc-utrecht;V. Barkas;-4.0
tukkeRoel;D. Hancko;20;33.0;D. Hancko;V;/players/david-hancko/391059/;david-hancko;391059.0;feyenoord-rotterdam-nv;D. Hancko;0.0
tukkeRoel;J. Hato;20;4.0;J. Hato;V;/players/jorrel-hato/783173/;jorrel-hato;783173.0;afc-ajax;J. Hato;15.0
tukkeRoel;M. Kohlert;20;11.0;M. Köhlert;V;/players/mats-kohlert/400423/;mats-kohlert;400423.0;sportclub-heerenveen;M. Kohlert;
tukkeRoel;C. Verdonk;20;24.0;C. Verdonk;V;/players/calvin-verdonk/319288/;calvin-verdonk;319288.0;nijmegen-eendracht-combinatie;C. Verdonk;-1.0
tukkeRoel;D. Mbayo;20;11.0;D. Mbayo;A;/players/dylan-mbayo/599681/;dylan-mbayo;599681.0;bvo-fc-zwolle;D. Mbayo;1.42
tukkeRoel;S. Mijnans;20;10.0;S. Mijnans;M;/players/sven-mijnans/566000/;sven-mijnans;566000.0;stichting-az;S. Mijnans;8.0
tukkeRoel;A. Verschueren;20;32.0;A. Verschueren;M;/players/arno-vershueren/319385/;arno-vershueren;319385.0;stichting-fc-twente-65;A. Verschueren;2.63
tukkeRoel;S. Steijn;20;14.0;S. Steijn;M;/players/sem-steijn/560623/;sem-steijn;560623.0;stichting-fc-twente-65;S. Steijn;3.0
tukkeRoel;M. Deijl;20;2.0;M. Deijl;V;/players/mats-deijl/402457/;mats-deijl;402457.0;stichting-go-ahead-eagles;M. Deijl;4.0
tukkeRoel;L. de Jong;20;9.0;L. de Jong;A;/players/luuk-de-jong/65056/;luuk-de-jong;65056.0;psv-nv;L. de Jong;14.0
methodmich;V. Barkas;20;1.0;V. Barkas;K;/players/vasileios-barkas/272919/;vasileios-barkas;272919.0;stichting-fc-utrecht;V. Barkas;-4.0
methodmich;M. Dijks;20;35.0;M. Dijks;V;/players/mitchel-dijks/219029/;mitchel-dijks;219029.0;fortuna-sittard;M. Dijks;1.28
methodmich;D. Hancko;20;33.0;D. Hancko;V;/players/david-hancko/391059/;david-hancko;391059.0;feyenoord-rotterdam-nv;D. Hancko;0.0
methodmich;M. Kohlert;20;11.0;M. Köhlert;V;/players/mats-kohlert/400423/;mats-kohlert;400423.0;sportclub-heerenveen;M. Kohlert;
methodmich;S. Mijnans;20;10.0;S. Mijnans;M;/players/sven-mijnans/566000/;sven-mijnans;566000.0;stichting-az;S. Mijnans;8.0
methodmich;S. 't Zand;20;25.0;S. 't Zand;M;/players/shiloh-t-zand/824640/;shiloh-t-zand;824640.0;feyenoord-rotterdam-nv;S. 't Zand;
methodmich;S. Steijn;20;14.0;S. Steijn;M;/players/sem-steijn/560623/;sem-steijn;560623.0;stichting-fc-twente-65;S. Steijn;3.0
methodmich;K. Sano;20;23.0;K. Sano;M;/players/kodai-sano/815318/;kodai-sano;815318.0;nijmegen-eendracht-combinatie;K. Sano;2.13
methodmich;L. de Jong;20;9.0;L. de Jong;A;/players/luuk-de-jong/65056/;luuk-de-jong;65056.0;psv-nv;L. de Jong;14.0
methodmich;W. Weghorst;20;25.0;W. Weghorst;A;/players/wout-weghorst/255205/;wout-weghorst;255205.0;afc-ajax;W. Weghorst;3.87
methodmich;T. Lauritsen;20;;T. Lauritsen;A;/players/tobias-lauritsen/406745/;tobias-lauritsen;406745.0;sparta-rotterdam-bv;T. Lauritsen;3.0
FMNederland;V. Barkas;20;1.0;V. Barkas;K;/players/vasileios-barkas/272919/;vasileios-barkas;272919.0;stichting-fc-utrecht;V. Barkas;-4.0
FMNederland;M. Kohlert;20;11.0;M. Köhlert;V;/players/mats-kohlert/400423/;mats-kohlert;400423.0;sportclub-heerenveen;M. Kohlert;
FMNederland;M. Deijl;20;2.0;M. Deijl;V;/players/mats-deijl/402457/;mats-deijl;402457.0;stichting-go-ahead-eagles;M. Deijl;4.0
FMNederland;C. Verdonk;20;24.0;C. Verdonk;V;/players/calvin-verdonk/319288/;calvin-verdonk;319288.0;nijmegen-eendracht-combinatie;C. Verdonk;-1.0
FMNederland;O. Boscagli;20;18.0;O. Boscagli;V;/players/olivier-boscagli/329542/;olivier-boscagli;329542.0;psv-nv;O. Boscagli;15.0
FMNederland;S. Bastien;20;22.0;S. Bastien;M;/players/samuel-bastien/314097/;samuel-bastien;314097.0;fortuna-sittard;S. Bastien;3.89
FMNederland;S. Steijn;20;14.0;S. Steijn;M;/players/sem-steijn/560623/;sem-steijn;560623.0;stichting-fc-twente-65;S. Steijn;3.0
FMNederland;Q. Timber;20;8.0;Q. Timber;M;/players/quinten-maduro/463017/;quinten-maduro;463017.0;feyenoord-rotterdam-nv;Q. Timber;1.0
FMNederland;T. Robinet;20;9.0;T. Robinet;A;/players/thomas-robinet/312659/;thomas-robinet;312659.0;fc-omniworld;T. Robinet;6.0
FMNederland;T. Lauritsen;20;;T. Lauritsen;A;/players/tobias-lauritsen/406745/;tobias-lauritsen;406745.0;sparta-rotterdam-bv;T. Lauritsen;3.0
FMNederland;T. Parrott;20;9.0;T. Parrott;A;/players/troy-parrot/515624/;troy-parrot;515624.0;stichting-az;T. Parrott;13.93
crispy;L. Unnerstall;20;1.0;L. Unnerstall;K;/players/lars-unnerstall/81320/;lars-unnerstall;81320.0;stichting-fc-twente-65;L. Unnerstall;2.0
crispy;B. Pereira;20;2.0;B. Pereira;V;/players/brayann-pereira/640596/;brayann-pereira;640596.0;nijmegen-eendracht-combinatie;B. Pereira;0.1
crispy;S. El Karouani;20;16.0;S. El Karouani;V;/players/souffian-elkarouani/537878/;souffian-elkarouani;537878.0;stichting-fc-utrecht;S. El Karouani;-2.0
crispy;M. Deijl;20;2.0;M. Deijl;V;/players/mats-deijl/402457/;mats-deijl;402457.0;stichting-go-ahead-eagles;M. Deijl;4.0
crispy;D. Hancko;20;33.0;D. Hancko;V;/players/david-hancko/391059/;david-hancko;391059.0;feyenoord-rotterdam-nv;D. Hancko;0.0
crispy;J. Schreuders;20;14.0;J. Schreuders;M;/players/jorg-schreuders/877779/;jorg-schreuders;877779.0;stichting-fc-groningen;J. Schreuders;
crispy;A. Verschueren;20;32.0;A. Verschueren;M;/players/arno-vershueren/319385/;arno-vershueren;319385.0;stichting-fc-twente-65;A. Verschueren;2.63
crispy;S. Mijnans;20;10.0;S. Mijnans;M;/players/sven-mijnans/566000/;sven-mijnans;566000.0;stichting-az;S. Mijnans;8.0
crispy;D. Vente;20;9.0;D. Vente;A;/players/dylan-vente/426585/;dylan-vente;426585.0;bvo-fc-zwolle;D. Vente;7.0
crispy;K. Taylor;20;8.0;K. Taylor;M;/players/kenneth-taylor/508784/;kenneth-taylor;508784.0;afc-ajax;K. Taylor;9.93
crispy;M. Tillman;20;7.0;M. Tillman;M;/players/malik-tillman/561787/;malik-tillman;561787.0;psv-nv;M. Tillman;17.0
svvthomas;N. Olij;20;;N. Olij;K;/players/nick-olij/235322/;nick-olij;235322.0;sparta-rotterdam-bv;N. Olij;1.0
svvthomas;M. Deijl;20;2.0;M. Deijl;V;/players/mats-deijl/402457/;mats-deijl;402457.0;stichting-go-ahead-eagles;M. Deijl;4.0
svvthomas;D. Hancko;20;33.0;D. Hancko;V;/players/david-hancko/391059/;david-hancko;391059.0;feyenoord-rotterdam-nv;D. Hancko;0.0
svvthomas;D. Mirani;20;4.0;D. Mirani;V;/players/damon-mirani/289811/;damon-mirani;289811.0;stichting-heracles-almelo;D. Mirani;
svvthomas;C. Sandra;20;14.0;C. Sandra;M;/players/cisse-sandra/638266/;cisse-sandra;638266.0;sbv-willem-ii-tilburg;C. Sandra;
svvthomas;K. Ogawa;20;18.0;K. Ogawa;A;/players/koki-ogawa/435835/;koki-ogawa;435835.0;nijmegen-eendracht-combinatie;K. Ogawa;9.0
svvthomas;L. Brouwers;20;8.0;L. Brouwers;M;/players/luuk-brouwers/402458/;luuk-brouwers;402458.0;sportclub-heerenveen;L. Brouwers;1.0
svvthomas;S. Steijn;20;14.0;S. Steijn;M;/players/sem-steijn/560623/;sem-steijn;560623.0;stichting-fc-twente-65;S. Steijn;3.0
svvthomas;T. Parrott;20;9.0;T. Parrott;A;/players/troy-parrot/515624/;troy-parrot;515624.0;stichting-az;T. Parrott;13.93
svvthomas;L. de Jong;20;9.0;L. de Jong;A;/players/luuk-de-jong/65056/;luuk-de-jong;65056.0;psv-nv;L. de Jong;14.0
svvthomas;D. Klaassen;20;18.0;D. Klaassen;M;/players/davy-klaassen/158581/;davy-klaassen;158581.0;afc-ajax;D. Klaassen;5.16
El Cid;L. Unnerstall;20;1.0;L. Unnerstall;K;/players/lars-unnerstall/81320/;lars-unnerstall;81320.0;stichting-fc-twente-65;L. Unnerstall;2.0
El Cid;P. Bochniewicz;20;5.0;P. Bochniewicz;V;/players/pawe-bochniewicz/273911/;pawe-bochniewicz;273911.0;sportclub-heerenveen;P. Bochniewicz;
El Cid;B. Nieuwkoop;20;2.0;B. Nieuwkoop;V;/players/bart-nieuwkoop/275124/;bart-nieuwkoop;275124.0;feyenoord-rotterdam-nv;B. Nieuwkoop;-2.6
El Cid;D. van der Kust;20;;D. van der Kust;V;/players/djevencio-van-der-kust/569309/;djevencio-van-der-kust;569309.0;sparta-rotterdam-bv;D. van der Kust;0.0
El Cid;A. Halilovic;20;10.0;A. Halilović;M;/players/alen-halilovi/270136/;alen-halilovi;270136.0;fortuna-sittard;A. Halilovic;2.56
El Cid;L. Valente;20;10.0;L. Valente;M;/players/luciano-valente/703884/;luciano-valente;703884.0;stichting-fc-groningen;L. Valente;
El Cid;V. Jensen;20;7.0;V. Jensen;M;/players/victor-jensen/460509/;victor-jensen;460509.0;stichting-fc-utrecht;V. Jensen;2.5
El Cid;D. Proper;20;71.0;D. Proper;M;/players/dirk-proper/525939/;dirk-proper;525939.0;nijmegen-eendracht-combinatie;D. Proper;3.0
El Cid;B. Traore;20;20.0;B. Traoré;A;/players/bertrand-traore/102801/;bertrand-traore;102801.0;afc-ajax;B. Traore;10.93
El Cid;L. de Jong;20;9.0;L. de Jong;A;/players/luuk-de-jong/65056/;luuk-de-jong;65056.0;psv-nv;L. de Jong;14.0
El Cid;T. Parrott;20;9.0;T. Parrott;A;/players/troy-parrot/515624/;troy-parrot;515624.0;stichting-az;T. Parrott;13.93
Otis.;V. Barkas;20;1.0;V. Barkas;K;/players/vasileios-barkas/272919/;vasileios-barkas;272919.0;stichting-fc-utrecht;V. Barkas;-4.0
Otis.;M. Deijl;20;2.0;M. Deijl;V;/players/mats-deijl/402457/;mats-deijl;402457.0;stichting-go-ahead-eagles;M. Deijl;4.0
Otis.;M. Hilgers;20;2.0;M. Hilgers;V;/players/mees-hilgers/627701/;mees-hilgers;627701.0;stichting-fc-twente-65;M. Hilgers;
Otis.;J. Hato;20;4.0;J. Hato;V;/players/jorrel-hato/783173/;jorrel-hato;783173.0;afc-ajax;J. Hato;15.0
Otis.;J. Trenskow;20;20.0;J. Trenskow;A;/players/jacob-trenskow/672937/;jacob-trenskow;672937.0;sportclub-heerenveen;J. Trenskow;0.67
Otis.;S. Mijnans;20;10.0;S. Mijnans;M;/players/sven-mijnans/566000/;sven-mijnans;566000.0;stichting-az;S. Mijnans;8.0
Otis.;Rober;20;7.0;Róber;M;/players/roberto-gonzalez-bayon/500171/;roberto-gonzalez-bayon;500171.0;nijmegen-eendracht-combinatie;Rober;2.13
Otis.;P. Clement;20;;P. Clement;M;/players/pelle-clement/379793/;pelle-clement;379793.0;sparta-rotterdam-bv;P. Clement;0.2
Otis.;D. Hancko;20;33.0;D. Hancko;V;/players/david-hancko/391059/;david-hancko;391059.0;feyenoord-rotterdam-nv;D. Hancko;0.0
Otis.;L. de Jong;20;9.0;L. de Jong;A;/players/luuk-de-jong/65056/;luuk-de-jong;65056.0;psv-nv;L. de Jong;14.0
Otis.;L. Kulenovic;20;19.0;L. Kulenović;A;/players/luka-kulenovi/631882/;luka-kulenovi;631882.0;stichting-heracles-almelo;L. Kulenovic;
Gordon Shumway;S. Steijn;20;14.0;S. Steijn;M;/players/sem-steijn/560623/;sem-steijn;560623.0;stichting-fc-twente-65;S. Steijn;3.0
Gordon Shumway;B. Nieuwkoop;20;2.0;B. Nieuwkoop;V;/players/bart-nieuwkoop/275124/;bart-nieuwkoop;275124.0;feyenoord-rotterdam-nv;B. Nieuwkoop;-2.6
Gordon Shumway;J. Hato;20;4.0;J. Hato;V;/players/jorrel-hato/783173/;jorrel-hato;783173.0;afc-ajax;J. Hato;15.0
Gordon Shumway;M. Kohlert;20;11.0;M. Köhlert;V;/players/mats-kohlert/400423/;mats-kohlert;400423.0;sportclub-heerenveen;M. Kohlert;
Gordon Shumway;C. Neghli;20;;C. Neghli;A;/players/camiel-neghli/680707/;camiel-neghli;680707.0;sparta-rotterdam-bv;C. Neghli;1.1
Gordon Shumway;L. Valente;20;10.0;L. Valente;M;/players/luciano-valente/703884/;luciano-valente;703884.0;stichting-fc-groningen;L. Valente;
Gordon Shumway;D. Proper;20;71.0;D. Proper;M;/players/dirk-proper/525939/;dirk-proper;525939.0;nijmegen-eendracht-combinatie;D. Proper;3.0
Gordon Shumway;V. Jensen;20;7.0;V. Jensen;M;/players/victor-jensen/460509/;victor-jensen;460509.0;stichting-fc-utrecht;V. Jensen;2.5
Gordon Shumway;L. de Jong;20;9.0;L. de Jong;A;/players/luuk-de-jong/65056/;luuk-de-jong;65056.0;psv-nv;L. de Jong;14.0
Gordon Shumway;!K. Sierhuis;20;;;;;;;;;
Gordon Shumway;T. Parrott;20;9.0;T. Parrott;A;/players/troy-parrot/515624/;troy-parrot;515624.0;stichting-az;T. Parrott;13.93
Suikerbrood;N. Olij;20;;N. Olij;K;/players/nick-olij/235322/;nick-olij;235322.0;sparta-rotterdam-bv;N. Olij;1.0
Suikerbrood;S. Olsson;20;19.0;S. Olsson;M;/players/simon-olsson/423888/;simon-olsson;423888.0;sportclub-heerenveen;S. Olsson;0.0
Suikerbrood;D. Rensch;20;2.0;D. Rensch;V;/players/devyne-rensch/601396/;devyne-rensch;601396.0;afc-ajax;D. Rensch;15.0
Suikerbrood;J. Amofa;20;25.0;J. Amofa;V;/players/jamal-amofa/668121/;jamal-amofa;668121.0;stichting-go-ahead-eagles;J. Amofa;
Suikerbrood;N. Viergever;20;24.0;N. Viergever;V;/players/nick--viergever/78529/;nick--viergever;78529.0;stichting-fc-utrecht;N. Viergever;2.0
Suikerbrood;D. Proper;20;71.0;D. Proper;M;/players/dirk-proper/525939/;dirk-proper;525939.0;nijmegen-eendracht-combinatie;D. Proper;3.0
Suikerbrood;M. Vlap;20;18.0;M. Vlap;M;/players/michel-vlap/407742/;michel-vlap;407742.0;stichting-fc-twente-65;M. Vlap;3.0
Suikerbrood;A. Halilovic;20;10.0;A. Halilović;M;/players/alen-halilovi/270136/;alen-halilovi;270136.0;fortuna-sittard;A. Halilovic;2.56
Suikerbrood;A. Ueda;20;9.0;A. Ueda;A;/players/ayase-ueda/551425/;ayase-ueda;551425.0;feyenoord-rotterdam-nv;A. Ueda;
Suikerbrood;R. van Bommel;20;7.0;R. van Bommel;A;/players/ruben-van-bommel/834074/;ruben-van-bommel;834074.0;stichting-az;R. van Bommel;6.0
Suikerbrood;L. de Jong;20;9.0;L. de Jong;A;/players/luuk-de-jong/65056/;luuk-de-jong;65056.0;psv-nv;L. de Jong;14.0
EnGCatjuh;R. Roefs;20;22.0;R. Roefs;K;/players/robin-roefs/636190/;robin-roefs;636190.0;nijmegen-eendracht-combinatie;R. Roefs;-1.0
EnGCatjuh;M. Kohlert;20;11.0;M. Köhlert;V;/players/mats-kohlert/400423/;mats-kohlert;400423.0;sportclub-heerenveen;M. Kohlert;
EnGCatjuh;O. Boscagli;20;18.0;O. Boscagli;V;/players/olivier-boscagli/329542/;olivier-boscagli;329542.0;psv-nv;O. Boscagli;15.0
EnGCatjuh;S. El Karouani;20;16.0;S. El Karouani;V;/players/souffian-elkarouani/537878/;souffian-elkarouani;537878.0;stichting-fc-utrecht;S. El Karouani;-2.0
EnGCatjuh;Igor Paixao;20;14.0;Igor Paixão;A;/players/igor-guilherme-barbosa-da-paixao/593041/;igor-guilherme-barbosa-da-paixao;593041.0;feyenoord-rotterdam-nv;Igor Paixao;3.0
EnGCatjuh;J. Schreuders;20;14.0;J. Schreuders;M;/players/jorg-schreuders/877779/;jorg-schreuders;877779.0;stichting-fc-groningen;J. Schreuders;
EnGCatjuh;S. Adewoye;20;4.0;S. Adewoye;V;/players/shawn-adewoye/618207/;shawn-adewoye;618207.0;fortuna-sittard;S. Adewoye;0.39
EnGCatjuh;S. Steijn;20;14.0;S. Steijn;M;/players/sem-steijn/560623/;sem-steijn;560623.0;stichting-fc-twente-65;S. Steijn;3.0
EnGCatjuh;T. Parrott;20;9.0;T. Parrott;A;/players/troy-parrot/515624/;troy-parrot;515624.0;stichting-az;T. Parrott;13.93
EnGCatjuh;B. Brobbey;20;9.0;B. Brobbey;A;/players/brian-brobbey/520146/;brian-brobbey;520146.0;afc-ajax;B. Brobbey;2.13
EnGCatjuh;R. Meerveld;20;16.0;R. Meerveld;M;/players/ringo-meerveld/623815/;ringo-meerveld;623815.0;sbv-willem-ii-tilburg;R. Meerveld;13.94
Vishandel Makaay;R. Pasveer;20;22.0;R. Pasveer;K;/players/remko-pasveer/49689/;remko-pasveer;49689.0;afc-ajax;R. Pasveer;17.0
Vishandel Makaay;R. Flamingo;20;6.0;R. Flamingo;V;/players/ryan-flamingo/627724/;ryan-flamingo;627724.0;psv-nv;R. Flamingo;15.0
Vishandel Makaay;J. Lelieveld;20;2.0;J. Lelieveld;V;/players/julian-lelieveld/407738/;julian-lelieveld;407738.0;rkc-waalwijk;J. Lelieveld;0.67
Vishandel Makaay;K. Leerdam;20;18.0;K. Leerdam;V;/players/kelvin-leerdam/68354/;kelvin-leerdam;68354.0;stichting-heracles-almelo;K. Leerdam;
Vishandel Makaay;M. Dijks;20;35.0;M. Dijks;V;/players/mitchel-dijks/219029/;mitchel-dijks;219029.0;fortuna-sittard;M. Dijks;1.28
Vishandel Makaay;T. Oosting;20;25.0;T. Oosting;M;/players/thijs-oosting/477591/;thijs-oosting;477591.0;stichting-fc-groningen;T. Oosting;
Vishandel Makaay;E. van Ee;20;21.0;E. van Ee;M;/players/espen-van-ee/921919/;espen-van-ee;921919.0;sportclub-heerenveen;E. van Ee;1.0
Vishandel Makaay;P. Aaronson;20;21.0;P. Aaronson;M;/players/paxten-aaronson/576828/;paxten-aaronson;576828.0;stichting-fc-utrecht;P. Aaronson;
Vishandel Makaay;A. Hadj Moussa;20;23.0;A. Hadj Moussa;A;/players/anis--hadj-moussa/755639/;anis--hadj-moussa;755639.0;feyenoord-rotterdam-nv;A. Hadj Moussa;2.17
Vishandel Makaay;R. van Wolfswinkel;20;9.0;R. van Wolfswinkel;A;/players/ricky-van-wolfswinkel/59407/;ricky-van-wolfswinkel;59407.0;stichting-fc-twente-65;R. van Wolfswinkel;1.0
Vishandel Makaay;M. Meerdink;20;35.0;M. Meerdink;A;/players/mexx-meerdink/796451/;mexx-meerdink;796451.0;stichting-az;M. Meerdink;0.07
Friggles;L. Unnerstall;20;1.0;L. Unnerstall;K;/players/lars-unnerstall/81320/;lars-unnerstall;81320.0;stichting-fc-twente-65;L. Unnerstall;2.0
Friggles;T. Quintero;20;;T. Quintero;V;/players/teo-quintero/565562/;teo-quintero;565562.0;sparta-rotterdam-bv;T. Quintero;0.0
Friggles;M. Deijl;20;2.0;M. Deijl;V;/players/mats-deijl/402457/;mats-deijl;402457.0;stichting-go-ahead-eagles;M. Deijl;4.0
Friggles;S. El Karouani;20;16.0;S. El Karouani;V;/players/souffian-elkarouani/537878/;souffian-elkarouani;537878.0;stichting-fc-utrecht;S. El Karouani;-2.0
Friggles;S. Mijnans;20;10.0;S. Mijnans;M;/players/sven-mijnans/566000/;sven-mijnans;566000.0;stichting-az;S. Mijnans;8.0
Friggles;D. Proper;20;71.0;D. Proper;M;/players/dirk-proper/525939/;dirk-proper;525939.0;nijmegen-eendracht-combinatie;D. Proper;3.0
Friggles;M. Kohlert;20;11.0;M. Köhlert;V;/players/mats-kohlert/400423/;mats-kohlert;400423.0;sportclub-heerenveen;M. Kohlert;
Friggles;S. 't Zand;20;25.0;S. 't Zand;M;/players/shiloh-t-zand/824640/;shiloh-t-zand;824640.0;feyenoord-rotterdam-nv;S. 't Zand;
Friggles;Q. Timber;20;8.0;Q. Timber;M;/players/quinten-maduro/463017/;quinten-maduro;463017.0;feyenoord-rotterdam-nv;Q. Timber;1.0
Friggles;L. de Jong;20;9.0;L. de Jong;A;/players/luuk-de-jong/65056/;luuk-de-jong;65056.0;psv-nv;L. de Jong;14.0
Friggles;B. Brobbey;20;9.0;B. Brobbey;A;/players/brian-brobbey/520146/;brian-brobbey;520146.0;afc-ajax;B. Brobbey;2.13
Jay-Jay;N. Olij;20;;N. Olij;K;/players/nick-olij/235322/;nick-olij;235322.0;sparta-rotterdam-bv;N. Olij;1.0
Jay-Jay;S. Maikuma;20;16.0;S. Maikuma;V;/players/seiya-maikuma/651537/;seiya-maikuma;651537.0;stichting-az;S. Maikuma;12.67
Jay-Jay;M. Deijl;20;2.0;M. Deijl;V;/players/mats-deijl/402457/;mats-deijl;402457.0;stichting-go-ahead-eagles;M. Deijl;4.0
Jay-Jay;S. El Karouani;20;16.0;S. El Karouani;V;/players/souffian-elkarouani/537878/;souffian-elkarouani;537878.0;stichting-fc-utrecht;S. El Karouani;-2.0
Jay-Jay;Ivo Pinto;20;12.0;Ivo Pinto;V;/players/ivo-pinto/86672/;ivo-pinto;86672.0;fortuna-sittard;Ivo Pinto;9.0
Jay-Jay;L. de Jong;20;9.0;L. de Jong;A;/players/luuk-de-jong/65056/;luuk-de-jong;65056.0;psv-nv;L. de Jong;14.0
Jay-Jay;Rober;20;7.0;Róber;M;/players/roberto-gonzalez-bayon/500171/;roberto-gonzalez-bayon;500171.0;nijmegen-eendracht-combinatie;Rober;2.13
Jay-Jay;S. Olsson;20;19.0;S. Olsson;M;/players/simon-olsson/423888/;simon-olsson;423888.0;sportclub-heerenveen;S. Olsson;0.0
Jay-Jay;Q. Timber;20;8.0;Q. Timber;M;/players/quinten-maduro/463017/;quinten-maduro;463017.0;feyenoord-rotterdam-nv;Q. Timber;1.0
Jay-Jay;B. Brobbey;20;9.0;B. Brobbey;A;/players/brian-brobbey/520146/;brian-brobbey;520146.0;afc-ajax;B. Brobbey;2.13
Jay-Jay;S. Lammers;20;10.0;S. Lammers;A;/players/sam-lammers/407736/;sam-lammers;407736.0;stichting-fc-twente-65;S. Lammers;0.6
Rucebo;V. Barkas;20;1.0;V. Barkas;K;/players/vasileios-barkas/272919/;vasileios-barkas;272919.0;stichting-fc-utrecht;V. Barkas;-4.0
Rucebo;Ivo Pinto;20;12.0;Ivo Pinto;V;/players/ivo-pinto/86672/;ivo-pinto;86672.0;fortuna-sittard;Ivo Pinto;9.0
Rucebo;J. Hato;20;4.0;J. Hato;V;/players/jorrel-hato/783173/;jorrel-hato;783173.0;afc-ajax;J. Hato;15.0
Rucebo;D. Hancko;20;33.0;D. Hancko;V;/players/david-hancko/391059/;david-hancko;391059.0;feyenoord-rotterdam-nv;D. Hancko;0.0
Rucebo;M. Deijl;20;2.0;M. Deijl;V;/players/mats-deijl/402457/;mats-deijl;402457.0;stichting-go-ahead-eagles;M. Deijl;4.0
Rucebo;S. Steijn;20;14.0;S. Steijn;M;/players/sem-steijn/560623/;sem-steijn;560623.0;stichting-fc-twente-65;S. Steijn;3.0
Rucebo;A. Verschueren;20;32.0;A. Verschueren;M;/players/arno-vershueren/319385/;arno-vershueren;319385.0;stichting-fc-twente-65;A. Verschueren;2.63
Rucebo;L. Brouwers;20;8.0;L. Brouwers;M;/players/luuk-brouwers/402458/;luuk-brouwers;402458.0;sportclub-heerenveen;L. Brouwers;1.0
Rucebo;T. Parrott;20;9.0;T. Parrott;A;/players/troy-parrot/515624/;troy-parrot;515624.0;stichting-az;T. Parrott;13.93
Rucebo;L. de Jong;20;9.0;L. de Jong;A;/players/luuk-de-jong/65056/;luuk-de-jong;65056.0;psv-nv;L. de Jong;14.0
Rucebo;K. Ogawa;20;18.0;K. Ogawa;A;/players/koki-ogawa/435835/;koki-ogawa;435835.0;nijmegen-eendracht-combinatie;K. Ogawa;9.0
tukkeRoel;V. Barkas;21;1.0;V. Barkas;K;/players/vasileios-barkas/272919/;vasileios-barkas;272919.0;stichting-fc-utrecht;V. Barkas;
tukkeRoel;D. Hancko;21;33.0;D. Hancko;V;/players/david-hancko/391059/;david-hancko;391059.0;feyenoord-rotterdam-nv;D. Hancko;1.0
tukkeRoel;J. Hato;21;4.0;J. Hato;V;/players/jorrel-hato/783173/;jorrel-hato;783173.0;afc-ajax;J. Hato;1.56
tukkeRoel;M. Kohlert;21;11.0;M. Köhlert;V;/players/mats-kohlert/400423/;mats-kohlert;400423.0;sportclub-heerenveen;M. Kohlert;9.0
tukkeRoel;C. Verdonk;21;24.0;C. Verdonk;V;/players/calvin-verdonk/319288/;calvin-verdonk;319288.0;nijmegen-eendracht-combinatie;C. Verdonk;15.0
tukkeRoel;D. Mbayo;21;11.0;D. Mbayo;A;/players/dylan-mbayo/599681/;dylan-mbayo;599681.0;bvo-fc-zwolle;D. Mbayo;2.03
tukkeRoel;S. Mijnans;21;10.0;S. Mijnans;M;/players/sven-mijnans/566000/;sven-mijnans;566000.0;stichting-az;S. Mijnans;8.69
tukkeRoel;A. Verschueren;21;32.0;A. Verschueren;M;/players/arno-vershueren/319385/;arno-vershueren;319385.0;stichting-fc-twente-65;A. Verschueren;4.0
tukkeRoel;S. Steijn;21;14.0;S. Steijn;M;/players/sem-steijn/560623/;sem-steijn;560623.0;stichting-fc-twente-65;S. Steijn;26.0
tukkeRoel;M. Deijl;21;2.0;M. Deijl;V;/players/mats-deijl/402457/;mats-deijl;402457.0;stichting-go-ahead-eagles;M. Deijl;15.0
tukkeRoel;L. de Jong;21;9.0;L. de Jong;A;/players/luuk-de-jong/65056/;luuk-de-jong;65056.0;psv-nv;L. de Jong;15.0
methodmich;V. Barkas;21;1.0;V. Barkas;K;/players/vasileios-barkas/272919/;vasileios-barkas;272919.0;stichting-fc-utrecht;V. Barkas;
methodmich;M. Dijks;21;35.0;M. Dijks;V;/players/mitchel-dijks/219029/;mitchel-dijks;219029.0;fortuna-sittard;M. Dijks;-0.5
methodmich;D. Hancko;21;33.0;D. Hancko;V;/players/david-hancko/391059/;david-hancko;391059.0;feyenoord-rotterdam-nv;D. Hancko;1.0
methodmich;M. Kohlert;21;11.0;M. Köhlert;V;/players/mats-kohlert/400423/;mats-kohlert;400423.0;sportclub-heerenveen;M. Kohlert;9.0
methodmich;S. Mijnans;21;10.0;S. Mijnans;M;/players/sven-mijnans/566000/;sven-mijnans;566000.0;stichting-az;S. Mijnans;8.69
methodmich;S. 't Zand;21;25.0;S. 't Zand;M;/players/shiloh-t-zand/824640/;shiloh-t-zand;824640.0;feyenoord-rotterdam-nv;S. 't Zand;4.0
methodmich;S. Steijn;21;14.0;S. Steijn;M;/players/sem-steijn/560623/;sem-steijn;560623.0;stichting-fc-twente-65;S. Steijn;26.0
methodmich;K. Sano;21;23.0;K. Sano;M;/players/kodai-sano/815318/;kodai-sano;815318.0;nijmegen-eendracht-combinatie;K. Sano;8.0
methodmich;L. de Jong;21;9.0;L. de Jong;A;/players/luuk-de-jong/65056/;luuk-de-jong;65056.0;psv-nv;L. de Jong;15.0
methodmich;W. Weghorst;21;25.0;W. Weghorst;A;/players/wout-weghorst/255205/;wout-weghorst;255205.0;afc-ajax;W. Weghorst;1.83
methodmich;T. Lauritsen;21;;T. Lauritsen;A;/players/tobias-lauritsen/406745/;tobias-lauritsen;406745.0;sparta-rotterdam-bv;T. Lauritsen;4.0
FMNederland;V. Barkas;21;1.0;V. Barkas;K;/players/vasileios-barkas/272919/;vasileios-barkas;272919.0;stichting-fc-utrecht;V. Barkas;
FMNederland;M. Kohlert;21;11.0;M. Köhlert;V;/players/mats-kohlert/400423/;mats-kohlert;400423.0;sportclub-heerenveen;M. Kohlert;9.0
FMNederland;M. Deijl;21;2.0;M. Deijl;V;/players/mats-deijl/402457/;mats-deijl;402457.0;stichting-go-ahead-eagles;M. Deijl;15.0
FMNederland;C. Verdonk;21;24.0;C. Verdonk;V;/players/calvin-verdonk/319288/;calvin-verdonk;319288.0;nijmegen-eendracht-combinatie;C. Verdonk;15.0
FMNederland;O. Boscagli;21;18.0;O. Boscagli;V;/players/olivier-boscagli/329542/;olivier-boscagli;329542.0;psv-nv;O. Boscagli;2.56
FMNederland;S. Bastien;21;22.0;S. Bastien;M;/players/samuel-bastien/314097/;samuel-bastien;314097.0;fortuna-sittard;S. Bastien;1.2
FMNederland;S. Steijn;21;14.0;S. Steijn;M;/players/sem-steijn/560623/;sem-steijn;560623.0;stichting-fc-twente-65;S. Steijn;26.0
FMNederland;Q. Timber;21;8.0;Q. Timber;M;/players/quinten-maduro/463017/;quinten-maduro;463017.0;feyenoord-rotterdam-nv;Q. Timber;
FMNederland;T. Robinet;21;9.0;T. Robinet;A;/players/thomas-robinet/312659/;thomas-robinet;312659.0;fc-omniworld;T. Robinet;5.0
FMNederland;T. Lauritsen;21;;T. Lauritsen;A;/players/tobias-lauritsen/406745/;tobias-lauritsen;406745.0;sparta-rotterdam-bv;T. Lauritsen;4.0
FMNederland;T. Parrott;21;9.0;T. Parrott;A;/players/troy-parrot/515624/;troy-parrot;515624.0;stichting-az;T. Parrott;3.24
crispy;L. Unnerstall;21;1.0;L. Unnerstall;K;/players/lars-unnerstall/81320/;lars-unnerstall;81320.0;stichting-fc-twente-65;L. Unnerstall;3.0
crispy;B. Pereira;21;2.0;B. Pereira;V;/players/brayann-pereira/640596/;brayann-pereira;640596.0;nijmegen-eendracht-combinatie;B. Pereira;15.0
crispy;S. El Karouani;21;16.0;S. El Karouani;V;/players/souffian-elkarouani/537878/;souffian-elkarouani;537878.0;stichting-fc-utrecht;S. El Karouani;10.0
crispy;M. Deijl;21;2.0;M. Deijl;V;/players/mats-deijl/402457/;mats-deijl;402457.0;stichting-go-ahead-eagles;M. Deijl;15.0
crispy;D. Hancko;21;33.0;D. Hancko;V;/players/david-hancko/391059/;david-hancko;391059.0;feyenoord-rotterdam-nv;D. Hancko;1.0
crispy;J. Schreuders;21;14.0;J. Schreuders;M;/players/jorg-schreuders/877779/;jorg-schreuders;877779.0;stichting-fc-groningen;J. Schreuders;
crispy;A. Verschueren;21;32.0;A. Verschueren;M;/players/arno-vershueren/319385/;arno-vershueren;319385.0;stichting-fc-twente-65;A. Verschueren;4.0
crispy;S. Mijnans;21;10.0;S. Mijnans;M;/players/sven-mijnans/566000/;sven-mijnans;566000.0;stichting-az;S. Mijnans;8.69
crispy;D. Vente;21;9.0;D. Vente;A;/players/dylan-vente/426585/;dylan-vente;426585.0;bvo-fc-zwolle;D. Vente;3.0
crispy;K. Taylor;21;8.0;K. Taylor;M;/players/kenneth-taylor/508784/;kenneth-taylor;508784.0;afc-ajax;K. Taylor;12.17
crispy;M. Tillman;21;7.0;M. Tillman;M;/players/malik-tillman/561787/;malik-tillman;561787.0;psv-nv;M. Tillman;2.98
svvthomas;N. Olij;21;;N. Olij;K;/players/nick-olij/235322/;nick-olij;235322.0;sparta-rotterdam-bv;N. Olij;3.0
svvthomas;M. Deijl;21;2.0;M. Deijl;V;/players/mats-deijl/402457/;mats-deijl;402457.0;stichting-go-ahead-eagles;M. Deijl;15.0
svvthomas;D. Hancko;21;33.0;D. Hancko;V;/players/david-hancko/391059/;david-hancko;391059.0;feyenoord-rotterdam-nv;D. Hancko;1.0
svvthomas;D. Mirani;21;4.0;D. Mirani;V;/players/damon-mirani/289811/;damon-mirani;289811.0;stichting-heracles-almelo;D. Mirani;0.47
svvthomas;C. Sandra;21;14.0;C. Sandra;M;/players/cisse-sandra/638266/;cisse-sandra;638266.0;sbv-willem-ii-tilburg;C. Sandra;0.53
svvthomas;K. Ogawa;21;18.0;K. Ogawa;A;/players/koki-ogawa/435835/;koki-ogawa;435835.0;nijmegen-eendracht-combinatie;K. Ogawa;13.07
svvthomas;L. Brouwers;21;8.0;L. Brouwers;M;/players/luuk-brouwers/402458/;luuk-brouwers;402458.0;sportclub-heerenveen;L. Brouwers;
svvthomas;S. Steijn;21;14.0;S. Steijn;M;/players/sem-steijn/560623/;sem-steijn;560623.0;stichting-fc-twente-65;S. Steijn;26.0
svvthomas;T. Parrott;21;9.0;T. Parrott;A;/players/troy-parrot/515624/;troy-parrot;515624.0;stichting-az;T. Parrott;3.24
svvthomas;L. de Jong;21;9.0;L. de Jong;A;/players/luuk-de-jong/65056/;luuk-de-jong;65056.0;psv-nv;L. de Jong;15.0
svvthomas;D. Klaassen;21;18.0;D. Klaassen;M;/players/davy-klaassen/158581/;davy-klaassen;158581.0;afc-ajax;D. Klaassen;5.0
El Cid;L. Unnerstall;21;1.0;L. Unnerstall;K;/players/lars-unnerstall/81320/;lars-unnerstall;81320.0;stichting-fc-twente-65;L. Unnerstall;3.0
El Cid;P. Bochniewicz;21;5.0;P. Bochniewicz;V;/players/pawe-bochniewicz/273911/;pawe-bochniewicz;273911.0;sportclub-heerenveen;P. Bochniewicz;
El Cid;B. Nieuwkoop;21;2.0;B. Nieuwkoop;V;/players/bart-nieuwkoop/275124/;bart-nieuwkoop;275124.0;feyenoord-rotterdam-nv;B. Nieuwkoop;
El Cid;D. van der Kust;21;;D. van der Kust;V;/players/djevencio-van-der-kust/569309/;djevencio-van-der-kust;569309.0;sparta-rotterdam-bv;D. van der Kust;-0.82
El Cid;A. Halilovic;21;10.0;A. Halilović;M;/players/alen-halilovi/270136/;alen-halilovi;270136.0;fortuna-sittard;A. Halilovic;1.8
El Cid;L. Valente;21;10.0;L. Valente;M;/players/luciano-valente/703884/;luciano-valente;703884.0;stichting-fc-groningen;L. Valente;5.13
El Cid;V. Jensen;21;7.0;V. Jensen;M;/players/victor-jensen/460509/;victor-jensen;460509.0;stichting-fc-utrecht;V. Jensen;0.0
El Cid;D. Proper;21;71.0;D. Proper;M;/players/dirk-proper/525939/;dirk-proper;525939.0;nijmegen-eendracht-combinatie;D. Proper;13.0
El Cid;B. Traore;21;20.0;B. Traoré;A;/players/bertrand-traore/102801/;bertrand-traore;102801.0;afc-ajax;B. Traore;0.0
El Cid;L. de Jong;21;9.0;L. de Jong;A;/players/luuk-de-jong/65056/;luuk-de-jong;65056.0;psv-nv;L. de Jong;15.0
El Cid;T. Parrott;21;9.0;T. Parrott;A;/players/troy-parrot/515624/;troy-parrot;515624.0;stichting-az;T. Parrott;3.24
Otis.;V. Barkas;21;1.0;V. Barkas;K;/players/vasileios-barkas/272919/;vasileios-barkas;272919.0;stichting-fc-utrecht;V. Barkas;
Otis.;M. Deijl;21;2.0;M. Deijl;V;/players/mats-deijl/402457/;mats-deijl;402457.0;stichting-go-ahead-eagles;M. Deijl;15.0
Otis.;M. Hilgers;21;2.0;M. Hilgers;V;/players/mees-hilgers/627701/;mees-hilgers;627701.0;stichting-fc-twente-65;M. Hilgers;
Otis.;J. Hato;21;4.0;J. Hato;V;/players/jorrel-hato/783173/;jorrel-hato;783173.0;afc-ajax;J. Hato;1.56
Otis.;J. Trenskow;21;20.0;J. Trenskow;A;/players/jacob-trenskow/672937/;jacob-trenskow;672937.0;sportclub-heerenveen;J. Trenskow;12.5
Otis.;S. Mijnans;21;10.0;S. Mijnans;M;/players/sven-mijnans/566000/;sven-mijnans;566000.0;stichting-az;S. Mijnans;8.69
Otis.;Rober;21;7.0;Róber;M;/players/roberto-gonzalez-bayon/500171/;roberto-gonzalez-bayon;500171.0;nijmegen-eendracht-combinatie;Rober;1.11
Otis.;P. Clement;21;;P. Clement;M;/players/pelle-clement/379793/;pelle-clement;379793.0;sparta-rotterdam-bv;P. Clement;4.0
Otis.;D. Hancko;21;33.0;D. Hancko;V;/players/david-hancko/391059/;david-hancko;391059.0;feyenoord-rotterdam-nv;D. Hancko;1.0
Otis.;L. de Jong;21;9.0;L. de Jong;A;/players/luuk-de-jong/65056/;luuk-de-jong;65056.0;psv-nv;L. de Jong;15.0
Otis.;L. Kulenovic;21;19.0;L. Kulenović;A;/players/luka-kulenovi/631882/;luka-kulenovi;631882.0;stichting-heracles-almelo;L. Kulenovic;
Gordon Shumway;S. Steijn;21;14.0;S. Steijn;M;/players/sem-steijn/560623/;sem-steijn;560623.0;stichting-fc-twente-65;S. Steijn;26.0
Gordon Shumway;B. Nieuwkoop;21;2.0;B. Nieuwkoop;V;/players/bart-nieuwkoop/275124/;bart-nieuwkoop;275124.0;feyenoord-rotterdam-nv;B. Nieuwkoop;
Gordon Shumway;J. Hato;21;4.0;J. Hato;V;/players/jorrel-hato/783173/;jorrel-hato;783173.0;afc-ajax;J. Hato;1.56
Gordon Shumway;M. Kohlert;21;11.0;M. Köhlert;V;/players/mats-kohlert/400423/;mats-kohlert;400423.0;sportclub-heerenveen;M. Kohlert;9.0
Gordon Shumway;C. Neghli;21;;C. Neghli;A;/players/camiel-neghli/680707/;camiel-neghli;680707.0;sparta-rotterdam-bv;C. Neghli;7.82
Gordon Shumway;L. Valente;21;10.0;L. Valente;M;/players/luciano-valente/703884/;luciano-valente;703884.0;stichting-fc-groningen;L. Valente;5.13
Gordon Shumway;D. Proper;21;71.0;D. Proper;M;/players/dirk-proper/525939/;dirk-proper;525939.0;nijmegen-eendracht-combinatie;D. Proper;13.0
Gordon Shumway;V. Jensen;21;7.0;V. Jensen;M;/players/victor-jensen/460509/;victor-jensen;460509.0;stichting-fc-utrecht;V. Jensen;0.0
Gordon Shumway;L. de Jong;21;9.0;L. de Jong;A;/players/luuk-de-jong/65056/;luuk-de-jong;65056.0;psv-nv;L. de Jong;15.0
Gordon Shumway;!K. Sierhuis;21;;;;;;;;;
Gordon Shumway;T. Parrott;21;9.0;T. Parrott;A;/players/troy-parrot/515624/;troy-parrot;515624.0;stichting-az;T. Parrott;3.24
Suikerbrood;N. Olij;21;;N. Olij;K;/players/nick-olij/235322/;nick-olij;235322.0;sparta-rotterdam-bv;N. Olij;3.0
Suikerbrood;S. Olsson;21;19.0;S. Olsson;M;/players/simon-olsson/423888/;simon-olsson;423888.0;sportclub-heerenveen;S. Olsson;0.0
Suikerbrood;D. Rensch;21;2.0;D. Rensch;V;/players/devyne-rensch/601396/;devyne-rensch;601396.0;afc-ajax;D. Rensch;4.0
Suikerbrood;J. Amofa;21;25.0;J. Amofa;V;/players/jamal-amofa/668121/;jamal-amofa;668121.0;stichting-go-ahead-eagles;J. Amofa;
Suikerbrood;N. Viergever;21;24.0;N. Viergever;V;/players/nick--viergever/78529/;nick--viergever;78529.0;stichting-fc-utrecht;N. Viergever;
Suikerbrood;D. Proper;21;71.0;D. Proper;M;/players/dirk-proper/525939/;dirk-proper;525939.0;nijmegen-eendracht-combinatie;D. Proper;13.0
Suikerbrood;M. Vlap;21;18.0;M. Vlap;M;/players/michel-vlap/407742/;michel-vlap;407742.0;stichting-fc-twente-65;M. Vlap;15.0
Suikerbrood;A. Halilovic;21;10.0;A. Halilović;M;/players/alen-halilovi/270136/;alen-halilovi;270136.0;fortuna-sittard;A. Halilovic;1.8
Suikerbrood;A. Ueda;21;9.0;A. Ueda;A;/players/ayase-ueda/551425/;ayase-ueda;551425.0;feyenoord-rotterdam-nv;A. Ueda;
Suikerbrood;R. van Bommel;21;7.0;R. van Bommel;A;/players/ruben-van-bommel/834074/;ruben-van-bommel;834074.0;stichting-az;R. van Bommel;1.51
Suikerbrood;L. de Jong;21;9.0;L. de Jong;A;/players/luuk-de-jong/65056/;luuk-de-jong;65056.0;psv-nv;L. de Jong;15.0
EnGCatjuh;R. Roefs;21;22.0;R. Roefs;K;/players/robin-roefs/636190/;robin-roefs;636190.0;nijmegen-eendracht-combinatie;R. Roefs;17.0
EnGCatjuh;M. Kohlert;21;11.0;M. Köhlert;V;/players/mats-kohlert/400423/;mats-kohlert;400423.0;sportclub-heerenveen;M. Kohlert;9.0
EnGCatjuh;O. Boscagli;21;18.0;O. Boscagli;V;/players/olivier-boscagli/329542/;olivier-boscagli;329542.0;psv-nv;O. Boscagli;2.56
EnGCatjuh;S. El Karouani;21;16.0;S. El Karouani;V;/players/souffian-elkarouani/537878/;souffian-elkarouani;537878.0;stichting-fc-utrecht;S. El Karouani;10.0
EnGCatjuh;Igor Paixao;21;14.0;Igor Paixão;A;/players/igor-guilherme-barbosa-da-paixao/593041/;igor-guilherme-barbosa-da-paixao;593041.0;feyenoord-rotterdam-nv;Igor Paixao;3.0
EnGCatjuh;J. Schreuders;21;14.0;J. Schreuders;M;/players/jorg-schreuders/877779/;jorg-schreuders;877779.0;stichting-fc-groningen;J. Schreuders;
EnGCatjuh;S. Adewoye;21;4.0;S. Adewoye;V;/players/shawn-adewoye/618207/;shawn-adewoye;618207.0;fortuna-sittard;S. Adewoye;0.0
EnGCatjuh;S. Steijn;21;14.0;S. Steijn;M;/players/sem-steijn/560623/;sem-steijn;560623.0;stichting-fc-twente-65;S. Steijn;26.0
EnGCatjuh;T. Parrott;21;9.0;T. Parrott;A;/players/troy-parrot/515624/;troy-parrot;515624.0;stichting-az;T. Parrott;3.24
EnGCatjuh;B. Brobbey;21;9.0;B. Brobbey;A;/players/brian-brobbey/520146/;brian-brobbey;520146.0;afc-ajax;B. Brobbey;3.17
EnGCatjuh;R. Meerveld;21;16.0;R. Meerveld;M;/players/ringo-meerveld/623815/;ringo-meerveld;623815.0;sbv-willem-ii-tilburg;R. Meerveld;13.0
Vishandel Makaay;R. Pasveer;21;22.0;R. Pasveer;K;/players/remko-pasveer/49689/;remko-pasveer;49689.0;afc-ajax;R. Pasveer;4.0
Vishandel Makaay;R. Flamingo;21;6.0;R. Flamingo;V;/players/ryan-flamingo/627724/;ryan-flamingo;627724.0;psv-nv;R. Flamingo;2.0
Vishandel Makaay;J. Lelieveld;21;2.0;J. Lelieveld;V;/players/julian-lelieveld/407738/;julian-lelieveld;407738.0;rkc-waalwijk;J. Lelieveld;0.47
Vishandel Makaay;K. Leerdam;21;18.0;K. Leerdam;V;/players/kelvin-leerdam/68354/;kelvin-leerdam;68354.0;stichting-heracles-almelo;K. Leerdam;0.0
Vishandel Makaay;M. Dijks;21;35.0;M. Dijks;V;/players/mitchel-dijks/219029/;mitchel-dijks;219029.0;fortuna-sittard;M. Dijks;-0.5
Vishandel Makaay;T. Oosting;21;25.0;T. Oosting;M;/players/thijs-oosting/477591/;thijs-oosting;477591.0;stichting-fc-groningen;T. Oosting;6.61
Vishandel Makaay;E. van Ee;21;21.0;E. van Ee;M;/players/espen-van-ee/921919/;espen-van-ee;921919.0;sportclub-heerenveen;E. van Ee;
Vishandel Makaay;P. Aaronson;21;21.0;P. Aaronson;M;/players/paxten-aaronson/576828/;paxten-aaronson;576828.0;stichting-fc-utrecht;P. Aaronson;13.89
Vishandel Makaay;A. Hadj Moussa;21;23.0;A. Hadj Moussa;A;/players/anis--hadj-moussa/755639/;anis--hadj-moussa;755639.0;feyenoord-rotterdam-nv;A. Hadj Moussa;2.53
Vishandel Makaay;R. van Wolfswinkel;21;9.0;R. van Wolfswinkel;A;/players/ricky-van-wolfswinkel/59407/;ricky-van-wolfswinkel;59407.0;stichting-fc-twente-65;R. van Wolfswinkel;12.56
Vishandel Makaay;M. Meerdink;21;35.0;M. Meerdink;A;/players/mexx-meerdink/796451/;mexx-meerdink;796451.0;stichting-az;M. Meerdink;8.76
Friggles;L. Unnerstall;21;1.0;L. Unnerstall;K;/players/lars-unnerstall/81320/;lars-unnerstall;81320.0;stichting-fc-twente-65;L. Unnerstall;3.0
Friggles;T. Quintero;21;;T. Quintero;V;/players/teo-quintero/565562/;teo-quintero;565562.0;sparta-rotterdam-bv;T. Quintero;0.0
Friggles;M. Deijl;21;2.0;M. Deijl;V;/players/mats-deijl/402457/;mats-deijl;402457.0;stichting-go-ahead-eagles;M. Deijl;15.0
Friggles;S. El Karouani;21;16.0;S. El Karouani;V;/players/souffian-elkarouani/537878/;souffian-elkarouani;537878.0;stichting-fc-utrecht;S. El Karouani;10.0
Friggles;S. Mijnans;21;10.0;S. Mijnans;M;/players/sven-mijnans/566000/;sven-mijnans;566000.0;stichting-az;S. Mijnans;8.69
Friggles;D. Proper;21;71.0;D. Proper;M;/players/dirk-proper/525939/;dirk-proper;525939.0;nijmegen-eendracht-combinatie;D. Proper;13.0
Friggles;M. Kohlert;21;11.0;M. Köhlert;V;/players/mats-kohlert/400423/;mats-kohlert;400423.0;sportclub-heerenveen;M. Kohlert;9.0
Friggles;S. 't Zand;21;25.0;S. 't Zand;M;/players/shiloh-t-zand/824640/;shiloh-t-zand;824640.0;feyenoord-rotterdam-nv;S. 't Zand;4.0
Friggles;Q. Timber;21;8.0;Q. Timber;M;/players/quinten-maduro/463017/;quinten-maduro;463017.0;feyenoord-rotterdam-nv;Q. Timber;
Friggles;L. de Jong;21;9.0;L. de Jong;A;/players/luuk-de-jong/65056/;luuk-de-jong;65056.0;psv-nv;L. de Jong;15.0
Friggles;B. Brobbey;21;9.0;B. Brobbey;A;/players/brian-brobbey/520146/;brian-brobbey;520146.0;afc-ajax;B. Brobbey;3.17
Jay-Jay;N. Olij;21;;N. Olij;K;/players/nick-olij/235322/;nick-olij;235322.0;sparta-rotterdam-bv;N. Olij;3.0
Jay-Jay;S. Maikuma;21;16.0;S. Maikuma;V;/players/seiya-maikuma/651537/;seiya-maikuma;651537.0;stichting-az;S. Maikuma;1.69
Jay-Jay;M. Deijl;21;2.0;M. Deijl;V;/players/mats-deijl/402457/;mats-deijl;402457.0;stichting-go-ahead-eagles;M. Deijl;15.0
Jay-Jay;S. El Karouani;21;16.0;S. El Karouani;V;/players/souffian-elkarouani/537878/;souffian-elkarouani;537878.0;stichting-fc-utrecht;S. El Karouani;10.0
Jay-Jay;Ivo Pinto;21;12.0;Ivo Pinto;V;/players/ivo-pinto/86672/;ivo-pinto;86672.0;fortuna-sittard;Ivo Pinto;-2.0
Jay-Jay;M. Tillman;21;7.0;M. Tillman;M;/players/malik-tillman/561787/;malik-tillman;561787.0;psv-nv;M. Tillman;2.98
Jay-Jay;R. Meerveld;21;16.0;R. Meerveld;M;/players/ringo-meerveld/623815/;ringo-meerveld;623815.0;sbv-willem-ii-tilburg;R. Meerveld;13.0
Jay-Jay;B. Linssen;21;30.0;B. Linssen;A;/players/brian-linssen/52888/;brian-linssen;52888.0;nijmegen-eendracht-combinatie;B. Linssen;0.93
Jay-Jay;Q. Timber;21;8.0;Q. Timber;M;/players/quinten-maduro/463017/;quinten-maduro;463017.0;feyenoord-rotterdam-nv;Q. Timber;
Jay-Jay;B. Brobbey;21;9.0;B. Brobbey;A;/players/brian-brobbey/520146/;brian-brobbey;520146.0;afc-ajax;B. Brobbey;3.17
Jay-Jay;S. Lammers;21;10.0;S. Lammers;A;/players/sam-lammers/407736/;sam-lammers;407736.0;stichting-fc-twente-65;S. Lammers;
Rucebo;V. Barkas;21;1.0;V. Barkas;K;/players/vasileios-barkas/272919/;vasileios-barkas;272919.0;stichting-fc-utrecht;V. Barkas;
Rucebo;Ivo Pinto;21;12.0;Ivo Pinto;V;/players/ivo-pinto/86672/;ivo-pinto;86672.0;fortuna-sittard;Ivo Pinto;-2.0
Rucebo;J. Hato;21;4.0;J. Hato;V;/players/jorrel-hato/783173/;jorrel-hato;783173.0;afc-ajax;J. Hato;1.56
Rucebo;D. Hancko;21;33.0;D. Hancko;V;/players/david-hancko/391059/;david-hancko;391059.0;feyenoord-rotterdam-nv;D. Hancko;1.0
Rucebo;M. Deijl;21;2.0;M. Deijl;V;/players/mats-deijl/402457/;mats-deijl;402457.0;stichting-go-ahead-eagles;M. Deijl;15.0
Rucebo;S. Steijn;21;14.0;S. Steijn;M;/players/sem-steijn/560623/;sem-steijn;560623.0;stichting-fc-twente-65;S. Steijn;26.0
Rucebo;A. Verschueren;21;32.0;A. Verschueren;M;/players/arno-vershueren/319385/;arno-vershueren;319385.0;stichting-fc-twente-65;A. Verschueren;4.0
Rucebo;L. Brouwers;21;8.0;L. Brouwers;M;/players/luuk-brouwers/402458/;luuk-brouwers;402458.0;sportclub-heerenveen;L. Brouwers;
Rucebo;T. Parrott;21;9.0;T. Parrott;A;/players/troy-parrot/515624/;troy-parrot;515624.0;stichting-az;T. Parrott;3.24
Rucebo;L. de Jong;21;9.0;L. de Jong;A;/players/luuk-de-jong/65056/;luuk-de-jong;65056.0;psv-nv;L. de Jong;15.0
Rucebo;K. Ogawa;21;18.0;K. Ogawa;A;/players/koki-ogawa/435835/;koki-ogawa;435835.0;nijmegen-eendracht-combinatie;K. Ogawa;13.07
tukkeRoel;V. Barkas;22;1.0;V. Barkas;K;/players/vasileios-barkas/272919/;vasileios-barkas;272919.0;stichting-fc-utrecht;V. Barkas;16.0
tukkeRoel;D. Hancko;22;33.0;D. Hancko;V;/players/david-hancko/391059/;david-hancko;391059.0;feyenoord-rotterdam-nv;D. Hancko;0.0
tukkeRoel;J. Hato;22;4.0;J. Hato;V;/players/jorrel-hato/783173/;jorrel-hato;783173.0;afc-ajax;J. Hato;15.0
tukkeRoel;M. Kohlert;22;11.0;M. Köhlert;V;/players/mats-kohlert/400423/;mats-kohlert;400423.0;sportclub-heerenveen;M. Kohlert;1.0
tukkeRoel;C. Verdonk;22;24.0;C. Verdonk;V;/players/calvin-verdonk/319288/;calvin-verdonk;319288.0;nijmegen-eendracht-combinatie;C. Verdonk;16.0
tukkeRoel;D. Mbayo;22;11.0;D. Mbayo;A;/players/dylan-mbayo/599681/;dylan-mbayo;599681.0;bvo-fc-zwolle;D. Mbayo;5.0
tukkeRoel;S. Mijnans;22;10.0;S. Mijnans;M;/players/sven-mijnans/566000/;sven-mijnans;566000.0;stichting-az;S. Mijnans;7.0
tukkeRoel;A. Verschueren;22;32.0;A. Verschueren;M;/players/arno-vershueren/319385/;arno-vershueren;319385.0;stichting-fc-twente-65;A. Verschueren;4.0
tukkeRoel;A. Verschueren;22;32.0;A. Verschueren;M;/players/arno-vershueren/319385/;arno-vershueren;319385.0;stichting-fc-twente-65;A. Verschueren;4.0
tukkeRoel;S. Steijn;22;14.0;S. Steijn;M;/players/sem-steijn/560623/;sem-steijn;560623.0;stichting-fc-twente-65;S. Steijn;3.0
tukkeRoel;M. Deijl;22;2.0;M. Deijl;V;/players/mats-deijl/402457/;mats-deijl;402457.0;stichting-go-ahead-eagles;M. Deijl;4.0
tukkeRoel;L. de Jong;22;9.0;L. de Jong;A;/players/luuk-de-jong/65056/;luuk-de-jong;65056.0;psv-nv;L. de Jong;-2.0
methodmich;V. Barkas;22;1.0;V. Barkas;K;/players/vasileios-barkas/272919/;vasileios-barkas;272919.0;stichting-fc-utrecht;V. Barkas;16.0
methodmich;M. Dijks;22;35.0;M. Dijks;V;/players/mitchel-dijks/219029/;mitchel-dijks;219029.0;fortuna-sittard;M. Dijks;-2.07
methodmich;D. Hancko;22;33.0;D. Hancko;V;/players/david-hancko/391059/;david-hancko;391059.0;feyenoord-rotterdam-nv;D. Hancko;0.0
methodmich;M. Kohlert;22;11.0;M. Köhlert;V;/players/mats-kohlert/400423/;mats-kohlert;400423.0;sportclub-heerenveen;M. Kohlert;1.0
methodmich;S. Mijnans;22;10.0;S. Mijnans;M;/players/sven-mijnans/566000/;sven-mijnans;566000.0;stichting-az;S. Mijnans;7.0
methodmich;S. 't Zand;22;25.0;S. 't Zand;M;/players/shiloh-t-zand/824640/;shiloh-t-zand;824640.0;feyenoord-rotterdam-nv;S. 't Zand;0.0
methodmich;S. Steijn;22;14.0;S. Steijn;M;/players/sem-steijn/560623/;sem-steijn;560623.0;stichting-fc-twente-65;S. Steijn;3.0
methodmich;K. Sano;22;23.0;K. Sano;M;/players/kodai-sano/815318/;kodai-sano;815318.0;nijmegen-eendracht-combinatie;K. Sano;5.0
methodmich;L. de Jong;22;9.0;L. de Jong;A;/players/luuk-de-jong/65056/;luuk-de-jong;65056.0;psv-nv;L. de Jong;-2.0
methodmich;W. Weghorst;22;25.0;W. Weghorst;A;/players/wout-weghorst/255205/;wout-weghorst;255205.0;afc-ajax;W. Weghorst;1.13
methodmich;T. Lauritsen;22;;T. Lauritsen;A;/players/tobias-lauritsen/406745/;tobias-lauritsen;406745.0;sparta-rotterdam-bv;T. Lauritsen;4.0
methodmich;T. Lauritsen;22;;T. Lauritsen;A;/players/tobias-lauritsen/406745/;tobias-lauritsen;406745.0;sparta-rotterdam-bv;T. Lauritsen;4.0
FMNederland;V. Barkas;22;1.0;V. Barkas;K;/players/vasileios-barkas/272919/;vasileios-barkas;272919.0;stichting-fc-utrecht;V. Barkas;16.0
FMNederland;M. Kohlert;22;11.0;M. Köhlert;V;/players/mats-kohlert/400423/;mats-kohlert;400423.0;sportclub-heerenveen;M. Kohlert;1.0
FMNederland;M. Deijl;22;2.0;M. Deijl;V;/players/mats-deijl/402457/;mats-deijl;402457.0;stichting-go-ahead-eagles;M. Deijl;4.0
FMNederland;C. Verdonk;22;24.0;C. Verdonk;V;/players/calvin-verdonk/319288/;calvin-verdonk;319288.0;nijmegen-eendracht-combinatie;C. Verdonk;16.0
FMNederland;O. Boscagli;22;18.0;O. Boscagli;V;/players/olivier-boscagli/329542/;olivier-boscagli;329542.0;psv-nv;O. Boscagli;0.1
FMNederland;S. Bastien;22;22.0;S. Bastien;M;/players/samuel-bastien/314097/;samuel-bastien;314097.0;fortuna-sittard;S. Bastien;3.0
FMNederland;S. Steijn;22;14.0;S. Steijn;M;/players/sem-steijn/560623/;sem-steijn;560623.0;stichting-fc-twente-65;S. Steijn;3.0
FMNederland;Q. Timber;22;8.0;Q. Timber;M;/players/quinten-maduro/463017/;quinten-maduro;463017.0;feyenoord-rotterdam-nv;Q. Timber;
FMNederland;T. Robinet;22;9.0;T. Robinet;A;/players/thomas-robinet/312659/;thomas-robinet;312659.0;fc-omniworld;T. Robinet;3.0
FMNederland;T. Lauritsen;22;;T. Lauritsen;A;/players/tobias-lauritsen/406745/;tobias-lauritsen;406745.0;sparta-rotterdam-bv;T. Lauritsen;4.0
FMNederland;T. Lauritsen;22;;T. Lauritsen;A;/players/tobias-lauritsen/406745/;tobias-lauritsen;406745.0;sparta-rotterdam-bv;T. Lauritsen;4.0
FMNederland;T. Parrott;22;9.0;T. Parrott;A;/players/troy-parrot/515624/;troy-parrot;515624.0;stichting-az;T. Parrott;3.89
crispy;L. Unnerstall;22;1.0;L. Unnerstall;K;/players/lars-unnerstall/81320/;lars-unnerstall;81320.0;stichting-fc-twente-65;L. Unnerstall;1.0
crispy;B. Pereira;22;2.0;B. Pereira;V;/players/brayann-pereira/640596/;brayann-pereira;640596.0;nijmegen-eendracht-combinatie;B. Pereira;4.0
crispy;S. El Karouani;22;16.0;S. El Karouani;V;/players/souffian-elkarouani/537878/;souffian-elkarouani;537878.0;stichting-fc-utrecht;S. El Karouani;14.0
crispy;M. Deijl;22;2.0;M. Deijl;V;/players/mats-deijl/402457/;mats-deijl;402457.0;stichting-go-ahead-eagles;M. Deijl;4.0
crispy;D. Hancko;22;33.0;D. Hancko;V;/players/david-hancko/391059/;david-hancko;391059.0;feyenoord-rotterdam-nv;D. Hancko;0.0
crispy;J. Schreuders;22;14.0;J. Schreuders;M;/players/jorg-schreuders/877779/;jorg-schreuders;877779.0;stichting-fc-groningen;J. Schreuders;
crispy;A. Verschueren;22;32.0;A. Verschueren;M;/players/arno-vershueren/319385/;arno-vershueren;319385.0;stichting-fc-twente-65;A. Verschueren;4.0
crispy;A. Verschueren;22;32.0;A. Verschueren;M;/players/arno-vershueren/319385/;arno-vershueren;319385.0;stichting-fc-twente-65;A. Verschueren;4.0
crispy;S. Mijnans;22;10.0;S. Mijnans;M;/players/sven-mijnans/566000/;sven-mijnans;566000.0;stichting-az;S. Mijnans;7.0
crispy;D. Vente;22;9.0;D. Vente;A;/players/dylan-vente/426585/;dylan-vente;426585.0;bvo-fc-zwolle;D. Vente;13.0
crispy;K. Taylor;22;8.0;K. Taylor;M;/players/kenneth-taylor/508784/;kenneth-taylor;508784.0;afc-ajax;K. Taylor;8.0
crispy;M. Tillman;22;7.0;M. Tillman;M;/players/malik-tillman/561787/;malik-tillman;561787.0;psv-nv;M. Tillman;
svvthomas;N. Olij;22;;N. Olij;K;/players/nick-olij/235322/;nick-olij;235322.0;sparta-rotterdam-bv;N. Olij;3.0
svvthomas;N. Olij;22;;N. Olij;K;/players/nick-olij/235322/;nick-olij;235322.0;sparta-rotterdam-bv;N. Olij;3.0
svvthomas;M. Deijl;22;2.0;M. Deijl;V;/players/mats-deijl/402457/;mats-deijl;402457.0;stichting-go-ahead-eagles;M. Deijl;4.0
svvthomas;D. Hancko;22;33.0;D. Hancko;V;/players/david-hancko/391059/;david-hancko;391059.0;feyenoord-rotterdam-nv;D. Hancko;0.0
svvthomas;D. Mirani;22;4.0;D. Mirani;V;/players/damon-mirani/289811/;damon-mirani;289811.0;stichting-heracles-almelo;D. Mirani;15.0
svvthomas;C. Sandra;22;14.0;C. Sandra;M;/players/cisse-sandra/638266/;cisse-sandra;638266.0;sbv-willem-ii-tilburg;C. Sandra;0.13
svvthomas;K. Ogawa;22;18.0;K. Ogawa;A;/players/koki-ogawa/435835/;koki-ogawa;435835.0;nijmegen-eendracht-combinatie;K. Ogawa;4.78
svvthomas;L. Brouwers;22;8.0;L. Brouwers;M;/players/luuk-brouwers/402458/;luuk-brouwers;402458.0;sportclub-heerenveen;L. Brouwers;
svvthomas;S. Steijn;22;14.0;S. Steijn;M;/players/sem-steijn/560623/;sem-steijn;560623.0;stichting-fc-twente-65;S. Steijn;3.0
svvthomas;T. Parrott;22;9.0;T. Parrott;A;/players/troy-parrot/515624/;troy-parrot;515624.0;stichting-az;T. Parrott;3.89
svvthomas;L. de Jong;22;9.0;L. de Jong;A;/players/luuk-de-jong/65056/;luuk-de-jong;65056.0;psv-nv;L. de Jong;-2.0
svvthomas;D. Klaassen;22;18.0;D. Klaassen;M;/players/davy-klaassen/158581/;davy-klaassen;158581.0;afc-ajax;D. Klaassen;2.84
El Cid;L. Unnerstall;22;1.0;L. Unnerstall;K;/players/lars-unnerstall/81320/;lars-unnerstall;81320.0;stichting-fc-twente-65;L. Unnerstall;1.0
El Cid;P. Bochniewicz;22;5.0;P. Bochniewicz;V;/players/pawe-bochniewicz/273911/;pawe-bochniewicz;273911.0;sportclub-heerenveen;P. Bochniewicz;
El Cid;B. Nieuwkoop;22;2.0;B. Nieuwkoop;V;/players/bart-nieuwkoop/275124/;bart-nieuwkoop;275124.0;feyenoord-rotterdam-nv;B. Nieuwkoop;0.0
El Cid;D. van der Kust;22;;D. van der Kust;V;/players/djevencio-van-der-kust/569309/;djevencio-van-der-kust;569309.0;sparta-rotterdam-bv;D. van der Kust;0.0
El Cid;D. van der Kust;22;;D. van der Kust;V;/players/djevencio-van-der-kust/569309/;djevencio-van-der-kust;569309.0;sparta-rotterdam-bv;D. van der Kust;0.0
El Cid;A. Halilovic;22;10.0;A. Halilović;M;/players/alen-halilovi/270136/;alen-halilovi;270136.0;fortuna-sittard;A. Halilovic;2.5
El Cid;L. Valente;22;10.0;L. Valente;M;/players/luciano-valente/703884/;luciano-valente;703884.0;stichting-fc-groningen;L. Valente;2.53
El Cid;V. Jensen;22;7.0;V. Jensen;M;/players/victor-jensen/460509/;victor-jensen;460509.0;stichting-fc-utrecht;V. Jensen;0.31
El Cid;D. Proper;22;71.0;D. Proper;M;/players/dirk-proper/525939/;dirk-proper;525939.0;nijmegen-eendracht-combinatie;D. Proper;5.0
El Cid;B. Traore;22;20.0;B. Traoré;A;/players/bertrand-traore/102801/;bertrand-traore;102801.0;afc-ajax;B. Traore;3.87
El Cid;L. de Jong;22;9.0;L. de Jong;A;/players/luuk-de-jong/65056/;luuk-de-jong;65056.0;psv-nv;L. de Jong;-2.0
El Cid;T. Parrott;22;9.0;T. Parrott;A;/players/troy-parrot/515624/;troy-parrot;515624.0;stichting-az;T. Parrott;3.89
Otis.;V. Barkas;22;1.0;V. Barkas;K;/players/vasileios-barkas/272919/;vasileios-barkas;272919.0;stichting-fc-utrecht;V. Barkas;16.0
Otis.;M. Deijl;22;2.0;M. Deijl;V;/players/mats-deijl/402457/;mats-deijl;402457.0;stichting-go-ahead-eagles;M. Deijl;4.0
Otis.;M. Hilgers;22;2.0;M. Hilgers;V;/players/mees-hilgers/627701/;mees-hilgers;627701.0;stichting-fc-twente-65;M. Hilgers;
Otis.;J. Hato;22;4.0;J. Hato;V;/players/jorrel-hato/783173/;jorrel-hato;783173.0;afc-ajax;J. Hato;15.0
Otis.;J. Trenskow;22;20.0;J. Trenskow;A;/players/jacob-trenskow/672937/;jacob-trenskow;672937.0;sportclub-heerenveen;J. Trenskow;3.0
Otis.;S. Mijnans;22;10.0;S. Mijnans;M;/players/sven-mijnans/566000/;sven-mijnans;566000.0;stichting-az;S. Mijnans;7.0
Otis.;Rober;22;7.0;Róber;M;/players/roberto-gonzalez-bayon/500171/;roberto-gonzalez-bayon;500171.0;nijmegen-eendracht-combinatie;Rober;0.0
Otis.;P. Clement;22;;P. Clement;M;/players/pelle-clement/379793/;pelle-clement;379793.0;sparta-rotterdam-bv;P. Clement;0.0
Otis.;P. Clement;22;;P. Clement;M;/players/pelle-clement/379793/;pelle-clement;379793.0;sparta-rotterdam-bv;P. Clement;0.0
Otis.;D. Hancko;22;33.0;D. Hancko;V;/players/david-hancko/391059/;david-hancko;391059.0;feyenoord-rotterdam-nv;D. Hancko;0.0
Otis.;L. de Jong;22;9.0;L. de Jong;A;/players/luuk-de-jong/65056/;luuk-de-jong;65056.0;psv-nv;L. de Jong;-2.0
Otis.;L. Kulenovic;22;19.0;L. Kulenović;A;/players/luka-kulenovi/631882/;luka-kulenovi;631882.0;stichting-heracles-almelo;L. Kulenovic;
Gordon Shumway;S. Steijn;22;14.0;S. Steijn;M;/players/sem-steijn/560623/;sem-steijn;560623.0;stichting-fc-twente-65;S. Steijn;3.0
Gordon Shumway;B. Nieuwkoop;22;2.0;B. Nieuwkoop;V;/players/bart-nieuwkoop/275124/;bart-nieuwkoop;275124.0;feyenoord-rotterdam-nv;B. Nieuwkoop;0.0
Gordon Shumway;J. Hato;22;4.0;J. Hato;V;/players/jorrel-hato/783173/;jorrel-hato;783173.0;afc-ajax;J. Hato;15.0
Gordon Shumway;M. Kohlert;22;11.0;M. Köhlert;V;/players/mats-kohlert/400423/;mats-kohlert;400423.0;sportclub-heerenveen;M. Kohlert;1.0
Gordon Shumway;C. Neghli;22;;C. Neghli;A;/players/camiel-neghli/680707/;camiel-neghli;680707.0;sparta-rotterdam-bv;C. Neghli;8.0
Gordon Shumway;C. Neghli;22;;C. Neghli;A;/players/camiel-neghli/680707/;camiel-neghli;680707.0;sparta-rotterdam-bv;C. Neghli;8.0
Gordon Shumway;L. Valente;22;10.0;L. Valente;M;/players/luciano-valente/703884/;luciano-valente;703884.0;stichting-fc-groningen;L. Valente;2.53
Gordon Shumway;D. Proper;22;71.0;D. Proper;M;/players/dirk-proper/525939/;dirk-proper;525939.0;nijmegen-eendracht-combinatie;D. Proper;5.0
Gordon Shumway;V. Jensen;22;7.0;V. Jensen;M;/players/victor-jensen/460509/;victor-jensen;460509.0;stichting-fc-utrecht;V. Jensen;0.31
Gordon Shumway;L. de Jong;22;9.0;L. de Jong;A;/players/luuk-de-jong/65056/;luuk-de-jong;65056.0;psv-nv;L. de Jong;-2.0
Gordon Shumway;!K. Sierhuis;22;;;;;;;;;
Gordon Shumway;T. Parrott;22;9.0;T. Parrott;A;/players/troy-parrot/515624/;troy-parrot;515624.0;stichting-az;T. Parrott;3.89
Suikerbrood;N. Olij;22;;N. Olij;K;/players/nick-olij/235322/;nick-olij;235322.0;sparta-rotterdam-bv;N. Olij;3.0
Suikerbrood;N. Olij;22;;N. Olij;K;/players/nick-olij/235322/;nick-olij;235322.0;sparta-rotterdam-bv;N. Olij;3.0
Suikerbrood;S. Olsson;22;19.0;S. Olsson;M;/players/simon-olsson/423888/;simon-olsson;423888.0;sportclub-heerenveen;S. Olsson;
Suikerbrood;D. Rensch;22;2.0;D. Rensch;V;/players/devyne-rensch/601396/;devyne-rensch;601396.0;afc-ajax;D. Rensch;1.67
Suikerbrood;J. Amofa;22;25.0;J. Amofa;V;/players/jamal-amofa/668121/;jamal-amofa;668121.0;stichting-go-ahead-eagles;J. Amofa;
Suikerbrood;N. Viergever;22;24.0;N. Viergever;V;/players/nick--viergever/78529/;nick--viergever;78529.0;stichting-fc-utrecht;N. Viergever;14.0
Suikerbrood;D. Proper;22;71.0;D. Proper;M;/players/dirk-proper/525939/;dirk-proper;525939.0;nijmegen-eendracht-combinatie;D. Proper;5.0
Suikerbrood;M. Vlap;22;18.0;M. Vlap;M;/players/michel-vlap/407742/;michel-vlap;407742.0;stichting-fc-twente-65;M. Vlap;8.0
Suikerbrood;A. Halilovic;22;10.0;A. Halilović;M;/players/alen-halilovi/270136/;alen-halilovi;270136.0;fortuna-sittard;A. Halilovic;2.5
Suikerbrood;A. Ueda;22;9.0;A. Ueda;A;/players/ayase-ueda/551425/;ayase-ueda;551425.0;feyenoord-rotterdam-nv;A. Ueda;0.04
Suikerbrood;R. van Bommel;22;7.0;R. van Bommel;A;/players/ruben-van-bommel/834074/;ruben-van-bommel;834074.0;stichting-az;R. van Bommel;
Suikerbrood;L. de Jong;22;9.0;L. de Jong;A;/players/luuk-de-jong/65056/;luuk-de-jong;65056.0;psv-nv;L. de Jong;-2.0
EnGCatjuh;R. Roefs;22;22.0;R. Roefs;K;/players/robin-roefs/636190/;robin-roefs;636190.0;nijmegen-eendracht-combinatie;R. Roefs;4.0
EnGCatjuh;M. Kohlert;22;11.0;M. Köhlert;V;/players/mats-kohlert/400423/;mats-kohlert;400423.0;sportclub-heerenveen;M. Kohlert;1.0
EnGCatjuh;O. Boscagli;22;18.0;O. Boscagli;V;/players/olivier-boscagli/329542/;olivier-boscagli;329542.0;psv-nv;O. Boscagli;0.1
EnGCatjuh;S. El Karouani;22;16.0;S. El Karouani;V;/players/souffian-elkarouani/537878/;souffian-elkarouani;537878.0;stichting-fc-utrecht;S. El Karouani;14.0
EnGCatjuh;Igor Paixao;22;14.0;Igor Paixão;A;/players/igor-guilherme-barbosa-da-paixao/593041/;igor-guilherme-barbosa-da-paixao;593041.0;feyenoord-rotterdam-nv;Igor Paixao;11.64
EnGCatjuh;J. Schreuders;22;14.0;J. Schreuders;M;/players/jorg-schreuders/877779/;jorg-schreuders;877779.0;stichting-fc-groningen;J. Schreuders;
EnGCatjuh;S. Adewoye;22;4.0;S. Adewoye;V;/players/shawn-adewoye/618207/;shawn-adewoye;618207.0;fortuna-sittard;S. Adewoye;-1.0
EnGCatjuh;S. Steijn;22;14.0;S. Steijn;M;/players/sem-steijn/560623/;sem-steijn;560623.0;stichting-fc-twente-65;S. Steijn;3.0
EnGCatjuh;T. Parrott;22;9.0;T. Parrott;A;/players/troy-parrot/515624/;troy-parrot;515624.0;stichting-az;T. Parrott;3.89
EnGCatjuh;B. Brobbey;22;9.0;B. Brobbey;A;/players/brian-brobbey/520146/;brian-brobbey;520146.0;afc-ajax;B. Brobbey;4.87
EnGCatjuh;R. Meerveld;22;16.0;R. Meerveld;M;/players/ringo-meerveld/623815/;ringo-meerveld;623815.0;sbv-willem-ii-tilburg;R. Meerveld;3.87
Vishandel Makaay;R. Pasveer;22;22.0;R. Pasveer;K;/players/remko-pasveer/49689/;remko-pasveer;49689.0;afc-ajax;R. Pasveer;17.0
Vishandel Makaay;R. Flamingo;22;6.0;R. Flamingo;V;/players/ryan-flamingo/627724/;ryan-flamingo;627724.0;psv-nv;R. Flamingo;0.0
Vishandel Makaay;J. Lelieveld;22;2.0;J. Lelieveld;V;/players/julian-lelieveld/407738/;julian-lelieveld;407738.0;rkc-waalwijk;J. Lelieveld;3.0
Vishandel Makaay;J. Lelieveld;22;2.0;J. Lelieveld;V;/players/julian-lelieveld/407738/;julian-lelieveld;407738.0;rkc-waalwijk;J. Lelieveld;3.0
Vishandel Makaay;K. Leerdam;22;18.0;K. Leerdam;V;/players/kelvin-leerdam/68354/;kelvin-leerdam;68354.0;stichting-heracles-almelo;K. Leerdam;0.0
Vishandel Makaay;M. Dijks;22;35.0;M. Dijks;V;/players/mitchel-dijks/219029/;mitchel-dijks;219029.0;fortuna-sittard;M. Dijks;-2.07
Vishandel Makaay;T. Oosting;22;25.0;T. Oosting;M;/players/thijs-oosting/477591/;thijs-oosting;477591.0;stichting-fc-groningen;T. Oosting;3.0
Vishandel Makaay;E. van Ee;22;21.0;E. van Ee;M;/players/espen-van-ee/921919/;espen-van-ee;921919.0;sportclub-heerenveen;E. van Ee;3.0
Vishandel Makaay;P. Aaronson;22;21.0;P. Aaronson;M;/players/paxten-aaronson/576828/;paxten-aaronson;576828.0;stichting-fc-utrecht;P. Aaronson;7.0
Vishandel Makaay;A. Hadj Moussa;22;23.0;A. Hadj Moussa;A;/players/anis--hadj-moussa/755639/;anis--hadj-moussa;755639.0;feyenoord-rotterdam-nv;A. Hadj Moussa;4.0
Vishandel Makaay;R. van Wolfswinkel;22;9.0;R. van Wolfswinkel;A;/players/ricky-van-wolfswinkel/59407/;ricky-van-wolfswinkel;59407.0;stichting-fc-twente-65;R. van Wolfswinkel;3.0
Vishandel Makaay;M. Meerdink;22;35.0;M. Meerdink;A;/players/mexx-meerdink/796451/;mexx-meerdink;796451.0;stichting-az;M. Meerdink;-0.89
Friggles;L. Unnerstall;22;1.0;L. Unnerstall;K;/players/lars-unnerstall/81320/;lars-unnerstall;81320.0;stichting-fc-twente-65;L. Unnerstall;1.0
Friggles;T. Quintero;22;;T. Quintero;V;/players/teo-quintero/565562/;teo-quintero;565562.0;sparta-rotterdam-bv;T. Quintero;0.0
Friggles;T. Quintero;22;;T. Quintero;V;/players/teo-quintero/565562/;teo-quintero;565562.0;sparta-rotterdam-bv;T. Quintero;0.0
Friggles;M. Deijl;22;2.0;M. Deijl;V;/players/mats-deijl/402457/;mats-deijl;402457.0;stichting-go-ahead-eagles;M. Deijl;4.0
Friggles;S. El Karouani;22;16.0;S. El Karouani;V;/players/souffian-elkarouani/537878/;souffian-elkarouani;537878.0;stichting-fc-utrecht;S. El Karouani;14.0
Friggles;S. Mijnans;22;10.0;S. Mijnans;M;/players/sven-mijnans/566000/;sven-mijnans;566000.0;stichting-az;S. Mijnans;7.0
Friggles;D. Proper;22;71.0;D. Proper;M;/players/dirk-proper/525939/;dirk-proper;525939.0;nijmegen-eendracht-combinatie;D. Proper;5.0
Friggles;M. Kohlert;22;11.0;M. Köhlert;V;/players/mats-kohlert/400423/;mats-kohlert;400423.0;sportclub-heerenveen;M. Kohlert;1.0
Friggles;S. 't Zand;22;25.0;S. 't Zand;M;/players/shiloh-t-zand/824640/;shiloh-t-zand;824640.0;feyenoord-rotterdam-nv;S. 't Zand;0.0
Friggles;Q. Timber;22;8.0;Q. Timber;M;/players/quinten-maduro/463017/;quinten-maduro;463017.0;feyenoord-rotterdam-nv;Q. Timber;
Friggles;L. de Jong;22;9.0;L. de Jong;A;/players/luuk-de-jong/65056/;luuk-de-jong;65056.0;psv-nv;L. de Jong;-2.0
Friggles;B. Brobbey;22;9.0;B. Brobbey;A;/players/brian-brobbey/520146/;brian-brobbey;520146.0;afc-ajax;B. Brobbey;4.87
Jay-Jay;N. Olij;22;;N. Olij;K;/players/nick-olij/235322/;nick-olij;235322.0;sparta-rotterdam-bv;N. Olij;3.0
Jay-Jay;N. Olij;22;;N. Olij;K;/players/nick-olij/235322/;nick-olij;235322.0;sparta-rotterdam-bv;N. Olij;3.0
Jay-Jay;S. Maikuma;22;16.0;S. Maikuma;V;/players/seiya-maikuma/651537/;seiya-maikuma;651537.0;stichting-az;S. Maikuma;14.0
Jay-Jay;M. Deijl;22;2.0;M. Deijl;V;/players/mats-deijl/402457/;mats-deijl;402457.0;stichting-go-ahead-eagles;M. Deijl;4.0
Jay-Jay;S. El Karouani;22;16.0;S. El Karouani;V;/players/souffian-elkarouani/537878/;souffian-elkarouani;537878.0;stichting-fc-utrecht;S. El Karouani;14.0
Jay-Jay;Ivo Pinto;22;12.0;Ivo Pinto;V;/players/ivo-pinto/86672/;ivo-pinto;86672.0;fortuna-sittard;Ivo Pinto;-0.5
Jay-Jay;M. Tillman;22;7.0;M. Tillman;M;/players/malik-tillman/561787/;malik-tillman;561787.0;psv-nv;M. Tillman;
Jay-Jay;R. Meerveld;22;16.0;R. Meerveld;M;/players/ringo-meerveld/623815/;ringo-meerveld;623815.0;sbv-willem-ii-tilburg;R. Meerveld;3.87
Jay-Jay;B. Linssen;22;30.0;B. Linssen;A;/players/brian-linssen/52888/;brian-linssen;52888.0;nijmegen-eendracht-combinatie;B. Linssen;1.56
Jay-Jay;Q. Timber;22;8.0;Q. Timber;M;/players/quinten-maduro/463017/;quinten-maduro;463017.0;feyenoord-rotterdam-nv;Q. Timber;
Jay-Jay;B. Brobbey;22;9.0;B. Brobbey;A;/players/brian-brobbey/520146/;brian-brobbey;520146.0;afc-ajax;B. Brobbey;4.87
Jay-Jay;S. Lammers;22;10.0;S. Lammers;A;/players/sam-lammers/407736/;sam-lammers;407736.0;stichting-fc-twente-65;S. Lammers;
Rucebo;V. Barkas;22;1.0;V. Barkas;K;/players/vasileios-barkas/272919/;vasileios-barkas;272919.0;stichting-fc-utrecht;V. Barkas;16.0
Rucebo;Ivo Pinto;22;12.0;Ivo Pinto;V;/players/ivo-pinto/86672/;ivo-pinto;86672.0;fortuna-sittard;Ivo Pinto;-0.5
Rucebo;J. Hato;22;4.0;J. Hato;V;/players/jorrel-hato/783173/;jorrel-hato;783173.0;afc-ajax;J. Hato;15.0
Rucebo;D. Hancko;22;33.0;D. Hancko;V;/players/david-hancko/391059/;david-hancko;391059.0;feyenoord-rotterdam-nv;D. Hancko;0.0
Rucebo;M. Deijl;22;2.0;M. Deijl;V;/players/mats-deijl/402457/;mats-deijl;402457.0;stichting-go-ahead-eagles;M. Deijl;4.0
Rucebo;S. Steijn;22;14.0;S. Steijn;M;/players/sem-steijn/560623/;sem-steijn;560623.0;stichting-fc-twente-65;S. Steijn;3.0
Rucebo;A. Verschueren;22;32.0;A. Verschueren;M;/players/arno-vershueren/319385/;arno-vershueren;319385.0;stichting-fc-twente-65;A. Verschueren;4.0
Rucebo;A. Verschueren;22;32.0;A. Verschueren;M;/players/arno-vershueren/319385/;arno-vershueren;319385.0;stichting-fc-twente-65;A. Verschueren;4.0
Rucebo;L. Brouwers;22;8.0;L. Brouwers;M;/players/luuk-brouwers/402458/;luuk-brouwers;402458.0;sportclub-heerenveen;L. Brouwers;
Rucebo;T. Parrott;22;9.0;T. Parrott;A;/players/troy-parrot/515624/;troy-parrot;515624.0;stichting-az;T. Parrott;3.89
Rucebo;L. de Jong;22;9.0;L. de Jong;A;/players/luuk-de-jong/65056/;luuk-de-jong;65056.0;psv-nv;L. de Jong;-2.0
Rucebo;K. Ogawa;22;18.0;K. Ogawa;A;/players/koki-ogawa/435835/;koki-ogawa;435835.0;nijmegen-eendracht-combinatie;K. Ogawa;4.78
tukkeRoel;V. Barkas;23;1.0;V. Barkas;K;/players/vasileios-barkas/272919/;vasileios-barkas;272919.0;stichting-fc-utrecht;V. Barkas;3.0
tukkeRoel;D. Hancko;23;33.0;D. Hancko;V;/players/david-hancko/391059/;david-hancko;391059.0;feyenoord-rotterdam-nv;D. Hancko;
tukkeRoel;J. Hato;23;4.0;J. Hato;V;/players/jorrel-hato/783173/;jorrel-hato;783173.0;afc-ajax;J. Hato;
tukkeRoel;M. Kohlert;23;11.0;M. Köhlert;V;/players/mats-kohlert/400423/;mats-kohlert;400423.0;sportclub-heerenveen;M. Kohlert;2.0
tukkeRoel;C. Verdonk;23;24.0;C. Verdonk;V;/players/calvin-verdonk/319288/;calvin-verdonk;319288.0;nijmegen-eendracht-combinatie;C. Verdonk;
tukkeRoel;D. Mbayo;23;11.0;D. Mbayo;A;/players/dylan-mbayo/599681/;dylan-mbayo;599681.0;bvo-fc-zwolle;D. Mbayo;8.83
tukkeRoel;S. Mijnans;23;10.0;S. Mijnans;M;/players/sven-mijnans/566000/;sven-mijnans;566000.0;stichting-az;S. Mijnans;3.0
tukkeRoel;A. Verschueren;23;32.0;A. Verschueren;M;/players/arno-vershueren/319385/;arno-vershueren;319385.0;stichting-fc-twente-65;A. Verschueren;19.0
tukkeRoel;S. Steijn;23;14.0;S. Steijn;M;/players/sem-steijn/560623/;sem-steijn;560623.0;stichting-fc-twente-65;S. Steijn;
tukkeRoel;M. Deijl;23;2.0;M. Deijl;V;/players/mats-deijl/402457/;mats-deijl;402457.0;stichting-go-ahead-eagles;M. Deijl;
tukkeRoel;L. de Jong;23;9.0;L. de Jong;A;/players/luuk-de-jong/65056/;luuk-de-jong;65056.0;psv-nv;L. de Jong;8.39
methodmich;V. Barkas;23;1.0;V. Barkas;K;/players/vasileios-barkas/272919/;vasileios-barkas;272919.0;stichting-fc-utrecht;V. Barkas;3.0
methodmich;M. Dijks;23;35.0;M. Dijks;V;/players/mitchel-dijks/219029/;mitchel-dijks;219029.0;fortuna-sittard;M. Dijks;-9.0
methodmich;D. Hancko;23;33.0;D. Hancko;V;/players/david-hancko/391059/;david-hancko;391059.0;feyenoord-rotterdam-nv;D. Hancko;
methodmich;M. Kohlert;23;11.0;M. Köhlert;V;/players/mats-kohlert/400423/;mats-kohlert;400423.0;sportclub-heerenveen;M. Kohlert;2.0
methodmich;S. Mijnans;23;10.0;S. Mijnans;M;/players/sven-mijnans/566000/;sven-mijnans;566000.0;stichting-az;S. Mijnans;3.0
methodmich;S. 't Zand;23;25.0;S. 't Zand;M;/players/shiloh-t-zand/824640/;shiloh-t-zand;824640.0;feyenoord-rotterdam-nv;S. 't Zand;0.0
methodmich;S. Steijn;23;14.0;S. Steijn;M;/players/sem-steijn/560623/;sem-steijn;560623.0;stichting-fc-twente-65;S. Steijn;
methodmich;K. Sano;23;23.0;K. Sano;M;/players/kodai-sano/815318/;kodai-sano;815318.0;nijmegen-eendracht-combinatie;K. Sano;
methodmich;L. de Jong;23;9.0;L. de Jong;A;/players/luuk-de-jong/65056/;luuk-de-jong;65056.0;psv-nv;L. de Jong;8.39
methodmich;W. Weghorst;23;25.0;W. Weghorst;A;/players/wout-weghorst/255205/;wout-weghorst;255205.0;afc-ajax;W. Weghorst;
methodmich;T. Lauritsen;23;;T. Lauritsen;A;/players/tobias-lauritsen/406745/;tobias-lauritsen;406745.0;sparta-rotterdam-bv;T. Lauritsen;3.0
FMNederland;V. Barkas;23;1.0;V. Barkas;K;/players/vasileios-barkas/272919/;vasileios-barkas;272919.0;stichting-fc-utrecht;V. Barkas;3.0
FMNederland;M. Kohlert;23;11.0;M. Köhlert;V;/players/mats-kohlert/400423/;mats-kohlert;400423.0;sportclub-heerenveen;M. Kohlert;2.0
FMNederland;M. Deijl;23;2.0;M. Deijl;V;/players/mats-deijl/402457/;mats-deijl;402457.0;stichting-go-ahead-eagles;M. Deijl;
FMNederland;C. Verdonk;23;24.0;C. Verdonk;V;/players/calvin-verdonk/319288/;calvin-verdonk;319288.0;nijmegen-eendracht-combinatie;C. Verdonk;
FMNederland;O. Boscagli;23;18.0;O. Boscagli;V;/players/olivier-boscagli/329542/;olivier-boscagli;329542.0;psv-nv;O. Boscagli;3.39
FMNederland;S. Bastien;23;22.0;S. Bastien;M;/players/samuel-bastien/314097/;samuel-bastien;314097.0;fortuna-sittard;S. Bastien;3.0
FMNederland;S. Steijn;23;14.0;S. Steijn;M;/players/sem-steijn/560623/;sem-steijn;560623.0;stichting-fc-twente-65;S. Steijn;
FMNederland;Q. Timber;23;8.0;Q. Timber;M;/players/quinten-maduro/463017/;quinten-maduro;463017.0;feyenoord-rotterdam-nv;Q. Timber;
FMNederland;T. Robinet;23;9.0;T. Robinet;A;/players/thomas-robinet/312659/;thomas-robinet;312659.0;fc-omniworld;T. Robinet;
FMNederland;T. Lauritsen;23;;T. Lauritsen;A;/players/tobias-lauritsen/406745/;tobias-lauritsen;406745.0;sparta-rotterdam-bv;T. Lauritsen;3.0
FMNederland;T. Parrott;23;9.0;T. Parrott;A;/players/troy-parrot/515624/;troy-parrot;515624.0;stichting-az;T. Parrott;2.0
crispy;L. Unnerstall;23;1.0;L. Unnerstall;K;/players/lars-unnerstall/81320/;lars-unnerstall;81320.0;stichting-fc-twente-65;L. Unnerstall;
crispy;B. Pereira;23;2.0;B. Pereira;V;/players/brayann-pereira/640596/;brayann-pereira;640596.0;nijmegen-eendracht-combinatie;B. Pereira;
crispy;S. El Karouani;23;16.0;S. El Karouani;V;/players/souffian-elkarouani/537878/;souffian-elkarouani;537878.0;stichting-fc-utrecht;S. El Karouani;15.0
crispy;M. Deijl;23;2.0;M. Deijl;V;/players/mats-deijl/402457/;mats-deijl;402457.0;stichting-go-ahead-eagles;M. Deijl;
crispy;D. Hancko;23;33.0;D. Hancko;V;/players/david-hancko/391059/;david-hancko;391059.0;feyenoord-rotterdam-nv;D. Hancko;
crispy;J. Schreuders;23;14.0;J. Schreuders;M;/players/jorg-schreuders/877779/;jorg-schreuders;877779.0;stichting-fc-groningen;J. Schreuders;0.53
crispy;A. Verschueren;23;32.0;A. Verschueren;M;/players/arno-vershueren/319385/;arno-vershueren;319385.0;stichting-fc-twente-65;A. Verschueren;19.0
crispy;S. Mijnans;23;10.0;S. Mijnans;M;/players/sven-mijnans/566000/;sven-mijnans;566000.0;stichting-az;S. Mijnans;3.0
crispy;D. Vente;23;9.0;D. Vente;A;/players/dylan-vente/426585/;dylan-vente;426585.0;bvo-fc-zwolle;D. Vente;15.83
crispy;K. Taylor;23;8.0;K. Taylor;M;/players/kenneth-taylor/508784/;kenneth-taylor;508784.0;afc-ajax;K. Taylor;
crispy;O. Boscagli;23;18.0;O. Boscagli;V;/players/olivier-boscagli/329542/;olivier-boscagli;329542.0;psv-nv;O. Boscagli;3.39
svvthomas;N. Olij;23;;N. Olij;K;/players/nick-olij/235322/;nick-olij;235322.0;sparta-rotterdam-bv;N. Olij;4.0
svvthomas;M. Deijl;23;2.0;M. Deijl;V;/players/mats-deijl/402457/;mats-deijl;402457.0;stichting-go-ahead-eagles;M. Deijl;
svvthomas;D. Hancko;23;33.0;D. Hancko;V;/players/david-hancko/391059/;david-hancko;391059.0;feyenoord-rotterdam-nv;D. Hancko;
svvthomas;D. Mirani;23;4.0;D. Mirani;V;/players/damon-mirani/289811/;damon-mirani;289811.0;stichting-heracles-almelo;D. Mirani;3.0
svvthomas;C. Sandra;23;14.0;C. Sandra;M;/players/cisse-sandra/638266/;cisse-sandra;638266.0;sbv-willem-ii-tilburg;C. Sandra;1.47
svvthomas;K. Ogawa;23;18.0;K. Ogawa;A;/players/koki-ogawa/435835/;koki-ogawa;435835.0;nijmegen-eendracht-combinatie;K. Ogawa;
svvthomas;L. Brouwers;23;8.0;L. Brouwers;M;/players/luuk-brouwers/402458/;luuk-brouwers;402458.0;sportclub-heerenveen;L. Brouwers;
svvthomas;S. Steijn;23;14.0;S. Steijn;M;/players/sem-steijn/560623/;sem-steijn;560623.0;stichting-fc-twente-65;S. Steijn;
svvthomas;T. Parrott;23;9.0;T. Parrott;A;/players/troy-parrot/515624/;troy-parrot;515624.0;stichting-az;T. Parrott;2.0
svvthomas;L. de Jong;23;9.0;L. de Jong;A;/players/luuk-de-jong/65056/;luuk-de-jong;65056.0;psv-nv;L. de Jong;8.39
svvthomas;D. Klaassen;23;18.0;D. Klaassen;M;/players/davy-klaassen/158581/;davy-klaassen;158581.0;afc-ajax;D. Klaassen;
El Cid;L. Unnerstall;23;1.0;L. Unnerstall;K;/players/lars-unnerstall/81320/;lars-unnerstall;81320.0;stichting-fc-twente-65;L. Unnerstall;
El Cid;P. Bochniewicz;23;5.0;P. Bochniewicz;V;/players/pawe-bochniewicz/273911/;pawe-bochniewicz;273911.0;sportclub-heerenveen;P. Bochniewicz;
El Cid;B. Nieuwkoop;23;2.0;B. Nieuwkoop;V;/players/bart-nieuwkoop/275124/;bart-nieuwkoop;275124.0;feyenoord-rotterdam-nv;B. Nieuwkoop;
El Cid;D. van der Kust;23;;D. van der Kust;V;/players/djevencio-van-der-kust/569309/;djevencio-van-der-kust;569309.0;sparta-rotterdam-bv;D. van der Kust;0.0
El Cid;A. Halilovic;23;10.0;A. Halilović;M;/players/alen-halilovi/270136/;alen-halilovi;270136.0;fortuna-sittard;A. Halilovic;2.6
El Cid;L. Valente;23;10.0;L. Valente;M;/players/luciano-valente/703884/;luciano-valente;703884.0;stichting-fc-groningen;L. Valente;16.47
El Cid;V. Jensen;23;7.0;V. Jensen;M;/players/victor-jensen/460509/;victor-jensen;460509.0;stichting-fc-utrecht;V. Jensen;1.07
El Cid;D. Proper;23;71.0;D. Proper;M;/players/dirk-proper/525939/;dirk-proper;525939.0;nijmegen-eendracht-combinatie;D. Proper;
El Cid;B. Traore;23;20.0;B. Traoré;A;/players/bertrand-traore/102801/;bertrand-traore;102801.0;afc-ajax;B. Traore;
El Cid;L. de Jong;23;9.0;L. de Jong;A;/players/luuk-de-jong/65056/;luuk-de-jong;65056.0;psv-nv;L. de Jong;8.39
El Cid;T. Parrott;23;9.0;T. Parrott;A;/players/troy-parrot/515624/;troy-parrot;515624.0;stichting-az;T. Parrott;2.0
Otis.;V. Barkas;23;1.0;V. Barkas;K;/players/vasileios-barkas/272919/;vasileios-barkas;272919.0;stichting-fc-utrecht;V. Barkas;3.0
Otis.;M. Deijl;23;2.0;M. Deijl;V;/players/mats-deijl/402457/;mats-deijl;402457.0;stichting-go-ahead-eagles;M. Deijl;
Otis.;M. Hilgers;23;2.0;M. Hilgers;V;/players/mees-hilgers/627701/;mees-hilgers;627701.0;stichting-fc-twente-65;M. Hilgers;
Otis.;J. Hato;23;4.0;J. Hato;V;/players/jorrel-hato/783173/;jorrel-hato;783173.0;afc-ajax;J. Hato;
Otis.;J. Trenskow;23;20.0;J. Trenskow;A;/players/jacob-trenskow/672937/;jacob-trenskow;672937.0;sportclub-heerenveen;J. Trenskow;2.43
Otis.;S. Mijnans;23;10.0;S. Mijnans;M;/players/sven-mijnans/566000/;sven-mijnans;566000.0;stichting-az;S. Mijnans;3.0
Otis.;Rober;23;7.0;Róber;M;/players/roberto-gonzalez-bayon/500171/;roberto-gonzalez-bayon;500171.0;nijmegen-eendracht-combinatie;Rober;
Otis.;P. Clement;23;;P. Clement;M;/players/pelle-clement/379793/;pelle-clement;379793.0;sparta-rotterdam-bv;P. Clement;0.28
Otis.;D. Hancko;23;33.0;D. Hancko;V;/players/david-hancko/391059/;david-hancko;391059.0;feyenoord-rotterdam-nv;D. Hancko;
Otis.;L. de Jong;23;9.0;L. de Jong;A;/players/luuk-de-jong/65056/;luuk-de-jong;65056.0;psv-nv;L. de Jong;8.39
Otis.;L. Kulenovic;23;19.0;L. Kulenović;A;/players/luka-kulenovi/631882/;luka-kulenovi;631882.0;stichting-heracles-almelo;L. Kulenovic;
Gordon Shumway;S. Steijn;23;14.0;S. Steijn;M;/players/sem-steijn/560623/;sem-steijn;560623.0;stichting-fc-twente-65;S. Steijn;
Gordon Shumway;B. Nieuwkoop;23;2.0;B. Nieuwkoop;V;/players/bart-nieuwkoop/275124/;bart-nieuwkoop;275124.0;feyenoord-rotterdam-nv;B. Nieuwkoop;
Gordon Shumway;J. Hato;23;4.0;J. Hato;V;/players/jorrel-hato/783173/;jorrel-hato;783173.0;afc-ajax;J. Hato;
Gordon Shumway;M. Kohlert;23;11.0;M. Köhlert;V;/players/mats-kohlert/400423/;mats-kohlert;400423.0;sportclub-heerenveen;M. Kohlert;2.0
Gordon Shumway;C. Neghli;23;;C. Neghli;A;/players/camiel-neghli/680707/;camiel-neghli;680707.0;sparta-rotterdam-bv;C. Neghli;3.0
Gordon Shumway;L. Valente;23;10.0;L. Valente;M;/players/luciano-valente/703884/;luciano-valente;703884.0;stichting-fc-groningen;L. Valente;16.47
Gordon Shumway;D. Proper;23;71.0;D. Proper;M;/players/dirk-proper/525939/;dirk-proper;525939.0;nijmegen-eendracht-combinatie;D. Proper;
Gordon Shumway;V. Jensen;23;7.0;V. Jensen;M;/players/victor-jensen/460509/;victor-jensen;460509.0;stichting-fc-utrecht;V. Jensen;1.07
Gordon Shumway;L. de Jong;23;9.0;L. de Jong;A;/players/luuk-de-jong/65056/;luuk-de-jong;65056.0;psv-nv;L. de Jong;8.39
Gordon Shumway;!K. Sierhuis;23;;;;;;;;;
Gordon Shumway;T. Parrott;23;9.0;T. Parrott;A;/players/troy-parrot/515624/;troy-parrot;515624.0;stichting-az;T. Parrott;2.0
Suikerbrood;N. Olij;23;;N. Olij;K;/players/nick-olij/235322/;nick-olij;235322.0;sparta-rotterdam-bv;N. Olij;4.0
Suikerbrood;S. Olsson;23;19.0;S. Olsson;M;/players/simon-olsson/423888/;simon-olsson;423888.0;sportclub-heerenveen;S. Olsson;
Suikerbrood;D. Rensch;23;2.0;D. Rensch;V;/players/devyne-rensch/601396/;devyne-rensch;601396.0;afc-ajax;D. Rensch;
Suikerbrood;J. Amofa;23;25.0;J. Amofa;V;/players/jamal-amofa/668121/;jamal-amofa;668121.0;stichting-go-ahead-eagles;J. Amofa;
Suikerbrood;N. Viergever;23;24.0;N. Viergever;V;/players/nick--viergever/78529/;nick--viergever;78529.0;stichting-fc-utrecht;N. Viergever;2.64
Suikerbrood;D. Proper;23;71.0;D. Proper;M;/players/dirk-proper/525939/;dirk-proper;525939.0;nijmegen-eendracht-combinatie;D. Proper;
Suikerbrood;M. Vlap;23;18.0;M. Vlap;M;/players/michel-vlap/407742/;michel-vlap;407742.0;stichting-fc-twente-65;M. Vlap;
Suikerbrood;A. Halilovic;23;10.0;A. Halilović;M;/players/alen-halilovi/270136/;alen-halilovi;270136.0;fortuna-sittard;A. Halilovic;2.6
Suikerbrood;A. Ueda;23;9.0;A. Ueda;A;/players/ayase-ueda/551425/;ayase-ueda;551425.0;feyenoord-rotterdam-nv;A. Ueda;
Suikerbrood;R. van Bommel;23;7.0;R. van Bommel;A;/players/ruben-van-bommel/834074/;ruben-van-bommel;834074.0;stichting-az;R. van Bommel;
Suikerbrood;L. de Jong;23;9.0;L. de Jong;A;/players/luuk-de-jong/65056/;luuk-de-jong;65056.0;psv-nv;L. de Jong;8.39
EnGCatjuh;R. Roefs;23;22.0;R. Roefs;K;/players/robin-roefs/636190/;robin-roefs;636190.0;nijmegen-eendracht-combinatie;R. Roefs;
EnGCatjuh;M. Kohlert;23;11.0;M. Köhlert;V;/players/mats-kohlert/400423/;mats-kohlert;400423.0;sportclub-heerenveen;M. Kohlert;2.0
EnGCatjuh;O. Boscagli;23;18.0;O. Boscagli;V;/players/olivier-boscagli/329542/;olivier-boscagli;329542.0;psv-nv;O. Boscagli;3.39
EnGCatjuh;S. El Karouani;23;16.0;S. El Karouani;V;/players/souffian-elkarouani/537878/;souffian-elkarouani;537878.0;stichting-fc-utrecht;S. El Karouani;15.0
EnGCatjuh;Igor Paixao;23;14.0;Igor Paixão;A;/players/igor-guilherme-barbosa-da-paixao/593041/;igor-guilherme-barbosa-da-paixao;593041.0;feyenoord-rotterdam-nv;Igor Paixao;
EnGCatjuh;J. Schreuders;23;14.0;J. Schreuders;M;/players/jorg-schreuders/877779/;jorg-schreuders;877779.0;stichting-fc-groningen;J. Schreuders;0.53
EnGCatjuh;S. Adewoye;23;4.0;S. Adewoye;V;/players/shawn-adewoye/618207/;shawn-adewoye;618207.0;fortuna-sittard;S. Adewoye;-0.47
EnGCatjuh;S. Steijn;23;14.0;S. Steijn;M;/players/sem-steijn/560623/;sem-steijn;560623.0;stichting-fc-twente-65;S. Steijn;
EnGCatjuh;T. Parrott;23;9.0;T. Parrott;A;/players/troy-parrot/515624/;troy-parrot;515624.0;stichting-az;T. Parrott;2.0
EnGCatjuh;B. Brobbey;23;9.0;B. Brobbey;A;/players/brian-brobbey/520146/;brian-brobbey;520146.0;afc-ajax;B. Brobbey;
EnGCatjuh;R. Meerveld;23;16.0;R. Meerveld;M;/players/ringo-meerveld/623815/;ringo-meerveld;623815.0;sbv-willem-ii-tilburg;R. Meerveld;3.0
Vishandel Makaay;R. Pasveer;23;22.0;R. Pasveer;K;/players/remko-pasveer/49689/;remko-pasveer;49689.0;afc-ajax;R. Pasveer;
Vishandel Makaay;R. Flamingo;23;6.0;R. Flamingo;V;/players/ryan-flamingo/627724/;ryan-flamingo;627724.0;psv-nv;R. Flamingo;3.0
Vishandel Makaay;J. Lelieveld;23;2.0;J. Lelieveld;V;/players/julian-lelieveld/407738/;julian-lelieveld;407738.0;rkc-waalwijk;J. Lelieveld;12.83
Vishandel Makaay;K. Leerdam;23;18.0;K. Leerdam;V;/players/kelvin-leerdam/68354/;kelvin-leerdam;68354.0;stichting-heracles-almelo;K. Leerdam;0.0
Vishandel Makaay;M. Dijks;23;35.0;M. Dijks;V;/players/mitchel-dijks/219029/;mitchel-dijks;219029.0;fortuna-sittard;M. Dijks;-9.0
Vishandel Makaay;T. Oosting;23;25.0;T. Oosting;M;/players/thijs-oosting/477591/;thijs-oosting;477591.0;stichting-fc-groningen;T. Oosting;5.33
Vishandel Makaay;E. van Ee;23;21.0;E. van Ee;M;/players/espen-van-ee/921919/;espen-van-ee;921919.0;sportclub-heerenveen;E. van Ee;3.0
Vishandel Makaay;P. Aaronson;23;21.0;P. Aaronson;M;/players/paxten-aaronson/576828/;paxten-aaronson;576828.0;stichting-fc-utrecht;P. Aaronson;2.0
Vishandel Makaay;A. Hadj Moussa;23;23.0;A. Hadj Moussa;A;/players/anis--hadj-moussa/755639/;anis--hadj-moussa;755639.0;feyenoord-rotterdam-nv;A. Hadj Moussa;
Vishandel Makaay;R. van Wolfswinkel;23;9.0;R. van Wolfswinkel;A;/players/ricky-van-wolfswinkel/59407/;ricky-van-wolfswinkel;59407.0;stichting-fc-twente-65;R. van Wolfswinkel;
Vishandel Makaay;M. Meerdink;23;35.0;M. Meerdink;A;/players/mexx-meerdink/796451/;mexx-meerdink;796451.0;stichting-az;M. Meerdink;9.0
Friggles;L. Unnerstall;23;1.0;L. Unnerstall;K;/players/lars-unnerstall/81320/;lars-unnerstall;81320.0;stichting-fc-twente-65;L. Unnerstall;
Friggles;T. Quintero;23;;T. Quintero;V;/players/teo-quintero/565562/;teo-quintero;565562.0;sparta-rotterdam-bv;T. Quintero;0.0
Friggles;M. Deijl;23;2.0;M. Deijl;V;/players/mats-deijl/402457/;mats-deijl;402457.0;stichting-go-ahead-eagles;M. Deijl;
Friggles;S. El Karouani;23;16.0;S. El Karouani;V;/players/souffian-elkarouani/537878/;souffian-elkarouani;537878.0;stichting-fc-utrecht;S. El Karouani;15.0
Friggles;S. Mijnans;23;10.0;S. Mijnans;M;/players/sven-mijnans/566000/;sven-mijnans;566000.0;stichting-az;S. Mijnans;3.0
Friggles;D. Proper;23;71.0;D. Proper;M;/players/dirk-proper/525939/;dirk-proper;525939.0;nijmegen-eendracht-combinatie;D. Proper;
Friggles;M. Kohlert;23;11.0;M. Köhlert;V;/players/mats-kohlert/400423/;mats-kohlert;400423.0;sportclub-heerenveen;M. Kohlert;2.0
Friggles;S. 't Zand;23;25.0;S. 't Zand;M;/players/shiloh-t-zand/824640/;shiloh-t-zand;824640.0;feyenoord-rotterdam-nv;S. 't Zand;0.0
Friggles;Q. Timber;23;8.0;Q. Timber;M;/players/quinten-maduro/463017/;quinten-maduro;463017.0;feyenoord-rotterdam-nv;Q. Timber;
Friggles;L. de Jong;23;9.0;L. de Jong;A;/players/luuk-de-jong/65056/;luuk-de-jong;65056.0;psv-nv;L. de Jong;8.39
Friggles;B. Brobbey;23;9.0;B. Brobbey;A;/players/brian-brobbey/520146/;brian-brobbey;520146.0;afc-ajax;B. Brobbey;
Jay-Jay;N. Olij;23;;N. Olij;K;/players/nick-olij/235322/;nick-olij;235322.0;sparta-rotterdam-bv;N. Olij;4.0
Jay-Jay;S. Maikuma;23;16.0;S. Maikuma;V;/players/seiya-maikuma/651537/;seiya-maikuma;651537.0;stichting-az;S. Maikuma;1.0
Jay-Jay;M. Deijl;23;2.0;M. Deijl;V;/players/mats-deijl/402457/;mats-deijl;402457.0;stichting-go-ahead-eagles;M. Deijl;
Jay-Jay;S. El Karouani;23;16.0;S. El Karouani;V;/players/souffian-elkarouani/537878/;souffian-elkarouani;537878.0;stichting-fc-utrecht;S. El Karouani;15.0
Jay-Jay;Ivo Pinto;23;12.0;Ivo Pinto;V;/players/ivo-pinto/86672/;ivo-pinto;86672.0;fortuna-sittard;Ivo Pinto;-0.47
Jay-Jay;J. Veerman;23;23.0;J. Veerman;M;/players/joey--veerman/459312/;joey--veerman;459312.0;psv-nv;J. Veerman;10.0
Jay-Jay;R. Meerveld;23;16.0;R. Meerveld;M;/players/ringo-meerveld/623815/;ringo-meerveld;623815.0;sbv-willem-ii-tilburg;R. Meerveld;3.0
Jay-Jay;B. Linssen;23;30.0;B. Linssen;A;/players/brian-linssen/52888/;brian-linssen;52888.0;nijmegen-eendracht-combinatie;B. Linssen;
Jay-Jay;Q. Timber;23;8.0;Q. Timber;M;/players/quinten-maduro/463017/;quinten-maduro;463017.0;feyenoord-rotterdam-nv;Q. Timber;
Jay-Jay;B. Brobbey;23;9.0;B. Brobbey;A;/players/brian-brobbey/520146/;brian-brobbey;520146.0;afc-ajax;B. Brobbey;
Jay-Jay;S. Lammers;23;10.0;S. Lammers;A;/players/sam-lammers/407736/;sam-lammers;407736.0;stichting-fc-twente-65;S. Lammers;
Rucebo;V. Barkas;23;1.0;V. Barkas;K;/players/vasileios-barkas/272919/;vasileios-barkas;272919.0;stichting-fc-utrecht;V. Barkas;3.0
Rucebo;Ivo Pinto;23;12.0;Ivo Pinto;V;/players/ivo-pinto/86672/;ivo-pinto;86672.0;fortuna-sittard;Ivo Pinto;-0.47
Rucebo;J. Hato;23;4.0;J. Hato;V;/players/jorrel-hato/783173/;jorrel-hato;783173.0;afc-ajax;J. Hato;
Rucebo;D. Hancko;23;33.0;D. Hancko;V;/players/david-hancko/391059/;david-hancko;391059.0;feyenoord-rotterdam-nv;D. Hancko;
Rucebo;M. Deijl;23;2.0;M. Deijl;V;/players/mats-deijl/402457/;mats-deijl;402457.0;stichting-go-ahead-eagles;M. Deijl;
Rucebo;S. Steijn;23;14.0;S. Steijn;M;/players/sem-steijn/560623/;sem-steijn;560623.0;stichting-fc-twente-65;S. Steijn;
Rucebo;A. Verschueren;23;32.0;A. Verschueren;M;/players/arno-vershueren/319385/;arno-vershueren;319385.0;stichting-fc-twente-65;A. Verschueren;19.0
Rucebo;L. Brouwers;23;8.0;L. Brouwers;M;/players/luuk-brouwers/402458/;luuk-brouwers;402458.0;sportclub-heerenveen;L. Brouwers;
Rucebo;T. Parrott;23;9.0;T. Parrott;A;/players/troy-parrot/515624/;troy-parrot;515624.0;stichting-az;T. Parrott;2.0
Rucebo;L. de Jong;23;9.0;L. de Jong;A;/players/luuk-de-jong/65056/;luuk-de-jong;65056.0;psv-nv;L. de Jong;8.39
Rucebo;K. Ogawa;23;18.0;K. Ogawa;A;/players/koki-ogawa/435835/;koki-ogawa;435835.0;nijmegen-eendracht-combinatie;K. Ogawa;
tukkeRoel;V. Barkas;24;1.0;V. Barkas;K;/players/vasileios-barkas/272919/;vasileios-barkas;272919.0;stichting-fc-utrecht;V. Barkas;
tukkeRoel;D. Hancko;24;33.0;D. Hancko;V;/players/david-hancko/391059/;david-hancko;391059.0;feyenoord-rotterdam-nv;D. Hancko;
tukkeRoel;J. Hato;24;4.0;J. Hato;V;/players/jorrel-hato/783173/;jorrel-hato;783173.0;afc-ajax;J. Hato;
tukkeRoel;M. Kohlert;24;11.0;M. Köhlert;V;/players/mats-kohlert/400423/;mats-kohlert;400423.0;sportclub-heerenveen;M. Kohlert;
tukkeRoel;C. Verdonk;24;24.0;C. Verdonk;V;/players/calvin-verdonk/319288/;calvin-verdonk;319288.0;nijmegen-eendracht-combinatie;C. Verdonk;
tukkeRoel;D. Mbayo;24;11.0;D. Mbayo;A;/players/dylan-mbayo/599681/;dylan-mbayo;599681.0;bvo-fc-zwolle;D. Mbayo;
tukkeRoel;S. Mijnans;24;10.0;S. Mijnans;M;/players/sven-mijnans/566000/;sven-mijnans;566000.0;stichting-az;S. Mijnans;
tukkeRoel;!A. Verschueren;24;;;;;;;;;
tukkeRoel;S. Steijn;24;14.0;S. Steijn;M;/players/sem-steijn/560623/;sem-steijn;560623.0;stichting-fc-twente-65;S. Steijn;
tukkeRoel;M. Deijl;24;2.0;M. Deijl;V;/players/mats-deijl/402457/;mats-deijl;402457.0;stichting-go-ahead-eagles;M. Deijl;
tukkeRoel;L. de Jong;24;9.0;L. de Jong;A;/players/luuk-de-jong/65056/;luuk-de-jong;65056.0;psv-nv;L. de Jong;
methodmich;V. Barkas;24;1.0;V. Barkas;K;/players/vasileios-barkas/272919/;vasileios-barkas;272919.0;stichting-fc-utrecht;V. Barkas;
methodmich;M. Dijks;24;35.0;M. Dijks;V;/players/mitchel-dijks/219029/;mitchel-dijks;219029.0;fortuna-sittard;M. Dijks;
methodmich;D. Hancko;24;33.0;D. Hancko;V;/players/david-hancko/391059/;david-hancko;391059.0;feyenoord-rotterdam-nv;D. Hancko;
methodmich;M. Kohlert;24;11.0;M. Köhlert;V;/players/mats-kohlert/400423/;mats-kohlert;400423.0;sportclub-heerenveen;M. Kohlert;
methodmich;S. Mijnans;24;10.0;S. Mijnans;M;/players/sven-mijnans/566000/;sven-mijnans;566000.0;stichting-az;S. Mijnans;
methodmich;S. 't Zand;24;25.0;S. 't Zand;M;/players/shiloh-t-zand/824640/;shiloh-t-zand;824640.0;feyenoord-rotterdam-nv;S. 't Zand;0.0
methodmich;S. Steijn;24;14.0;S. Steijn;M;/players/sem-steijn/560623/;sem-steijn;560623.0;stichting-fc-twente-65;S. Steijn;
methodmich;K. Sano;24;23.0;K. Sano;M;/players/kodai-sano/815318/;kodai-sano;815318.0;nijmegen-eendracht-combinatie;K. Sano;
methodmich;L. de Jong;24;9.0;L. de Jong;A;/players/luuk-de-jong/65056/;luuk-de-jong;65056.0;psv-nv;L. de Jong;
methodmich;W. Weghorst;24;25.0;W. Weghorst;A;/players/wout-weghorst/255205/;wout-weghorst;255205.0;afc-ajax;W. Weghorst;
methodmich;T. Lauritsen;24;;T. Lauritsen;A;/players/tobias-lauritsen/406745/;tobias-lauritsen;406745.0;sparta-rotterdam-bv;T. Lauritsen;
FMNederland;V. Barkas;24;1.0;V. Barkas;K;/players/vasileios-barkas/272919/;vasileios-barkas;272919.0;stichting-fc-utrecht;V. Barkas;
FMNederland;M. Kohlert;24;11.0;M. Köhlert;V;/players/mats-kohlert/400423/;mats-kohlert;400423.0;sportclub-heerenveen;M. Kohlert;
FMNederland;M. Deijl;24;2.0;M. Deijl;V;/players/mats-deijl/402457/;mats-deijl;402457.0;stichting-go-ahead-eagles;M. Deijl;
FMNederland;C. Verdonk;24;24.0;C. Verdonk;V;/players/calvin-verdonk/319288/;calvin-verdonk;319288.0;nijmegen-eendracht-combinatie;C. Verdonk;
FMNederland;O. Boscagli;24;18.0;O. Boscagli;V;/players/olivier-boscagli/329542/;olivier-boscagli;329542.0;psv-nv;O. Boscagli;
FMNederland;S. Bastien;24;22.0;S. Bastien;M;/players/samuel-bastien/314097/;samuel-bastien;314097.0;fortuna-sittard;S. Bastien;
FMNederland;S. Steijn;24;14.0;S. Steijn;M;/players/sem-steijn/560623/;sem-steijn;560623.0;stichting-fc-twente-65;S. Steijn;
FMNederland;Q. Timber;24;8.0;Q. Timber;M;/players/quinten-maduro/463017/;quinten-maduro;463017.0;feyenoord-rotterdam-nv;Q. Timber;
FMNederland;T. Robinet;24;9.0;T. Robinet;A;/players/thomas-robinet/312659/;thomas-robinet;312659.0;fc-omniworld;T. Robinet;
FMNederland;T. Lauritsen;24;;T. Lauritsen;A;/players/tobias-lauritsen/406745/;tobias-lauritsen;406745.0;sparta-rotterdam-bv;T. Lauritsen;
FMNederland;T. Parrott;24;9.0;T. Parrott;A;/players/troy-parrot/515624/;troy-parrot;515624.0;stichting-az;T. Parrott;
crispy;L. Unnerstall;24;1.0;L. Unnerstall;K;/players/lars-unnerstall/81320/;lars-unnerstall;81320.0;stichting-fc-twente-65;L. Unnerstall;
crispy;B. Pereira;24;2.0;B. Pereira;V;/players/brayann-pereira/640596/;brayann-pereira;640596.0;nijmegen-eendracht-combinatie;B. Pereira;
crispy;S. El Karouani;24;16.0;S. El Karouani;V;/players/souffian-elkarouani/537878/;souffian-elkarouani;537878.0;stichting-fc-utrecht;S. El Karouani;
crispy;M. Deijl;24;2.0;M. Deijl;V;/players/mats-deijl/402457/;mats-deijl;402457.0;stichting-go-ahead-eagles;M. Deijl;
crispy;D. Hancko;24;33.0;D. Hancko;V;/players/david-hancko/391059/;david-hancko;391059.0;feyenoord-rotterdam-nv;D. Hancko;
crispy;J. Schreuders;24;14.0;J. Schreuders;M;/players/jorg-schreuders/877779/;jorg-schreuders;877779.0;stichting-fc-groningen;J. Schreuders;2.04
crispy;!A. Verschueren;24;;;;;;;;;
crispy;S. Mijnans;24;10.0;S. Mijnans;M;/players/sven-mijnans/566000/;sven-mijnans;566000.0;stichting-az;S. Mijnans;
crispy;D. Vente;24;9.0;D. Vente;A;/players/dylan-vente/426585/;dylan-vente;426585.0;bvo-fc-zwolle;D. Vente;
crispy;K. Taylor;24;8.0;K. Taylor;M;/players/kenneth-taylor/508784/;kenneth-taylor;508784.0;afc-ajax;K. Taylor;
crispy;O. Boscagli;24;18.0;O. Boscagli;V;/players/olivier-boscagli/329542/;olivier-boscagli;329542.0;psv-nv;O. Boscagli;
svvthomas;N. Olij;24;;N. Olij;K;/players/nick-olij/235322/;nick-olij;235322.0;sparta-rotterdam-bv;N. Olij;
svvthomas;M. Deijl;24;2.0;M. Deijl;V;/players/mats-deijl/402457/;mats-deijl;402457.0;stichting-go-ahead-eagles;M. Deijl;
svvthomas;D. Hancko;24;33.0;D. Hancko;V;/players/david-hancko/391059/;david-hancko;391059.0;feyenoord-rotterdam-nv;D. Hancko;
svvthomas;D. Mirani;24;4.0;D. Mirani;V;/players/damon-mirani/289811/;damon-mirani;289811.0;stichting-heracles-almelo;D. Mirani;3.0
svvthomas;C. Sandra;24;14.0;C. Sandra;M;/players/cisse-sandra/638266/;cisse-sandra;638266.0;sbv-willem-ii-tilburg;C. Sandra;
svvthomas;K. Ogawa;24;18.0;K. Ogawa;A;/players/koki-ogawa/435835/;koki-ogawa;435835.0;nijmegen-eendracht-combinatie;K. Ogawa;
svvthomas;L. Brouwers;24;8.0;L. Brouwers;M;/players/luuk-brouwers/402458/;luuk-brouwers;402458.0;sportclub-heerenveen;L. Brouwers;
svvthomas;S. Steijn;24;14.0;S. Steijn;M;/players/sem-steijn/560623/;sem-steijn;560623.0;stichting-fc-twente-65;S. Steijn;
svvthomas;T. Parrott;24;9.0;T. Parrott;A;/players/troy-parrot/515624/;troy-parrot;515624.0;stichting-az;T. Parrott;
svvthomas;L. de Jong;24;9.0;L. de Jong;A;/players/luuk-de-jong/65056/;luuk-de-jong;65056.0;psv-nv;L. de Jong;
svvthomas;D. Klaassen;24;18.0;D. Klaassen;M;/players/davy-klaassen/158581/;davy-klaassen;158581.0;afc-ajax;D. Klaassen;
El Cid;L. Unnerstall;24;1.0;L. Unnerstall;K;/players/lars-unnerstall/81320/;lars-unnerstall;81320.0;stichting-fc-twente-65;L. Unnerstall;
El Cid;P. Bochniewicz;24;5.0;P. Bochniewicz;V;/players/pawe-bochniewicz/273911/;pawe-bochniewicz;273911.0;sportclub-heerenveen;P. Bochniewicz;
El Cid;B. Nieuwkoop;24;2.0;B. Nieuwkoop;V;/players/bart-nieuwkoop/275124/;bart-nieuwkoop;275124.0;feyenoord-rotterdam-nv;B. Nieuwkoop;
El Cid;D. van der Kust;24;;D. van der Kust;V;/players/djevencio-van-der-kust/569309/;djevencio-van-der-kust;569309.0;sparta-rotterdam-bv;D. van der Kust;
El Cid;A. Halilovic;24;10.0;A. Halilović;M;/players/alen-halilovi/270136/;alen-halilovi;270136.0;fortuna-sittard;A. Halilovic;
El Cid;L. Valente;24;10.0;L. Valente;M;/players/luciano-valente/703884/;luciano-valente;703884.0;stichting-fc-groningen;L. Valente;2.89
El Cid;V. Jensen;24;7.0;V. Jensen;M;/players/victor-jensen/460509/;victor-jensen;460509.0;stichting-fc-utrecht;V. Jensen;
El Cid;D. Proper;24;71.0;D. Proper;M;/players/dirk-proper/525939/;dirk-proper;525939.0;nijmegen-eendracht-combinatie;D. Proper;
El Cid;B. Traore;24;20.0;B. Traoré;A;/players/bertrand-traore/102801/;bertrand-traore;102801.0;afc-ajax;B. Traore;
El Cid;L. de Jong;24;9.0;L. de Jong;A;/players/luuk-de-jong/65056/;luuk-de-jong;65056.0;psv-nv;L. de Jong;
El Cid;T. Parrott;24;9.0;T. Parrott;A;/players/troy-parrot/515624/;troy-parrot;515624.0;stichting-az;T. Parrott;
Otis.;V. Barkas;24;1.0;V. Barkas;K;/players/vasileios-barkas/272919/;vasileios-barkas;272919.0;stichting-fc-utrecht;V. Barkas;
Otis.;M. Deijl;24;2.0;M. Deijl;V;/players/mats-deijl/402457/;mats-deijl;402457.0;stichting-go-ahead-eagles;M. Deijl;
Otis.;M. Hilgers;24;2.0;M. Hilgers;V;/players/mees-hilgers/627701/;mees-hilgers;627701.0;stichting-fc-twente-65;M. Hilgers;
Otis.;J. Hato;24;4.0;J. Hato;V;/players/jorrel-hato/783173/;jorrel-hato;783173.0;afc-ajax;J. Hato;
Otis.;J. Trenskow;24;20.0;J. Trenskow;A;/players/jacob-trenskow/672937/;jacob-trenskow;672937.0;sportclub-heerenveen;J. Trenskow;
Otis.;S. Mijnans;24;10.0;S. Mijnans;M;/players/sven-mijnans/566000/;sven-mijnans;566000.0;stichting-az;S. Mijnans;
Otis.;Rober;24;7.0;Róber;M;/players/roberto-gonzalez-bayon/500171/;roberto-gonzalez-bayon;500171.0;nijmegen-eendracht-combinatie;Rober;
Otis.;P. Clement;24;;P. Clement;M;/players/pelle-clement/379793/;pelle-clement;379793.0;sparta-rotterdam-bv;P. Clement;
Otis.;D. Hancko;24;33.0;D. Hancko;V;/players/david-hancko/391059/;david-hancko;391059.0;feyenoord-rotterdam-nv;D. Hancko;
Otis.;L. de Jong;24;9.0;L. de Jong;A;/players/luuk-de-jong/65056/;luuk-de-jong;65056.0;psv-nv;L. de Jong;
Otis.;L. Kulenovic;24;19.0;L. Kulenović;A;/players/luka-kulenovi/631882/;luka-kulenovi;631882.0;stichting-heracles-almelo;L. Kulenovic;12.0
Gordon Shumway;S. Steijn;24;14.0;S. Steijn;M;/players/sem-steijn/560623/;sem-steijn;560623.0;stichting-fc-twente-65;S. Steijn;
Gordon Shumway;B. Nieuwkoop;24;2.0;B. Nieuwkoop;V;/players/bart-nieuwkoop/275124/;bart-nieuwkoop;275124.0;feyenoord-rotterdam-nv;B. Nieuwkoop;
Gordon Shumway;J. Hato;24;4.0;J. Hato;V;/players/jorrel-hato/783173/;jorrel-hato;783173.0;afc-ajax;J. Hato;
Gordon Shumway;M. Kohlert;24;11.0;M. Köhlert;V;/players/mats-kohlert/400423/;mats-kohlert;400423.0;sportclub-heerenveen;M. Kohlert;
Gordon Shumway;C. Neghli;24;;C. Neghli;A;/players/camiel-neghli/680707/;camiel-neghli;680707.0;sparta-rotterdam-bv;C. Neghli;
Gordon Shumway;L. Valente;24;10.0;L. Valente;M;/players/luciano-valente/703884/;luciano-valente;703884.0;stichting-fc-groningen;L. Valente;2.89
Gordon Shumway;D. Proper;24;71.0;D. Proper;M;/players/dirk-proper/525939/;dirk-proper;525939.0;nijmegen-eendracht-combinatie;D. Proper;
Gordon Shumway;V. Jensen;24;7.0;V. Jensen;M;/players/victor-jensen/460509/;victor-jensen;460509.0;stichting-fc-utrecht;V. Jensen;
Gordon Shumway;L. de Jong;24;9.0;L. de Jong;A;/players/luuk-de-jong/65056/;luuk-de-jong;65056.0;psv-nv;L. de Jong;
Gordon Shumway;!K. Sierhuis;24;;;;;;;;;
Gordon Shumway;T. Parrott;24;9.0;T. Parrott;A;/players/troy-parrot/515624/;troy-parrot;515624.0;stichting-az;T. Parrott;
Suikerbrood;N. Olij;24;;N. Olij;K;/players/nick-olij/235322/;nick-olij;235322.0;sparta-rotterdam-bv;N. Olij;
Suikerbrood;S. Olsson;24;19.0;S. Olsson;M;/players/simon-olsson/423888/;simon-olsson;423888.0;sportclub-heerenveen;S. Olsson;
Suikerbrood;D. Rensch;24;2.0;D. Rensch;V;/players/devyne-rensch/601396/;devyne-rensch;601396.0;afc-ajax;D. Rensch;
Suikerbrood;J. Amofa;24;25.0;J. Amofa;V;/players/jamal-amofa/668121/;jamal-amofa;668121.0;stichting-go-ahead-eagles;J. Amofa;
Suikerbrood;N. Viergever;24;24.0;N. Viergever;V;/players/nick--viergever/78529/;nick--viergever;78529.0;stichting-fc-utrecht;N. Viergever;
Suikerbrood;D. Proper;24;71.0;D. Proper;M;/players/dirk-proper/525939/;dirk-proper;525939.0;nijmegen-eendracht-combinatie;D. Proper;
Suikerbrood;M. Vlap;24;18.0;M. Vlap;M;/players/michel-vlap/407742/;michel-vlap;407742.0;stichting-fc-twente-65;M. Vlap;
Suikerbrood;A. Halilovic;24;10.0;A. Halilović;M;/players/alen-halilovi/270136/;alen-halilovi;270136.0;fortuna-sittard;A. Halilovic;
Suikerbrood;A. Ueda;24;9.0;A. Ueda;A;/players/ayase-ueda/551425/;ayase-ueda;551425.0;feyenoord-rotterdam-nv;A. Ueda;
Suikerbrood;R. van Bommel;24;7.0;R. van Bommel;A;/players/ruben-van-bommel/834074/;ruben-van-bommel;834074.0;stichting-az;R. van Bommel;
Suikerbrood;L. de Jong;24;9.0;L. de Jong;A;/players/luuk-de-jong/65056/;luuk-de-jong;65056.0;psv-nv;L. de Jong;
EnGCatjuh;R. Roefs;24;22.0;R. Roefs;K;/players/robin-roefs/636190/;robin-roefs;636190.0;nijmegen-eendracht-combinatie;R. Roefs;
EnGCatjuh;M. Kohlert;24;11.0;M. Köhlert;V;/players/mats-kohlert/400423/;mats-kohlert;400423.0;sportclub-heerenveen;M. Kohlert;
EnGCatjuh;O. Boscagli;24;18.0;O. Boscagli;V;/players/olivier-boscagli/329542/;olivier-boscagli;329542.0;psv-nv;O. Boscagli;
EnGCatjuh;S. El Karouani;24;16.0;S. El Karouani;V;/players/souffian-elkarouani/537878/;souffian-elkarouani;537878.0;stichting-fc-utrecht;S. El Karouani;
EnGCatjuh;Igor Paixao;24;14.0;Igor Paixão;A;/players/igor-guilherme-barbosa-da-paixao/593041/;igor-guilherme-barbosa-da-paixao;593041.0;feyenoord-rotterdam-nv;Igor Paixao;
EnGCatjuh;J. Schreuders;24;14.0;J. Schreuders;M;/players/jorg-schreuders/877779/;jorg-schreuders;877779.0;stichting-fc-groningen;J. Schreuders;2.04
EnGCatjuh;S. Adewoye;24;4.0;S. Adewoye;V;/players/shawn-adewoye/618207/;shawn-adewoye;618207.0;fortuna-sittard;S. Adewoye;
EnGCatjuh;S. Steijn;24;14.0;S. Steijn;M;/players/sem-steijn/560623/;sem-steijn;560623.0;stichting-fc-twente-65;S. Steijn;
EnGCatjuh;T. Parrott;24;9.0;T. Parrott;A;/players/troy-parrot/515624/;troy-parrot;515624.0;stichting-az;T. Parrott;
EnGCatjuh;B. Brobbey;24;9.0;B. Brobbey;A;/players/brian-brobbey/520146/;brian-brobbey;520146.0;afc-ajax;B. Brobbey;
EnGCatjuh;R. Meerveld;24;16.0;R. Meerveld;M;/players/ringo-meerveld/623815/;ringo-meerveld;623815.0;sbv-willem-ii-tilburg;R. Meerveld;
Vishandel Makaay;R. Pasveer;24;22.0;R. Pasveer;K;/players/remko-pasveer/49689/;remko-pasveer;49689.0;afc-ajax;R. Pasveer;
Vishandel Makaay;R. Flamingo;24;6.0;R. Flamingo;V;/players/ryan-flamingo/627724/;ryan-flamingo;627724.0;psv-nv;R. Flamingo;
Vishandel Makaay;J. Lelieveld;24;2.0;J. Lelieveld;V;/players/julian-lelieveld/407738/;julian-lelieveld;407738.0;rkc-waalwijk;J. Lelieveld;
Vishandel Makaay;K. Leerdam;24;18.0;K. Leerdam;V;/players/kelvin-leerdam/68354/;kelvin-leerdam;68354.0;stichting-heracles-almelo;K. Leerdam;0.0
Vishandel Makaay;M. Dijks;24;35.0;M. Dijks;V;/players/mitchel-dijks/219029/;mitchel-dijks;219029.0;fortuna-sittard;M. Dijks;
Vishandel Makaay;T. Oosting;24;25.0;T. Oosting;M;/players/thijs-oosting/477591/;thijs-oosting;477591.0;stichting-fc-groningen;T. Oosting;2.04
Vishandel Makaay;E. van Ee;24;21.0;E. van Ee;M;/players/espen-van-ee/921919/;espen-van-ee;921919.0;sportclub-heerenveen;E. van Ee;
Vishandel Makaay;P. Aaronson;24;21.0;P. Aaronson;M;/players/paxten-aaronson/576828/;paxten-aaronson;576828.0;stichting-fc-utrecht;P. Aaronson;
Vishandel Makaay;A. Hadj Moussa;24;23.0;A. Hadj Moussa;A;/players/anis--hadj-moussa/755639/;anis--hadj-moussa;755639.0;feyenoord-rotterdam-nv;A. Hadj Moussa;
Vishandel Makaay;R. van Wolfswinkel;24;9.0;R. van Wolfswinkel;A;/players/ricky-van-wolfswinkel/59407/;ricky-van-wolfswinkel;59407.0;stichting-fc-twente-65;R. van Wolfswinkel;
Vishandel Makaay;M. Meerdink;24;35.0;M. Meerdink;A;/players/mexx-meerdink/796451/;mexx-meerdink;796451.0;stichting-az;M. Meerdink;
Friggles;L. Unnerstall;24;1.0;L. Unnerstall;K;/players/lars-unnerstall/81320/;lars-unnerstall;81320.0;stichting-fc-twente-65;L. Unnerstall;
Friggles;T. Quintero;24;;T. Quintero;V;/players/teo-quintero/565562/;teo-quintero;565562.0;sparta-rotterdam-bv;T. Quintero;
Friggles;M. Deijl;24;2.0;M. Deijl;V;/players/mats-deijl/402457/;mats-deijl;402457.0;stichting-go-ahead-eagles;M. Deijl;
Friggles;S. El Karouani;24;16.0;S. El Karouani;V;/players/souffian-elkarouani/537878/;souffian-elkarouani;537878.0;stichting-fc-utrecht;S. El Karouani;
Friggles;S. Mijnans;24;10.0;S. Mijnans;M;/players/sven-mijnans/566000/;sven-mijnans;566000.0;stichting-az;S. Mijnans;
Friggles;D. Proper;24;71.0;D. Proper;M;/players/dirk-proper/525939/;dirk-proper;525939.0;nijmegen-eendracht-combinatie;D. Proper;
Friggles;M. Kohlert;24;11.0;M. Köhlert;V;/players/mats-kohlert/400423/;mats-kohlert;400423.0;sportclub-heerenveen;M. Kohlert;
Friggles;S. 't Zand;24;25.0;S. 't Zand;M;/players/shiloh-t-zand/824640/;shiloh-t-zand;824640.0;feyenoord-rotterdam-nv;S. 't Zand;0.0
Friggles;Q. Timber;24;8.0;Q. Timber;M;/players/quinten-maduro/463017/;quinten-maduro;463017.0;feyenoord-rotterdam-nv;Q. Timber;
Friggles;L. de Jong;24;9.0;L. de Jong;A;/players/luuk-de-jong/65056/;luuk-de-jong;65056.0;psv-nv;L. de Jong;
Friggles;B. Brobbey;24;9.0;B. Brobbey;A;/players/brian-brobbey/520146/;brian-brobbey;520146.0;afc-ajax;B. Brobbey;
Jay-Jay;N. Olij;24;;N. Olij;K;/players/nick-olij/235322/;nick-olij;235322.0;sparta-rotterdam-bv;N. Olij;
Jay-Jay;S. Maikuma;24;16.0;S. Maikuma;V;/players/seiya-maikuma/651537/;seiya-maikuma;651537.0;stichting-az;S. Maikuma;
Jay-Jay;M. Deijl;24;2.0;M. Deijl;V;/players/mats-deijl/402457/;mats-deijl;402457.0;stichting-go-ahead-eagles;M. Deijl;
Jay-Jay;S. El Karouani;24;16.0;S. El Karouani;V;/players/souffian-elkarouani/537878/;souffian-elkarouani;537878.0;stichting-fc-utrecht;S. El Karouani;
Jay-Jay;Ivo Pinto;24;12.0;Ivo Pinto;V;/players/ivo-pinto/86672/;ivo-pinto;86672.0;fortuna-sittard;Ivo Pinto;
Jay-Jay;J. Veerman;24;23.0;J. Veerman;M;/players/joey--veerman/459312/;joey--veerman;459312.0;psv-nv;J. Veerman;
Jay-Jay;R. Meerveld;24;16.0;R. Meerveld;M;/players/ringo-meerveld/623815/;ringo-meerveld;623815.0;sbv-willem-ii-tilburg;R. Meerveld;
Jay-Jay;B. Linssen;24;30.0;B. Linssen;A;/players/brian-linssen/52888/;brian-linssen;52888.0;nijmegen-eendracht-combinatie;B. Linssen;
Jay-Jay;Q. Timber;24;8.0;Q. Timber;M;/players/quinten-maduro/463017/;quinten-maduro;463017.0;feyenoord-rotterdam-nv;Q. Timber;
Jay-Jay;B. Brobbey;24;9.0;B. Brobbey;A;/players/brian-brobbey/520146/;brian-brobbey;520146.0;afc-ajax;B. Brobbey;
Jay-Jay;S. Lammers;24;10.0;S. Lammers;A;/players/sam-lammers/407736/;sam-lammers;407736.0;stichting-fc-twente-65;S. Lammers;
Rucebo;V. Barkas;24;1.0;V. Barkas;K;/players/vasileios-barkas/272919/;vasileios-barkas;272919.0;stichting-fc-utrecht;V. Barkas;
Rucebo;Ivo Pinto;24;12.0;Ivo Pinto;V;/players/ivo-pinto/86672/;ivo-pinto;86672.0;fortuna-sittard;Ivo Pinto;
Rucebo;J. Hato;24;4.0;J. Hato;V;/players/jorrel-hato/783173/;jorrel-hato;783173.0;afc-ajax;J. Hato;
Rucebo;D. Hancko;24;33.0;D. Hancko;V;/players/david-hancko/391059/;david-hancko;391059.0;feyenoord-rotterdam-nv;D. Hancko;
Rucebo;M. Deijl;24;2.0;M. Deijl;V;/players/mats-deijl/402457/;mats-deijl;402457.0;stichting-go-ahead-eagles;M. Deijl;
Rucebo;S. Steijn;24;14.0;S. Steijn;M;/players/sem-steijn/560623/;sem-steijn;560623.0;stichting-fc-twente-65;S. Steijn;
Rucebo;!A. Verschueren;24;;;;;;;;;
Rucebo;L. Brouwers;24;8.0;L. Brouwers;M;/players/luuk-brouwers/402458/;luuk-brouwers;402458.0;sportclub-heerenveen;L. Brouwers;
Rucebo;T. Parrott;24;9.0;T. Parrott;A;/players/troy-parrot/515624/;troy-parrot;515624.0;stichting-az;T. Parrott;
Rucebo;L. de Jong;24;9.0;L. de Jong;A;/players/luuk-de-jong/65056/;luuk-de-jong;65056.0;psv-nv;L. de Jong;
Rucebo;K. Ogawa;24;18.0;K. Ogawa;A;/players/koki-ogawa/435835/;koki-ogawa;435835.0;nijmegen-eendracht-combinatie;K. Ogawa;
tukkeRoel;V. Barkas;25;1.0;V. Barkas;K;/players/vasileios-barkas/272919/;vasileios-barkas;272919.0;stichting-fc-utrecht;V. Barkas;1.0
tukkeRoel;D. Hancko;25;33.0;D. Hancko;V;/players/david-hancko/391059/;david-hancko;391059.0;feyenoord-rotterdam-nv;D. Hancko;-1.0
tukkeRoel;J. Hato;25;4.0;J. Hato;V;/players/jorrel-hato/783173/;jorrel-hato;783173.0;afc-ajax;J. Hato;2.0
tukkeRoel;M. Kohlert;25;11.0;M. Köhlert;V;/players/mats-kohlert/400423/;mats-kohlert;400423.0;sportclub-heerenveen;M. Kohlert;2.0
tukkeRoel;C. Verdonk;25;24.0;C. Verdonk;V;/players/calvin-verdonk/319288/;calvin-verdonk;319288.0;nijmegen-eendracht-combinatie;C. Verdonk;1.0
tukkeRoel;D. Mbayo;25;11.0;D. Mbayo;A;/players/dylan-mbayo/599681/;dylan-mbayo;599681.0;bvo-fc-zwolle;D. Mbayo;4.0
tukkeRoel;S. Mijnans;25;10.0;S. Mijnans;M;/players/sven-mijnans/566000/;sven-mijnans;566000.0;stichting-az;S. Mijnans;17.0
tukkeRoel;M. Seuntjens;25;20.0;M. Seuntjens;M;/players/mats-seuntjes/194827/;mats-seuntjes;194827.0;stichting-fc-groningen;M. Seuntjens;2.37
tukkeRoel;S. Steijn;25;14.0;S. Steijn;M;/players/sem-steijn/560623/;sem-steijn;560623.0;stichting-fc-twente-65;S. Steijn;21.73
tukkeRoel;M. Deijl;25;2.0;M. Deijl;V;/players/mats-deijl/402457/;mats-deijl;402457.0;stichting-go-ahead-eagles;M. Deijl;5.0
tukkeRoel;L. de Jong;25;9.0;L. de Jong;A;/players/luuk-de-jong/65056/;luuk-de-jong;65056.0;psv-nv;L. de Jong;10.0
methodmich;V. Barkas;25;1.0;V. Barkas;K;/players/vasileios-barkas/272919/;vasileios-barkas;272919.0;stichting-fc-utrecht;V. Barkas;1.0
methodmich;M. Dijks;25;35.0;M. Dijks;V;/players/mitchel-dijks/219029/;mitchel-dijks;219029.0;fortuna-sittard;M. Dijks;
methodmich;D. Hancko;25;33.0;D. Hancko;V;/players/david-hancko/391059/;david-hancko;391059.0;feyenoord-rotterdam-nv;D. Hancko;-1.0
methodmich;M. Kohlert;25;11.0;M. Köhlert;V;/players/mats-kohlert/400423/;mats-kohlert;400423.0;sportclub-heerenveen;M. Kohlert;2.0
methodmich;S. Mijnans;25;10.0;S. Mijnans;M;/players/sven-mijnans/566000/;sven-mijnans;566000.0;stichting-az;S. Mijnans;17.0
methodmich;!S. 't Zand;25;;;;;;;;;
methodmich;S. Steijn;25;14.0;S. Steijn;M;/players/sem-steijn/560623/;sem-steijn;560623.0;stichting-fc-twente-65;S. Steijn;21.73
methodmich;K. Sano;25;23.0;K. Sano;M;/players/kodai-sano/815318/;kodai-sano;815318.0;nijmegen-eendracht-combinatie;K. Sano;
methodmich;L. de Jong;25;9.0;L. de Jong;A;/players/luuk-de-jong/65056/;luuk-de-jong;65056.0;psv-nv;L. de Jong;10.0
methodmich;W. Weghorst;25;25.0;W. Weghorst;A;/players/wout-weghorst/255205/;wout-weghorst;255205.0;afc-ajax;W. Weghorst;-0.56
methodmich;T. Lauritsen;25;;T. Lauritsen;A;/players/tobias-lauritsen/406745/;tobias-lauritsen;406745.0;sparta-rotterdam-bv;T. Lauritsen;14.0
FMNederland;V. Barkas;25;1.0;V. Barkas;K;/players/vasileios-barkas/272919/;vasileios-barkas;272919.0;stichting-fc-utrecht;V. Barkas;1.0
FMNederland;M. Kohlert;25;11.0;M. Köhlert;V;/players/mats-kohlert/400423/;mats-kohlert;400423.0;sportclub-heerenveen;M. Kohlert;2.0
FMNederland;M. Deijl;25;2.0;M. Deijl;V;/players/mats-deijl/402457/;mats-deijl;402457.0;stichting-go-ahead-eagles;M. Deijl;5.0
FMNederland;C. Verdonk;25;24.0;C. Verdonk;V;/players/calvin-verdonk/319288/;calvin-verdonk;319288.0;nijmegen-eendracht-combinatie;C. Verdonk;1.0
FMNederland;O. Boscagli;25;18.0;O. Boscagli;V;/players/olivier-boscagli/329542/;olivier-boscagli;329542.0;psv-nv;O. Boscagli;
FMNederland;S. Bastien;25;22.0;S. Bastien;M;/players/samuel-bastien/314097/;samuel-bastien;314097.0;fortuna-sittard;S. Bastien;
FMNederland;S. Steijn;25;14.0;S. Steijn;M;/players/sem-steijn/560623/;sem-steijn;560623.0;stichting-fc-twente-65;S. Steijn;21.73
FMNederland;Q. Timber;25;8.0;Q. Timber;M;/players/quinten-maduro/463017/;quinten-maduro;463017.0;feyenoord-rotterdam-nv;Q. Timber;10.0
FMNederland;T. Robinet;25;9.0;T. Robinet;A;/players/thomas-robinet/312659/;thomas-robinet;312659.0;fc-omniworld;T. Robinet;3.0
FMNederland;T. Lauritsen;25;;T. Lauritsen;A;/players/tobias-lauritsen/406745/;tobias-lauritsen;406745.0;sparta-rotterdam-bv;T. Lauritsen;14.0
FMNederland;T. Parrott;25;9.0;T. Parrott;A;/players/troy-parrot/515624/;troy-parrot;515624.0;stichting-az;T. Parrott;7.27
crispy;L. Unnerstall;25;1.0;L. Unnerstall;K;/players/lars-unnerstall/81320/;lars-unnerstall;81320.0;stichting-fc-twente-65;L. Unnerstall;2.0
crispy;B. Pereira;25;2.0;B. Pereira;V;/players/brayann-pereira/640596/;brayann-pereira;640596.0;nijmegen-eendracht-combinatie;B. Pereira;1.0
crispy;S. El Karouani;25;16.0;S. El Karouani;V;/players/souffian-elkarouani/537878/;souffian-elkarouani;537878.0;stichting-fc-utrecht;S. El Karouani;1.0
crispy;M. Deijl;25;2.0;M. Deijl;V;/players/mats-deijl/402457/;mats-deijl;402457.0;stichting-go-ahead-eagles;M. Deijl;5.0
crispy;D. Hancko;25;33.0;D. Hancko;V;/players/david-hancko/391059/;david-hancko;391059.0;feyenoord-rotterdam-nv;D. Hancko;-1.0
crispy;J. Schreuders;25;14.0;J. Schreuders;M;/players/jorg-schreuders/877779/;jorg-schreuders;877779.0;stichting-fc-groningen;J. Schreuders;0.0
crispy;T. Lauritsen;25;;T. Lauritsen;A;/players/tobias-lauritsen/406745/;tobias-lauritsen;406745.0;sparta-rotterdam-bv;T. Lauritsen;14.0
crispy;S. Mijnans;25;10.0;S. Mijnans;M;/players/sven-mijnans/566000/;sven-mijnans;566000.0;stichting-az;S. Mijnans;17.0
crispy;D. Vente;25;9.0;D. Vente;A;/players/dylan-vente/426585/;dylan-vente;426585.0;bvo-fc-zwolle;D. Vente;20.0
crispy;K. Taylor;25;8.0;K. Taylor;M;/players/kenneth-taylor/508784/;kenneth-taylor;508784.0;afc-ajax;K. Taylor;12.0
crispy;O. Boscagli;25;18.0;O. Boscagli;V;/players/olivier-boscagli/329542/;olivier-boscagli;329542.0;psv-nv;O. Boscagli;
svvthomas;N. Olij;25;;N. Olij;K;/players/nick-olij/235322/;nick-olij;235322.0;sparta-rotterdam-bv;N. Olij;31.0
svvthomas;M. Deijl;25;2.0;M. Deijl;V;/players/mats-deijl/402457/;mats-deijl;402457.0;stichting-go-ahead-eagles;M. Deijl;5.0
svvthomas;D. Hancko;25;33.0;D. Hancko;V;/players/david-hancko/391059/;david-hancko;391059.0;feyenoord-rotterdam-nv;D. Hancko;-1.0
svvthomas;D. Mirani;25;4.0;D. Mirani;V;/players/damon-mirani/289811/;damon-mirani;289811.0;stichting-heracles-almelo;D. Mirani;3.0
svvthomas;C. Sandra;25;14.0;C. Sandra;M;/players/cisse-sandra/638266/;cisse-sandra;638266.0;sbv-willem-ii-tilburg;C. Sandra;2.43
svvthomas;K. Ogawa;25;18.0;K. Ogawa;A;/players/koki-ogawa/435835/;koki-ogawa;435835.0;nijmegen-eendracht-combinatie;K. Ogawa;2.89
svvthomas;L. Brouwers;25;8.0;L. Brouwers;M;/players/luuk-brouwers/402458/;luuk-brouwers;402458.0;sportclub-heerenveen;L. Brouwers;
svvthomas;S. Steijn;25;14.0;S. Steijn;M;/players/sem-steijn/560623/;sem-steijn;560623.0;stichting-fc-twente-65;S. Steijn;21.73
svvthomas;T. Parrott;25;9.0;T. Parrott;A;/players/troy-parrot/515624/;troy-parrot;515624.0;stichting-az;T. Parrott;7.27
svvthomas;L. de Jong;25;9.0;L. de Jong;A;/players/luuk-de-jong/65056/;luuk-de-jong;65056.0;psv-nv;L. de Jong;10.0
svvthomas;D. Klaassen;25;18.0;D. Klaassen;M;/players/davy-klaassen/158581/;davy-klaassen;158581.0;afc-ajax;D. Klaassen;3.33
El Cid;L. Unnerstall;25;1.0;L. Unnerstall;K;/players/lars-unnerstall/81320/;lars-unnerstall;81320.0;stichting-fc-twente-65;L. Unnerstall;2.0
El Cid;P. Bochniewicz;25;5.0;P. Bochniewicz;V;/players/pawe-bochniewicz/273911/;pawe-bochniewicz;273911.0;sportclub-heerenveen;P. Bochniewicz;
El Cid;B. Nieuwkoop;25;2.0;B. Nieuwkoop;V;/players/bart-nieuwkoop/275124/;bart-nieuwkoop;275124.0;feyenoord-rotterdam-nv;B. Nieuwkoop;1.0
El Cid;D. van der Kust;25;;D. van der Kust;V;/players/djevencio-van-der-kust/569309/;djevencio-van-der-kust;569309.0;sparta-rotterdam-bv;D. van der Kust;0.0
El Cid;A. Halilovic;25;10.0;A. Halilović;M;/players/alen-halilovi/270136/;alen-halilovi;270136.0;fortuna-sittard;A. Halilovic;3.2
El Cid;L. Valente;25;10.0;L. Valente;M;/players/luciano-valente/703884/;luciano-valente;703884.0;stichting-fc-groningen;L. Valente;3.0
El Cid;V. Jensen;25;7.0;V. Jensen;M;/players/victor-jensen/460509/;victor-jensen;460509.0;stichting-fc-utrecht;V. Jensen;11.96
El Cid;D. Proper;25;71.0;D. Proper;M;/players/dirk-proper/525939/;dirk-proper;525939.0;nijmegen-eendracht-combinatie;D. Proper;4.0
El Cid;B. Traore;25;20.0;B. Traoré;A;/players/bertrand-traore/102801/;bertrand-traore;102801.0;afc-ajax;B. Traore;3.78
El Cid;L. de Jong;25;9.0;L. de Jong;A;/players/luuk-de-jong/65056/;luuk-de-jong;65056.0;psv-nv;L. de Jong;10.0
El Cid;T. Parrott;25;9.0;T. Parrott;A;/players/troy-parrot/515624/;troy-parrot;515624.0;stichting-az;T. Parrott;7.27
Otis.;V. Barkas;25;1.0;V. Barkas;K;/players/vasileios-barkas/272919/;vasileios-barkas;272919.0;stichting-fc-utrecht;V. Barkas;1.0
Otis.;M. Deijl;25;2.0;M. Deijl;V;/players/mats-deijl/402457/;mats-deijl;402457.0;stichting-go-ahead-eagles;M. Deijl;5.0
Otis.;M. Hilgers;25;2.0;M. Hilgers;V;/players/mees-hilgers/627701/;mees-hilgers;627701.0;stichting-fc-twente-65;M. Hilgers;-0.11
Otis.;J. Hato;25;4.0;J. Hato;V;/players/jorrel-hato/783173/;jorrel-hato;783173.0;afc-ajax;J. Hato;2.0
Otis.;J. Trenskow;25;20.0;J. Trenskow;A;/players/jacob-trenskow/672937/;jacob-trenskow;672937.0;sportclub-heerenveen;J. Trenskow;
Otis.;S. Mijnans;25;10.0;S. Mijnans;M;/players/sven-mijnans/566000/;sven-mijnans;566000.0;stichting-az;S. Mijnans;17.0
Otis.;Rober;25;7.0;Róber;M;/players/roberto-gonzalez-bayon/500171/;roberto-gonzalez-bayon;500171.0;nijmegen-eendracht-combinatie;Rober;
Otis.;P. Clement;25;;P. Clement;M;/players/pelle-clement/379793/;pelle-clement;379793.0;sparta-rotterdam-bv;P. Clement;8.0
Otis.;D. Hancko;25;33.0;D. Hancko;V;/players/david-hancko/391059/;david-hancko;391059.0;feyenoord-rotterdam-nv;D. Hancko;-1.0
Otis.;L. de Jong;25;9.0;L. de Jong;A;/players/luuk-de-jong/65056/;luuk-de-jong;65056.0;psv-nv;L. de Jong;10.0
Otis.;L. Kulenovic;25;19.0;L. Kulenović;A;/players/luka-kulenovi/631882/;luka-kulenovi;631882.0;stichting-heracles-almelo;L. Kulenovic;1.2
Gordon Shumway;S. Steijn;25;14.0;S. Steijn;M;/players/sem-steijn/560623/;sem-steijn;560623.0;stichting-fc-twente-65;S. Steijn;21.73
Gordon Shumway;B. Nieuwkoop;25;2.0;B. Nieuwkoop;V;/players/bart-nieuwkoop/275124/;bart-nieuwkoop;275124.0;feyenoord-rotterdam-nv;B. Nieuwkoop;1.0
Gordon Shumway;J. Hato;25;4.0;J. Hato;V;/players/jorrel-hato/783173/;jorrel-hato;783173.0;afc-ajax;J. Hato;2.0
Gordon Shumway;M. Kohlert;25;11.0;M. Köhlert;V;/players/mats-kohlert/400423/;mats-kohlert;400423.0;sportclub-heerenveen;M. Kohlert;2.0
Gordon Shumway;C. Neghli;25;;C. Neghli;A;/players/camiel-neghli/680707/;camiel-neghli;680707.0;sparta-rotterdam-bv;C. Neghli;
Gordon Shumway;L. Valente;25;10.0;L. Valente;M;/players/luciano-valente/703884/;luciano-valente;703884.0;stichting-fc-groningen;L. Valente;3.0
Gordon Shumway;D. Proper;25;71.0;D. Proper;M;/players/dirk-proper/525939/;dirk-proper;525939.0;nijmegen-eendracht-combinatie;D. Proper;4.0
Gordon Shumway;V. Jensen;25;7.0;V. Jensen;M;/players/victor-jensen/460509/;victor-jensen;460509.0;stichting-fc-utrecht;V. Jensen;11.96
Gordon Shumway;L. de Jong;25;9.0;L. de Jong;A;/players/luuk-de-jong/65056/;luuk-de-jong;65056.0;psv-nv;L. de Jong;10.0
Gordon Shumway;!K. Sierhuis;25;;;;;;;;;
Gordon Shumway;T. Parrott;25;9.0;T. Parrott;A;/players/troy-parrot/515624/;troy-parrot;515624.0;stichting-az;T. Parrott;7.27
Suikerbrood;N. Olij;25;;N. Olij;K;/players/nick-olij/235322/;nick-olij;235322.0;sparta-rotterdam-bv;N. Olij;31.0
Suikerbrood;S. Olsson;25;19.0;S. Olsson;M;/players/simon-olsson/423888/;simon-olsson;423888.0;sportclub-heerenveen;S. Olsson;
Suikerbrood;D. Rensch;25;2.0;D. Rensch;V;/players/devyne-rensch/601396/;devyne-rensch;601396.0;afc-ajax;D. Rensch;
Suikerbrood;J. Amofa;25;25.0;J. Amofa;V;/players/jamal-amofa/668121/;jamal-amofa;668121.0;stichting-go-ahead-eagles;J. Amofa;
Suikerbrood;N. Viergever;25;24.0;N. Viergever;V;/players/nick--viergever/78529/;nick--viergever;78529.0;stichting-fc-utrecht;N. Viergever;13.0
Suikerbrood;D. Proper;25;71.0;D. Proper;M;/players/dirk-proper/525939/;dirk-proper;525939.0;nijmegen-eendracht-combinatie;D. Proper;4.0
Suikerbrood;M. Vlap;25;18.0;M. Vlap;M;/players/michel-vlap/407742/;michel-vlap;407742.0;stichting-fc-twente-65;M. Vlap;3.73
Suikerbrood;A. Halilovic;25;10.0;A. Halilović;M;/players/alen-halilovi/270136/;alen-halilovi;270136.0;fortuna-sittard;A. Halilovic;3.2
Suikerbrood;A. Ueda;25;9.0;A. Ueda;A;/players/ayase-ueda/551425/;ayase-ueda;551425.0;feyenoord-rotterdam-nv;A. Ueda;6.93
Suikerbrood;R. van Bommel;25;7.0;R. van Bommel;A;/players/ruben-van-bommel/834074/;ruben-van-bommel;834074.0;stichting-az;R. van Bommel;
Suikerbrood;L. de Jong;25;9.0;L. de Jong;A;/players/luuk-de-jong/65056/;luuk-de-jong;65056.0;psv-nv;L. de Jong;10.0
EnGCatjuh;R. Roefs;25;22.0;R. Roefs;K;/players/robin-roefs/636190/;robin-roefs;636190.0;nijmegen-eendracht-combinatie;R. Roefs;1.0
EnGCatjuh;M. Kohlert;25;11.0;M. Köhlert;V;/players/mats-kohlert/400423/;mats-kohlert;400423.0;sportclub-heerenveen;M. Kohlert;2.0
EnGCatjuh;O. Boscagli;25;18.0;O. Boscagli;V;/players/olivier-boscagli/329542/;olivier-boscagli;329542.0;psv-nv;O. Boscagli;
EnGCatjuh;S. El Karouani;25;16.0;S. El Karouani;V;/players/souffian-elkarouani/537878/;souffian-elkarouani;537878.0;stichting-fc-utrecht;S. El Karouani;1.0
EnGCatjuh;Igor Paixao;25;14.0;Igor Paixão;A;/players/igor-guilherme-barbosa-da-paixao/593041/;igor-guilherme-barbosa-da-paixao;593041.0;feyenoord-rotterdam-nv;Igor Paixao;3.0
EnGCatjuh;J. Schreuders;25;14.0;J. Schreuders;M;/players/jorg-schreuders/877779/;jorg-schreuders;877779.0;stichting-fc-groningen;J. Schreuders;0.0
EnGCatjuh;S. Adewoye;25;4.0;S. Adewoye;V;/players/shawn-adewoye/618207/;shawn-adewoye;618207.0;fortuna-sittard;S. Adewoye;2.0
EnGCatjuh;S. Steijn;25;14.0;S. Steijn;M;/players/sem-steijn/560623/;sem-steijn;560623.0;stichting-fc-twente-65;S. Steijn;21.73
EnGCatjuh;T. Parrott;25;9.0;T. Parrott;A;/players/troy-parrot/515624/;troy-parrot;515624.0;stichting-az;T. Parrott;7.27
EnGCatjuh;B. Brobbey;25;9.0;B. Brobbey;A;/players/brian-brobbey/520146/;brian-brobbey;520146.0;afc-ajax;B. Brobbey;10.56
EnGCatjuh;R. Meerveld;25;16.0;R. Meerveld;M;/players/ringo-meerveld/623815/;ringo-meerveld;623815.0;sbv-willem-ii-tilburg;R. Meerveld;3.0
Vishandel Makaay;R. Pasveer;25;22.0;R. Pasveer;K;/players/remko-pasveer/49689/;remko-pasveer;49689.0;afc-ajax;R. Pasveer;4.0
Vishandel Makaay;R. Flamingo;25;6.0;R. Flamingo;V;/players/ryan-flamingo/627724/;ryan-flamingo;627724.0;psv-nv;R. Flamingo;1.0
Vishandel Makaay;J. Lelieveld;25;2.0;J. Lelieveld;V;/players/julian-lelieveld/407738/;julian-lelieveld;407738.0;rkc-waalwijk;J. Lelieveld;4.0
Vishandel Makaay;K. Leerdam;25;18.0;K. Leerdam;V;/players/kelvin-leerdam/68354/;kelvin-leerdam;68354.0;stichting-heracles-almelo;K. Leerdam;0.0
Vishandel Makaay;M. Dijks;25;35.0;M. Dijks;V;/players/mitchel-dijks/219029/;mitchel-dijks;219029.0;fortuna-sittard;M. Dijks;
Vishandel Makaay;T. Oosting;25;25.0;T. Oosting;M;/players/thijs-oosting/477591/;thijs-oosting;477591.0;stichting-fc-groningen;T. Oosting;1.53
Vishandel Makaay;E. van Ee;25;21.0;E. van Ee;M;/players/espen-van-ee/921919/;espen-van-ee;921919.0;sportclub-heerenveen;E. van Ee;4.0
Vishandel Makaay;P. Aaronson;25;21.0;P. Aaronson;M;/players/paxten-aaronson/576828/;paxten-aaronson;576828.0;stichting-fc-utrecht;P. Aaronson;4.0
Vishandel Makaay;A. Hadj Moussa;25;23.0;A. Hadj Moussa;A;/players/anis--hadj-moussa/755639/;anis--hadj-moussa;755639.0;feyenoord-rotterdam-nv;A. Hadj Moussa;3.0
Vishandel Makaay;R. van Wolfswinkel;25;9.0;R. van Wolfswinkel;A;/players/ricky-van-wolfswinkel/59407/;ricky-van-wolfswinkel;59407.0;stichting-fc-twente-65;R. van Wolfswinkel;2.0
Vishandel Makaay;M. Meerdink;25;35.0;M. Meerdink;A;/players/mexx-meerdink/796451/;mexx-meerdink;796451.0;stichting-az;M. Meerdink;
Friggles;L. Unnerstall;25;1.0;L. Unnerstall;K;/players/lars-unnerstall/81320/;lars-unnerstall;81320.0;stichting-fc-twente-65;L. Unnerstall;2.0
Friggles;T. Quintero;25;;T. Quintero;V;/players/teo-quintero/565562/;teo-quintero;565562.0;sparta-rotterdam-bv;T. Quintero;0.67
Friggles;M. Deijl;25;2.0;M. Deijl;V;/players/mats-deijl/402457/;mats-deijl;402457.0;stichting-go-ahead-eagles;M. Deijl;5.0
Friggles;S. El Karouani;25;16.0;S. El Karouani;V;/players/souffian-elkarouani/537878/;souffian-elkarouani;537878.0;stichting-fc-utrecht;S. El Karouani;1.0
Friggles;S. Mijnans;25;10.0;S. Mijnans;M;/players/sven-mijnans/566000/;sven-mijnans;566000.0;stichting-az;S. Mijnans;17.0
Friggles;D. Proper;25;71.0;D. Proper;M;/players/dirk-proper/525939/;dirk-proper;525939.0;nijmegen-eendracht-combinatie;D. Proper;4.0
Friggles;M. Kohlert;25;11.0;M. Köhlert;V;/players/mats-kohlert/400423/;mats-kohlert;400423.0;sportclub-heerenveen;M. Kohlert;2.0
Friggles;!S. 't Zand;25;;;;;;;;;
Friggles;Q. Timber;25;8.0;Q. Timber;M;/players/quinten-maduro/463017/;quinten-maduro;463017.0;feyenoord-rotterdam-nv;Q. Timber;10.0
Friggles;L. de Jong;25;9.0;L. de Jong;A;/players/luuk-de-jong/65056/;luuk-de-jong;65056.0;psv-nv;L. de Jong;10.0
Friggles;B. Brobbey;25;9.0;B. Brobbey;A;/players/brian-brobbey/520146/;brian-brobbey;520146.0;afc-ajax;B. Brobbey;10.56
Jay-Jay;N. Olij;25;;N. Olij;K;/players/nick-olij/235322/;nick-olij;235322.0;sparta-rotterdam-bv;N. Olij;31.0
Jay-Jay;S. Maikuma;25;16.0;S. Maikuma;V;/players/seiya-maikuma/651537/;seiya-maikuma;651537.0;stichting-az;S. Maikuma;15.0
Jay-Jay;M. Deijl;25;2.0;M. Deijl;V;/players/mats-deijl/402457/;mats-deijl;402457.0;stichting-go-ahead-eagles;M. Deijl;5.0
Jay-Jay;S. El Karouani;25;16.0;S. El Karouani;V;/players/souffian-elkarouani/537878/;souffian-elkarouani;537878.0;stichting-fc-utrecht;S. El Karouani;1.0
Jay-Jay;Ivo Pinto;25;12.0;Ivo Pinto;V;/players/ivo-pinto/86672/;ivo-pinto;86672.0;fortuna-sittard;Ivo Pinto;-0.8
Jay-Jay;J. Veerman;25;23.0;J. Veerman;M;/players/joey--veerman/459312/;joey--veerman;459312.0;psv-nv;J. Veerman;4.0
Jay-Jay;R. Meerveld;25;16.0;R. Meerveld;M;/players/ringo-meerveld/623815/;ringo-meerveld;623815.0;sbv-willem-ii-tilburg;R. Meerveld;3.0
Jay-Jay;B. Linssen;25;30.0;B. Linssen;A;/players/brian-linssen/52888/;brian-linssen;52888.0;nijmegen-eendracht-combinatie;B. Linssen;9.11
Jay-Jay;Q. Timber;25;8.0;Q. Timber;M;/players/quinten-maduro/463017/;quinten-maduro;463017.0;feyenoord-rotterdam-nv;Q. Timber;10.0
Jay-Jay;B. Brobbey;25;9.0;B. Brobbey;A;/players/brian-brobbey/520146/;brian-brobbey;520146.0;afc-ajax;B. Brobbey;10.56
Jay-Jay;S. Lammers;25;10.0;S. Lammers;A;/players/sam-lammers/407736/;sam-lammers;407736.0;stichting-fc-twente-65;S. Lammers;
Rucebo;V. Barkas;25;1.0;V. Barkas;K;/players/vasileios-barkas/272919/;vasileios-barkas;272919.0;stichting-fc-utrecht;V. Barkas;1.0
Rucebo;Ivo Pinto;25;12.0;Ivo Pinto;V;/players/ivo-pinto/86672/;ivo-pinto;86672.0;fortuna-sittard;Ivo Pinto;-0.8
Rucebo;J. Hato;25;4.0;J. Hato;V;/players/jorrel-hato/783173/;jorrel-hato;783173.0;afc-ajax;J. Hato;2.0
Rucebo;D. Hancko;25;33.0;D. Hancko;V;/players/david-hancko/391059/;david-hancko;391059.0;feyenoord-rotterdam-nv;D. Hancko;-1.0
Rucebo;M. Deijl;25;2.0;M. Deijl;V;/players/mats-deijl/402457/;mats-deijl;402457.0;stichting-go-ahead-eagles;M. Deijl;5.0
Rucebo;S. Steijn;25;14.0;S. Steijn;M;/players/sem-steijn/560623/;sem-steijn;560623.0;stichting-fc-twente-65;S. Steijn;21.73
Rucebo;F. Krastev;25;50.0;F. Krastev;M;/players/filip-yavorov-krastev/550509/;filip-yavorov-krastev;550509.0;bvo-fc-zwolle;F. Krastev;7.0
Rucebo;L. Brouwers;25;8.0;L. Brouwers;M;/players/luuk-brouwers/402458/;luuk-brouwers;402458.0;sportclub-heerenveen;L. Brouwers;
Rucebo;T. Parrott;25;9.0;T. Parrott;A;/players/troy-parrot/515624/;troy-parrot;515624.0;stichting-az;T. Parrott;7.27
Rucebo;L. de Jong;25;9.0;L. de Jong;A;/players/luuk-de-jong/65056/;luuk-de-jong;65056.0;psv-nv;L. de Jong;10.0
Rucebo;K. Ogawa;25;18.0;K. Ogawa;A;/players/koki-ogawa/435835/;koki-ogawa;435835.0;nijmegen-eendracht-combinatie;K. Ogawa;2.89
tukkeRoel;V. Barkas;26;1.0;V. Barkas;K;/players/vasileios-barkas/272919/;vasileios-barkas;272919.0;stichting-fc-utrecht;V. Barkas;2.0
tukkeRoel;D. Hancko;26;33.0;D. Hancko;V;/players/david-hancko/391059/;david-hancko;391059.0;feyenoord-rotterdam-nv;D. Hancko;15.0
tukkeRoel;J. Hato;26;4.0;J. Hato;V;/players/jorrel-hato/783173/;jorrel-hato;783173.0;afc-ajax;J. Hato;
tukkeRoel;M. Kohlert;26;11.0;M. Köhlert;V;/players/mats-kohlert/400423/;mats-kohlert;400423.0;sportclub-heerenveen;M. Kohlert;1.0
tukkeRoel;C. Verdonk;26;24.0;C. Verdonk;V;/players/calvin-verdonk/319288/;calvin-verdonk;319288.0;nijmegen-eendracht-combinatie;C. Verdonk;7.0
tukkeRoel;D. Mbayo;26;11.0;D. Mbayo;A;/players/dylan-mbayo/599681/;dylan-mbayo;599681.0;bvo-fc-zwolle;D. Mbayo;2.8
tukkeRoel;S. Mijnans;26;10.0;S. Mijnans;M;/players/sven-mijnans/566000/;sven-mijnans;566000.0;stichting-az;S. Mijnans;5.96
tukkeRoel;M. Seuntjens;26;20.0;M. Seuntjens;M;/players/mats-seuntjes/194827/;mats-seuntjes;194827.0;stichting-fc-groningen;M. Seuntjens;8.44
tukkeRoel;S. Steijn;26;14.0;S. Steijn;M;/players/sem-steijn/560623/;sem-steijn;560623.0;stichting-fc-twente-65;S. Steijn;3.07
tukkeRoel;M. Deijl;26;2.0;M. Deijl;V;/players/mats-deijl/402457/;mats-deijl;402457.0;stichting-go-ahead-eagles;M. Deijl;-1.0
tukkeRoel;L. de Jong;26;9.0;L. de Jong;A;/players/luuk-de-jong/65056/;luuk-de-jong;65056.0;psv-nv;L. de Jong;4.0
methodmich;V. Barkas;26;1.0;V. Barkas;K;/players/vasileios-barkas/272919/;vasileios-barkas;272919.0;stichting-fc-utrecht;V. Barkas;2.0
methodmich;M. Deijl;26;2.0;M. Deijl;V;/players/mats-deijl/402457/;mats-deijl;402457.0;stichting-go-ahead-eagles;M. Deijl;-1.0
methodmich;D. Hancko;26;33.0;D. Hancko;V;/players/david-hancko/391059/;david-hancko;391059.0;feyenoord-rotterdam-nv;D. Hancko;15.0
methodmich;M. Kohlert;26;11.0;M. Köhlert;V;/players/mats-kohlert/400423/;mats-kohlert;400423.0;sportclub-heerenveen;M. Kohlert;1.0
methodmich;S. Mijnans;26;10.0;S. Mijnans;M;/players/sven-mijnans/566000/;sven-mijnans;566000.0;stichting-az;S. Mijnans;5.96
methodmich;M. Ihattaren;26;52.0;M. Ihattaren;M;/players/mohammed-amine-ihattaren/525933/;mohammed-amine-ihattaren;525933.0;rkc-waalwijk;M. Ihattaren;13.0
methodmich;S. Steijn;26;14.0;S. Steijn;M;/players/sem-steijn/560623/;sem-steijn;560623.0;stichting-fc-twente-65;S. Steijn;3.07
methodmich;K. Hlynsson;26;;K. Hlynsson;M;/players/kristian-nokkvi-hlynsson/636342/;kristian-nokkvi-hlynsson;636342.0;sparta-rotterdam-bv;K. Hlynsson;2.13
methodmich;L. de Jong;26;9.0;L. de Jong;A;/players/luuk-de-jong/65056/;luuk-de-jong;65056.0;psv-nv;L. de Jong;4.0
methodmich;W. Weghorst;26;25.0;W. Weghorst;A;/players/wout-weghorst/255205/;wout-weghorst;255205.0;afc-ajax;W. Weghorst;14.07
methodmich;S. van Hooijdonk;26;29.0;S. van Hooijdonk;A;/players/sydney-van-hooijdonk/555617/;sydney-van-hooijdonk;555617.0;nac-bv;S. van Hooijdonk;3.0
FMNederland;V. Barkas;26;1.0;V. Barkas;K;/players/vasileios-barkas/272919/;vasileios-barkas;272919.0;stichting-fc-utrecht;V. Barkas;2.0
FMNederland;M. Kohlert;26;11.0;M. Köhlert;V;/players/mats-kohlert/400423/;mats-kohlert;400423.0;sportclub-heerenveen;M. Kohlert;1.0
FMNederland;M. Deijl;26;2.0;M. Deijl;V;/players/mats-deijl/402457/;mats-deijl;402457.0;stichting-go-ahead-eagles;M. Deijl;-1.0
FMNederland;C. Verdonk;26;24.0;C. Verdonk;V;/players/calvin-verdonk/319288/;calvin-verdonk;319288.0;nijmegen-eendracht-combinatie;C. Verdonk;7.0
FMNederland;O. Boscagli;26;18.0;O. Boscagli;V;/players/olivier-boscagli/329542/;olivier-boscagli;329542.0;psv-nv;O. Boscagli;
FMNederland;S. Bastien;26;22.0;S. Bastien;M;/players/samuel-bastien/314097/;samuel-bastien;314097.0;fortuna-sittard;S. Bastien;
FMNederland;S. Steijn;26;14.0;S. Steijn;M;/players/sem-steijn/560623/;sem-steijn;560623.0;stichting-fc-twente-65;S. Steijn;3.07
FMNederland;Q. Timber;26;8.0;Q. Timber;M;/players/quinten-maduro/463017/;quinten-maduro;463017.0;feyenoord-rotterdam-nv;Q. Timber;8.51
FMNederland;T. Robinet;26;9.0;T. Robinet;A;/players/thomas-robinet/312659/;thomas-robinet;312659.0;fc-omniworld;T. Robinet;4.0
FMNederland;T. Lauritsen;26;;T. Lauritsen;A;/players/tobias-lauritsen/406745/;tobias-lauritsen;406745.0;sparta-rotterdam-bv;T. Lauritsen;3.0
FMNederland;T. Parrott;26;9.0;T. Parrott;A;/players/troy-parrot/515624/;troy-parrot;515624.0;stichting-az;T. Parrott;14.0
crispy;L. Unnerstall;26;1.0;L. Unnerstall;K;/players/lars-unnerstall/81320/;lars-unnerstall;81320.0;stichting-fc-twente-65;L. Unnerstall;1.0
crispy;B. Pereira;26;2.0;B. Pereira;V;/players/brayann-pereira/640596/;brayann-pereira;640596.0;nijmegen-eendracht-combinatie;B. Pereira;0.77
crispy;S. El Karouani;26;16.0;S. El Karouani;V;/players/souffian-elkarouani/537878/;souffian-elkarouani;537878.0;stichting-fc-utrecht;S. El Karouani;2.0
crispy;M. Deijl;26;2.0;M. Deijl;V;/players/mats-deijl/402457/;mats-deijl;402457.0;stichting-go-ahead-eagles;M. Deijl;-1.0
crispy;D. Hancko;26;33.0;D. Hancko;V;/players/david-hancko/391059/;david-hancko;391059.0;feyenoord-rotterdam-nv;D. Hancko;15.0
crispy;R. Meerveld;26;16.0;R. Meerveld;M;/players/ringo-meerveld/623815/;ringo-meerveld;623815.0;sbv-willem-ii-tilburg;R. Meerveld;4.0
crispy;T. Lauritsen;26;;T. Lauritsen;A;/players/tobias-lauritsen/406745/;tobias-lauritsen;406745.0;sparta-rotterdam-bv;T. Lauritsen;3.0
crispy;S. Mijnans;26;10.0;S. Mijnans;M;/players/sven-mijnans/566000/;sven-mijnans;566000.0;stichting-az;S. Mijnans;5.96
crispy;D. Vente;26;9.0;D. Vente;A;/players/dylan-vente/426585/;dylan-vente;426585.0;bvo-fc-zwolle;D. Vente;3.0
crispy;K. Taylor;26;8.0;K. Taylor;M;/players/kenneth-taylor/508784/;kenneth-taylor;508784.0;afc-ajax;K. Taylor;8.0
crispy;G. Til;26;20.0;G. Til;M;/players/guus-til/451981/;guus-til;451981.0;psv-nv;G. Til;4.0
svvthomas;N. Olij;26;;N. Olij;K;/players/nick-olij/235322/;nick-olij;235322.0;sparta-rotterdam-bv;N. Olij;0.0
svvthomas;M. Deijl;26;2.0;M. Deijl;V;/players/mats-deijl/402457/;mats-deijl;402457.0;stichting-go-ahead-eagles;M. Deijl;-1.0
svvthomas;D. Hancko;26;33.0;D. Hancko;V;/players/david-hancko/391059/;david-hancko;391059.0;feyenoord-rotterdam-nv;D. Hancko;15.0
svvthomas;D. Mirani;26;4.0;D. Mirani;V;/players/damon-mirani/289811/;damon-mirani;289811.0;stichting-heracles-almelo;D. Mirani;15.0
svvthomas;C. Sandra;26;14.0;C. Sandra;M;/players/cisse-sandra/638266/;cisse-sandra;638266.0;sbv-willem-ii-tilburg;C. Sandra;3.91
svvthomas;K. Ogawa;26;18.0;K. Ogawa;A;/players/koki-ogawa/435835/;koki-ogawa;435835.0;nijmegen-eendracht-combinatie;K. Ogawa;3.0
svvthomas;L. Brouwers;26;8.0;L. Brouwers;M;/players/luuk-brouwers/402458/;luuk-brouwers;402458.0;sportclub-heerenveen;L. Brouwers;
svvthomas;S. Steijn;26;14.0;S. Steijn;M;/players/sem-steijn/560623/;sem-steijn;560623.0;stichting-fc-twente-65;S. Steijn;3.07
svvthomas;T. Parrott;26;9.0;T. Parrott;A;/players/troy-parrot/515624/;troy-parrot;515624.0;stichting-az;T. Parrott;14.0
svvthomas;L. de Jong;26;9.0;L. de Jong;A;/players/luuk-de-jong/65056/;luuk-de-jong;65056.0;psv-nv;L. de Jong;4.0
svvthomas;D. Klaassen;26;18.0;D. Klaassen;M;/players/davy-klaassen/158581/;davy-klaassen;158581.0;afc-ajax;D. Klaassen;3.91
El Cid;L. Unnerstall;26;1.0;L. Unnerstall;K;/players/lars-unnerstall/81320/;lars-unnerstall;81320.0;stichting-fc-twente-65;L. Unnerstall;1.0
El Cid;P. Bochniewicz;26;5.0;P. Bochniewicz;V;/players/pawe-bochniewicz/273911/;pawe-bochniewicz;273911.0;sportclub-heerenveen;P. Bochniewicz;
El Cid;B. Nieuwkoop;26;2.0;B. Nieuwkoop;V;/players/bart-nieuwkoop/275124/;bart-nieuwkoop;275124.0;feyenoord-rotterdam-nv;B. Nieuwkoop;7.67
El Cid;D. van der Kust;26;;D. van der Kust;V;/players/djevencio-van-der-kust/569309/;djevencio-van-der-kust;569309.0;sparta-rotterdam-bv;D. van der Kust;
El Cid;A. Halilovic;26;10.0;A. Halilović;M;/players/alen-halilovi/270136/;alen-halilovi;270136.0;fortuna-sittard;A. Halilovic;2.87
El Cid;L. Valente;26;10.0;L. Valente;M;/players/luciano-valente/703884/;luciano-valente;703884.0;stichting-fc-groningen;L. Valente;9.89
El Cid;V. Jensen;26;7.0;V. Jensen;M;/players/victor-jensen/460509/;victor-jensen;460509.0;stichting-fc-utrecht;V. Jensen;2.1
El Cid;D. Proper;26;71.0;D. Proper;M;/players/dirk-proper/525939/;dirk-proper;525939.0;nijmegen-eendracht-combinatie;D. Proper;3.0
El Cid;B. Traore;26;20.0;B. Traoré;A;/players/bertrand-traore/102801/;bertrand-traore;102801.0;afc-ajax;B. Traore;3.93
El Cid;L. de Jong;26;9.0;L. de Jong;A;/players/luuk-de-jong/65056/;luuk-de-jong;65056.0;psv-nv;L. de Jong;4.0
El Cid;T. Parrott;26;9.0;T. Parrott;A;/players/troy-parrot/515624/;troy-parrot;515624.0;stichting-az;T. Parrott;14.0
Otis.;V. Barkas;26;1.0;V. Barkas;K;/players/vasileios-barkas/272919/;vasileios-barkas;272919.0;stichting-fc-utrecht;V. Barkas;2.0
Otis.;M. Deijl;26;2.0;M. Deijl;V;/players/mats-deijl/402457/;mats-deijl;402457.0;stichting-go-ahead-eagles;M. Deijl;-1.0
Otis.;M. Hilgers;26;2.0;M. Hilgers;V;/players/mees-hilgers/627701/;mees-hilgers;627701.0;stichting-fc-twente-65;M. Hilgers;-0.07
Otis.;J. Hato;26;4.0;J. Hato;V;/players/jorrel-hato/783173/;jorrel-hato;783173.0;afc-ajax;J. Hato;
Otis.;J. Trenskow;26;20.0;J. Trenskow;A;/players/jacob-trenskow/672937/;jacob-trenskow;672937.0;sportclub-heerenveen;J. Trenskow;
Otis.;S. Mijnans;26;10.0;S. Mijnans;M;/players/sven-mijnans/566000/;sven-mijnans;566000.0;stichting-az;S. Mijnans;5.96
Otis.;Rober;26;7.0;Róber;M;/players/roberto-gonzalez-bayon/500171/;roberto-gonzalez-bayon;500171.0;nijmegen-eendracht-combinatie;Rober;
Otis.;P. Clement;26;;P. Clement;M;/players/pelle-clement/379793/;pelle-clement;379793.0;sparta-rotterdam-bv;P. Clement;2.13
Otis.;D. Hancko;26;33.0;D. Hancko;V;/players/david-hancko/391059/;david-hancko;391059.0;feyenoord-rotterdam-nv;D. Hancko;15.0
Otis.;L. de Jong;26;9.0;L. de Jong;A;/players/luuk-de-jong/65056/;luuk-de-jong;65056.0;psv-nv;L. de Jong;4.0
Otis.;L. Kulenovic;26;19.0;L. Kulenović;A;/players/luka-kulenovi/631882/;luka-kulenovi;631882.0;stichting-heracles-almelo;L. Kulenovic;21.0
Gordon Shumway;S. Steijn;26;14.0;S. Steijn;M;/players/sem-steijn/560623/;sem-steijn;560623.0;stichting-fc-twente-65;S. Steijn;3.07
Gordon Shumway;B. Nieuwkoop;26;2.0;B. Nieuwkoop;V;/players/bart-nieuwkoop/275124/;bart-nieuwkoop;275124.0;feyenoord-rotterdam-nv;B. Nieuwkoop;7.67
Gordon Shumway;J. Hato;26;4.0;J. Hato;V;/players/jorrel-hato/783173/;jorrel-hato;783173.0;afc-ajax;J. Hato;
Gordon Shumway;M. Kohlert;26;11.0;M. Köhlert;V;/players/mats-kohlert/400423/;mats-kohlert;400423.0;sportclub-heerenveen;M. Kohlert;1.0
Gordon Shumway;C. Neghli;26;;C. Neghli;A;/players/camiel-neghli/680707/;camiel-neghli;680707.0;sparta-rotterdam-bv;C. Neghli;
Gordon Shumway;L. Valente;26;10.0;L. Valente;M;/players/luciano-valente/703884/;luciano-valente;703884.0;stichting-fc-groningen;L. Valente;9.89
Gordon Shumway;D. Proper;26;71.0;D. Proper;M;/players/dirk-proper/525939/;dirk-proper;525939.0;nijmegen-eendracht-combinatie;D. Proper;3.0
Gordon Shumway;V. Jensen;26;7.0;V. Jensen;M;/players/victor-jensen/460509/;victor-jensen;460509.0;stichting-fc-utrecht;V. Jensen;2.1
Gordon Shumway;L. de Jong;26;9.0;L. de Jong;A;/players/luuk-de-jong/65056/;luuk-de-jong;65056.0;psv-nv;L. de Jong;4.0
Gordon Shumway;!K. Sierhuis;26;;;;;;;;;
Gordon Shumway;T. Parrott;26;9.0;T. Parrott;A;/players/troy-parrot/515624/;troy-parrot;515624.0;stichting-az;T. Parrott;14.0
Suikerbrood;N. Olij;26;;N. Olij;K;/players/nick-olij/235322/;nick-olij;235322.0;sparta-rotterdam-bv;N. Olij;0.0
Suikerbrood;S. Olsson;26;19.0;S. Olsson;M;/players/simon-olsson/423888/;simon-olsson;423888.0;sportclub-heerenveen;S. Olsson;
Suikerbrood;D. Rensch;26;2.0;D. Rensch;V;/players/devyne-rensch/601396/;devyne-rensch;601396.0;afc-ajax;D. Rensch;
Suikerbrood;J. Amofa;26;25.0;J. Amofa;V;/players/jamal-amofa/668121/;jamal-amofa;668121.0;stichting-go-ahead-eagles;J. Amofa;
Suikerbrood;N. Viergever;26;24.0;N. Viergever;V;/players/nick--viergever/78529/;nick--viergever;78529.0;stichting-fc-utrecht;N. Viergever;0.0
Suikerbrood;D. Proper;26;71.0;D. Proper;M;/players/dirk-proper/525939/;dirk-proper;525939.0;nijmegen-eendracht-combinatie;D. Proper;3.0
Suikerbrood;M. Vlap;26;18.0;M. Vlap;M;/players/michel-vlap/407742/;michel-vlap;407742.0;stichting-fc-twente-65;M. Vlap;1.47
Suikerbrood;A. Halilovic;26;10.0;A. Halilović;M;/players/alen-halilovi/270136/;alen-halilovi;270136.0;fortuna-sittard;A. Halilovic;2.87
Suikerbrood;A. Ueda;26;9.0;A. Ueda;A;/players/ayase-ueda/551425/;ayase-ueda;551425.0;feyenoord-rotterdam-nv;A. Ueda;1.87
Suikerbrood;R. van Bommel;26;7.0;R. van Bommel;A;/players/ruben-van-bommel/834074/;ruben-van-bommel;834074.0;stichting-az;R. van Bommel;
Suikerbrood;L. de Jong;26;9.0;L. de Jong;A;/players/luuk-de-jong/65056/;luuk-de-jong;65056.0;psv-nv;L. de Jong;4.0
EnGCatjuh;R. Roefs;26;22.0;R. Roefs;K;/players/robin-roefs/636190/;robin-roefs;636190.0;nijmegen-eendracht-combinatie;R. Roefs;1.0
EnGCatjuh;M. Kohlert;26;11.0;M. Köhlert;V;/players/mats-kohlert/400423/;mats-kohlert;400423.0;sportclub-heerenveen;M. Kohlert;1.0
EnGCatjuh;O. Boscagli;26;18.0;O. Boscagli;V;/players/olivier-boscagli/329542/;olivier-boscagli;329542.0;psv-nv;O. Boscagli;
EnGCatjuh;S. El Karouani;26;16.0;S. El Karouani;V;/players/souffian-elkarouani/537878/;souffian-elkarouani;537878.0;stichting-fc-utrecht;S. El Karouani;2.0
EnGCatjuh;Igor Paixao;26;14.0;Igor Paixão;A;/players/igor-guilherme-barbosa-da-paixao/593041/;igor-guilherme-barbosa-da-paixao;593041.0;feyenoord-rotterdam-nv;Igor Paixao;18.0
EnGCatjuh;J. Schreuders;26;14.0;J. Schreuders;M;/players/jorg-schreuders/877779/;jorg-schreuders;877779.0;stichting-fc-groningen;J. Schreuders;0.11
EnGCatjuh;S. Adewoye;26;4.0;S. Adewoye;V;/players/shawn-adewoye/618207/;shawn-adewoye;618207.0;fortuna-sittard;S. Adewoye;-1.0
EnGCatjuh;S. Steijn;26;14.0;S. Steijn;M;/players/sem-steijn/560623/;sem-steijn;560623.0;stichting-fc-twente-65;S. Steijn;3.07
EnGCatjuh;T. Parrott;26;9.0;T. Parrott;A;/players/troy-parrot/515624/;troy-parrot;515624.0;stichting-az;T. Parrott;14.0
EnGCatjuh;B. Brobbey;26;9.0;B. Brobbey;A;/players/brian-brobbey/520146/;brian-brobbey;520146.0;afc-ajax;B. Brobbey;3.93
EnGCatjuh;R. Meerveld;26;16.0;R. Meerveld;M;/players/ringo-meerveld/623815/;ringo-meerveld;623815.0;sbv-willem-ii-tilburg;R. Meerveld;4.0
Vishandel Makaay;R. Pasveer;26;22.0;R. Pasveer;K;/players/remko-pasveer/49689/;remko-pasveer;49689.0;afc-ajax;R. Pasveer;17.0
Vishandel Makaay;R. Flamingo;26;6.0;R. Flamingo;V;/players/ryan-flamingo/627724/;ryan-flamingo;627724.0;psv-nv;R. Flamingo;0.29
Vishandel Makaay;J. Lelieveld;26;2.0;J. Lelieveld;V;/players/julian-lelieveld/407738/;julian-lelieveld;407738.0;rkc-waalwijk;J. Lelieveld;15.0
Vishandel Makaay;K. Leerdam;26;18.0;K. Leerdam;V;/players/kelvin-leerdam/68354/;kelvin-leerdam;68354.0;stichting-heracles-almelo;K. Leerdam;0.0
Vishandel Makaay;M. Dijks;26;35.0;M. Dijks;V;/players/mitchel-dijks/219029/;mitchel-dijks;219029.0;fortuna-sittard;M. Dijks;1.0
Vishandel Makaay;T. Oosting;26;25.0;T. Oosting;M;/players/thijs-oosting/477591/;thijs-oosting;477591.0;stichting-fc-groningen;T. Oosting;0.0
Vishandel Makaay;E. van Ee;26;21.0;E. van Ee;M;/players/espen-van-ee/921919/;espen-van-ee;921919.0;sportclub-heerenveen;E. van Ee;13.0
Vishandel Makaay;P. Aaronson;26;21.0;P. Aaronson;M;/players/paxten-aaronson/576828/;paxten-aaronson;576828.0;stichting-fc-utrecht;P. Aaronson;3.0
Vishandel Makaay;A. Hadj Moussa;26;23.0;A. Hadj Moussa;A;/players/anis--hadj-moussa/755639/;anis--hadj-moussa;755639.0;feyenoord-rotterdam-nv;A. Hadj Moussa;14.0
Vishandel Makaay;R. van Wolfswinkel;26;9.0;R. van Wolfswinkel;A;/players/ricky-van-wolfswinkel/59407/;ricky-van-wolfswinkel;59407.0;stichting-fc-twente-65;R. van Wolfswinkel;10.0
Vishandel Makaay;M. Meerdink;26;35.0;M. Meerdink;A;/players/mexx-meerdink/796451/;mexx-meerdink;796451.0;stichting-az;M. Meerdink;
Friggles;L. Unnerstall;26;1.0;L. Unnerstall;K;/players/lars-unnerstall/81320/;lars-unnerstall;81320.0;stichting-fc-twente-65;L. Unnerstall;1.0
Friggles;M. Ihattaren;26;52.0;M. Ihattaren;M;/players/mohammed-amine-ihattaren/525933/;mohammed-amine-ihattaren;525933.0;rkc-waalwijk;M. Ihattaren;13.0
Friggles;M. Deijl;26;2.0;M. Deijl;V;/players/mats-deijl/402457/;mats-deijl;402457.0;stichting-go-ahead-eagles;M. Deijl;-1.0
Friggles;S. El Karouani;26;16.0;S. El Karouani;V;/players/souffian-elkarouani/537878/;souffian-elkarouani;537878.0;stichting-fc-utrecht;S. El Karouani;2.0
Friggles;S. Mijnans;26;10.0;S. Mijnans;M;/players/sven-mijnans/566000/;sven-mijnans;566000.0;stichting-az;S. Mijnans;5.96
Friggles;D. Proper;26;71.0;D. Proper;M;/players/dirk-proper/525939/;dirk-proper;525939.0;nijmegen-eendracht-combinatie;D. Proper;3.0
Friggles;M. Kohlert;26;11.0;M. Köhlert;V;/players/mats-kohlert/400423/;mats-kohlert;400423.0;sportclub-heerenveen;M. Kohlert;1.0
Friggles;K. Hlynsson;26;;K. Hlynsson;M;/players/kristian-nokkvi-hlynsson/636342/;kristian-nokkvi-hlynsson;636342.0;sparta-rotterdam-bv;K. Hlynsson;2.13
Friggles;Q. Timber;26;8.0;Q. Timber;M;/players/quinten-maduro/463017/;quinten-maduro;463017.0;feyenoord-rotterdam-nv;Q. Timber;8.51
Friggles;L. de Jong;26;9.0;L. de Jong;A;/players/luuk-de-jong/65056/;luuk-de-jong;65056.0;psv-nv;L. de Jong;4.0
Friggles;B. Brobbey;26;9.0;B. Brobbey;A;/players/brian-brobbey/520146/;brian-brobbey;520146.0;afc-ajax;B. Brobbey;3.93
Jay-Jay;N. Olij;26;;N. Olij;K;/players/nick-olij/235322/;nick-olij;235322.0;sparta-rotterdam-bv;N. Olij;0.0
Jay-Jay;S. Maikuma;26;16.0;S. Maikuma;V;/players/seiya-maikuma/651537/;seiya-maikuma;651537.0;stichting-az;S. Maikuma;
Jay-Jay;M. Deijl;26;2.0;M. Deijl;V;/players/mats-deijl/402457/;mats-deijl;402457.0;stichting-go-ahead-eagles;M. Deijl;-1.0
Jay-Jay;S. El Karouani;26;16.0;S. El Karouani;V;/players/souffian-elkarouani/537878/;souffian-elkarouani;537878.0;stichting-fc-utrecht;S. El Karouani;2.0
Jay-Jay;Ivo Pinto;26;12.0;Ivo Pinto;V;/players/ivo-pinto/86672/;ivo-pinto;86672.0;fortuna-sittard;Ivo Pinto;
Jay-Jay;J. Veerman;26;23.0;J. Veerman;M;/players/joey--veerman/459312/;joey--veerman;459312.0;psv-nv;J. Veerman;4.0
Jay-Jay;R. Meerveld;26;16.0;R. Meerveld;M;/players/ringo-meerveld/623815/;ringo-meerveld;623815.0;sbv-willem-ii-tilburg;R. Meerveld;4.0
Jay-Jay;B. Linssen;26;30.0;B. Linssen;A;/players/brian-linssen/52888/;brian-linssen;52888.0;nijmegen-eendracht-combinatie;B. Linssen;0.0
Jay-Jay;Q. Timber;26;8.0;Q. Timber;M;/players/quinten-maduro/463017/;quinten-maduro;463017.0;feyenoord-rotterdam-nv;Q. Timber;8.51
Jay-Jay;B. Brobbey;26;9.0;B. Brobbey;A;/players/brian-brobbey/520146/;brian-brobbey;520146.0;afc-ajax;B. Brobbey;3.93
Jay-Jay;S. Lammers;26;10.0;S. Lammers;A;/players/sam-lammers/407736/;sam-lammers;407736.0;stichting-fc-twente-65;S. Lammers;
Rucebo;V. Barkas;26;1.0;V. Barkas;K;/players/vasileios-barkas/272919/;vasileios-barkas;272919.0;stichting-fc-utrecht;V. Barkas;2.0
Rucebo;Ivo Pinto;26;12.0;Ivo Pinto;V;/players/ivo-pinto/86672/;ivo-pinto;86672.0;fortuna-sittard;Ivo Pinto;
Rucebo;J. Hato;26;4.0;J. Hato;V;/players/jorrel-hato/783173/;jorrel-hato;783173.0;afc-ajax;J. Hato;
Rucebo;D. Hancko;26;33.0;D. Hancko;V;/players/david-hancko/391059/;david-hancko;391059.0;feyenoord-rotterdam-nv;D. Hancko;15.0
Rucebo;M. Deijl;26;2.0;M. Deijl;V;/players/mats-deijl/402457/;mats-deijl;402457.0;stichting-go-ahead-eagles;M. Deijl;-1.0
Rucebo;S. Steijn;26;14.0;S. Steijn;M;/players/sem-steijn/560623/;sem-steijn;560623.0;stichting-fc-twente-65;S. Steijn;3.07
Rucebo;F. Krastev;26;50.0;F. Krastev;M;/players/filip-yavorov-krastev/550509/;filip-yavorov-krastev;550509.0;bvo-fc-zwolle;F. Krastev;0.2
Rucebo;L. Brouwers;26;8.0;L. Brouwers;M;/players/luuk-brouwers/402458/;luuk-brouwers;402458.0;sportclub-heerenveen;L. Brouwers;
Rucebo;T. Parrott;26;9.0;T. Parrott;A;/players/troy-parrot/515624/;troy-parrot;515624.0;stichting-az;T. Parrott;14.0
Rucebo;L. de Jong;26;9.0;L. de Jong;A;/players/luuk-de-jong/65056/;luuk-de-jong;65056.0;psv-nv;L. de Jong;4.0
Rucebo;K. Ogawa;26;18.0;K. Ogawa;A;/players/koki-ogawa/435835/;koki-ogawa;435835.0;nijmegen-eendracht-combinatie;K. Ogawa;3.0
tukkeRoel;V. Barkas;27;1.0;V. Barkas;K;/players/vasileios-barkas/272919/;vasileios-barkas;272919.0;stichting-fc-utrecht;V. Barkas;2.0
tukkeRoel;D. Hancko;27;33.0;D. Hancko;V;/players/david-hancko/391059/;david-hancko;391059.0;feyenoord-rotterdam-nv;D. Hancko;12.0
tukkeRoel;J. Hato;27;4.0;J. Hato;V;/players/jorrel-hato/783173/;jorrel-hato;783173.0;afc-ajax;J. Hato;27.0
tukkeRoel;M. Kohlert;27;11.0;M. Köhlert;V;/players/mats-kohlert/400423/;mats-kohlert;400423.0;sportclub-heerenveen;M. Kohlert;3.0
tukkeRoel;C. Verdonk;27;24.0;C. Verdonk;V;/players/calvin-verdonk/319288/;calvin-verdonk;319288.0;nijmegen-eendracht-combinatie;C. Verdonk;2.0
tukkeRoel;D. Mbayo;27;11.0;D. Mbayo;A;/players/dylan-mbayo/599681/;dylan-mbayo;599681.0;bvo-fc-zwolle;D. Mbayo;3.82
tukkeRoel;S. Mijnans;27;10.0;S. Mijnans;M;/players/sven-mijnans/566000/;sven-mijnans;566000.0;stichting-az;S. Mijnans;
tukkeRoel;M. Seuntjens;27;20.0;M. Seuntjens;M;/players/mats-seuntjes/194827/;mats-seuntjes;194827.0;stichting-fc-groningen;M. Seuntjens;3.94
tukkeRoel;S. Steijn;27;14.0;S. Steijn;M;/players/sem-steijn/560623/;sem-steijn;560623.0;stichting-fc-twente-65;S. Steijn;17.0
tukkeRoel;M. Deijl;27;2.0;M. Deijl;V;/players/mats-deijl/402457/;mats-deijl;402457.0;stichting-go-ahead-eagles;M. Deijl;15.0
tukkeRoel;L. de Jong;27;9.0;L. de Jong;A;/players/luuk-de-jong/65056/;luuk-de-jong;65056.0;psv-nv;L. de Jong;4.0
methodmich;V. Barkas;27;1.0;V. Barkas;K;/players/vasileios-barkas/272919/;vasileios-barkas;272919.0;stichting-fc-utrecht;V. Barkas;2.0
methodmich;M. Deijl;27;2.0;M. Deijl;V;/players/mats-deijl/402457/;mats-deijl;402457.0;stichting-go-ahead-eagles;M. Deijl;15.0
methodmich;D. Hancko;27;33.0;D. Hancko;V;/players/david-hancko/391059/;david-hancko;391059.0;feyenoord-rotterdam-nv;D. Hancko;12.0
methodmich;M. Kohlert;27;11.0;M. Köhlert;V;/players/mats-kohlert/400423/;mats-kohlert;400423.0;sportclub-heerenveen;M. Kohlert;3.0
methodmich;S. Mijnans;27;10.0;S. Mijnans;M;/players/sven-mijnans/566000/;sven-mijnans;566000.0;stichting-az;S. Mijnans;
methodmich;M. Ihattaren;27;52.0;M. Ihattaren;M;/players/mohammed-amine-ihattaren/525933/;mohammed-amine-ihattaren;525933.0;rkc-waalwijk;M. Ihattaren;3.0
methodmich;S. Steijn;27;14.0;S. Steijn;M;/players/sem-steijn/560623/;sem-steijn;560623.0;stichting-fc-twente-65;S. Steijn;17.0
methodmich;K. Hlynsson;27;;K. Hlynsson;M;/players/kristian-nokkvi-hlynsson/636342/;kristian-nokkvi-hlynsson;636342.0;sparta-rotterdam-bv;K. Hlynsson;3.0
methodmich;L. de Jong;27;9.0;L. de Jong;A;/players/luuk-de-jong/65056/;luuk-de-jong;65056.0;psv-nv;L. de Jong;4.0
methodmich;W. Weghorst;27;25.0;W. Weghorst;A;/players/wout-weghorst/255205/;wout-weghorst;255205.0;afc-ajax;W. Weghorst;
methodmich;S. van Hooijdonk;27;29.0;S. van Hooijdonk;A;/players/sydney-van-hooijdonk/555617/;sydney-van-hooijdonk;555617.0;nac-bv;S. van Hooijdonk;3.94
FMNederland;V. Barkas;27;1.0;V. Barkas;K;/players/vasileios-barkas/272919/;vasileios-barkas;272919.0;stichting-fc-utrecht;V. Barkas;2.0
FMNederland;M. Kohlert;27;11.0;M. Köhlert;V;/players/mats-kohlert/400423/;mats-kohlert;400423.0;sportclub-heerenveen;M. Kohlert;3.0
FMNederland;M. Deijl;27;2.0;M. Deijl;V;/players/mats-deijl/402457/;mats-deijl;402457.0;stichting-go-ahead-eagles;M. Deijl;15.0
FMNederland;C. Verdonk;27;24.0;C. Verdonk;V;/players/calvin-verdonk/319288/;calvin-verdonk;319288.0;nijmegen-eendracht-combinatie;C. Verdonk;2.0
FMNederland;O. Boscagli;27;18.0;O. Boscagli;V;/players/olivier-boscagli/329542/;olivier-boscagli;329542.0;psv-nv;O. Boscagli;
FMNederland;S. Bastien;27;22.0;S. Bastien;M;/players/samuel-bastien/314097/;samuel-bastien;314097.0;fortuna-sittard;S. Bastien;
FMNederland;S. Steijn;27;14.0;S. Steijn;M;/players/sem-steijn/560623/;sem-steijn;560623.0;stichting-fc-twente-65;S. Steijn;17.0
FMNederland;Q. Timber;27;8.0;Q. Timber;M;/players/quinten-maduro/463017/;quinten-maduro;463017.0;feyenoord-rotterdam-nv;Q. Timber;
FMNederland;T. Robinet;27;9.0;T. Robinet;A;/players/thomas-robinet/312659/;thomas-robinet;312659.0;fc-omniworld;T. Robinet;4.0
FMNederland;T. Lauritsen;27;;T. Lauritsen;A;/players/tobias-lauritsen/406745/;tobias-lauritsen;406745.0;sparta-rotterdam-bv;T. Lauritsen;3.0
FMNederland;T. Parrott;27;9.0;T. Parrott;A;/players/troy-parrot/515624/;troy-parrot;515624.0;stichting-az;T. Parrott;
crispy;L. Unnerstall;27;1.0;L. Unnerstall;K;/players/lars-unnerstall/81320/;lars-unnerstall;81320.0;stichting-fc-twente-65;L. Unnerstall;17.0
crispy;B. Pereira;27;2.0;B. Pereira;V;/players/brayann-pereira/640596/;brayann-pereira;640596.0;nijmegen-eendracht-combinatie;B. Pereira;2.0
crispy;S. El Karouani;27;16.0;S. El Karouani;V;/players/souffian-elkarouani/537878/;souffian-elkarouani;537878.0;stichting-fc-utrecht;S. El Karouani;2.0
crispy;M. Deijl;27;2.0;M. Deijl;V;/players/mats-deijl/402457/;mats-deijl;402457.0;stichting-go-ahead-eagles;M. Deijl;15.0
crispy;D. Hancko;27;33.0;D. Hancko;V;/players/david-hancko/391059/;david-hancko;391059.0;feyenoord-rotterdam-nv;D. Hancko;12.0
crispy;R. Meerveld;27;16.0;R. Meerveld;M;/players/ringo-meerveld/623815/;ringo-meerveld;623815.0;sbv-willem-ii-tilburg;R. Meerveld;3.0
crispy;T. Lauritsen;27;;T. Lauritsen;A;/players/tobias-lauritsen/406745/;tobias-lauritsen;406745.0;sparta-rotterdam-bv;T. Lauritsen;3.0
crispy;S. Mijnans;27;10.0;S. Mijnans;M;/players/sven-mijnans/566000/;sven-mijnans;566000.0;stichting-az;S. Mijnans;
crispy;D. Vente;27;9.0;D. Vente;A;/players/dylan-vente/426585/;dylan-vente;426585.0;bvo-fc-zwolle;D. Vente;12.0
crispy;K. Taylor;27;8.0;K. Taylor;M;/players/kenneth-taylor/508784/;kenneth-taylor;508784.0;afc-ajax;K. Taylor;
crispy;G. Til;27;20.0;G. Til;M;/players/guus-til/451981/;guus-til;451981.0;psv-nv;G. Til;2.8
svvthomas;N. Olij;27;;N. Olij;K;/players/nick-olij/235322/;nick-olij;235322.0;sparta-rotterdam-bv;N. Olij;2.0
svvthomas;M. Deijl;27;2.0;M. Deijl;V;/players/mats-deijl/402457/;mats-deijl;402457.0;stichting-go-ahead-eagles;M. Deijl;15.0
svvthomas;D. Hancko;27;33.0;D. Hancko;V;/players/david-hancko/391059/;david-hancko;391059.0;feyenoord-rotterdam-nv;D. Hancko;12.0
svvthomas;D. Mirani;27;4.0;D. Mirani;V;/players/damon-mirani/289811/;damon-mirani;289811.0;stichting-heracles-almelo;D. Mirani;-1.0
svvthomas;C. Sandra;27;14.0;C. Sandra;M;/players/cisse-sandra/638266/;cisse-sandra;638266.0;sbv-willem-ii-tilburg;C. Sandra;7.47
svvthomas;K. Ogawa;27;18.0;K. Ogawa;A;/players/koki-ogawa/435835/;koki-ogawa;435835.0;nijmegen-eendracht-combinatie;K. Ogawa;
svvthomas;L. Brouwers;27;8.0;L. Brouwers;M;/players/luuk-brouwers/402458/;luuk-brouwers;402458.0;sportclub-heerenveen;L. Brouwers;
svvthomas;S. Steijn;27;14.0;S. Steijn;M;/players/sem-steijn/560623/;sem-steijn;560623.0;stichting-fc-twente-65;S. Steijn;17.0
svvthomas;T. Parrott;27;9.0;T. Parrott;A;/players/troy-parrot/515624/;troy-parrot;515624.0;stichting-az;T. Parrott;
svvthomas;L. de Jong;27;9.0;L. de Jong;A;/players/luuk-de-jong/65056/;luuk-de-jong;65056.0;psv-nv;L. de Jong;4.0
svvthomas;D. Klaassen;27;18.0;D. Klaassen;M;/players/davy-klaassen/158581/;davy-klaassen;158581.0;afc-ajax;D. Klaassen;17.0
El Cid;L. Unnerstall;27;1.0;L. Unnerstall;K;/players/lars-unnerstall/81320/;lars-unnerstall;81320.0;stichting-fc-twente-65;L. Unnerstall;17.0
El Cid;P. Bochniewicz;27;5.0;P. Bochniewicz;V;/players/pawe-bochniewicz/273911/;pawe-bochniewicz;273911.0;sportclub-heerenveen;P. Bochniewicz;
El Cid;B. Nieuwkoop;27;2.0;B. Nieuwkoop;V;/players/bart-nieuwkoop/275124/;bart-nieuwkoop;275124.0;feyenoord-rotterdam-nv;B. Nieuwkoop;
El Cid;D. van der Kust;27;;D. van der Kust;V;/players/djevencio-van-der-kust/569309/;djevencio-van-der-kust;569309.0;sparta-rotterdam-bv;D. van der Kust;
El Cid;A. Halilovic;27;10.0;A. Halilović;M;/players/alen-halilovi/270136/;alen-halilovi;270136.0;fortuna-sittard;A. Halilovic;
El Cid;L. Valente;27;10.0;L. Valente;M;/players/luciano-valente/703884/;luciano-valente;703884.0;stichting-fc-groningen;L. Valente;10.0
El Cid;V. Jensen;27;7.0;V. Jensen;M;/players/victor-jensen/460509/;victor-jensen;460509.0;stichting-fc-utrecht;V. Jensen;
El Cid;D. Proper;27;71.0;D. Proper;M;/players/dirk-proper/525939/;dirk-proper;525939.0;nijmegen-eendracht-combinatie;D. Proper;4.0
El Cid;B. Traore;27;20.0;B. Traoré;A;/players/bertrand-traore/102801/;bertrand-traore;102801.0;afc-ajax;B. Traore;8.53
El Cid;L. de Jong;27;9.0;L. de Jong;A;/players/luuk-de-jong/65056/;luuk-de-jong;65056.0;psv-nv;L. de Jong;4.0
El Cid;T. Parrott;27;9.0;T. Parrott;A;/players/troy-parrot/515624/;troy-parrot;515624.0;stichting-az;T. Parrott;
Otis.;V. Barkas;27;1.0;V. Barkas;K;/players/vasileios-barkas/272919/;vasileios-barkas;272919.0;stichting-fc-utrecht;V. Barkas;2.0
Otis.;M. Deijl;27;2.0;M. Deijl;V;/players/mats-deijl/402457/;mats-deijl;402457.0;stichting-go-ahead-eagles;M. Deijl;15.0
Otis.;M. Hilgers;27;2.0;M. Hilgers;V;/players/mees-hilgers/627701/;mees-hilgers;627701.0;stichting-fc-twente-65;M. Hilgers;0.0
Otis.;J. Hato;27;4.0;J. Hato;V;/players/jorrel-hato/783173/;jorrel-hato;783173.0;afc-ajax;J. Hato;27.0
Otis.;J. Trenskow;27;20.0;J. Trenskow;A;/players/jacob-trenskow/672937/;jacob-trenskow;672937.0;sportclub-heerenveen;J. Trenskow;
Otis.;S. Mijnans;27;10.0;S. Mijnans;M;/players/sven-mijnans/566000/;sven-mijnans;566000.0;stichting-az;S. Mijnans;
Otis.;Rober;27;7.0;Róber;M;/players/roberto-gonzalez-bayon/500171/;roberto-gonzalez-bayon;500171.0;nijmegen-eendracht-combinatie;Rober;
Otis.;P. Clement;27;;P. Clement;M;/players/pelle-clement/379793/;pelle-clement;379793.0;sparta-rotterdam-bv;P. Clement;0.9
Otis.;D. Hancko;27;33.0;D. Hancko;V;/players/david-hancko/391059/;david-hancko;391059.0;feyenoord-rotterdam-nv;D. Hancko;12.0
Otis.;L. de Jong;27;9.0;L. de Jong;A;/players/luuk-de-jong/65056/;luuk-de-jong;65056.0;psv-nv;L. de Jong;4.0
Otis.;L. Kulenovic;27;19.0;L. Kulenović;A;/players/luka-kulenovi/631882/;luka-kulenovi;631882.0;stichting-heracles-almelo;L. Kulenovic;3.0
Gordon Shumway;S. Steijn;27;14.0;S. Steijn;M;/players/sem-steijn/560623/;sem-steijn;560623.0;stichting-fc-twente-65;S. Steijn;17.0
Gordon Shumway;B. Nieuwkoop;27;2.0;B. Nieuwkoop;V;/players/bart-nieuwkoop/275124/;bart-nieuwkoop;275124.0;feyenoord-rotterdam-nv;B. Nieuwkoop;
Gordon Shumway;J. Hato;27;4.0;J. Hato;V;/players/jorrel-hato/783173/;jorrel-hato;783173.0;afc-ajax;J. Hato;27.0
Gordon Shumway;M. Kohlert;27;11.0;M. Köhlert;V;/players/mats-kohlert/400423/;mats-kohlert;400423.0;sportclub-heerenveen;M. Kohlert;3.0
Gordon Shumway;C. Neghli;27;;C. Neghli;A;/players/camiel-neghli/680707/;camiel-neghli;680707.0;sparta-rotterdam-bv;C. Neghli;
Gordon Shumway;L. Valente;27;10.0;L. Valente;M;/players/luciano-valente/703884/;luciano-valente;703884.0;stichting-fc-groningen;L. Valente;10.0
Gordon Shumway;D. Proper;27;71.0;D. Proper;M;/players/dirk-proper/525939/;dirk-proper;525939.0;nijmegen-eendracht-combinatie;D. Proper;4.0
Gordon Shumway;V. Jensen;27;7.0;V. Jensen;M;/players/victor-jensen/460509/;victor-jensen;460509.0;stichting-fc-utrecht;V. Jensen;
Gordon Shumway;L. de Jong;27;9.0;L. de Jong;A;/players/luuk-de-jong/65056/;luuk-de-jong;65056.0;psv-nv;L. de Jong;4.0
Gordon Shumway;!K. Sierhuis;27;;;;;;;;;
Gordon Shumway;T. Parrott;27;9.0;T. Parrott;A;/players/troy-parrot/515624/;troy-parrot;515624.0;stichting-az;T. Parrott;
Suikerbrood;N. Olij;27;;N. Olij;K;/players/nick-olij/235322/;nick-olij;235322.0;sparta-rotterdam-bv;N. Olij;2.0
Suikerbrood;S. Olsson;27;19.0;S. Olsson;M;/players/simon-olsson/423888/;simon-olsson;423888.0;sportclub-heerenveen;S. Olsson;
Suikerbrood;D. Rensch;27;2.0;D. Rensch;V;/players/devyne-rensch/601396/;devyne-rensch;601396.0;afc-ajax;D. Rensch;
Suikerbrood;J. Amofa;27;25.0;J. Amofa;V;/players/jamal-amofa/668121/;jamal-amofa;668121.0;stichting-go-ahead-eagles;J. Amofa;
Suikerbrood;N. Viergever;27;24.0;N. Viergever;V;/players/nick--viergever/78529/;nick--viergever;78529.0;stichting-fc-utrecht;N. Viergever;2.0
Suikerbrood;D. Proper;27;71.0;D. Proper;M;/players/dirk-proper/525939/;dirk-proper;525939.0;nijmegen-eendracht-combinatie;D. Proper;4.0
Suikerbrood;M. Vlap;27;18.0;M. Vlap;M;/players/michel-vlap/407742/;michel-vlap;407742.0;stichting-fc-twente-65;M. Vlap;5.24
Suikerbrood;A. Halilovic;27;10.0;A. Halilović;M;/players/alen-halilovi/270136/;alen-halilovi;270136.0;fortuna-sittard;A. Halilovic;
Suikerbrood;A. Ueda;27;9.0;A. Ueda;A;/players/ayase-ueda/551425/;ayase-ueda;551425.0;feyenoord-rotterdam-nv;A. Ueda;
Suikerbrood;R. van Bommel;27;7.0;R. van Bommel;A;/players/ruben-van-bommel/834074/;ruben-van-bommel;834074.0;stichting-az;R. van Bommel;
Suikerbrood;L. de Jong;27;9.0;L. de Jong;A;/players/luuk-de-jong/65056/;luuk-de-jong;65056.0;psv-nv;L. de Jong;4.0
EnGCatjuh;R. Roefs;27;22.0;R. Roefs;K;/players/robin-roefs/636190/;robin-roefs;636190.0;nijmegen-eendracht-combinatie;R. Roefs;2.0
EnGCatjuh;M. Kohlert;27;11.0;M. Köhlert;V;/players/mats-kohlert/400423/;mats-kohlert;400423.0;sportclub-heerenveen;M. Kohlert;3.0
EnGCatjuh;O. Boscagli;27;18.0;O. Boscagli;V;/players/olivier-boscagli/329542/;olivier-boscagli;329542.0;psv-nv;O. Boscagli;
EnGCatjuh;S. El Karouani;27;16.0;S. El Karouani;V;/players/souffian-elkarouani/537878/;souffian-elkarouani;537878.0;stichting-fc-utrecht;S. El Karouani;2.0
EnGCatjuh;Igor Paixao;27;14.0;Igor Paixão;A;/players/igor-guilherme-barbosa-da-paixao/593041/;igor-guilherme-barbosa-da-paixao;593041.0;feyenoord-rotterdam-nv;Igor Paixao;5.0
EnGCatjuh;J. Schreuders;27;14.0;J. Schreuders;M;/players/jorg-schreuders/877779/;jorg-schreuders;877779.0;stichting-fc-groningen;J. Schreuders;1.72
EnGCatjuh;S. Adewoye;27;4.0;S. Adewoye;V;/players/shawn-adewoye/618207/;shawn-adewoye;618207.0;fortuna-sittard;S. Adewoye;
EnGCatjuh;S. Steijn;27;14.0;S. Steijn;M;/players/sem-steijn/560623/;sem-steijn;560623.0;stichting-fc-twente-65;S. Steijn;17.0
EnGCatjuh;T. Parrott;27;9.0;T. Parrott;A;/players/troy-parrot/515624/;troy-parrot;515624.0;stichting-az;T. Parrott;
EnGCatjuh;B. Brobbey;27;9.0;B. Brobbey;A;/players/brian-brobbey/520146/;brian-brobbey;520146.0;afc-ajax;B. Brobbey;13.13
EnGCatjuh;R. Meerveld;27;16.0;R. Meerveld;M;/players/ringo-meerveld/623815/;ringo-meerveld;623815.0;sbv-willem-ii-tilburg;R. Meerveld;3.0
Vishandel Makaay;R. Pasveer;27;22.0;R. Pasveer;K;/players/remko-pasveer/49689/;remko-pasveer;49689.0;afc-ajax;R. Pasveer;17.0
Vishandel Makaay;R. Flamingo;27;6.0;R. Flamingo;V;/players/ryan-flamingo/627724/;ryan-flamingo;627724.0;psv-nv;R. Flamingo;2.0
Vishandel Makaay;J. Lelieveld;27;2.0;J. Lelieveld;V;/players/julian-lelieveld/407738/;julian-lelieveld;407738.0;rkc-waalwijk;J. Lelieveld;1.0
Vishandel Makaay;K. Leerdam;27;18.0;K. Leerdam;V;/players/kelvin-leerdam/68354/;kelvin-leerdam;68354.0;stichting-heracles-almelo;K. Leerdam;0.0
Vishandel Makaay;M. Dijks;27;35.0;M. Dijks;V;/players/mitchel-dijks/219029/;mitchel-dijks;219029.0;fortuna-sittard;M. Dijks;
Vishandel Makaay;T. Oosting;27;25.0;T. Oosting;M;/players/thijs-oosting/477591/;thijs-oosting;477591.0;stichting-fc-groningen;T. Oosting;0.0
Vishandel Makaay;E. van Ee;27;21.0;E. van Ee;M;/players/espen-van-ee/921919/;espen-van-ee;921919.0;sportclub-heerenveen;E. van Ee;4.0
Vishandel Makaay;P. Aaronson;27;21.0;P. Aaronson;M;/players/paxten-aaronson/576828/;paxten-aaronson;576828.0;stichting-fc-utrecht;P. Aaronson;11.0
Vishandel Makaay;A. Hadj Moussa;27;23.0;A. Hadj Moussa;A;/players/anis--hadj-moussa/755639/;anis--hadj-moussa;755639.0;feyenoord-rotterdam-nv;A. Hadj Moussa;5.0
Vishandel Makaay;R. van Wolfswinkel;27;9.0;R. van Wolfswinkel;A;/players/ricky-van-wolfswinkel/59407/;ricky-van-wolfswinkel;59407.0;stichting-fc-twente-65;R. van Wolfswinkel;0.0
Vishandel Makaay;M. Meerdink;27;35.0;M. Meerdink;A;/players/mexx-meerdink/796451/;mexx-meerdink;796451.0;stichting-az;M. Meerdink;
Friggles;L. Unnerstall;27;1.0;L. Unnerstall;K;/players/lars-unnerstall/81320/;lars-unnerstall;81320.0;stichting-fc-twente-65;L. Unnerstall;17.0
Friggles;M. Ihattaren;27;52.0;M. Ihattaren;M;/players/mohammed-amine-ihattaren/525933/;mohammed-amine-ihattaren;525933.0;rkc-waalwijk;M. Ihattaren;3.0
Friggles;M. Deijl;27;2.0;M. Deijl;V;/players/mats-deijl/402457/;mats-deijl;402457.0;stichting-go-ahead-eagles;M. Deijl;15.0
Friggles;S. El Karouani;27;16.0;S. El Karouani;V;/players/souffian-elkarouani/537878/;souffian-elkarouani;537878.0;stichting-fc-utrecht;S. El Karouani;2.0
Friggles;S. Mijnans;27;10.0;S. Mijnans;M;/players/sven-mijnans/566000/;sven-mijnans;566000.0;stichting-az;S. Mijnans;
Friggles;D. Proper;27;71.0;D. Proper;M;/players/dirk-proper/525939/;dirk-proper;525939.0;nijmegen-eendracht-combinatie;D. Proper;4.0
Friggles;M. Kohlert;27;11.0;M. Köhlert;V;/players/mats-kohlert/400423/;mats-kohlert;400423.0;sportclub-heerenveen;M. Kohlert;3.0
Friggles;K. Hlynsson;27;;K. Hlynsson;M;/players/kristian-nokkvi-hlynsson/636342/;kristian-nokkvi-hlynsson;636342.0;sparta-rotterdam-bv;K. Hlynsson;3.0
Friggles;Q. Timber;27;8.0;Q. Timber;M;/players/quinten-maduro/463017/;quinten-maduro;463017.0;feyenoord-rotterdam-nv;Q. Timber;
Friggles;L. de Jong;27;9.0;L. de Jong;A;/players/luuk-de-jong/65056/;luuk-de-jong;65056.0;psv-nv;L. de Jong;4.0
Friggles;B. Brobbey;27;9.0;B. Brobbey;A;/players/brian-brobbey/520146/;brian-brobbey;520146.0;afc-ajax;B. Brobbey;13.13
Jay-Jay;N. Olij;27;;N. Olij;K;/players/nick-olij/235322/;nick-olij;235322.0;sparta-rotterdam-bv;N. Olij;2.0
Jay-Jay;S. Maikuma;27;16.0;S. Maikuma;V;/players/seiya-maikuma/651537/;seiya-maikuma;651537.0;stichting-az;S. Maikuma;
Jay-Jay;M. Deijl;27;2.0;M. Deijl;V;/players/mats-deijl/402457/;mats-deijl;402457.0;stichting-go-ahead-eagles;M. Deijl;15.0
Jay-Jay;S. El Karouani;27;16.0;S. El Karouani;V;/players/souffian-elkarouani/537878/;souffian-elkarouani;537878.0;stichting-fc-utrecht;S. El Karouani;2.0
Jay-Jay;Ivo Pinto;27;12.0;Ivo Pinto;V;/players/ivo-pinto/86672/;ivo-pinto;86672.0;fortuna-sittard;Ivo Pinto;
Jay-Jay;J. Veerman;27;23.0;J. Veerman;M;/players/joey--veerman/459312/;joey--veerman;459312.0;psv-nv;J. Veerman;7.0
Jay-Jay;R. Meerveld;27;16.0;R. Meerveld;M;/players/ringo-meerveld/623815/;ringo-meerveld;623815.0;sbv-willem-ii-tilburg;R. Meerveld;3.0
Jay-Jay;B. Linssen;27;30.0;B. Linssen;A;/players/brian-linssen/52888/;brian-linssen;52888.0;nijmegen-eendracht-combinatie;B. Linssen;2.93
Jay-Jay;Q. Timber;27;8.0;Q. Timber;M;/players/quinten-maduro/463017/;quinten-maduro;463017.0;feyenoord-rotterdam-nv;Q. Timber;
Jay-Jay;B. Brobbey;27;9.0;B. Brobbey;A;/players/brian-brobbey/520146/;brian-brobbey;520146.0;afc-ajax;B. Brobbey;13.13
Jay-Jay;S. Lammers;27;10.0;S. Lammers;A;/players/sam-lammers/407736/;sam-lammers;407736.0;stichting-fc-twente-65;S. Lammers;13.93
Rucebo;V. Barkas;27;1.0;V. Barkas;K;/players/vasileios-barkas/272919/;vasileios-barkas;272919.0;stichting-fc-utrecht;V. Barkas;2.0
Rucebo;Ivo Pinto;27;12.0;Ivo Pinto;V;/players/ivo-pinto/86672/;ivo-pinto;86672.0;fortuna-sittard;Ivo Pinto;
Rucebo;J. Hato;27;4.0;J. Hato;V;/players/jorrel-hato/783173/;jorrel-hato;783173.0;afc-ajax;J. Hato;27.0
Rucebo;D. Hancko;27;33.0;D. Hancko;V;/players/david-hancko/391059/;david-hancko;391059.0;feyenoord-rotterdam-nv;D. Hancko;12.0
Rucebo;M. Deijl;27;2.0;M. Deijl;V;/players/mats-deijl/402457/;mats-deijl;402457.0;stichting-go-ahead-eagles;M. Deijl;15.0
Rucebo;S. Steijn;27;14.0;S. Steijn;M;/players/sem-steijn/560623/;sem-steijn;560623.0;stichting-fc-twente-65;S. Steijn;17.0
Rucebo;F. Krastev;27;50.0;F. Krastev;M;/players/filip-yavorov-krastev/550509/;filip-yavorov-krastev;550509.0;bvo-fc-zwolle;F. Krastev;
Rucebo;L. Brouwers;27;8.0;L. Brouwers;M;/players/luuk-brouwers/402458/;luuk-brouwers;402458.0;sportclub-heerenveen;L. Brouwers;
Rucebo;T. Parrott;27;9.0;T. Parrott;A;/players/troy-parrot/515624/;troy-parrot;515624.0;stichting-az;T. Parrott;
Rucebo;L. de Jong;27;9.0;L. de Jong;A;/players/luuk-de-jong/65056/;luuk-de-jong;65056.0;psv-nv;L. de Jong;4.0
Rucebo;K. Ogawa;27;18.0;K. Ogawa;A;/players/koki-ogawa/435835/;koki-ogawa;435835.0;nijmegen-eendracht-combinatie;K. Ogawa;
tukkeRoel;V. Barkas;28;1.0;V. Barkas;K;/players/vasileios-barkas/272919/;vasileios-barkas;272919.0;stichting-fc-utrecht;V. Barkas;
tukkeRoel;D. Hancko;28;33.0;D. Hancko;V;/players/david-hancko/391059/;david-hancko;391059.0;feyenoord-rotterdam-nv;D. Hancko;16.0
tukkeRoel;J. Hato;28;4.0;J. Hato;V;/players/jorrel-hato/783173/;jorrel-hato;783173.0;afc-ajax;J. Hato;15.0
tukkeRoel;M. Kohlert;28;11.0;M. Köhlert;V;/players/mats-kohlert/400423/;mats-kohlert;400423.0;sportclub-heerenveen;M. Kohlert;
tukkeRoel;C. Verdonk;28;24.0;C. Verdonk;V;/players/calvin-verdonk/319288/;calvin-verdonk;319288.0;nijmegen-eendracht-combinatie;C. Verdonk;-1.0
tukkeRoel;D. Mbayo;28;11.0;D. Mbayo;A;/players/dylan-mbayo/599681/;dylan-mbayo;599681.0;bvo-fc-zwolle;D. Mbayo;
tukkeRoel;S. Mijnans;28;10.0;S. Mijnans;M;/players/sven-mijnans/566000/;sven-mijnans;566000.0;stichting-az;S. Mijnans;
tukkeRoel;M. Seuntjens;28;20.0;M. Seuntjens;M;/players/mats-seuntjes/194827/;mats-seuntjes;194827.0;stichting-fc-groningen;M. Seuntjens;
tukkeRoel;S. Steijn;28;14.0;S. Steijn;M;/players/sem-steijn/560623/;sem-steijn;560623.0;stichting-fc-twente-65;S. Steijn;6.04
tukkeRoel;M. Deijl;28;2.0;M. Deijl;V;/players/mats-deijl/402457/;mats-deijl;402457.0;stichting-go-ahead-eagles;M. Deijl;1.0
tukkeRoel;L. de Jong;28;9.0;L. de Jong;A;/players/luuk-de-jong/65056/;luuk-de-jong;65056.0;psv-nv;L. de Jong;
methodmich;V. Barkas;28;1.0;V. Barkas;K;/players/vasileios-barkas/272919/;vasileios-barkas;272919.0;stichting-fc-utrecht;V. Barkas;
methodmich;M. Deijl;28;2.0;M. Deijl;V;/players/mats-deijl/402457/;mats-deijl;402457.0;stichting-go-ahead-eagles;M. Deijl;1.0
methodmich;D. Hancko;28;33.0;D. Hancko;V;/players/david-hancko/391059/;david-hancko;391059.0;feyenoord-rotterdam-nv;D. Hancko;16.0
methodmich;M. Kohlert;28;11.0;M. Köhlert;V;/players/mats-kohlert/400423/;mats-kohlert;400423.0;sportclub-heerenveen;M. Kohlert;
methodmich;S. Mijnans;28;10.0;S. Mijnans;M;/players/sven-mijnans/566000/;sven-mijnans;566000.0;stichting-az;S. Mijnans;
methodmich;M. Ihattaren;28;52.0;M. Ihattaren;M;/players/mohammed-amine-ihattaren/525933/;mohammed-amine-ihattaren;525933.0;rkc-waalwijk;M. Ihattaren;
methodmich;S. Steijn;28;14.0;S. Steijn;M;/players/sem-steijn/560623/;sem-steijn;560623.0;stichting-fc-twente-65;S. Steijn;6.04
methodmich;K. Hlynsson;28;;K. Hlynsson;M;/players/kristian-nokkvi-hlynsson/636342/;kristian-nokkvi-hlynsson;636342.0;sparta-rotterdam-bv;K. Hlynsson;
methodmich;L. de Jong;28;9.0;L. de Jong;A;/players/luuk-de-jong/65056/;luuk-de-jong;65056.0;psv-nv;L. de Jong;
methodmich;W. Weghorst;28;25.0;W. Weghorst;A;/players/wout-weghorst/255205/;wout-weghorst;255205.0;afc-ajax;W. Weghorst;
methodmich;S. van Hooijdonk;28;29.0;S. van Hooijdonk;A;/players/sydney-van-hooijdonk/555617/;sydney-van-hooijdonk;555617.0;nac-bv;S. van Hooijdonk;
FMNederland;V. Barkas;28;1.0;V. Barkas;K;/players/vasileios-barkas/272919/;vasileios-barkas;272919.0;stichting-fc-utrecht;V. Barkas;
FMNederland;M. Kohlert;28;11.0;M. Köhlert;V;/players/mats-kohlert/400423/;mats-kohlert;400423.0;sportclub-heerenveen;M. Kohlert;
FMNederland;M. Deijl;28;2.0;M. Deijl;V;/players/mats-deijl/402457/;mats-deijl;402457.0;stichting-go-ahead-eagles;M. Deijl;1.0
FMNederland;C. Verdonk;28;24.0;C. Verdonk;V;/players/calvin-verdonk/319288/;calvin-verdonk;319288.0;nijmegen-eendracht-combinatie;C. Verdonk;-1.0
FMNederland;O. Boscagli;28;18.0;O. Boscagli;V;/players/olivier-boscagli/329542/;olivier-boscagli;329542.0;psv-nv;O. Boscagli;
FMNederland;S. Bastien;28;22.0;S. Bastien;M;/players/samuel-bastien/314097/;samuel-bastien;314097.0;fortuna-sittard;S. Bastien;0.27
FMNederland;S. Steijn;28;14.0;S. Steijn;M;/players/sem-steijn/560623/;sem-steijn;560623.0;stichting-fc-twente-65;S. Steijn;6.04
FMNederland;Q. Timber;28;8.0;Q. Timber;M;/players/quinten-maduro/463017/;quinten-maduro;463017.0;feyenoord-rotterdam-nv;Q. Timber;
FMNederland;T. Robinet;28;9.0;T. Robinet;A;/players/thomas-robinet/312659/;thomas-robinet;312659.0;fc-omniworld;T. Robinet;1.0
FMNederland;T. Lauritsen;28;;T. Lauritsen;A;/players/tobias-lauritsen/406745/;tobias-lauritsen;406745.0;sparta-rotterdam-bv;T. Lauritsen;
FMNederland;T. Parrott;28;9.0;T. Parrott;A;/players/troy-parrot/515624/;troy-parrot;515624.0;stichting-az;T. Parrott;5.2
crispy;L. Unnerstall;28;1.0;L. Unnerstall;K;/players/lars-unnerstall/81320/;lars-unnerstall;81320.0;stichting-fc-twente-65;L. Unnerstall;17.0
crispy;B. Pereira;28;2.0;B. Pereira;V;/players/brayann-pereira/640596/;brayann-pereira;640596.0;nijmegen-eendracht-combinatie;B. Pereira;1.0
crispy;S. El Karouani;28;16.0;S. El Karouani;V;/players/souffian-elkarouani/537878/;souffian-elkarouani;537878.0;stichting-fc-utrecht;S. El Karouani;
crispy;M. Deijl;28;2.0;M. Deijl;V;/players/mats-deijl/402457/;mats-deijl;402457.0;stichting-go-ahead-eagles;M. Deijl;1.0
crispy;D. Hancko;28;33.0;D. Hancko;V;/players/david-hancko/391059/;david-hancko;391059.0;feyenoord-rotterdam-nv;D. Hancko;16.0
crispy;R. Meerveld;28;16.0;R. Meerveld;M;/players/ringo-meerveld/623815/;ringo-meerveld;623815.0;sbv-willem-ii-tilburg;R. Meerveld;
crispy;T. Lauritsen;28;;T. Lauritsen;A;/players/tobias-lauritsen/406745/;tobias-lauritsen;406745.0;sparta-rotterdam-bv;T. Lauritsen;
crispy;S. Mijnans;28;10.0;S. Mijnans;M;/players/sven-mijnans/566000/;sven-mijnans;566000.0;stichting-az;S. Mijnans;
crispy;D. Vente;28;9.0;D. Vente;A;/players/dylan-vente/426585/;dylan-vente;426585.0;bvo-fc-zwolle;D. Vente;
crispy;K. Taylor;28;8.0;K. Taylor;M;/players/kenneth-taylor/508784/;kenneth-taylor;508784.0;afc-ajax;K. Taylor;8.0
crispy;G. Til;28;20.0;G. Til;M;/players/guus-til/451981/;guus-til;451981.0;psv-nv;G. Til;
svvthomas;N. Olij;28;;N. Olij;K;/players/nick-olij/235322/;nick-olij;235322.0;sparta-rotterdam-bv;N. Olij;
svvthomas;M. Deijl;28;2.0;M. Deijl;V;/players/mats-deijl/402457/;mats-deijl;402457.0;stichting-go-ahead-eagles;M. Deijl;1.0
svvthomas;D. Hancko;28;33.0;D. Hancko;V;/players/david-hancko/391059/;david-hancko;391059.0;feyenoord-rotterdam-nv;D. Hancko;16.0
svvthomas;D. Mirani;28;4.0;D. Mirani;V;/players/damon-mirani/289811/;damon-mirani;289811.0;stichting-heracles-almelo;D. Mirani;
svvthomas;C. Sandra;28;14.0;C. Sandra;M;/players/cisse-sandra/638266/;cisse-sandra;638266.0;sbv-willem-ii-tilburg;C. Sandra;
svvthomas;K. Ogawa;28;18.0;K. Ogawa;A;/players/koki-ogawa/435835/;koki-ogawa;435835.0;nijmegen-eendracht-combinatie;K. Ogawa;0.7
svvthomas;L. Brouwers;28;8.0;L. Brouwers;M;/players/luuk-brouwers/402458/;luuk-brouwers;402458.0;sportclub-heerenveen;L. Brouwers;
svvthomas;S. Steijn;28;14.0;S. Steijn;M;/players/sem-steijn/560623/;sem-steijn;560623.0;stichting-fc-twente-65;S. Steijn;6.04
svvthomas;T. Parrott;28;9.0;T. Parrott;A;/players/troy-parrot/515624/;troy-parrot;515624.0;stichting-az;T. Parrott;5.2
svvthomas;L. de Jong;28;9.0;L. de Jong;A;/players/luuk-de-jong/65056/;luuk-de-jong;65056.0;psv-nv;L. de Jong;
svvthomas;D. Klaassen;28;18.0;D. Klaassen;M;/players/davy-klaassen/158581/;davy-klaassen;158581.0;afc-ajax;D. Klaassen;8.0
El Cid;L. Unnerstall;28;1.0;L. Unnerstall;K;/players/lars-unnerstall/81320/;lars-unnerstall;81320.0;stichting-fc-twente-65;L. Unnerstall;17.0
El Cid;P. Bochniewicz;28;5.0;P. Bochniewicz;V;/players/pawe-bochniewicz/273911/;pawe-bochniewicz;273911.0;sportclub-heerenveen;P. Bochniewicz;
El Cid;B. Nieuwkoop;28;2.0;B. Nieuwkoop;V;/players/bart-nieuwkoop/275124/;bart-nieuwkoop;275124.0;feyenoord-rotterdam-nv;B. Nieuwkoop;
El Cid;D. van der Kust;28;;D. van der Kust;V;/players/djevencio-van-der-kust/569309/;djevencio-van-der-kust;569309.0;sparta-rotterdam-bv;D. van der Kust;
El Cid;A. Halilovic;28;10.0;A. Halilović;M;/players/alen-halilovi/270136/;alen-halilovi;270136.0;fortuna-sittard;A. Halilovic;2.13
El Cid;L. Valente;28;10.0;L. Valente;M;/players/luciano-valente/703884/;luciano-valente;703884.0;stichting-fc-groningen;L. Valente;
El Cid;V. Jensen;28;7.0;V. Jensen;M;/players/victor-jensen/460509/;victor-jensen;460509.0;stichting-fc-utrecht;V. Jensen;
El Cid;D. Proper;28;71.0;D. Proper;M;/players/dirk-proper/525939/;dirk-proper;525939.0;nijmegen-eendracht-combinatie;D. Proper;3.0
El Cid;B. Traore;28;20.0;B. Traoré;A;/players/bertrand-traore/102801/;bertrand-traore;102801.0;afc-ajax;B. Traore;5.93
El Cid;L. de Jong;28;9.0;L. de Jong;A;/players/luuk-de-jong/65056/;luuk-de-jong;65056.0;psv-nv;L. de Jong;
El Cid;T. Parrott;28;9.0;T. Parrott;A;/players/troy-parrot/515624/;troy-parrot;515624.0;stichting-az;T. Parrott;5.2
Otis.;V. Barkas;28;1.0;V. Barkas;K;/players/vasileios-barkas/272919/;vasileios-barkas;272919.0;stichting-fc-utrecht;V. Barkas;
Otis.;M. Deijl;28;2.0;M. Deijl;V;/players/mats-deijl/402457/;mats-deijl;402457.0;stichting-go-ahead-eagles;M. Deijl;1.0
Otis.;M. Hilgers;28;2.0;M. Hilgers;V;/players/mees-hilgers/627701/;mees-hilgers;627701.0;stichting-fc-twente-65;M. Hilgers;0.0
Otis.;J. Hato;28;4.0;J. Hato;V;/players/jorrel-hato/783173/;jorrel-hato;783173.0;afc-ajax;J. Hato;15.0
Otis.;J. Trenskow;28;20.0;J. Trenskow;A;/players/jacob-trenskow/672937/;jacob-trenskow;672937.0;sportclub-heerenveen;J. Trenskow;
Otis.;S. Mijnans;28;10.0;S. Mijnans;M;/players/sven-mijnans/566000/;sven-mijnans;566000.0;stichting-az;S. Mijnans;
Otis.;Rober;28;7.0;Róber;M;/players/roberto-gonzalez-bayon/500171/;roberto-gonzalez-bayon;500171.0;nijmegen-eendracht-combinatie;Rober;
Otis.;P. Clement;28;;P. Clement;M;/players/pelle-clement/379793/;pelle-clement;379793.0;sparta-rotterdam-bv;P. Clement;
Otis.;D. Hancko;28;33.0;D. Hancko;V;/players/david-hancko/391059/;david-hancko;391059.0;feyenoord-rotterdam-nv;D. Hancko;16.0
Otis.;L. de Jong;28;9.0;L. de Jong;A;/players/luuk-de-jong/65056/;luuk-de-jong;65056.0;psv-nv;L. de Jong;
Otis.;L. Kulenovic;28;19.0;L. Kulenović;A;/players/luka-kulenovi/631882/;luka-kulenovi;631882.0;stichting-heracles-almelo;L. Kulenovic;
Gordon Shumway;S. Steijn;28;14.0;S. Steijn;M;/players/sem-steijn/560623/;sem-steijn;560623.0;stichting-fc-twente-65;S. Steijn;6.04
Gordon Shumway;B. Nieuwkoop;28;2.0;B. Nieuwkoop;V;/players/bart-nieuwkoop/275124/;bart-nieuwkoop;275124.0;feyenoord-rotterdam-nv;B. Nieuwkoop;
Gordon Shumway;J. Hato;28;4.0;J. Hato;V;/players/jorrel-hato/783173/;jorrel-hato;783173.0;afc-ajax;J. Hato;15.0
Gordon Shumway;M. Kohlert;28;11.0;M. Köhlert;V;/players/mats-kohlert/400423/;mats-kohlert;400423.0;sportclub-heerenveen;M. Kohlert;
Gordon Shumway;C. Neghli;28;;C. Neghli;A;/players/camiel-neghli/680707/;camiel-neghli;680707.0;sparta-rotterdam-bv;C. Neghli;
Gordon Shumway;L. Valente;28;10.0;L. Valente;M;/players/luciano-valente/703884/;luciano-valente;703884.0;stichting-fc-groningen;L. Valente;
Gordon Shumway;D. Proper;28;71.0;D. Proper;M;/players/dirk-proper/525939/;dirk-proper;525939.0;nijmegen-eendracht-combinatie;D. Proper;3.0
Gordon Shumway;V. Jensen;28;7.0;V. Jensen;M;/players/victor-jensen/460509/;victor-jensen;460509.0;stichting-fc-utrecht;V. Jensen;
Gordon Shumway;L. de Jong;28;9.0;L. de Jong;A;/players/luuk-de-jong/65056/;luuk-de-jong;65056.0;psv-nv;L. de Jong;
Gordon Shumway;!K. Sierhuis;28;;;;;;;;;
Gordon Shumway;T. Parrott;28;9.0;T. Parrott;A;/players/troy-parrot/515624/;troy-parrot;515624.0;stichting-az;T. Parrott;5.2
Suikerbrood;N. Olij;28;;N. Olij;K;/players/nick-olij/235322/;nick-olij;235322.0;sparta-rotterdam-bv;N. Olij;
Suikerbrood;S. Olsson;28;19.0;S. Olsson;M;/players/simon-olsson/423888/;simon-olsson;423888.0;sportclub-heerenveen;S. Olsson;
Suikerbrood;D. Rensch;28;2.0;D. Rensch;V;/players/devyne-rensch/601396/;devyne-rensch;601396.0;afc-ajax;D. Rensch;
Suikerbrood;J. Amofa;28;25.0;J. Amofa;V;/players/jamal-amofa/668121/;jamal-amofa;668121.0;stichting-go-ahead-eagles;J. Amofa;
Suikerbrood;N. Viergever;28;24.0;N. Viergever;V;/players/nick--viergever/78529/;nick--viergever;78529.0;stichting-fc-utrecht;N. Viergever;
Suikerbrood;D. Proper;28;71.0;D. Proper;M;/players/dirk-proper/525939/;dirk-proper;525939.0;nijmegen-eendracht-combinatie;D. Proper;3.0
Suikerbrood;M. Vlap;28;18.0;M. Vlap;M;/players/michel-vlap/407742/;michel-vlap;407742.0;stichting-fc-twente-65;M. Vlap;5.51
Suikerbrood;A. Halilovic;28;10.0;A. Halilović;M;/players/alen-halilovi/270136/;alen-halilovi;270136.0;fortuna-sittard;A. Halilovic;2.13
Suikerbrood;A. Ueda;28;9.0;A. Ueda;A;/players/ayase-ueda/551425/;ayase-ueda;551425.0;feyenoord-rotterdam-nv;A. Ueda;
Suikerbrood;R. van Bommel;28;7.0;R. van Bommel;A;/players/ruben-van-bommel/834074/;ruben-van-bommel;834074.0;stichting-az;R. van Bommel;
Suikerbrood;L. de Jong;28;9.0;L. de Jong;A;/players/luuk-de-jong/65056/;luuk-de-jong;65056.0;psv-nv;L. de Jong;
EnGCatjuh;R. Roefs;28;22.0;R. Roefs;K;/players/robin-roefs/636190/;robin-roefs;636190.0;nijmegen-eendracht-combinatie;R. Roefs;1.0
EnGCatjuh;M. Kohlert;28;11.0;M. Köhlert;V;/players/mats-kohlert/400423/;mats-kohlert;400423.0;sportclub-heerenveen;M. Kohlert;
EnGCatjuh;O. Boscagli;28;18.0;O. Boscagli;V;/players/olivier-boscagli/329542/;olivier-boscagli;329542.0;psv-nv;O. Boscagli;
EnGCatjuh;S. El Karouani;28;16.0;S. El Karouani;V;/players/souffian-elkarouani/537878/;souffian-elkarouani;537878.0;stichting-fc-utrecht;S. El Karouani;
EnGCatjuh;Igor Paixao;28;14.0;Igor Paixão;A;/players/igor-guilherme-barbosa-da-paixao/593041/;igor-guilherme-barbosa-da-paixao;593041.0;feyenoord-rotterdam-nv;Igor Paixao;5.0
EnGCatjuh;J. Schreuders;28;14.0;J. Schreuders;M;/players/jorg-schreuders/877779/;jorg-schreuders;877779.0;stichting-fc-groningen;J. Schreuders;
EnGCatjuh;S. Adewoye;28;4.0;S. Adewoye;V;/players/shawn-adewoye/618207/;shawn-adewoye;618207.0;fortuna-sittard;S. Adewoye;
EnGCatjuh;S. Steijn;28;14.0;S. Steijn;M;/players/sem-steijn/560623/;sem-steijn;560623.0;stichting-fc-twente-65;S. Steijn;6.04
EnGCatjuh;T. Parrott;28;9.0;T. Parrott;A;/players/troy-parrot/515624/;troy-parrot;515624.0;stichting-az;T. Parrott;5.2
EnGCatjuh;B. Brobbey;28;9.0;B. Brobbey;A;/players/brian-brobbey/520146/;brian-brobbey;520146.0;afc-ajax;B. Brobbey;11.93
EnGCatjuh;R. Meerveld;28;16.0;R. Meerveld;M;/players/ringo-meerveld/623815/;ringo-meerveld;623815.0;sbv-willem-ii-tilburg;R. Meerveld;
Vishandel Makaay;R. Pasveer;28;22.0;R. Pasveer;K;/players/remko-pasveer/49689/;remko-pasveer;49689.0;afc-ajax;R. Pasveer;
Vishandel Makaay;R. Flamingo;28;6.0;R. Flamingo;V;/players/ryan-flamingo/627724/;ryan-flamingo;627724.0;psv-nv;R. Flamingo;
Vishandel Makaay;J. Lelieveld;28;2.0;J. Lelieveld;V;/players/julian-lelieveld/407738/;julian-lelieveld;407738.0;rkc-waalwijk;J. Lelieveld;
Vishandel Makaay;K. Leerdam;28;18.0;K. Leerdam;V;/players/kelvin-leerdam/68354/;kelvin-leerdam;68354.0;stichting-heracles-almelo;K. Leerdam;
Vishandel Makaay;M. Dijks;28;35.0;M. Dijks;V;/players/mitchel-dijks/219029/;mitchel-dijks;219029.0;fortuna-sittard;M. Dijks;1.37
Vishandel Makaay;T. Oosting;28;25.0;T. Oosting;M;/players/thijs-oosting/477591/;thijs-oosting;477591.0;stichting-fc-groningen;T. Oosting;
Vishandel Makaay;E. van Ee;28;21.0;E. van Ee;M;/players/espen-van-ee/921919/;espen-van-ee;921919.0;sportclub-heerenveen;E. van Ee;
Vishandel Makaay;P. Aaronson;28;21.0;P. Aaronson;M;/players/paxten-aaronson/576828/;paxten-aaronson;576828.0;stichting-fc-utrecht;P. Aaronson;
Vishandel Makaay;A. Hadj Moussa;28;23.0;A. Hadj Moussa;A;/players/anis--hadj-moussa/755639/;anis--hadj-moussa;755639.0;feyenoord-rotterdam-nv;A. Hadj Moussa;3.83
Vishandel Makaay;R. van Wolfswinkel;28;9.0;R. van Wolfswinkel;A;/players/ricky-van-wolfswinkel/59407/;ricky-van-wolfswinkel;59407.0;stichting-fc-twente-65;R. van Wolfswinkel;1.53
Vishandel Makaay;M. Meerdink;28;35.0;M. Meerdink;A;/players/mexx-meerdink/796451/;mexx-meerdink;796451.0;stichting-az;M. Meerdink;
Friggles;L. Unnerstall;28;1.0;L. Unnerstall;K;/players/lars-unnerstall/81320/;lars-unnerstall;81320.0;stichting-fc-twente-65;L. Unnerstall;17.0
Friggles;M. Ihattaren;28;52.0;M. Ihattaren;M;/players/mohammed-amine-ihattaren/525933/;mohammed-amine-ihattaren;525933.0;rkc-waalwijk;M. Ihattaren;
Friggles;M. Deijl;28;2.0;M. Deijl;V;/players/mats-deijl/402457/;mats-deijl;402457.0;stichting-go-ahead-eagles;M. Deijl;1.0
Friggles;S. El Karouani;28;16.0;S. El Karouani;V;/players/souffian-elkarouani/537878/;souffian-elkarouani;537878.0;stichting-fc-utrecht;S. El Karouani;
Friggles;S. Mijnans;28;10.0;S. Mijnans;M;/players/sven-mijnans/566000/;sven-mijnans;566000.0;stichting-az;S. Mijnans;
Friggles;D. Proper;28;71.0;D. Proper;M;/players/dirk-proper/525939/;dirk-proper;525939.0;nijmegen-eendracht-combinatie;D. Proper;3.0
Friggles;M. Kohlert;28;11.0;M. Köhlert;V;/players/mats-kohlert/400423/;mats-kohlert;400423.0;sportclub-heerenveen;M. Kohlert;
Friggles;K. Hlynsson;28;;K. Hlynsson;M;/players/kristian-nokkvi-hlynsson/636342/;kristian-nokkvi-hlynsson;636342.0;sparta-rotterdam-bv;K. Hlynsson;
Friggles;Q. Timber;28;8.0;Q. Timber;M;/players/quinten-maduro/463017/;quinten-maduro;463017.0;feyenoord-rotterdam-nv;Q. Timber;
Friggles;L. de Jong;28;9.0;L. de Jong;A;/players/luuk-de-jong/65056/;luuk-de-jong;65056.0;psv-nv;L. de Jong;
Friggles;B. Brobbey;28;9.0;B. Brobbey;A;/players/brian-brobbey/520146/;brian-brobbey;520146.0;afc-ajax;B. Brobbey;11.93
Jay-Jay;N. Olij;28;;N. Olij;K;/players/nick-olij/235322/;nick-olij;235322.0;sparta-rotterdam-bv;N. Olij;
Jay-Jay;S. Maikuma;28;16.0;S. Maikuma;V;/players/seiya-maikuma/651537/;seiya-maikuma;651537.0;stichting-az;S. Maikuma;15.0
Jay-Jay;M. Deijl;28;2.0;M. Deijl;V;/players/mats-deijl/402457/;mats-deijl;402457.0;stichting-go-ahead-eagles;M. Deijl;1.0
Jay-Jay;S. El Karouani;28;16.0;S. El Karouani;V;/players/souffian-elkarouani/537878/;souffian-elkarouani;537878.0;stichting-fc-utrecht;S. El Karouani;
Jay-Jay;Ivo Pinto;28;12.0;Ivo Pinto;V;/players/ivo-pinto/86672/;ivo-pinto;86672.0;fortuna-sittard;Ivo Pinto;2.0
Jay-Jay;J. Veerman;28;23.0;J. Veerman;M;/players/joey--veerman/459312/;joey--veerman;459312.0;psv-nv;J. Veerman;
Jay-Jay;R. Meerveld;28;16.0;R. Meerveld;M;/players/ringo-meerveld/623815/;ringo-meerveld;623815.0;sbv-willem-ii-tilburg;R. Meerveld;
Jay-Jay;B. Linssen;28;30.0;B. Linssen;A;/players/brian-linssen/52888/;brian-linssen;52888.0;nijmegen-eendracht-combinatie;B. Linssen;0.8
Jay-Jay;Q. Timber;28;8.0;Q. Timber;M;/players/quinten-maduro/463017/;quinten-maduro;463017.0;feyenoord-rotterdam-nv;Q. Timber;
Jay-Jay;B. Brobbey;28;9.0;B. Brobbey;A;/players/brian-brobbey/520146/;brian-brobbey;520146.0;afc-ajax;B. Brobbey;11.93
Jay-Jay;S. Lammers;28;10.0;S. Lammers;A;/players/sam-lammers/407736/;sam-lammers;407736.0;stichting-fc-twente-65;S. Lammers;6.0
Rucebo;V. Barkas;28;1.0;V. Barkas;K;/players/vasileios-barkas/272919/;vasileios-barkas;272919.0;stichting-fc-utrecht;V. Barkas;
Rucebo;Ivo Pinto;28;12.0;Ivo Pinto;V;/players/ivo-pinto/86672/;ivo-pinto;86672.0;fortuna-sittard;Ivo Pinto;2.0
Rucebo;J. Hato;28;4.0;J. Hato;V;/players/jorrel-hato/783173/;jorrel-hato;783173.0;afc-ajax;J. Hato;15.0
Rucebo;D. Hancko;28;33.0;D. Hancko;V;/players/david-hancko/391059/;david-hancko;391059.0;feyenoord-rotterdam-nv;D. Hancko;16.0
Rucebo;M. Deijl;28;2.0;M. Deijl;V;/players/mats-deijl/402457/;mats-deijl;402457.0;stichting-go-ahead-eagles;M. Deijl;1.0
Rucebo;S. Steijn;28;14.0;S. Steijn;M;/players/sem-steijn/560623/;sem-steijn;560623.0;stichting-fc-twente-65;S. Steijn;6.04
Rucebo;F. Krastev;28;50.0;F. Krastev;M;/players/filip-yavorov-krastev/550509/;filip-yavorov-krastev;550509.0;bvo-fc-zwolle;F. Krastev;
Rucebo;L. Brouwers;28;8.0;L. Brouwers;M;/players/luuk-brouwers/402458/;luuk-brouwers;402458.0;sportclub-heerenveen;L. Brouwers;
Rucebo;T. Parrott;28;9.0;T. Parrott;A;/players/troy-parrot/515624/;troy-parrot;515624.0;stichting-az;T. Parrott;5.2
Rucebo;L. de Jong;28;9.0;L. de Jong;A;/players/luuk-de-jong/65056/;luuk-de-jong;65056.0;psv-nv;L. de Jong;
Rucebo;K. Ogawa;28;18.0;K. Ogawa;A;/players/koki-ogawa/435835/;koki-ogawa;435835.0;nijmegen-eendracht-combinatie;K. Ogawa;0.7
tukkeRoel;V. Barkas;29;1.0;V. Barkas;K;/players/vasileios-barkas/272919/;vasileios-barkas;272919.0;stichting-fc-utrecht;V. Barkas;17.0
tukkeRoel;D. Hancko;29;33.0;D. Hancko;V;/players/david-hancko/391059/;david-hancko;391059.0;feyenoord-rotterdam-nv;D. Hancko;12.0
tukkeRoel;J. Hato;29;4.0;J. Hato;V;/players/jorrel-hato/783173/;jorrel-hato;783173.0;afc-ajax;J. Hato;15.0
tukkeRoel;M. Kohlert;29;11.0;M. Köhlert;V;/players/mats-kohlert/400423/;mats-kohlert;400423.0;sportclub-heerenveen;M. Kohlert;4.0
tukkeRoel;C. Verdonk;29;24.0;C. Verdonk;V;/players/calvin-verdonk/319288/;calvin-verdonk;319288.0;nijmegen-eendracht-combinatie;C. Verdonk;12.0
tukkeRoel;D. Mbayo;29;11.0;D. Mbayo;A;/players/dylan-mbayo/599681/;dylan-mbayo;599681.0;bvo-fc-zwolle;D. Mbayo;3.0
tukkeRoel;S. Mijnans;29;10.0;S. Mijnans;M;/players/sven-mijnans/566000/;sven-mijnans;566000.0;stichting-az;S. Mijnans;
tukkeRoel;M. Seuntjens;29;20.0;M. Seuntjens;M;/players/mats-seuntjes/194827/;mats-seuntjes;194827.0;stichting-fc-groningen;M. Seuntjens;3.07
tukkeRoel;S. Steijn;29;14.0;S. Steijn;M;/players/sem-steijn/560623/;sem-steijn;560623.0;stichting-fc-twente-65;S. Steijn;7.0
tukkeRoel;M. Deijl;29;2.0;M. Deijl;V;/players/mats-deijl/402457/;mats-deijl;402457.0;stichting-go-ahead-eagles;M. Deijl;3.0
tukkeRoel;L. de Jong;29;9.0;L. de Jong;A;/players/luuk-de-jong/65056/;luuk-de-jong;65056.0;psv-nv;L. de Jong;11.0
methodmich;V. Barkas;29;1.0;V. Barkas;K;/players/vasileios-barkas/272919/;vasileios-barkas;272919.0;stichting-fc-utrecht;V. Barkas;17.0
methodmich;M. Deijl;29;2.0;M. Deijl;V;/players/mats-deijl/402457/;mats-deijl;402457.0;stichting-go-ahead-eagles;M. Deijl;3.0
methodmich;D. Hancko;29;33.0;D. Hancko;V;/players/david-hancko/391059/;david-hancko;391059.0;feyenoord-rotterdam-nv;D. Hancko;12.0
methodmich;M. Kohlert;29;11.0;M. Köhlert;V;/players/mats-kohlert/400423/;mats-kohlert;400423.0;sportclub-heerenveen;M. Kohlert;4.0
methodmich;K. Taylor;29;8.0;K. Taylor;M;/players/kenneth-taylor/508784/;kenneth-taylor;508784.0;afc-ajax;K. Taylor;17.0
methodmich;M. Ihattaren;29;52.0;M. Ihattaren;M;/players/mohammed-amine-ihattaren/525933/;mohammed-amine-ihattaren;525933.0;rkc-waalwijk;M. Ihattaren;3.0
methodmich;S. Steijn;29;14.0;S. Steijn;M;/players/sem-steijn/560623/;sem-steijn;560623.0;stichting-fc-twente-65;S. Steijn;7.0
methodmich;K. Hlynsson;29;;K. Hlynsson;M;/players/kristian-nokkvi-hlynsson/636342/;kristian-nokkvi-hlynsson;636342.0;sparta-rotterdam-bv;K. Hlynsson;22.0
methodmich;L. de Jong;29;9.0;L. de Jong;A;/players/luuk-de-jong/65056/;luuk-de-jong;65056.0;psv-nv;L. de Jong;11.0
methodmich;T. Parrott;29;9.0;T. Parrott;A;/players/troy-parrot/515624/;troy-parrot;515624.0;stichting-az;T. Parrott;3.0
methodmich;S. van Hooijdonk;29;29.0;S. van Hooijdonk;A;/players/sydney-van-hooijdonk/555617/;sydney-van-hooijdonk;555617.0;nac-bv;S. van Hooijdonk;3.0
FMNederland;V. Barkas;29;1.0;V. Barkas;K;/players/vasileios-barkas/272919/;vasileios-barkas;272919.0;stichting-fc-utrecht;V. Barkas;17.0
FMNederland;M. Kohlert;29;11.0;M. Köhlert;V;/players/mats-kohlert/400423/;mats-kohlert;400423.0;sportclub-heerenveen;M. Kohlert;4.0
FMNederland;M. Deijl;29;2.0;M. Deijl;V;/players/mats-deijl/402457/;mats-deijl;402457.0;stichting-go-ahead-eagles;M. Deijl;3.0
FMNederland;C. Verdonk;29;24.0;C. Verdonk;V;/players/calvin-verdonk/319288/;calvin-verdonk;319288.0;nijmegen-eendracht-combinatie;C. Verdonk;12.0
FMNederland;O. Boscagli;29;18.0;O. Boscagli;V;/players/olivier-boscagli/329542/;olivier-boscagli;329542.0;psv-nv;O. Boscagli;5.9
FMNederland;S. Bastien;29;22.0;S. Bastien;M;/players/samuel-bastien/314097/;samuel-bastien;314097.0;fortuna-sittard;S. Bastien;1.22
FMNederland;S. Steijn;29;14.0;S. Steijn;M;/players/sem-steijn/560623/;sem-steijn;560623.0;stichting-fc-twente-65;S. Steijn;7.0
FMNederland;Q. Timber;29;8.0;Q. Timber;M;/players/quinten-maduro/463017/;quinten-maduro;463017.0;feyenoord-rotterdam-nv;Q. Timber;
FMNederland;T. Robinet;29;9.0;T. Robinet;A;/players/thomas-robinet/312659/;thomas-robinet;312659.0;fc-omniworld;T. Robinet;3.0
FMNederland;T. Lauritsen;29;;T. Lauritsen;A;/players/tobias-lauritsen/406745/;tobias-lauritsen;406745.0;sparta-rotterdam-bv;T. Lauritsen;21.0
FMNederland;T. Parrott;29;9.0;T. Parrott;A;/players/troy-parrot/515624/;troy-parrot;515624.0;stichting-az;T. Parrott;3.0
crispy;L. Unnerstall;29;1.0;L. Unnerstall;K;/players/lars-unnerstall/81320/;lars-unnerstall;81320.0;stichting-fc-twente-65;L. Unnerstall;3.0
crispy;B. Pereira;29;2.0;B. Pereira;V;/players/brayann-pereira/640596/;brayann-pereira;640596.0;nijmegen-eendracht-combinatie;B. Pereira;14.0
crispy;S. El Karouani;29;16.0;S. El Karouani;V;/players/souffian-elkarouani/537878/;souffian-elkarouani;537878.0;stichting-fc-utrecht;S. El Karouani;15.0
crispy;M. Deijl;29;2.0;M. Deijl;V;/players/mats-deijl/402457/;mats-deijl;402457.0;stichting-go-ahead-eagles;M. Deijl;3.0
crispy;D. Hancko;29;33.0;D. Hancko;V;/players/david-hancko/391059/;david-hancko;391059.0;feyenoord-rotterdam-nv;D. Hancko;12.0
crispy;R. Meerveld;29;16.0;R. Meerveld;M;/players/ringo-meerveld/623815/;ringo-meerveld;623815.0;sbv-willem-ii-tilburg;R. Meerveld;1.0
crispy;T. Lauritsen;29;;T. Lauritsen;A;/players/tobias-lauritsen/406745/;tobias-lauritsen;406745.0;sparta-rotterdam-bv;T. Lauritsen;21.0
crispy;P. Koopmeiners;29;6.0;P. Koopmeiners;M;/players/peer-koopmeiners/533281/;peer-koopmeiners;533281.0;stichting-az;P. Koopmeiners;1.53
crispy;D. Vente;29;9.0;D. Vente;A;/players/dylan-vente/426585/;dylan-vente;426585.0;bvo-fc-zwolle;D. Vente;11.0
crispy;K. Taylor;29;8.0;K. Taylor;M;/players/kenneth-taylor/508784/;kenneth-taylor;508784.0;afc-ajax;K. Taylor;17.0
crispy;G. Til;29;20.0;G. Til;M;/players/guus-til/451981/;guus-til;451981.0;psv-nv;G. Til;2.43
svvthomas;N. Olij;29;;N. Olij;K;/players/nick-olij/235322/;nick-olij;235322.0;sparta-rotterdam-bv;N. Olij;25.0
svvthomas;M. Deijl;29;2.0;M. Deijl;V;/players/mats-deijl/402457/;mats-deijl;402457.0;stichting-go-ahead-eagles;M. Deijl;3.0
svvthomas;D. Hancko;29;33.0;D. Hancko;V;/players/david-hancko/391059/;david-hancko;391059.0;feyenoord-rotterdam-nv;D. Hancko;12.0
svvthomas;D. Mirani;29;4.0;D. Mirani;V;/players/damon-mirani/289811/;damon-mirani;289811.0;stichting-heracles-almelo;D. Mirani;3.0
svvthomas;C. Sandra;29;14.0;C. Sandra;M;/players/cisse-sandra/638266/;cisse-sandra;638266.0;sbv-willem-ii-tilburg;C. Sandra;3.0
svvthomas;K. Ogawa;29;18.0;K. Ogawa;A;/players/koki-ogawa/435835/;koki-ogawa;435835.0;nijmegen-eendracht-combinatie;K. Ogawa;1.22
svvthomas;L. Brouwers;29;8.0;L. Brouwers;M;/players/luuk-brouwers/402458/;luuk-brouwers;402458.0;sportclub-heerenveen;L. Brouwers;
svvthomas;S. Steijn;29;14.0;S. Steijn;M;/players/sem-steijn/560623/;sem-steijn;560623.0;stichting-fc-twente-65;S. Steijn;7.0
svvthomas;T. Parrott;29;9.0;T. Parrott;A;/players/troy-parrot/515624/;troy-parrot;515624.0;stichting-az;T. Parrott;3.0
svvthomas;L. de Jong;29;9.0;L. de Jong;A;/players/luuk-de-jong/65056/;luuk-de-jong;65056.0;psv-nv;L. de Jong;11.0
svvthomas;D. Klaassen;29;18.0;D. Klaassen;M;/players/davy-klaassen/158581/;davy-klaassen;158581.0;afc-ajax;D. Klaassen;8.0
El Cid;L. Unnerstall;29;1.0;L. Unnerstall;K;/players/lars-unnerstall/81320/;lars-unnerstall;81320.0;stichting-fc-twente-65;L. Unnerstall;3.0
El Cid;P. Bochniewicz;29;5.0;P. Bochniewicz;V;/players/pawe-bochniewicz/273911/;pawe-bochniewicz;273911.0;sportclub-heerenveen;P. Bochniewicz;
El Cid;B. Nieuwkoop;29;2.0;B. Nieuwkoop;V;/players/bart-nieuwkoop/275124/;bart-nieuwkoop;275124.0;feyenoord-rotterdam-nv;B. Nieuwkoop;
El Cid;D. van der Kust;29;;D. van der Kust;V;/players/djevencio-van-der-kust/569309/;djevencio-van-der-kust;569309.0;sparta-rotterdam-bv;D. van der Kust;
El Cid;A. Halilovic;29;10.0;A. Halilović;M;/players/alen-halilovi/270136/;alen-halilovi;270136.0;fortuna-sittard;A. Halilovic;3.78
El Cid;L. Valente;29;10.0;L. Valente;M;/players/luciano-valente/703884/;luciano-valente;703884.0;stichting-fc-groningen;L. Valente;3.96
El Cid;V. Jensen;29;7.0;V. Jensen;M;/players/victor-jensen/460509/;victor-jensen;460509.0;stichting-fc-utrecht;V. Jensen;1.16
El Cid;D. Proper;29;71.0;D. Proper;M;/players/dirk-proper/525939/;dirk-proper;525939.0;nijmegen-eendracht-combinatie;D. Proper;7.0
El Cid;B. Traore;29;20.0;B. Traoré;A;/players/bertrand-traore/102801/;bertrand-traore;102801.0;afc-ajax;B. Traore;0.0
El Cid;L. de Jong;29;9.0;L. de Jong;A;/players/luuk-de-jong/65056/;luuk-de-jong;65056.0;psv-nv;L. de Jong;11.0
El Cid;T. Parrott;29;9.0;T. Parrott;A;/players/troy-parrot/515624/;troy-parrot;515624.0;stichting-az;T. Parrott;3.0
Otis.;V. Barkas;29;1.0;V. Barkas;K;/players/vasileios-barkas/272919/;vasileios-barkas;272919.0;stichting-fc-utrecht;V. Barkas;17.0
Otis.;M. Deijl;29;2.0;M. Deijl;V;/players/mats-deijl/402457/;mats-deijl;402457.0;stichting-go-ahead-eagles;M. Deijl;3.0
Otis.;M. Hilgers;29;2.0;M. Hilgers;V;/players/mees-hilgers/627701/;mees-hilgers;627701.0;stichting-fc-twente-65;M. Hilgers;3.0
Otis.;J. Hato;29;4.0;J. Hato;V;/players/jorrel-hato/783173/;jorrel-hato;783173.0;afc-ajax;J. Hato;15.0
Otis.;J. Trenskow;29;20.0;J. Trenskow;A;/players/jacob-trenskow/672937/;jacob-trenskow;672937.0;sportclub-heerenveen;J. Trenskow;
Otis.;S. Mijnans;29;10.0;S. Mijnans;M;/players/sven-mijnans/566000/;sven-mijnans;566000.0;stichting-az;S. Mijnans;
Otis.;Rober;29;7.0;Róber;M;/players/roberto-gonzalez-bayon/500171/;roberto-gonzalez-bayon;500171.0;nijmegen-eendracht-combinatie;Rober;
Otis.;P. Clement;29;;P. Clement;M;/players/pelle-clement/379793/;pelle-clement;379793.0;sparta-rotterdam-bv;P. Clement;2.04
Otis.;D. Hancko;29;33.0;D. Hancko;V;/players/david-hancko/391059/;david-hancko;391059.0;feyenoord-rotterdam-nv;D. Hancko;12.0
Otis.;L. de Jong;29;9.0;L. de Jong;A;/players/luuk-de-jong/65056/;luuk-de-jong;65056.0;psv-nv;L. de Jong;11.0
Otis.;L. Kulenovic;29;19.0;L. Kulenović;A;/players/luka-kulenovi/631882/;luka-kulenovi;631882.0;stichting-heracles-almelo;L. Kulenovic;
Gordon Shumway;S. Steijn;29;14.0;S. Steijn;M;/players/sem-steijn/560623/;sem-steijn;560623.0;stichting-fc-twente-65;S. Steijn;7.0
Gordon Shumway;B. Nieuwkoop;29;2.0;B. Nieuwkoop;V;/players/bart-nieuwkoop/275124/;bart-nieuwkoop;275124.0;feyenoord-rotterdam-nv;B. Nieuwkoop;
Gordon Shumway;J. Hato;29;4.0;J. Hato;V;/players/jorrel-hato/783173/;jorrel-hato;783173.0;afc-ajax;J. Hato;15.0
Gordon Shumway;M. Kohlert;29;11.0;M. Köhlert;V;/players/mats-kohlert/400423/;mats-kohlert;400423.0;sportclub-heerenveen;M. Kohlert;4.0
Gordon Shumway;C. Neghli;29;;C. Neghli;A;/players/camiel-neghli/680707/;camiel-neghli;680707.0;sparta-rotterdam-bv;C. Neghli;
Gordon Shumway;L. Valente;29;10.0;L. Valente;M;/players/luciano-valente/703884/;luciano-valente;703884.0;stichting-fc-groningen;L. Valente;3.96
Gordon Shumway;D. Proper;29;71.0;D. Proper;M;/players/dirk-proper/525939/;dirk-proper;525939.0;nijmegen-eendracht-combinatie;D. Proper;7.0
Gordon Shumway;V. Jensen;29;7.0;V. Jensen;M;/players/victor-jensen/460509/;victor-jensen;460509.0;stichting-fc-utrecht;V. Jensen;1.16
Gordon Shumway;L. de Jong;29;9.0;L. de Jong;A;/players/luuk-de-jong/65056/;luuk-de-jong;65056.0;psv-nv;L. de Jong;11.0
Gordon Shumway;!K. Sierhuis;29;;;;;;;;;
Gordon Shumway;T. Parrott;29;9.0;T. Parrott;A;/players/troy-parrot/515624/;troy-parrot;515624.0;stichting-az;T. Parrott;3.0
Suikerbrood;N. Olij;29;;N. Olij;K;/players/nick-olij/235322/;nick-olij;235322.0;sparta-rotterdam-bv;N. Olij;25.0
Suikerbrood;S. Olsson;29;19.0;S. Olsson;M;/players/simon-olsson/423888/;simon-olsson;423888.0;sportclub-heerenveen;S. Olsson;
Suikerbrood;D. Rensch;29;2.0;D. Rensch;V;/players/devyne-rensch/601396/;devyne-rensch;601396.0;afc-ajax;D. Rensch;
Suikerbrood;J. Amofa;29;25.0;J. Amofa;V;/players/jamal-amofa/668121/;jamal-amofa;668121.0;stichting-go-ahead-eagles;J. Amofa;
Suikerbrood;N. Viergever;29;24.0;N. Viergever;V;/players/nick--viergever/78529/;nick--viergever;78529.0;stichting-fc-utrecht;N. Viergever;15.0
Suikerbrood;D. Proper;29;71.0;D. Proper;M;/players/dirk-proper/525939/;dirk-proper;525939.0;nijmegen-eendracht-combinatie;D. Proper;7.0
Suikerbrood;M. Vlap;29;18.0;M. Vlap;M;/players/michel-vlap/407742/;michel-vlap;407742.0;stichting-fc-twente-65;M. Vlap;3.07
Suikerbrood;A. Halilovic;29;10.0;A. Halilović;M;/players/alen-halilovi/270136/;alen-halilovi;270136.0;fortuna-sittard;A. Halilovic;3.78
Suikerbrood;A. Ueda;29;9.0;A. Ueda;A;/players/ayase-ueda/551425/;ayase-ueda;551425.0;feyenoord-rotterdam-nv;A. Ueda;
Suikerbrood;R. van Bommel;29;7.0;R. van Bommel;A;/players/ruben-van-bommel/834074/;ruben-van-bommel;834074.0;stichting-az;R. van Bommel;
Suikerbrood;L. de Jong;29;9.0;L. de Jong;A;/players/luuk-de-jong/65056/;luuk-de-jong;65056.0;psv-nv;L. de Jong;11.0
EnGCatjuh;R. Roefs;29;22.0;R. Roefs;K;/players/robin-roefs/636190/;robin-roefs;636190.0;nijmegen-eendracht-combinatie;R. Roefs;16.0
EnGCatjuh;M. Kohlert;29;11.0;M. Köhlert;V;/players/mats-kohlert/400423/;mats-kohlert;400423.0;sportclub-heerenveen;M. Kohlert;4.0
EnGCatjuh;O. Boscagli;29;18.0;O. Boscagli;V;/players/olivier-boscagli/329542/;olivier-boscagli;329542.0;psv-nv;O. Boscagli;5.9
EnGCatjuh;S. El Karouani;29;16.0;S. El Karouani;V;/players/souffian-elkarouani/537878/;souffian-elkarouani;537878.0;stichting-fc-utrecht;S. El Karouani;15.0
EnGCatjuh;Igor Paixao;29;14.0;Igor Paixão;A;/players/igor-guilherme-barbosa-da-paixao/593041/;igor-guilherme-barbosa-da-paixao;593041.0;feyenoord-rotterdam-nv;Igor Paixao;5.0
EnGCatjuh;J. Schreuders;29;14.0;J. Schreuders;M;/players/jorg-schreuders/877779/;jorg-schreuders;877779.0;stichting-fc-groningen;J. Schreuders;0.93
EnGCatjuh;S. Adewoye;29;4.0;S. Adewoye;V;/players/shawn-adewoye/618207/;shawn-adewoye;618207.0;fortuna-sittard;S. Adewoye;
EnGCatjuh;S. Steijn;29;14.0;S. Steijn;M;/players/sem-steijn/560623/;sem-steijn;560623.0;stichting-fc-twente-65;S. Steijn;7.0
EnGCatjuh;T. Parrott;29;9.0;T. Parrott;A;/players/troy-parrot/515624/;troy-parrot;515624.0;stichting-az;T. Parrott;3.0
EnGCatjuh;B. Brobbey;29;9.0;B. Brobbey;A;/players/brian-brobbey/520146/;brian-brobbey;520146.0;afc-ajax;B. Brobbey;6.0
EnGCatjuh;R. Meerveld;29;16.0;R. Meerveld;M;/players/ringo-meerveld/623815/;ringo-meerveld;623815.0;sbv-willem-ii-tilburg;R. Meerveld;1.0
Vishandel Makaay;R. Pasveer;29;22.0;R. Pasveer;K;/players/remko-pasveer/49689/;remko-pasveer;49689.0;afc-ajax;R. Pasveer;0.0
Vishandel Makaay;R. Flamingo;29;6.0;R. Flamingo;V;/players/ryan-flamingo/627724/;ryan-flamingo;627724.0;psv-nv;R. Flamingo;0.0
Vishandel Makaay;J. Lelieveld;29;2.0;J. Lelieveld;V;/players/julian-lelieveld/407738/;julian-lelieveld;407738.0;rkc-waalwijk;J. Lelieveld;1.0
Vishandel Makaay;K. Leerdam;29;18.0;K. Leerdam;V;/players/kelvin-leerdam/68354/;kelvin-leerdam;68354.0;stichting-heracles-almelo;K. Leerdam;0.0
Vishandel Makaay;M. Dijks;29;35.0;M. Dijks;V;/players/mitchel-dijks/219029/;mitchel-dijks;219029.0;fortuna-sittard;M. Dijks;
Vishandel Makaay;T. Oosting;29;25.0;T. Oosting;M;/players/thijs-oosting/477591/;thijs-oosting;477591.0;stichting-fc-groningen;T. Oosting;0.0
Vishandel Makaay;E. van Ee;29;21.0;E. van Ee;M;/players/espen-van-ee/921919/;espen-van-ee;921919.0;sportclub-heerenveen;E. van Ee;5.0
Vishandel Makaay;P. Aaronson;29;21.0;P. Aaronson;M;/players/paxten-aaronson/576828/;paxten-aaronson;576828.0;stichting-fc-utrecht;P. Aaronson;6.84
Vishandel Makaay;A. Hadj Moussa;29;23.0;A. Hadj Moussa;A;/players/anis--hadj-moussa/755639/;anis--hadj-moussa;755639.0;feyenoord-rotterdam-nv;A. Hadj Moussa;5.0
Vishandel Makaay;R. van Wolfswinkel;29;9.0;R. van Wolfswinkel;A;/players/ricky-van-wolfswinkel/59407/;ricky-van-wolfswinkel;59407.0;stichting-fc-twente-65;R. van Wolfswinkel;3.56
Vishandel Makaay;M. Meerdink;29;35.0;M. Meerdink;A;/players/mexx-meerdink/796451/;mexx-meerdink;796451.0;stichting-az;M. Meerdink;
Friggles;L. Unnerstall;29;1.0;L. Unnerstall;K;/players/lars-unnerstall/81320/;lars-unnerstall;81320.0;stichting-fc-twente-65;L. Unnerstall;3.0
Friggles;M. Ihattaren;29;52.0;M. Ihattaren;M;/players/mohammed-amine-ihattaren/525933/;mohammed-amine-ihattaren;525933.0;rkc-waalwijk;M. Ihattaren;3.0
Friggles;M. Deijl;29;2.0;M. Deijl;V;/players/mats-deijl/402457/;mats-deijl;402457.0;stichting-go-ahead-eagles;M. Deijl;3.0
Friggles;S. El Karouani;29;16.0;S. El Karouani;V;/players/souffian-elkarouani/537878/;souffian-elkarouani;537878.0;stichting-fc-utrecht;S. El Karouani;15.0
Friggles;S. Mijnans;29;10.0;S. Mijnans;M;/players/sven-mijnans/566000/;sven-mijnans;566000.0;stichting-az;S. Mijnans;
Friggles;D. Proper;29;71.0;D. Proper;M;/players/dirk-proper/525939/;dirk-proper;525939.0;nijmegen-eendracht-combinatie;D. Proper;7.0
Friggles;M. Kohlert;29;11.0;M. Köhlert;V;/players/mats-kohlert/400423/;mats-kohlert;400423.0;sportclub-heerenveen;M. Kohlert;4.0
Friggles;K. Hlynsson;29;;K. Hlynsson;M;/players/kristian-nokkvi-hlynsson/636342/;kristian-nokkvi-hlynsson;636342.0;sparta-rotterdam-bv;K. Hlynsson;22.0
Friggles;Q. Timber;29;8.0;Q. Timber;M;/players/quinten-maduro/463017/;quinten-maduro;463017.0;feyenoord-rotterdam-nv;Q. Timber;
Friggles;L. de Jong;29;9.0;L. de Jong;A;/players/luuk-de-jong/65056/;luuk-de-jong;65056.0;psv-nv;L. de Jong;11.0
Friggles;B. Brobbey;29;9.0;B. Brobbey;A;/players/brian-brobbey/520146/;brian-brobbey;520146.0;afc-ajax;B. Brobbey;6.0
Jay-Jay;N. Olij;29;;N. Olij;K;/players/nick-olij/235322/;nick-olij;235322.0;sparta-rotterdam-bv;N. Olij;25.0
Jay-Jay;S. Maikuma;29;16.0;S. Maikuma;V;/players/seiya-maikuma/651537/;seiya-maikuma;651537.0;stichting-az;S. Maikuma;0.0
Jay-Jay;M. Deijl;29;2.0;M. Deijl;V;/players/mats-deijl/402457/;mats-deijl;402457.0;stichting-go-ahead-eagles;M. Deijl;3.0
Jay-Jay;S. El Karouani;29;16.0;S. El Karouani;V;/players/souffian-elkarouani/537878/;souffian-elkarouani;537878.0;stichting-fc-utrecht;S. El Karouani;15.0
Jay-Jay;Ivo Pinto;29;12.0;Ivo Pinto;V;/players/ivo-pinto/86672/;ivo-pinto;86672.0;fortuna-sittard;Ivo Pinto;2.61
Jay-Jay;J. Veerman;29;23.0;J. Veerman;M;/players/joey--veerman/459312/;joey--veerman;459312.0;psv-nv;J. Veerman;0.57
Jay-Jay;R. Meerveld;29;16.0;R. Meerveld;M;/players/ringo-meerveld/623815/;ringo-meerveld;623815.0;sbv-willem-ii-tilburg;R. Meerveld;1.0
Jay-Jay;B. Linssen;29;30.0;B. Linssen;A;/players/brian-linssen/52888/;brian-linssen;52888.0;nijmegen-eendracht-combinatie;B. Linssen;1.78
Jay-Jay;M. Ihattaren;29;52.0;M. Ihattaren;M;/players/mohammed-amine-ihattaren/525933/;mohammed-amine-ihattaren;525933.0;rkc-waalwijk;M. Ihattaren;3.0
Jay-Jay;B. Brobbey;29;9.0;B. Brobbey;A;/players/brian-brobbey/520146/;brian-brobbey;520146.0;afc-ajax;B. Brobbey;6.0
Jay-Jay;S. Lammers;29;10.0;S. Lammers;A;/players/sam-lammers/407736/;sam-lammers;407736.0;stichting-fc-twente-65;S. Lammers;1.29
Rucebo;V. Barkas;29;1.0;V. Barkas;K;/players/vasileios-barkas/272919/;vasileios-barkas;272919.0;stichting-fc-utrecht;V. Barkas;17.0
Rucebo;Ivo Pinto;29;12.0;Ivo Pinto;V;/players/ivo-pinto/86672/;ivo-pinto;86672.0;fortuna-sittard;Ivo Pinto;2.61
Rucebo;J. Hato;29;4.0;J. Hato;V;/players/jorrel-hato/783173/;jorrel-hato;783173.0;afc-ajax;J. Hato;15.0
Rucebo;D. Hancko;29;33.0;D. Hancko;V;/players/david-hancko/391059/;david-hancko;391059.0;feyenoord-rotterdam-nv;D. Hancko;12.0
Rucebo;M. Deijl;29;2.0;M. Deijl;V;/players/mats-deijl/402457/;mats-deijl;402457.0;stichting-go-ahead-eagles;M. Deijl;3.0
Rucebo;S. Steijn;29;14.0;S. Steijn;M;/players/sem-steijn/560623/;sem-steijn;560623.0;stichting-fc-twente-65;S. Steijn;7.0
Rucebo;F. Krastev;29;50.0;F. Krastev;M;/players/filip-yavorov-krastev/550509/;filip-yavorov-krastev;550509.0;bvo-fc-zwolle;F. Krastev;2.27
Rucebo;L. Brouwers;29;8.0;L. Brouwers;M;/players/luuk-brouwers/402458/;luuk-brouwers;402458.0;sportclub-heerenveen;L. Brouwers;
Rucebo;T. Parrott;29;9.0;T. Parrott;A;/players/troy-parrot/515624/;troy-parrot;515624.0;stichting-az;T. Parrott;3.0
Rucebo;L. de Jong;29;9.0;L. de Jong;A;/players/luuk-de-jong/65056/;luuk-de-jong;65056.0;psv-nv;L. de Jong;11.0
Rucebo;K. Ogawa;29;18.0;K. Ogawa;A;/players/koki-ogawa/435835/;koki-ogawa;435835.0;nijmegen-eendracht-combinatie;K. Ogawa;1.22
tukkeRoel;V. Barkas;30;1.0;V. Barkas;K;/players/vasileios-barkas/272919/;vasileios-barkas;272919.0;stichting-fc-utrecht;V. Barkas;3.0
tukkeRoel;D. Hancko;30;33.0;D. Hancko;V;/players/david-hancko/391059/;david-hancko;391059.0;feyenoord-rotterdam-nv;D. Hancko;
tukkeRoel;J. Hato;30;4.0;J. Hato;V;/players/jorrel-hato/783173/;jorrel-hato;783173.0;afc-ajax;J. Hato;15.0
tukkeRoel;M. Kohlert;30;11.0;M. Köhlert;V;/players/mats-kohlert/400423/;mats-kohlert;400423.0;sportclub-heerenveen;M. Kohlert;1.0
tukkeRoel;C. Verdonk;30;24.0;C. Verdonk;V;/players/calvin-verdonk/319288/;calvin-verdonk;319288.0;nijmegen-eendracht-combinatie;C. Verdonk;
tukkeRoel;D. Mbayo;30;11.0;D. Mbayo;A;/players/dylan-mbayo/599681/;dylan-mbayo;599681.0;bvo-fc-zwolle;D. Mbayo;2.4
tukkeRoel;S. Mijnans;30;10.0;S. Mijnans;M;/players/sven-mijnans/566000/;sven-mijnans;566000.0;stichting-az;S. Mijnans;
tukkeRoel;M. Seuntjens;30;20.0;M. Seuntjens;M;/players/mats-seuntjes/194827/;mats-seuntjes;194827.0;stichting-fc-groningen;M. Seuntjens;
tukkeRoel;S. Steijn;30;14.0;S. Steijn;M;/players/sem-steijn/560623/;sem-steijn;560623.0;stichting-fc-twente-65;S. Steijn;17.0
tukkeRoel;M. Deijl;30;2.0;M. Deijl;V;/players/mats-deijl/402457/;mats-deijl;402457.0;stichting-go-ahead-eagles;M. Deijl;3.0
tukkeRoel;L. de Jong;30;9.0;L. de Jong;A;/players/luuk-de-jong/65056/;luuk-de-jong;65056.0;psv-nv;L. de Jong;5.0
methodmich;V. Barkas;30;1.0;V. Barkas;K;/players/vasileios-barkas/272919/;vasileios-barkas;272919.0;stichting-fc-utrecht;V. Barkas;3.0
methodmich;M. Deijl;30;2.0;M. Deijl;V;/players/mats-deijl/402457/;mats-deijl;402457.0;stichting-go-ahead-eagles;M. Deijl;3.0
methodmich;D. Hancko;30;33.0;D. Hancko;V;/players/david-hancko/391059/;david-hancko;391059.0;feyenoord-rotterdam-nv;D. Hancko;
methodmich;M. Kohlert;30;11.0;M. Köhlert;V;/players/mats-kohlert/400423/;mats-kohlert;400423.0;sportclub-heerenveen;M. Kohlert;1.0
methodmich;K. Taylor;30;8.0;K. Taylor;M;/players/kenneth-taylor/508784/;kenneth-taylor;508784.0;afc-ajax;K. Taylor;10.47
methodmich;M. Ihattaren;30;52.0;M. Ihattaren;M;/players/mohammed-amine-ihattaren/525933/;mohammed-amine-ihattaren;525933.0;rkc-waalwijk;M. Ihattaren;
methodmich;S. Steijn;30;14.0;S. Steijn;M;/players/sem-steijn/560623/;sem-steijn;560623.0;stichting-fc-twente-65;S. Steijn;17.0
methodmich;K. Hlynsson;30;;K. Hlynsson;M;/players/kristian-nokkvi-hlynsson/636342/;kristian-nokkvi-hlynsson;636342.0;sparta-rotterdam-bv;K. Hlynsson;4.0
methodmich;L. de Jong;30;9.0;L. de Jong;A;/players/luuk-de-jong/65056/;luuk-de-jong;65056.0;psv-nv;L. de Jong;5.0
methodmich;T. Parrott;30;9.0;T. Parrott;A;/players/troy-parrot/515624/;troy-parrot;515624.0;stichting-az;T. Parrott;
methodmich;S. van Hooijdonk;30;29.0;S. van Hooijdonk;A;/players/sydney-van-hooijdonk/555617/;sydney-van-hooijdonk;555617.0;nac-bv;S. van Hooijdonk;2.76
FMNederland;V. Barkas;30;1.0;V. Barkas;K;/players/vasileios-barkas/272919/;vasileios-barkas;272919.0;stichting-fc-utrecht;V. Barkas;3.0
FMNederland;M. Kohlert;30;11.0;M. Köhlert;V;/players/mats-kohlert/400423/;mats-kohlert;400423.0;sportclub-heerenveen;M. Kohlert;1.0
FMNederland;M. Deijl;30;2.0;M. Deijl;V;/players/mats-deijl/402457/;mats-deijl;402457.0;stichting-go-ahead-eagles;M. Deijl;3.0
FMNederland;C. Verdonk;30;24.0;C. Verdonk;V;/players/calvin-verdonk/319288/;calvin-verdonk;319288.0;nijmegen-eendracht-combinatie;C. Verdonk;
FMNederland;O. Boscagli;30;18.0;O. Boscagli;V;/players/olivier-boscagli/329542/;olivier-boscagli;329542.0;psv-nv;O. Boscagli;4.0
FMNederland;S. Bastien;30;22.0;S. Bastien;M;/players/samuel-bastien/314097/;samuel-bastien;314097.0;fortuna-sittard;S. Bastien;0.27
FMNederland;S. Steijn;30;14.0;S. Steijn;M;/players/sem-steijn/560623/;sem-steijn;560623.0;stichting-fc-twente-65;S. Steijn;17.0
FMNederland;Q. Timber;30;8.0;Q. Timber;M;/players/quinten-maduro/463017/;quinten-maduro;463017.0;feyenoord-rotterdam-nv;Q. Timber;
FMNederland;T. Robinet;30;9.0;T. Robinet;A;/players/thomas-robinet/312659/;thomas-robinet;312659.0;fc-omniworld;T. Robinet;3.0
FMNederland;T. Lauritsen;30;;T. Lauritsen;A;/players/tobias-lauritsen/406745/;tobias-lauritsen;406745.0;sparta-rotterdam-bv;T. Lauritsen;6.0
FMNederland;T. Parrott;30;9.0;T. Parrott;A;/players/troy-parrot/515624/;troy-parrot;515624.0;stichting-az;T. Parrott;
crispy;L. Unnerstall;30;1.0;L. Unnerstall;K;/players/lars-unnerstall/81320/;lars-unnerstall;81320.0;stichting-fc-twente-65;L. Unnerstall;17.0
crispy;B. Pereira;30;2.0;B. Pereira;V;/players/brayann-pereira/640596/;brayann-pereira;640596.0;nijmegen-eendracht-combinatie;B. Pereira;12.0
crispy;S. El Karouani;30;16.0;S. El Karouani;V;/players/souffian-elkarouani/537878/;souffian-elkarouani;537878.0;stichting-fc-utrecht;S. El Karouani;9.0
crispy;M. Deijl;30;2.0;M. Deijl;V;/players/mats-deijl/402457/;mats-deijl;402457.0;stichting-go-ahead-eagles;M. Deijl;3.0
crispy;D. Hancko;30;33.0;D. Hancko;V;/players/david-hancko/391059/;david-hancko;391059.0;feyenoord-rotterdam-nv;D. Hancko;
crispy;R. Meerveld;30;16.0;R. Meerveld;M;/players/ringo-meerveld/623815/;ringo-meerveld;623815.0;sbv-willem-ii-tilburg;R. Meerveld;3.0
crispy;T. Lauritsen;30;;T. Lauritsen;A;/players/tobias-lauritsen/406745/;tobias-lauritsen;406745.0;sparta-rotterdam-bv;T. Lauritsen;6.0
crispy;P. Koopmeiners;30;6.0;P. Koopmeiners;M;/players/peer-koopmeiners/533281/;peer-koopmeiners;533281.0;stichting-az;P. Koopmeiners;
crispy;D. Vente;30;9.0;D. Vente;A;/players/dylan-vente/426585/;dylan-vente;426585.0;bvo-fc-zwolle;D. Vente;3.0
crispy;K. Taylor;30;8.0;K. Taylor;M;/players/kenneth-taylor/508784/;kenneth-taylor;508784.0;afc-ajax;K. Taylor;10.47
crispy;G. Til;30;20.0;G. Til;M;/players/guus-til/451981/;guus-til;451981.0;psv-nv;G. Til;19.0
svvthomas;N. Olij;30;;N. Olij;K;/players/nick-olij/235322/;nick-olij;235322.0;sparta-rotterdam-bv;N. Olij;3.0
svvthomas;M. Deijl;30;2.0;M. Deijl;V;/players/mats-deijl/402457/;mats-deijl;402457.0;stichting-go-ahead-eagles;M. Deijl;3.0
svvthomas;D. Hancko;30;33.0;D. Hancko;V;/players/david-hancko/391059/;david-hancko;391059.0;feyenoord-rotterdam-nv;D. Hancko;
svvthomas;D. Mirani;30;4.0;D. Mirani;V;/players/damon-mirani/289811/;damon-mirani;289811.0;stichting-heracles-almelo;D. Mirani;2.0
svvthomas;C. Sandra;30;14.0;C. Sandra;M;/players/cisse-sandra/638266/;cisse-sandra;638266.0;sbv-willem-ii-tilburg;C. Sandra;0.63
svvthomas;K. Ogawa;30;18.0;K. Ogawa;A;/players/koki-ogawa/435835/;koki-ogawa;435835.0;nijmegen-eendracht-combinatie;K. Ogawa;
svvthomas;L. Brouwers;30;8.0;L. Brouwers;M;/players/luuk-brouwers/402458/;luuk-brouwers;402458.0;sportclub-heerenveen;L. Brouwers;
svvthomas;S. Steijn;30;14.0;S. Steijn;M;/players/sem-steijn/560623/;sem-steijn;560623.0;stichting-fc-twente-65;S. Steijn;17.0
svvthomas;T. Parrott;30;9.0;T. Parrott;A;/players/troy-parrot/515624/;troy-parrot;515624.0;stichting-az;T. Parrott;
svvthomas;L. de Jong;30;9.0;L. de Jong;A;/players/luuk-de-jong/65056/;luuk-de-jong;65056.0;psv-nv;L. de Jong;5.0
svvthomas;D. Klaassen;30;18.0;D. Klaassen;M;/players/davy-klaassen/158581/;davy-klaassen;158581.0;afc-ajax;D. Klaassen;
El Cid;L. Unnerstall;30;1.0;L. Unnerstall;K;/players/lars-unnerstall/81320/;lars-unnerstall;81320.0;stichting-fc-twente-65;L. Unnerstall;17.0
El Cid;P. Bochniewicz;30;5.0;P. Bochniewicz;V;/players/pawe-bochniewicz/273911/;pawe-bochniewicz;273911.0;sportclub-heerenveen;P. Bochniewicz;
El Cid;B. Nieuwkoop;30;2.0;B. Nieuwkoop;V;/players/bart-nieuwkoop/275124/;bart-nieuwkoop;275124.0;feyenoord-rotterdam-nv;B. Nieuwkoop;
El Cid;D. van der Kust;30;;D. van der Kust;V;/players/djevencio-van-der-kust/569309/;djevencio-van-der-kust;569309.0;sparta-rotterdam-bv;D. van der Kust;
El Cid;A. Halilovic;30;10.0;A. Halilović;M;/players/alen-halilovi/270136/;alen-halilovi;270136.0;fortuna-sittard;A. Halilovic;2.58
El Cid;L. Valente;30;10.0;L. Valente;M;/players/luciano-valente/703884/;luciano-valente;703884.0;stichting-fc-groningen;L. Valente;
El Cid;V. Jensen;30;7.0;V. Jensen;M;/players/victor-jensen/460509/;victor-jensen;460509.0;stichting-fc-utrecht;V. Jensen;5.39
El Cid;D. Proper;30;71.0;D. Proper;M;/players/dirk-proper/525939/;dirk-proper;525939.0;nijmegen-eendracht-combinatie;D. Proper;3.0
El Cid;B. Traore;30;20.0;B. Traoré;A;/players/bertrand-traore/102801/;bertrand-traore;102801.0;afc-ajax;B. Traore;5.0
El Cid;L. de Jong;30;9.0;L. de Jong;A;/players/luuk-de-jong/65056/;luuk-de-jong;65056.0;psv-nv;L. de Jong;5.0
El Cid;T. Parrott;30;9.0;T. Parrott;A;/players/troy-parrot/515624/;troy-parrot;515624.0;stichting-az;T. Parrott;
Otis.;V. Barkas;30;1.0;V. Barkas;K;/players/vasileios-barkas/272919/;vasileios-barkas;272919.0;stichting-fc-utrecht;V. Barkas;3.0
Otis.;M. Deijl;30;2.0;M. Deijl;V;/players/mats-deijl/402457/;mats-deijl;402457.0;stichting-go-ahead-eagles;M. Deijl;3.0
Otis.;M. Hilgers;30;2.0;M. Hilgers;V;/players/mees-hilgers/627701/;mees-hilgers;627701.0;stichting-fc-twente-65;M. Hilgers;15.0
Otis.;J. Hato;30;4.0;J. Hato;V;/players/jorrel-hato/783173/;jorrel-hato;783173.0;afc-ajax;J. Hato;15.0
Otis.;J. Trenskow;30;20.0;J. Trenskow;A;/players/jacob-trenskow/672937/;jacob-trenskow;672937.0;sportclub-heerenveen;J. Trenskow;
Otis.;S. Mijnans;30;10.0;S. Mijnans;M;/players/sven-mijnans/566000/;sven-mijnans;566000.0;stichting-az;S. Mijnans;
Otis.;Rober;30;7.0;Róber;M;/players/roberto-gonzalez-bayon/500171/;roberto-gonzalez-bayon;500171.0;nijmegen-eendracht-combinatie;Rober;
Otis.;P. Clement;30;;P. Clement;M;/players/pelle-clement/379793/;pelle-clement;379793.0;sparta-rotterdam-bv;P. Clement;0.09
Otis.;D. Hancko;30;33.0;D. Hancko;V;/players/david-hancko/391059/;david-hancko;391059.0;feyenoord-rotterdam-nv;D. Hancko;
Otis.;L. de Jong;30;9.0;L. de Jong;A;/players/luuk-de-jong/65056/;luuk-de-jong;65056.0;psv-nv;L. de Jong;5.0
Otis.;L. Kulenovic;30;19.0;L. Kulenović;A;/players/luka-kulenovi/631882/;luka-kulenovi;631882.0;stichting-heracles-almelo;L. Kulenovic;
Gordon Shumway;S. Steijn;30;14.0;S. Steijn;M;/players/sem-steijn/560623/;sem-steijn;560623.0;stichting-fc-twente-65;S. Steijn;17.0
Gordon Shumway;B. Nieuwkoop;30;2.0;B. Nieuwkoop;V;/players/bart-nieuwkoop/275124/;bart-nieuwkoop;275124.0;feyenoord-rotterdam-nv;B. Nieuwkoop;
Gordon Shumway;J. Hato;30;4.0;J. Hato;V;/players/jorrel-hato/783173/;jorrel-hato;783173.0;afc-ajax;J. Hato;15.0
Gordon Shumway;M. Kohlert;30;11.0;M. Köhlert;V;/players/mats-kohlert/400423/;mats-kohlert;400423.0;sportclub-heerenveen;M. Kohlert;1.0
Gordon Shumway;C. Neghli;30;;C. Neghli;A;/players/camiel-neghli/680707/;camiel-neghli;680707.0;sparta-rotterdam-bv;C. Neghli;
Gordon Shumway;L. Valente;30;10.0;L. Valente;M;/players/luciano-valente/703884/;luciano-valente;703884.0;stichting-fc-groningen;L. Valente;
Gordon Shumway;D. Proper;30;71.0;D. Proper;M;/players/dirk-proper/525939/;dirk-proper;525939.0;nijmegen-eendracht-combinatie;D. Proper;3.0
Gordon Shumway;V. Jensen;30;7.0;V. Jensen;M;/players/victor-jensen/460509/;victor-jensen;460509.0;stichting-fc-utrecht;V. Jensen;5.39
Gordon Shumway;L. de Jong;30;9.0;L. de Jong;A;/players/luuk-de-jong/65056/;luuk-de-jong;65056.0;psv-nv;L. de Jong;5.0
Gordon Shumway;!K. Sierhuis;30;;;;;;;;;
Gordon Shumway;T. Parrott;30;9.0;T. Parrott;A;/players/troy-parrot/515624/;troy-parrot;515624.0;stichting-az;T. Parrott;
Suikerbrood;N. Olij;30;;N. Olij;K;/players/nick-olij/235322/;nick-olij;235322.0;sparta-rotterdam-bv;N. Olij;3.0
Suikerbrood;S. Olsson;30;19.0;S. Olsson;M;/players/simon-olsson/423888/;simon-olsson;423888.0;sportclub-heerenveen;S. Olsson;
Suikerbrood;D. Rensch;30;2.0;D. Rensch;V;/players/devyne-rensch/601396/;devyne-rensch;601396.0;afc-ajax;D. Rensch;
Suikerbrood;J. Amofa;30;25.0;J. Amofa;V;/players/jamal-amofa/668121/;jamal-amofa;668121.0;stichting-go-ahead-eagles;J. Amofa;
Suikerbrood;N. Viergever;30;24.0;N. Viergever;V;/players/nick--viergever/78529/;nick--viergever;78529.0;stichting-fc-utrecht;N. Viergever;9.0
Suikerbrood;D. Proper;30;71.0;D. Proper;M;/players/dirk-proper/525939/;dirk-proper;525939.0;nijmegen-eendracht-combinatie;D. Proper;3.0
Suikerbrood;M. Vlap;30;18.0;M. Vlap;M;/players/michel-vlap/407742/;michel-vlap;407742.0;stichting-fc-twente-65;M. Vlap;4.09
Suikerbrood;A. Halilovic;30;10.0;A. Halilović;M;/players/alen-halilovi/270136/;alen-halilovi;270136.0;fortuna-sittard;A. Halilovic;2.58
Suikerbrood;A. Ueda;30;9.0;A. Ueda;A;/players/ayase-ueda/551425/;ayase-ueda;551425.0;feyenoord-rotterdam-nv;A. Ueda;
Suikerbrood;R. van Bommel;30;7.0;R. van Bommel;A;/players/ruben-van-bommel/834074/;ruben-van-bommel;834074.0;stichting-az;R. van Bommel;
Suikerbrood;L. de Jong;30;9.0;L. de Jong;A;/players/luuk-de-jong/65056/;luuk-de-jong;65056.0;psv-nv;L. de Jong;5.0
EnGCatjuh;R. Roefs;30;22.0;R. Roefs;K;/players/robin-roefs/636190/;robin-roefs;636190.0;nijmegen-eendracht-combinatie;R. Roefs;0.0
EnGCatjuh;M. Kohlert;30;11.0;M. Köhlert;V;/players/mats-kohlert/400423/;mats-kohlert;400423.0;sportclub-heerenveen;M. Kohlert;1.0
EnGCatjuh;O. Boscagli;30;18.0;O. Boscagli;V;/players/olivier-boscagli/329542/;olivier-boscagli;329542.0;psv-nv;O. Boscagli;4.0
EnGCatjuh;S. El Karouani;30;16.0;S. El Karouani;V;/players/souffian-elkarouani/537878/;souffian-elkarouani;537878.0;stichting-fc-utrecht;S. El Karouani;9.0
EnGCatjuh;Igor Paixao;30;14.0;Igor Paixão;A;/players/igor-guilherme-barbosa-da-paixao/593041/;igor-guilherme-barbosa-da-paixao;593041.0;feyenoord-rotterdam-nv;Igor Paixao;
EnGCatjuh;J. Schreuders;30;14.0;J. Schreuders;M;/players/jorg-schreuders/877779/;jorg-schreuders;877779.0;stichting-fc-groningen;J. Schreuders;
EnGCatjuh;S. Adewoye;30;4.0;S. Adewoye;V;/players/shawn-adewoye/618207/;shawn-adewoye;618207.0;fortuna-sittard;S. Adewoye;
EnGCatjuh;S. Steijn;30;14.0;S. Steijn;M;/players/sem-steijn/560623/;sem-steijn;560623.0;stichting-fc-twente-65;S. Steijn;17.0
EnGCatjuh;T. Parrott;30;9.0;T. Parrott;A;/players/troy-parrot/515624/;troy-parrot;515624.0;stichting-az;T. Parrott;
EnGCatjuh;B. Brobbey;30;9.0;B. Brobbey;A;/players/brian-brobbey/520146/;brian-brobbey;520146.0;afc-ajax;B. Brobbey;1.0
EnGCatjuh;R. Meerveld;30;16.0;R. Meerveld;M;/players/ringo-meerveld/623815/;ringo-meerveld;623815.0;sbv-willem-ii-tilburg;R. Meerveld;3.0
Vishandel Makaay;R. Pasveer;30;22.0;R. Pasveer;K;/players/remko-pasveer/49689/;remko-pasveer;49689.0;afc-ajax;R. Pasveer;
Vishandel Makaay;R. Flamingo;30;6.0;R. Flamingo;V;/players/ryan-flamingo/627724/;ryan-flamingo;627724.0;psv-nv;R. Flamingo;4.0
Vishandel Makaay;J. Lelieveld;30;2.0;J. Lelieveld;V;/players/julian-lelieveld/407738/;julian-lelieveld;407738.0;rkc-waalwijk;J. Lelieveld;
Vishandel Makaay;K. Leerdam;30;18.0;K. Leerdam;V;/players/kelvin-leerdam/68354/;kelvin-leerdam;68354.0;stichting-heracles-almelo;K. Leerdam;
Vishandel Makaay;M. Dijks;30;35.0;M. Dijks;V;/players/mitchel-dijks/219029/;mitchel-dijks;219029.0;fortuna-sittard;M. Dijks;
Vishandel Makaay;T. Oosting;30;25.0;T. Oosting;M;/players/thijs-oosting/477591/;thijs-oosting;477591.0;stichting-fc-groningen;T. Oosting;
Vishandel Makaay;E. van Ee;30;21.0;E. van Ee;M;/players/espen-van-ee/921919/;espen-van-ee;921919.0;sportclub-heerenveen;E. van Ee;3.0
Vishandel Makaay;P. Aaronson;30;21.0;P. Aaronson;M;/players/paxten-aaronson/576828/;paxten-aaronson;576828.0;stichting-fc-utrecht;P. Aaronson;4.61
Vishandel Makaay;A. Hadj Moussa;30;23.0;A. Hadj Moussa;A;/players/anis--hadj-moussa/755639/;anis--hadj-moussa;755639.0;feyenoord-rotterdam-nv;A. Hadj Moussa;
Vishandel Makaay;R. van Wolfswinkel;30;9.0;R. van Wolfswinkel;A;/players/ricky-van-wolfswinkel/59407/;ricky-van-wolfswinkel;59407.0;stichting-fc-twente-65;R. van Wolfswinkel;
Vishandel Makaay;M. Meerdink;30;35.0;M. Meerdink;A;/players/mexx-meerdink/796451/;mexx-meerdink;796451.0;stichting-az;M. Meerdink;
Friggles;L. Unnerstall;30;1.0;L. Unnerstall;K;/players/lars-unnerstall/81320/;lars-unnerstall;81320.0;stichting-fc-twente-65;L. Unnerstall;17.0
Friggles;M. Ihattaren;30;52.0;M. Ihattaren;M;/players/mohammed-amine-ihattaren/525933/;mohammed-amine-ihattaren;525933.0;rkc-waalwijk;M. Ihattaren;
Friggles;M. Deijl;30;2.0;M. Deijl;V;/players/mats-deijl/402457/;mats-deijl;402457.0;stichting-go-ahead-eagles;M. Deijl;3.0
Friggles;S. El Karouani;30;16.0;S. El Karouani;V;/players/souffian-elkarouani/537878/;souffian-elkarouani;537878.0;stichting-fc-utrecht;S. El Karouani;9.0
Friggles;S. Mijnans;30;10.0;S. Mijnans;M;/players/sven-mijnans/566000/;sven-mijnans;566000.0;stichting-az;S. Mijnans;
Friggles;D. Proper;30;71.0;D. Proper;M;/players/dirk-proper/525939/;dirk-proper;525939.0;nijmegen-eendracht-combinatie;D. Proper;3.0
Friggles;M. Kohlert;30;11.0;M. Köhlert;V;/players/mats-kohlert/400423/;mats-kohlert;400423.0;sportclub-heerenveen;M. Kohlert;1.0
Friggles;K. Hlynsson;30;;K. Hlynsson;M;/players/kristian-nokkvi-hlynsson/636342/;kristian-nokkvi-hlynsson;636342.0;sparta-rotterdam-bv;K. Hlynsson;4.0
Friggles;Q. Timber;30;8.0;Q. Timber;M;/players/quinten-maduro/463017/;quinten-maduro;463017.0;feyenoord-rotterdam-nv;Q. Timber;
Friggles;L. de Jong;30;9.0;L. de Jong;A;/players/luuk-de-jong/65056/;luuk-de-jong;65056.0;psv-nv;L. de Jong;5.0
Friggles;B. Brobbey;30;9.0;B. Brobbey;A;/players/brian-brobbey/520146/;brian-brobbey;520146.0;afc-ajax;B. Brobbey;1.0
Jay-Jay;N. Olij;30;;N. Olij;K;/players/nick-olij/235322/;nick-olij;235322.0;sparta-rotterdam-bv;N. Olij;3.0
Jay-Jay;S. Maikuma;30;16.0;S. Maikuma;V;/players/seiya-maikuma/651537/;seiya-maikuma;651537.0;stichting-az;S. Maikuma;
Jay-Jay;M. Deijl;30;2.0;M. Deijl;V;/players/mats-deijl/402457/;mats-deijl;402457.0;stichting-go-ahead-eagles;M. Deijl;3.0
Jay-Jay;S. El Karouani;30;16.0;S. El Karouani;V;/players/souffian-elkarouani/537878/;souffian-elkarouani;537878.0;stichting-fc-utrecht;S. El Karouani;9.0
Jay-Jay;Ivo Pinto;30;12.0;Ivo Pinto;V;/players/ivo-pinto/86672/;ivo-pinto;86672.0;fortuna-sittard;Ivo Pinto;15.0
Jay-Jay;J. Veerman;30;23.0;J. Veerman;M;/players/joey--veerman/459312/;joey--veerman;459312.0;psv-nv;J. Veerman;0.0
Jay-Jay;R. Meerveld;30;16.0;R. Meerveld;M;/players/ringo-meerveld/623815/;ringo-meerveld;623815.0;sbv-willem-ii-tilburg;R. Meerveld;3.0
Jay-Jay;B. Linssen;30;30.0;B. Linssen;A;/players/brian-linssen/52888/;brian-linssen;52888.0;nijmegen-eendracht-combinatie;B. Linssen;2.23
Jay-Jay;M. Ihattaren;30;52.0;M. Ihattaren;M;/players/mohammed-amine-ihattaren/525933/;mohammed-amine-ihattaren;525933.0;rkc-waalwijk;M. Ihattaren;
Jay-Jay;B. Brobbey;30;9.0;B. Brobbey;A;/players/brian-brobbey/520146/;brian-brobbey;520146.0;afc-ajax;B. Brobbey;1.0
Jay-Jay;S. Lammers;30;10.0;S. Lammers;A;/players/sam-lammers/407736/;sam-lammers;407736.0;stichting-fc-twente-65;S. Lammers;4.13
Rucebo;V. Barkas;30;1.0;V. Barkas;K;/players/vasileios-barkas/272919/;vasileios-barkas;272919.0;stichting-fc-utrecht;V. Barkas;3.0
Rucebo;Ivo Pinto;30;12.0;Ivo Pinto;V;/players/ivo-pinto/86672/;ivo-pinto;86672.0;fortuna-sittard;Ivo Pinto;15.0
Rucebo;J. Hato;30;4.0;J. Hato;V;/players/jorrel-hato/783173/;jorrel-hato;783173.0;afc-ajax;J. Hato;15.0
Rucebo;D. Hancko;30;33.0;D. Hancko;V;/players/david-hancko/391059/;david-hancko;391059.0;feyenoord-rotterdam-nv;D. Hancko;
Rucebo;M. Deijl;30;2.0;M. Deijl;V;/players/mats-deijl/402457/;mats-deijl;402457.0;stichting-go-ahead-eagles;M. Deijl;3.0
Rucebo;S. Steijn;30;14.0;S. Steijn;M;/players/sem-steijn/560623/;sem-steijn;560623.0;stichting-fc-twente-65;S. Steijn;17.0
Rucebo;F. Krastev;30;50.0;F. Krastev;M;/players/filip-yavorov-krastev/550509/;filip-yavorov-krastev;550509.0;bvo-fc-zwolle;F. Krastev;3.0
Rucebo;L. Brouwers;30;8.0;L. Brouwers;M;/players/luuk-brouwers/402458/;luuk-brouwers;402458.0;sportclub-heerenveen;L. Brouwers;
Rucebo;T. Parrott;30;9.0;T. Parrott;A;/players/troy-parrot/515624/;troy-parrot;515624.0;stichting-az;T. Parrott;
Rucebo;L. de Jong;30;9.0;L. de Jong;A;/players/luuk-de-jong/65056/;luuk-de-jong;65056.0;psv-nv;L. de Jong;5.0
Rucebo;K. Ogawa;30;18.0;K. Ogawa;A;/players/koki-ogawa/435835/;koki-ogawa;435835.0;nijmegen-eendracht-combinatie;K. Ogawa;
tukkeRoel;V. Barkas;31;1.0;V. Barkas;K;/players/vasileios-barkas/272919/;vasileios-barkas;272919.0;stichting-fc-utrecht;V. Barkas;2.0
tukkeRoel;D. Hancko;31;33.0;D. Hancko;V;/players/david-hancko/391059/;david-hancko;391059.0;feyenoord-rotterdam-nv;D. Hancko;
tukkeRoel;J. Hato;31;4.0;J. Hato;V;/players/jorrel-hato/783173/;jorrel-hato;783173.0;afc-ajax;J. Hato;2.0
tukkeRoel;M. Kohlert;31;11.0;M. Köhlert;V;/players/mats-kohlert/400423/;mats-kohlert;400423.0;sportclub-heerenveen;M. Kohlert;9.0
tukkeRoel;C. Verdonk;31;24.0;C. Verdonk;V;/players/calvin-verdonk/319288/;calvin-verdonk;319288.0;nijmegen-eendracht-combinatie;C. Verdonk;13.0
tukkeRoel;D. Mbayo;31;11.0;D. Mbayo;A;/players/dylan-mbayo/599681/;dylan-mbayo;599681.0;bvo-fc-zwolle;D. Mbayo;3.78
tukkeRoel;S. Mijnans;31;10.0;S. Mijnans;M;/players/sven-mijnans/566000/;sven-mijnans;566000.0;stichting-az;S. Mijnans;
tukkeRoel;M. Seuntjens;31;20.0;M. Seuntjens;M;/players/mats-seuntjes/194827/;mats-seuntjes;194827.0;stichting-fc-groningen;M. Seuntjens;
tukkeRoel;S. Steijn;31;14.0;S. Steijn;M;/players/sem-steijn/560623/;sem-steijn;560623.0;stichting-fc-twente-65;S. Steijn;15.0
tukkeRoel;M. Deijl;31;2.0;M. Deijl;V;/players/mats-deijl/402457/;mats-deijl;402457.0;stichting-go-ahead-eagles;M. Deijl;15.0
tukkeRoel;L. de Jong;31;9.0;L. de Jong;A;/players/luuk-de-jong/65056/;luuk-de-jong;65056.0;psv-nv;L. de Jong;17.13
methodmich;V. Barkas;31;1.0;V. Barkas;K;/players/vasileios-barkas/272919/;vasileios-barkas;272919.0;stichting-fc-utrecht;V. Barkas;2.0
methodmich;M. Deijl;31;2.0;M. Deijl;V;/players/mats-deijl/402457/;mats-deijl;402457.0;stichting-go-ahead-eagles;M. Deijl;15.0
methodmich;D. Hancko;31;33.0;D. Hancko;V;/players/david-hancko/391059/;david-hancko;391059.0;feyenoord-rotterdam-nv;D. Hancko;
methodmich;M. Kohlert;31;11.0;M. Köhlert;V;/players/mats-kohlert/400423/;mats-kohlert;400423.0;sportclub-heerenveen;M. Kohlert;9.0
methodmich;K. Taylor;31;8.0;K. Taylor;M;/players/kenneth-taylor/508784/;kenneth-taylor;508784.0;afc-ajax;K. Taylor;2.0
methodmich;M. Ihattaren;31;52.0;M. Ihattaren;M;/players/mohammed-amine-ihattaren/525933/;mohammed-amine-ihattaren;525933.0;rkc-waalwijk;M. Ihattaren;3.0
methodmich;S. Steijn;31;14.0;S. Steijn;M;/players/sem-steijn/560623/;sem-steijn;560623.0;stichting-fc-twente-65;S. Steijn;15.0
methodmich;K. Hlynsson;31;;K. Hlynsson;M;/players/kristian-nokkvi-hlynsson/636342/;kristian-nokkvi-hlynsson;636342.0;sparta-rotterdam-bv;K. Hlynsson;4.0
methodmich;L. de Jong;31;9.0;L. de Jong;A;/players/luuk-de-jong/65056/;luuk-de-jong;65056.0;psv-nv;L. de Jong;17.13
methodmich;T. Parrott;31;9.0;T. Parrott;A;/players/troy-parrot/515624/;troy-parrot;515624.0;stichting-az;T. Parrott;3.02
methodmich;S. van Hooijdonk;31;29.0;S. van Hooijdonk;A;/players/sydney-van-hooijdonk/555617/;sydney-van-hooijdonk;555617.0;nac-bv;S. van Hooijdonk;12.0
FMNederland;V. Barkas;31;1.0;V. Barkas;K;/players/vasileios-barkas/272919/;vasileios-barkas;272919.0;stichting-fc-utrecht;V. Barkas;2.0
FMNederland;M. Kohlert;31;11.0;M. Köhlert;V;/players/mats-kohlert/400423/;mats-kohlert;400423.0;sportclub-heerenveen;M. Kohlert;9.0
FMNederland;M. Deijl;31;2.0;M. Deijl;V;/players/mats-deijl/402457/;mats-deijl;402457.0;stichting-go-ahead-eagles;M. Deijl;15.0
FMNederland;C. Verdonk;31;24.0;C. Verdonk;V;/players/calvin-verdonk/319288/;calvin-verdonk;319288.0;nijmegen-eendracht-combinatie;C. Verdonk;13.0
FMNederland;O. Boscagli;31;18.0;O. Boscagli;V;/players/olivier-boscagli/329542/;olivier-boscagli;329542.0;psv-nv;O. Boscagli;15.0
FMNederland;S. Bastien;31;22.0;S. Bastien;M;/players/samuel-bastien/314097/;samuel-bastien;314097.0;fortuna-sittard;S. Bastien;0.07
FMNederland;S. Steijn;31;14.0;S. Steijn;M;/players/sem-steijn/560623/;sem-steijn;560623.0;stichting-fc-twente-65;S. Steijn;15.0
FMNederland;Q. Timber;31;8.0;Q. Timber;M;/players/quinten-maduro/463017/;quinten-maduro;463017.0;feyenoord-rotterdam-nv;Q. Timber;
FMNederland;T. Robinet;31;9.0;T. Robinet;A;/players/thomas-robinet/312659/;thomas-robinet;312659.0;fc-omniworld;T. Robinet;4.0
FMNederland;T. Lauritsen;31;;T. Lauritsen;A;/players/tobias-lauritsen/406745/;tobias-lauritsen;406745.0;sparta-rotterdam-bv;T. Lauritsen;12.0
FMNederland;T. Parrott;31;9.0;T. Parrott;A;/players/troy-parrot/515624/;troy-parrot;515624.0;stichting-az;T. Parrott;3.02
crispy;L. Unnerstall;31;1.0;L. Unnerstall;K;/players/lars-unnerstall/81320/;lars-unnerstall;81320.0;stichting-fc-twente-65;L. Unnerstall;-3.0
crispy;B. Pereira;31;2.0;B. Pereira;V;/players/brayann-pereira/640596/;brayann-pereira;640596.0;nijmegen-eendracht-combinatie;B. Pereira;0.0
crispy;S. El Karouani;31;16.0;S. El Karouani;V;/players/souffian-elkarouani/537878/;souffian-elkarouani;537878.0;stichting-fc-utrecht;S. El Karouani;1.9
crispy;M. Deijl;31;2.0;M. Deijl;V;/players/mats-deijl/402457/;mats-deijl;402457.0;stichting-go-ahead-eagles;M. Deijl;15.0
crispy;D. Hancko;31;33.0;D. Hancko;V;/players/david-hancko/391059/;david-hancko;391059.0;feyenoord-rotterdam-nv;D. Hancko;
crispy;R. Meerveld;31;16.0;R. Meerveld;M;/players/ringo-meerveld/623815/;ringo-meerveld;623815.0;sbv-willem-ii-tilburg;R. Meerveld;
crispy;T. Lauritsen;31;;T. Lauritsen;A;/players/tobias-lauritsen/406745/;tobias-lauritsen;406745.0;sparta-rotterdam-bv;T. Lauritsen;12.0
crispy;P. Koopmeiners;31;6.0;P. Koopmeiners;M;/players/peer-koopmeiners/533281/;peer-koopmeiners;533281.0;stichting-az;P. Koopmeiners;9.0
crispy;D. Vente;31;9.0;D. Vente;A;/players/dylan-vente/426585/;dylan-vente;426585.0;bvo-fc-zwolle;D. Vente;4.0
crispy;K. Taylor;31;8.0;K. Taylor;M;/players/kenneth-taylor/508784/;kenneth-taylor;508784.0;afc-ajax;K. Taylor;2.0
crispy;G. Til;31;20.0;G. Til;M;/players/guus-til/451981/;guus-til;451981.0;psv-nv;G. Til;5.6
svvthomas;N. Olij;31;;N. Olij;K;/players/nick-olij/235322/;nick-olij;235322.0;sparta-rotterdam-bv;N. Olij;3.0
svvthomas;M. Deijl;31;2.0;M. Deijl;V;/players/mats-deijl/402457/;mats-deijl;402457.0;stichting-go-ahead-eagles;M. Deijl;15.0
svvthomas;D. Hancko;31;33.0;D. Hancko;V;/players/david-hancko/391059/;david-hancko;391059.0;feyenoord-rotterdam-nv;D. Hancko;
svvthomas;D. Mirani;31;4.0;D. Mirani;V;/players/damon-mirani/289811/;damon-mirani;289811.0;stichting-heracles-almelo;D. Mirani;3.0
svvthomas;C. Sandra;31;14.0;C. Sandra;M;/players/cisse-sandra/638266/;cisse-sandra;638266.0;sbv-willem-ii-tilburg;C. Sandra;3.0
svvthomas;K. Ogawa;31;18.0;K. Ogawa;A;/players/koki-ogawa/435835/;koki-ogawa;435835.0;nijmegen-eendracht-combinatie;K. Ogawa;0.0
svvthomas;L. Brouwers;31;8.0;L. Brouwers;M;/players/luuk-brouwers/402458/;luuk-brouwers;402458.0;sportclub-heerenveen;L. Brouwers;
svvthomas;S. Steijn;31;14.0;S. Steijn;M;/players/sem-steijn/560623/;sem-steijn;560623.0;stichting-fc-twente-65;S. Steijn;15.0
svvthomas;T. Parrott;31;9.0;T. Parrott;A;/players/troy-parrot/515624/;troy-parrot;515624.0;stichting-az;T. Parrott;3.02
svvthomas;L. de Jong;31;9.0;L. de Jong;A;/players/luuk-de-jong/65056/;luuk-de-jong;65056.0;psv-nv;L. de Jong;17.13
svvthomas;D. Klaassen;31;18.0;D. Klaassen;M;/players/davy-klaassen/158581/;davy-klaassen;158581.0;afc-ajax;D. Klaassen;1.47
El Cid;L. Unnerstall;31;1.0;L. Unnerstall;K;/players/lars-unnerstall/81320/;lars-unnerstall;81320.0;stichting-fc-twente-65;L. Unnerstall;-3.0
El Cid;P. Bochniewicz;31;5.0;P. Bochniewicz;V;/players/pawe-bochniewicz/273911/;pawe-bochniewicz;273911.0;sportclub-heerenveen;P. Bochniewicz;
El Cid;B. Nieuwkoop;31;2.0;B. Nieuwkoop;V;/players/bart-nieuwkoop/275124/;bart-nieuwkoop;275124.0;feyenoord-rotterdam-nv;B. Nieuwkoop;
El Cid;D. van der Kust;31;;D. van der Kust;V;/players/djevencio-van-der-kust/569309/;djevencio-van-der-kust;569309.0;sparta-rotterdam-bv;D. van der Kust;
El Cid;A. Halilovic;31;10.0;A. Halilović;M;/players/alen-halilovi/270136/;alen-halilovi;270136.0;fortuna-sittard;A. Halilovic;0.17
El Cid;L. Valente;31;10.0;L. Valente;M;/players/luciano-valente/703884/;luciano-valente;703884.0;stichting-fc-groningen;L. Valente;8.0
El Cid;V. Jensen;31;7.0;V. Jensen;M;/players/victor-jensen/460509/;victor-jensen;460509.0;stichting-fc-utrecht;V. Jensen;0.97
El Cid;D. Proper;31;71.0;D. Proper;M;/players/dirk-proper/525939/;dirk-proper;525939.0;nijmegen-eendracht-combinatie;D. Proper;8.0
El Cid;B. Traore;31;20.0;B. Traoré;A;/players/bertrand-traore/102801/;bertrand-traore;102801.0;afc-ajax;B. Traore;7.56
El Cid;L. de Jong;31;9.0;L. de Jong;A;/players/luuk-de-jong/65056/;luuk-de-jong;65056.0;psv-nv;L. de Jong;17.13
El Cid;T. Parrott;31;9.0;T. Parrott;A;/players/troy-parrot/515624/;troy-parrot;515624.0;stichting-az;T. Parrott;3.02
Otis.;V. Barkas;31;1.0;V. Barkas;K;/players/vasileios-barkas/272919/;vasileios-barkas;272919.0;stichting-fc-utrecht;V. Barkas;2.0
Otis.;M. Deijl;31;2.0;M. Deijl;V;/players/mats-deijl/402457/;mats-deijl;402457.0;stichting-go-ahead-eagles;M. Deijl;15.0
Otis.;M. Hilgers;31;2.0;M. Hilgers;V;/players/mees-hilgers/627701/;mees-hilgers;627701.0;stichting-fc-twente-65;M. Hilgers;-5.3
Otis.;J. Hato;31;4.0;J. Hato;V;/players/jorrel-hato/783173/;jorrel-hato;783173.0;afc-ajax;J. Hato;2.0
Otis.;J. Trenskow;31;20.0;J. Trenskow;A;/players/jacob-trenskow/672937/;jacob-trenskow;672937.0;sportclub-heerenveen;J. Trenskow;
Otis.;S. Mijnans;31;10.0;S. Mijnans;M;/players/sven-mijnans/566000/;sven-mijnans;566000.0;stichting-az;S. Mijnans;
Otis.;Rober;31;7.0;Róber;M;/players/roberto-gonzalez-bayon/500171/;roberto-gonzalez-bayon;500171.0;nijmegen-eendracht-combinatie;Rober;
Otis.;P. Clement;31;;P. Clement;M;/players/pelle-clement/379793/;pelle-clement;379793.0;sparta-rotterdam-bv;P. Clement;0.49
Otis.;D. Hancko;31;33.0;D. Hancko;V;/players/david-hancko/391059/;david-hancko;391059.0;feyenoord-rotterdam-nv;D. Hancko;
Otis.;L. de Jong;31;9.0;L. de Jong;A;/players/luuk-de-jong/65056/;luuk-de-jong;65056.0;psv-nv;L. de Jong;17.13
Otis.;L. Kulenovic;31;19.0;L. Kulenović;A;/players/luka-kulenovi/631882/;luka-kulenovi;631882.0;stichting-heracles-almelo;L. Kulenovic;
Gordon Shumway;S. Steijn;31;14.0;S. Steijn;M;/players/sem-steijn/560623/;sem-steijn;560623.0;stichting-fc-twente-65;S. Steijn;15.0
Gordon Shumway;B. Nieuwkoop;31;2.0;B. Nieuwkoop;V;/players/bart-nieuwkoop/275124/;bart-nieuwkoop;275124.0;feyenoord-rotterdam-nv;B. Nieuwkoop;
Gordon Shumway;J. Hato;31;4.0;J. Hato;V;/players/jorrel-hato/783173/;jorrel-hato;783173.0;afc-ajax;J. Hato;2.0
Gordon Shumway;M. Kohlert;31;11.0;M. Köhlert;V;/players/mats-kohlert/400423/;mats-kohlert;400423.0;sportclub-heerenveen;M. Kohlert;9.0
Gordon Shumway;C. Neghli;31;;C. Neghli;A;/players/camiel-neghli/680707/;camiel-neghli;680707.0;sparta-rotterdam-bv;C. Neghli;
Gordon Shumway;L. Valente;31;10.0;L. Valente;M;/players/luciano-valente/703884/;luciano-valente;703884.0;stichting-fc-groningen;L. Valente;8.0
Gordon Shumway;D. Proper;31;71.0;D. Proper;M;/players/dirk-proper/525939/;dirk-proper;525939.0;nijmegen-eendracht-combinatie;D. Proper;8.0
Gordon Shumway;V. Jensen;31;7.0;V. Jensen;M;/players/victor-jensen/460509/;victor-jensen;460509.0;stichting-fc-utrecht;V. Jensen;0.97
Gordon Shumway;L. de Jong;31;9.0;L. de Jong;A;/players/luuk-de-jong/65056/;luuk-de-jong;65056.0;psv-nv;L. de Jong;17.13
Gordon Shumway;!K. Sierhuis;31;;;;;;;;;
Gordon Shumway;T. Parrott;31;9.0;T. Parrott;A;/players/troy-parrot/515624/;troy-parrot;515624.0;stichting-az;T. Parrott;3.02
Suikerbrood;N. Olij;31;;N. Olij;K;/players/nick-olij/235322/;nick-olij;235322.0;sparta-rotterdam-bv;N. Olij;3.0
Suikerbrood;S. Olsson;31;19.0;S. Olsson;M;/players/simon-olsson/423888/;simon-olsson;423888.0;sportclub-heerenveen;S. Olsson;
Suikerbrood;D. Rensch;31;2.0;D. Rensch;V;/players/devyne-rensch/601396/;devyne-rensch;601396.0;afc-ajax;D. Rensch;
Suikerbrood;J. Amofa;31;25.0;J. Amofa;V;/players/jamal-amofa/668121/;jamal-amofa;668121.0;stichting-go-ahead-eagles;J. Amofa;
Suikerbrood;N. Viergever;31;24.0;N. Viergever;V;/players/nick--viergever/78529/;nick--viergever;78529.0;stichting-fc-utrecht;N. Viergever;2.0
Suikerbrood;D. Proper;31;71.0;D. Proper;M;/players/dirk-proper/525939/;dirk-proper;525939.0;nijmegen-eendracht-combinatie;D. Proper;8.0
Suikerbrood;M. Vlap;31;18.0;M. Vlap;M;/players/michel-vlap/407742/;michel-vlap;407742.0;stichting-fc-twente-65;M. Vlap;8.0
Suikerbrood;A. Halilovic;31;10.0;A. Halilović;M;/players/alen-halilovi/270136/;alen-halilovi;270136.0;fortuna-sittard;A. Halilovic;0.17
Suikerbrood;A. Ueda;31;9.0;A. Ueda;A;/players/ayase-ueda/551425/;ayase-ueda;551425.0;feyenoord-rotterdam-nv;A. Ueda;21.0
Suikerbrood;R. van Bommel;31;7.0;R. van Bommel;A;/players/ruben-van-bommel/834074/;ruben-van-bommel;834074.0;stichting-az;R. van Bommel;
Suikerbrood;L. de Jong;31;9.0;L. de Jong;A;/players/luuk-de-jong/65056/;luuk-de-jong;65056.0;psv-nv;L. de Jong;17.13
EnGCatjuh;R. Roefs;31;22.0;R. Roefs;K;/players/robin-roefs/636190/;robin-roefs;636190.0;nijmegen-eendracht-combinatie;R. Roefs;17.0
EnGCatjuh;M. Kohlert;31;11.0;M. Köhlert;V;/players/mats-kohlert/400423/;mats-kohlert;400423.0;sportclub-heerenveen;M. Kohlert;9.0
EnGCatjuh;O. Boscagli;31;18.0;O. Boscagli;V;/players/olivier-boscagli/329542/;olivier-boscagli;329542.0;psv-nv;O. Boscagli;15.0
EnGCatjuh;S. El Karouani;31;16.0;S. El Karouani;V;/players/souffian-elkarouani/537878/;souffian-elkarouani;537878.0;stichting-fc-utrecht;S. El Karouani;1.9
EnGCatjuh;Igor Paixao;31;14.0;Igor Paixão;A;/players/igor-guilherme-barbosa-da-paixao/593041/;igor-guilherme-barbosa-da-paixao;593041.0;feyenoord-rotterdam-nv;Igor Paixao;37.0
EnGCatjuh;J. Schreuders;31;14.0;J. Schreuders;M;/players/jorg-schreuders/877779/;jorg-schreuders;877779.0;stichting-fc-groningen;J. Schreuders;5.69
EnGCatjuh;S. Adewoye;31;4.0;S. Adewoye;V;/players/shawn-adewoye/618207/;shawn-adewoye;618207.0;fortuna-sittard;S. Adewoye;0.0
EnGCatjuh;S. Steijn;31;14.0;S. Steijn;M;/players/sem-steijn/560623/;sem-steijn;560623.0;stichting-fc-twente-65;S. Steijn;15.0
EnGCatjuh;T. Parrott;31;9.0;T. Parrott;A;/players/troy-parrot/515624/;troy-parrot;515624.0;stichting-az;T. Parrott;3.02
EnGCatjuh;B. Brobbey;31;9.0;B. Brobbey;A;/players/brian-brobbey/520146/;brian-brobbey;520146.0;afc-ajax;B. Brobbey;4.0
EnGCatjuh;R. Meerveld;31;16.0;R. Meerveld;M;/players/ringo-meerveld/623815/;ringo-meerveld;623815.0;sbv-willem-ii-tilburg;R. Meerveld;
Vishandel Makaay;R. Pasveer;31;22.0;R. Pasveer;K;/players/remko-pasveer/49689/;remko-pasveer;49689.0;afc-ajax;R. Pasveer;
Vishandel Makaay;R. Flamingo;31;6.0;R. Flamingo;V;/players/ryan-flamingo/627724/;ryan-flamingo;627724.0;psv-nv;R. Flamingo;15.0
Vishandel Makaay;J. Lelieveld;31;2.0;J. Lelieveld;V;/players/julian-lelieveld/407738/;julian-lelieveld;407738.0;rkc-waalwijk;J. Lelieveld;0.0
Vishandel Makaay;K. Leerdam;31;18.0;K. Leerdam;V;/players/kelvin-leerdam/68354/;kelvin-leerdam;68354.0;stichting-heracles-almelo;K. Leerdam;0.0
Vishandel Makaay;M. Dijks;31;35.0;M. Dijks;V;/players/mitchel-dijks/219029/;mitchel-dijks;219029.0;fortuna-sittard;M. Dijks;0.0
Vishandel Makaay;T. Oosting;31;25.0;T. Oosting;M;/players/thijs-oosting/477591/;thijs-oosting;477591.0;stichting-fc-groningen;T. Oosting;0.0
Vishandel Makaay;E. van Ee;31;21.0;E. van Ee;M;/players/espen-van-ee/921919/;espen-van-ee;921919.0;sportclub-heerenveen;E. van Ee;4.0
Vishandel Makaay;P. Aaronson;31;21.0;P. Aaronson;M;/players/paxten-aaronson/576828/;paxten-aaronson;576828.0;stichting-fc-utrecht;P. Aaronson;3.0
Vishandel Makaay;A. Hadj Moussa;31;23.0;A. Hadj Moussa;A;/players/anis--hadj-moussa/755639/;anis--hadj-moussa;755639.0;feyenoord-rotterdam-nv;A. Hadj Moussa;0.56
Vishandel Makaay;R. van Wolfswinkel;31;9.0;R. van Wolfswinkel;A;/players/ricky-van-wolfswinkel/59407/;ricky-van-wolfswinkel;59407.0;stichting-fc-twente-65;R. van Wolfswinkel;
Vishandel Makaay;M. Meerdink;31;35.0;M. Meerdink;A;/players/mexx-meerdink/796451/;mexx-meerdink;796451.0;stichting-az;M. Meerdink;0.98
Friggles;L. Unnerstall;31;1.0;L. Unnerstall;K;/players/lars-unnerstall/81320/;lars-unnerstall;81320.0;stichting-fc-twente-65;L. Unnerstall;-3.0
Friggles;M. Ihattaren;31;52.0;M. Ihattaren;M;/players/mohammed-amine-ihattaren/525933/;mohammed-amine-ihattaren;525933.0;rkc-waalwijk;M. Ihattaren;3.0
Friggles;M. Deijl;31;2.0;M. Deijl;V;/players/mats-deijl/402457/;mats-deijl;402457.0;stichting-go-ahead-eagles;M. Deijl;15.0
Friggles;S. El Karouani;31;16.0;S. El Karouani;V;/players/souffian-elkarouani/537878/;souffian-elkarouani;537878.0;stichting-fc-utrecht;S. El Karouani;1.9
Friggles;S. Mijnans;31;10.0;S. Mijnans;M;/players/sven-mijnans/566000/;sven-mijnans;566000.0;stichting-az;S. Mijnans;
Friggles;D. Proper;31;71.0;D. Proper;M;/players/dirk-proper/525939/;dirk-proper;525939.0;nijmegen-eendracht-combinatie;D. Proper;8.0
Friggles;M. Kohlert;31;11.0;M. Köhlert;V;/players/mats-kohlert/400423/;mats-kohlert;400423.0;sportclub-heerenveen;M. Kohlert;9.0
Friggles;K. Hlynsson;31;;K. Hlynsson;M;/players/kristian-nokkvi-hlynsson/636342/;kristian-nokkvi-hlynsson;636342.0;sparta-rotterdam-bv;K. Hlynsson;4.0
Friggles;Q. Timber;31;8.0;Q. Timber;M;/players/quinten-maduro/463017/;quinten-maduro;463017.0;feyenoord-rotterdam-nv;Q. Timber;
Friggles;L. de Jong;31;9.0;L. de Jong;A;/players/luuk-de-jong/65056/;luuk-de-jong;65056.0;psv-nv;L. de Jong;17.13
Friggles;B. Brobbey;31;9.0;B. Brobbey;A;/players/brian-brobbey/520146/;brian-brobbey;520146.0;afc-ajax;B. Brobbey;4.0
Jay-Jay;N. Olij;31;;N. Olij;K;/players/nick-olij/235322/;nick-olij;235322.0;sparta-rotterdam-bv;N. Olij;3.0
Jay-Jay;S. Maikuma;31;16.0;S. Maikuma;V;/players/seiya-maikuma/651537/;seiya-maikuma;651537.0;stichting-az;S. Maikuma;
Jay-Jay;M. Deijl;31;2.0;M. Deijl;V;/players/mats-deijl/402457/;mats-deijl;402457.0;stichting-go-ahead-eagles;M. Deijl;15.0
Jay-Jay;S. El Karouani;31;16.0;S. El Karouani;V;/players/souffian-elkarouani/537878/;souffian-elkarouani;537878.0;stichting-fc-utrecht;S. El Karouani;1.9
Jay-Jay;Ivo Pinto;31;12.0;Ivo Pinto;V;/players/ivo-pinto/86672/;ivo-pinto;86672.0;fortuna-sittard;Ivo Pinto;2.0
Jay-Jay;J. Veerman;31;23.0;J. Veerman;M;/players/joey--veerman/459312/;joey--veerman;459312.0;psv-nv;J. Veerman;13.0
Jay-Jay;R. Meerveld;31;16.0;R. Meerveld;M;/players/ringo-meerveld/623815/;ringo-meerveld;623815.0;sbv-willem-ii-tilburg;R. Meerveld;
Jay-Jay;B. Linssen;31;30.0;B. Linssen;A;/players/brian-linssen/52888/;brian-linssen;52888.0;nijmegen-eendracht-combinatie;B. Linssen;5.0
Jay-Jay;M. Ihattaren;31;52.0;M. Ihattaren;M;/players/mohammed-amine-ihattaren/525933/;mohammed-amine-ihattaren;525933.0;rkc-waalwijk;M. Ihattaren;3.0
Jay-Jay;B. Brobbey;31;9.0;B. Brobbey;A;/players/brian-brobbey/520146/;brian-brobbey;520146.0;afc-ajax;B. Brobbey;4.0
Jay-Jay;S. Lammers;31;10.0;S. Lammers;A;/players/sam-lammers/407736/;sam-lammers;407736.0;stichting-fc-twente-65;S. Lammers;
Rucebo;V. Barkas;31;1.0;V. Barkas;K;/players/vasileios-barkas/272919/;vasileios-barkas;272919.0;stichting-fc-utrecht;V. Barkas;2.0
Rucebo;Ivo Pinto;31;12.0;Ivo Pinto;V;/players/ivo-pinto/86672/;ivo-pinto;86672.0;fortuna-sittard;Ivo Pinto;2.0
Rucebo;J. Hato;31;4.0;J. Hato;V;/players/jorrel-hato/783173/;jorrel-hato;783173.0;afc-ajax;J. Hato;2.0
Rucebo;D. Hancko;31;33.0;D. Hancko;V;/players/david-hancko/391059/;david-hancko;391059.0;feyenoord-rotterdam-nv;D. Hancko;
Rucebo;M. Deijl;31;2.0;M. Deijl;V;/players/mats-deijl/402457/;mats-deijl;402457.0;stichting-go-ahead-eagles;M. Deijl;15.0
Rucebo;S. Steijn;31;14.0;S. Steijn;M;/players/sem-steijn/560623/;sem-steijn;560623.0;stichting-fc-twente-65;S. Steijn;15.0
Rucebo;F. Krastev;31;50.0;F. Krastev;M;/players/filip-yavorov-krastev/550509/;filip-yavorov-krastev;550509.0;bvo-fc-zwolle;F. Krastev;4.0
Rucebo;L. Brouwers;31;8.0;L. Brouwers;M;/players/luuk-brouwers/402458/;luuk-brouwers;402458.0;sportclub-heerenveen;L. Brouwers;
Rucebo;T. Parrott;31;9.0;T. Parrott;A;/players/troy-parrot/515624/;troy-parrot;515624.0;stichting-az;T. Parrott;3.02
Rucebo;L. de Jong;31;9.0;L. de Jong;A;/players/luuk-de-jong/65056/;luuk-de-jong;65056.0;psv-nv;L. de Jong;17.13
Rucebo;K. Ogawa;31;18.0;K. Ogawa;A;/players/koki-ogawa/435835/;koki-ogawa;435835.0;nijmegen-eendracht-combinatie;K. Ogawa;0.0
tukkeRoel;V. Barkas;32;1.0;V. Barkas;K;/players/vasileios-barkas/272919/;vasileios-barkas;272919.0;stichting-fc-utrecht;V. Barkas;17.0
tukkeRoel;D. Hancko;32;33.0;D. Hancko;V;/players/david-hancko/391059/;david-hancko;391059.0;feyenoord-rotterdam-nv;D. Hancko;3.0
tukkeRoel;J. Hato;32;4.0;J. Hato;V;/players/jorrel-hato/783173/;jorrel-hato;783173.0;afc-ajax;J. Hato;15.0
tukkeRoel;M. Kohlert;32;11.0;M. Köhlert;V;/players/mats-kohlert/400423/;mats-kohlert;400423.0;sportclub-heerenveen;M. Kohlert;1.0
tukkeRoel;C. Verdonk;32;24.0;C. Verdonk;V;/players/calvin-verdonk/319288/;calvin-verdonk;319288.0;nijmegen-eendracht-combinatie;C. Verdonk;1.0
tukkeRoel;D. Mbayo;32;11.0;D. Mbayo;A;/players/dylan-mbayo/599681/;dylan-mbayo;599681.0;bvo-fc-zwolle;D. Mbayo;4.07
tukkeRoel;S. Mijnans;32;10.0;S. Mijnans;M;/players/sven-mijnans/566000/;sven-mijnans;566000.0;stichting-az;S. Mijnans;
tukkeRoel;M. Seuntjens;32;20.0;M. Seuntjens;M;/players/mats-seuntjes/194827/;mats-seuntjes;194827.0;stichting-fc-groningen;M. Seuntjens;5.98
tukkeRoel;S. Steijn;32;14.0;S. Steijn;M;/players/sem-steijn/560623/;sem-steijn;560623.0;stichting-fc-twente-65;S. Steijn;8.0
tukkeRoel;M. Deijl;32;2.0;M. Deijl;V;/players/mats-deijl/402457/;mats-deijl;402457.0;stichting-go-ahead-eagles;M. Deijl;0.0
tukkeRoel;L. de Jong;32;9.0;L. de Jong;A;/players/luuk-de-jong/65056/;luuk-de-jong;65056.0;psv-nv;L. de Jong;3.0
methodmich;V. Barkas;32;1.0;V. Barkas;K;/players/vasileios-barkas/272919/;vasileios-barkas;272919.0;stichting-fc-utrecht;V. Barkas;17.0
methodmich;M. Deijl;32;2.0;M. Deijl;V;/players/mats-deijl/402457/;mats-deijl;402457.0;stichting-go-ahead-eagles;M. Deijl;0.0
methodmich;D. Hancko;32;33.0;D. Hancko;V;/players/david-hancko/391059/;david-hancko;391059.0;feyenoord-rotterdam-nv;D. Hancko;3.0
methodmich;M. Kohlert;32;11.0;M. Köhlert;V;/players/mats-kohlert/400423/;mats-kohlert;400423.0;sportclub-heerenveen;M. Kohlert;1.0
methodmich;K. Taylor;32;8.0;K. Taylor;M;/players/kenneth-taylor/508784/;kenneth-taylor;508784.0;afc-ajax;K. Taylor;6.0
methodmich;M. Ihattaren;32;52.0;M. Ihattaren;M;/players/mohammed-amine-ihattaren/525933/;mohammed-amine-ihattaren;525933.0;rkc-waalwijk;M. Ihattaren;2.23
methodmich;S. Steijn;32;14.0;S. Steijn;M;/players/sem-steijn/560623/;sem-steijn;560623.0;stichting-fc-twente-65;S. Steijn;8.0
methodmich;K. Hlynsson;32;;K. Hlynsson;M;/players/kristian-nokkvi-hlynsson/636342/;kristian-nokkvi-hlynsson;636342.0;sparta-rotterdam-bv;K. Hlynsson;7.29
methodmich;L. de Jong;32;9.0;L. de Jong;A;/players/luuk-de-jong/65056/;luuk-de-jong;65056.0;psv-nv;L. de Jong;3.0
methodmich;T. Parrott;32;9.0;T. Parrott;A;/players/troy-parrot/515624/;troy-parrot;515624.0;stichting-az;T. Parrott;15.6
methodmich;S. van Hooijdonk;32;29.0;S. van Hooijdonk;A;/players/sydney-van-hooijdonk/555617/;sydney-van-hooijdonk;555617.0;nac-bv;S. van Hooijdonk;2.84
FMNederland;V. Barkas;32;1.0;V. Barkas;K;/players/vasileios-barkas/272919/;vasileios-barkas;272919.0;stichting-fc-utrecht;V. Barkas;17.0
FMNederland;M. Kohlert;32;11.0;M. Köhlert;V;/players/mats-kohlert/400423/;mats-kohlert;400423.0;sportclub-heerenveen;M. Kohlert;1.0
FMNederland;M. Deijl;32;2.0;M. Deijl;V;/players/mats-deijl/402457/;mats-deijl;402457.0;stichting-go-ahead-eagles;M. Deijl;0.0
FMNederland;C. Verdonk;32;24.0;C. Verdonk;V;/players/calvin-verdonk/319288/;calvin-verdonk;319288.0;nijmegen-eendracht-combinatie;C. Verdonk;1.0
FMNederland;O. Boscagli;32;18.0;O. Boscagli;V;/players/olivier-boscagli/329542/;olivier-boscagli;329542.0;psv-nv;O. Boscagli;0.57
FMNederland;S. Bastien;32;22.0;S. Bastien;M;/players/samuel-bastien/314097/;samuel-bastien;314097.0;fortuna-sittard;S. Bastien;
FMNederland;S. Steijn;32;14.0;S. Steijn;M;/players/sem-steijn/560623/;sem-steijn;560623.0;stichting-fc-twente-65;S. Steijn;8.0
FMNederland;Q. Timber;32;8.0;Q. Timber;M;/players/quinten-maduro/463017/;quinten-maduro;463017.0;feyenoord-rotterdam-nv;Q. Timber;
FMNederland;T. Robinet;32;9.0;T. Robinet;A;/players/thomas-robinet/312659/;thomas-robinet;312659.0;fc-omniworld;T. Robinet;6.0
FMNederland;T. Lauritsen;32;;T. Lauritsen;A;/players/tobias-lauritsen/406745/;tobias-lauritsen;406745.0;sparta-rotterdam-bv;T. Lauritsen;5.47
FMNederland;T. Parrott;32;9.0;T. Parrott;A;/players/troy-parrot/515624/;troy-parrot;515624.0;stichting-az;T. Parrott;15.6
crispy;L. Unnerstall;32;1.0;L. Unnerstall;K;/players/lars-unnerstall/81320/;lars-unnerstall;81320.0;stichting-fc-twente-65;L. Unnerstall;1.0
crispy;B. Pereira;32;2.0;B. Pereira;V;/players/brayann-pereira/640596/;brayann-pereira;640596.0;nijmegen-eendracht-combinatie;B. Pereira;0.31
crispy;S. El Karouani;32;16.0;S. El Karouani;V;/players/souffian-elkarouani/537878/;souffian-elkarouani;537878.0;stichting-fc-utrecht;S. El Karouani;15.0
crispy;M. Deijl;32;2.0;M. Deijl;V;/players/mats-deijl/402457/;mats-deijl;402457.0;stichting-go-ahead-eagles;M. Deijl;0.0
crispy;D. Hancko;32;33.0;D. Hancko;V;/players/david-hancko/391059/;david-hancko;391059.0;feyenoord-rotterdam-nv;D. Hancko;3.0
crispy;R. Meerveld;32;16.0;R. Meerveld;M;/players/ringo-meerveld/623815/;ringo-meerveld;623815.0;sbv-willem-ii-tilburg;R. Meerveld;3.0
crispy;T. Lauritsen;32;;T. Lauritsen;A;/players/tobias-lauritsen/406745/;tobias-lauritsen;406745.0;sparta-rotterdam-bv;T. Lauritsen;5.47
crispy;P. Koopmeiners;32;6.0;P. Koopmeiners;M;/players/peer-koopmeiners/533281/;peer-koopmeiners;533281.0;stichting-az;P. Koopmeiners;4.0
crispy;D. Vente;32;9.0;D. Vente;A;/players/dylan-vente/426585/;dylan-vente;426585.0;bvo-fc-zwolle;D. Vente;9.0
crispy;K. Taylor;32;8.0;K. Taylor;M;/players/kenneth-taylor/508784/;kenneth-taylor;508784.0;afc-ajax;K. Taylor;6.0
crispy;G. Til;32;20.0;G. Til;M;/players/guus-til/451981/;guus-til;451981.0;psv-nv;G. Til;1.53
svvthomas;N. Olij;32;;N. Olij;K;/players/nick-olij/235322/;nick-olij;235322.0;sparta-rotterdam-bv;N. Olij;17.0
svvthomas;M. Deijl;32;2.0;M. Deijl;V;/players/mats-deijl/402457/;mats-deijl;402457.0;stichting-go-ahead-eagles;M. Deijl;0.0
svvthomas;D. Hancko;32;33.0;D. Hancko;V;/players/david-hancko/391059/;david-hancko;391059.0;feyenoord-rotterdam-nv;D. Hancko;3.0
svvthomas;D. Mirani;32;4.0;D. Mirani;V;/players/damon-mirani/289811/;damon-mirani;289811.0;stichting-heracles-almelo;D. Mirani;2.0
svvthomas;C. Sandra;32;14.0;C. Sandra;M;/players/cisse-sandra/638266/;cisse-sandra;638266.0;sbv-willem-ii-tilburg;C. Sandra;
svvthomas;K. Ogawa;32;18.0;K. Ogawa;A;/players/koki-ogawa/435835/;koki-ogawa;435835.0;nijmegen-eendracht-combinatie;K. Ogawa;
svvthomas;L. Brouwers;32;8.0;L. Brouwers;M;/players/luuk-brouwers/402458/;luuk-brouwers;402458.0;sportclub-heerenveen;L. Brouwers;0.47
svvthomas;S. Steijn;32;14.0;S. Steijn;M;/players/sem-steijn/560623/;sem-steijn;560623.0;stichting-fc-twente-65;S. Steijn;8.0
svvthomas;T. Parrott;32;9.0;T. Parrott;A;/players/troy-parrot/515624/;troy-parrot;515624.0;stichting-az;T. Parrott;15.6
svvthomas;L. de Jong;32;9.0;L. de Jong;A;/players/luuk-de-jong/65056/;luuk-de-jong;65056.0;psv-nv;L. de Jong;3.0
svvthomas;D. Klaassen;32;18.0;D. Klaassen;M;/players/davy-klaassen/158581/;davy-klaassen;158581.0;afc-ajax;D. Klaassen;16.11
El Cid;L. Unnerstall;32;1.0;L. Unnerstall;K;/players/lars-unnerstall/81320/;lars-unnerstall;81320.0;stichting-fc-twente-65;L. Unnerstall;1.0
El Cid;P. Bochniewicz;32;5.0;P. Bochniewicz;V;/players/pawe-bochniewicz/273911/;pawe-bochniewicz;273911.0;sportclub-heerenveen;P. Bochniewicz;
El Cid;B. Nieuwkoop;32;2.0;B. Nieuwkoop;V;/players/bart-nieuwkoop/275124/;bart-nieuwkoop;275124.0;feyenoord-rotterdam-nv;B. Nieuwkoop;
El Cid;D. van der Kust;32;;D. van der Kust;V;/players/djevencio-van-der-kust/569309/;djevencio-van-der-kust;569309.0;sparta-rotterdam-bv;D. van der Kust;
El Cid;A. Halilovic;32;10.0;A. Halilović;M;/players/alen-halilovi/270136/;alen-halilovi;270136.0;fortuna-sittard;A. Halilovic;1.13
El Cid;L. Valente;32;10.0;L. Valente;M;/players/luciano-valente/703884/;luciano-valente;703884.0;stichting-fc-groningen;L. Valente;3.96
El Cid;V. Jensen;32;7.0;V. Jensen;M;/players/victor-jensen/460509/;victor-jensen;460509.0;stichting-fc-utrecht;V. Jensen;0.0
El Cid;D. Proper;32;71.0;D. Proper;M;/players/dirk-proper/525939/;dirk-proper;525939.0;nijmegen-eendracht-combinatie;D. Proper;4.0
El Cid;B. Traore;32;20.0;B. Traoré;A;/players/bertrand-traore/102801/;bertrand-traore;102801.0;afc-ajax;B. Traore;9.87
El Cid;L. de Jong;32;9.0;L. de Jong;A;/players/luuk-de-jong/65056/;luuk-de-jong;65056.0;psv-nv;L. de Jong;3.0
El Cid;T. Parrott;32;9.0;T. Parrott;A;/players/troy-parrot/515624/;troy-parrot;515624.0;stichting-az;T. Parrott;15.6
Otis.;V. Barkas;32;1.0;V. Barkas;K;/players/vasileios-barkas/272919/;vasileios-barkas;272919.0;stichting-fc-utrecht;V. Barkas;17.0
Otis.;M. Deijl;32;2.0;M. Deijl;V;/players/mats-deijl/402457/;mats-deijl;402457.0;stichting-go-ahead-eagles;M. Deijl;0.0
Otis.;M. Hilgers;32;2.0;M. Hilgers;V;/players/mees-hilgers/627701/;mees-hilgers;627701.0;stichting-fc-twente-65;M. Hilgers;1.0
Otis.;J. Hato;32;4.0;J. Hato;V;/players/jorrel-hato/783173/;jorrel-hato;783173.0;afc-ajax;J. Hato;15.0
Otis.;J. Trenskow;32;20.0;J. Trenskow;A;/players/jacob-trenskow/672937/;jacob-trenskow;672937.0;sportclub-heerenveen;J. Trenskow;
Otis.;S. Mijnans;32;10.0;S. Mijnans;M;/players/sven-mijnans/566000/;sven-mijnans;566000.0;stichting-az;S. Mijnans;
Otis.;Rober;32;7.0;Róber;M;/players/roberto-gonzalez-bayon/500171/;roberto-gonzalez-bayon;500171.0;nijmegen-eendracht-combinatie;Rober;
Otis.;P. Clement;32;;P. Clement;M;/players/pelle-clement/379793/;pelle-clement;379793.0;sparta-rotterdam-bv;P. Clement;0.71
Otis.;D. Hancko;32;33.0;D. Hancko;V;/players/david-hancko/391059/;david-hancko;391059.0;feyenoord-rotterdam-nv;D. Hancko;3.0
Otis.;L. de Jong;32;9.0;L. de Jong;A;/players/luuk-de-jong/65056/;luuk-de-jong;65056.0;psv-nv;L. de Jong;3.0
Otis.;L. Kulenovic;32;19.0;L. Kulenović;A;/players/luka-kulenovi/631882/;luka-kulenovi;631882.0;stichting-heracles-almelo;L. Kulenovic;0.67
Gordon Shumway;S. Steijn;32;14.0;S. Steijn;M;/players/sem-steijn/560623/;sem-steijn;560623.0;stichting-fc-twente-65;S. Steijn;8.0
Gordon Shumway;B. Nieuwkoop;32;2.0;B. Nieuwkoop;V;/players/bart-nieuwkoop/275124/;bart-nieuwkoop;275124.0;feyenoord-rotterdam-nv;B. Nieuwkoop;
Gordon Shumway;J. Hato;32;4.0;J. Hato;V;/players/jorrel-hato/783173/;jorrel-hato;783173.0;afc-ajax;J. Hato;15.0
Gordon Shumway;M. Kohlert;32;11.0;M. Köhlert;V;/players/mats-kohlert/400423/;mats-kohlert;400423.0;sportclub-heerenveen;M. Kohlert;1.0
Gordon Shumway;C. Neghli;32;;C. Neghli;A;/players/camiel-neghli/680707/;camiel-neghli;680707.0;sparta-rotterdam-bv;C. Neghli;
Gordon Shumway;L. Valente;32;10.0;L. Valente;M;/players/luciano-valente/703884/;luciano-valente;703884.0;stichting-fc-groningen;L. Valente;3.96
Gordon Shumway;D. Proper;32;71.0;D. Proper;M;/players/dirk-proper/525939/;dirk-proper;525939.0;nijmegen-eendracht-combinatie;D. Proper;4.0
Gordon Shumway;V. Jensen;32;7.0;V. Jensen;M;/players/victor-jensen/460509/;victor-jensen;460509.0;stichting-fc-utrecht;V. Jensen;0.0
Gordon Shumway;L. de Jong;32;9.0;L. de Jong;A;/players/luuk-de-jong/65056/;luuk-de-jong;65056.0;psv-nv;L. de Jong;3.0
Gordon Shumway;!K. Sierhuis;32;;;;;;;;;
Gordon Shumway;T. Parrott;32;9.0;T. Parrott;A;/players/troy-parrot/515624/;troy-parrot;515624.0;stichting-az;T. Parrott;15.6
Suikerbrood;N. Olij;32;;N. Olij;K;/players/nick-olij/235322/;nick-olij;235322.0;sparta-rotterdam-bv;N. Olij;17.0
Suikerbrood;S. Olsson;32;19.0;S. Olsson;M;/players/simon-olsson/423888/;simon-olsson;423888.0;sportclub-heerenveen;S. Olsson;
Suikerbrood;D. Rensch;32;2.0;D. Rensch;V;/players/devyne-rensch/601396/;devyne-rensch;601396.0;afc-ajax;D. Rensch;
Suikerbrood;J. Amofa;32;25.0;J. Amofa;V;/players/jamal-amofa/668121/;jamal-amofa;668121.0;stichting-go-ahead-eagles;J. Amofa;
Suikerbrood;N. Viergever;32;24.0;N. Viergever;V;/players/nick--viergever/78529/;nick--viergever;78529.0;stichting-fc-utrecht;N. Viergever;15.0
Suikerbrood;D. Proper;32;71.0;D. Proper;M;/players/dirk-proper/525939/;dirk-proper;525939.0;nijmegen-eendracht-combinatie;D. Proper;4.0
Suikerbrood;M. Vlap;32;18.0;M. Vlap;M;/players/michel-vlap/407742/;michel-vlap;407742.0;stichting-fc-twente-65;M. Vlap;3.0
Suikerbrood;A. Halilovic;32;10.0;A. Halilović;M;/players/alen-halilovi/270136/;alen-halilovi;270136.0;fortuna-sittard;A. Halilovic;1.13
Suikerbrood;A. Ueda;32;9.0;A. Ueda;A;/players/ayase-ueda/551425/;ayase-ueda;551425.0;feyenoord-rotterdam-nv;A. Ueda;
Suikerbrood;R. van Bommel;32;7.0;R. van Bommel;A;/players/ruben-van-bommel/834074/;ruben-van-bommel;834074.0;stichting-az;R. van Bommel;0.4
Suikerbrood;L. de Jong;32;9.0;L. de Jong;A;/players/luuk-de-jong/65056/;luuk-de-jong;65056.0;psv-nv;L. de Jong;3.0
EnGCatjuh;R. Roefs;32;22.0;R. Roefs;K;/players/robin-roefs/636190/;robin-roefs;636190.0;nijmegen-eendracht-combinatie;R. Roefs;1.0
EnGCatjuh;M. Kohlert;32;11.0;M. Köhlert;V;/players/mats-kohlert/400423/;mats-kohlert;400423.0;sportclub-heerenveen;M. Kohlert;1.0
EnGCatjuh;O. Boscagli;32;18.0;O. Boscagli;V;/players/olivier-boscagli/329542/;olivier-boscagli;329542.0;psv-nv;O. Boscagli;0.57
EnGCatjuh;S. El Karouani;32;16.0;S. El Karouani;V;/players/souffian-elkarouani/537878/;souffian-elkarouani;537878.0;stichting-fc-utrecht;S. El Karouani;15.0
EnGCatjuh;Igor Paixao;32;14.0;Igor Paixão;A;/players/igor-guilherme-barbosa-da-paixao/593041/;igor-guilherme-barbosa-da-paixao;593041.0;feyenoord-rotterdam-nv;Igor Paixao;13.0
EnGCatjuh;J. Schreuders;32;14.0;J. Schreuders;M;/players/jorg-schreuders/877779/;jorg-schreuders;877779.0;stichting-fc-groningen;J. Schreuders;0.4
EnGCatjuh;S. Adewoye;32;4.0;S. Adewoye;V;/players/shawn-adewoye/618207/;shawn-adewoye;618207.0;fortuna-sittard;S. Adewoye;0.33
EnGCatjuh;S. Steijn;32;14.0;S. Steijn;M;/players/sem-steijn/560623/;sem-steijn;560623.0;stichting-fc-twente-65;S. Steijn;8.0
EnGCatjuh;T. Parrott;32;9.0;T. Parrott;A;/players/troy-parrot/515624/;troy-parrot;515624.0;stichting-az;T. Parrott;15.6
EnGCatjuh;B. Brobbey;32;9.0;B. Brobbey;A;/players/brian-brobbey/520146/;brian-brobbey;520146.0;afc-ajax;B. Brobbey;4.0
EnGCatjuh;R. Meerveld;32;16.0;R. Meerveld;M;/players/ringo-meerveld/623815/;ringo-meerveld;623815.0;sbv-willem-ii-tilburg;R. Meerveld;3.0
Vishandel Makaay;R. Pasveer;32;22.0;R. Pasveer;K;/players/remko-pasveer/49689/;remko-pasveer;49689.0;afc-ajax;R. Pasveer;
Vishandel Makaay;R. Flamingo;32;6.0;R. Flamingo;V;/players/ryan-flamingo/627724/;ryan-flamingo;627724.0;psv-nv;R. Flamingo;1.0
Vishandel Makaay;J. Lelieveld;32;2.0;J. Lelieveld;V;/players/julian-lelieveld/407738/;julian-lelieveld;407738.0;rkc-waalwijk;J. Lelieveld;1.0
Vishandel Makaay;K. Leerdam;32;18.0;K. Leerdam;V;/players/kelvin-leerdam/68354/;kelvin-leerdam;68354.0;stichting-heracles-almelo;K. Leerdam;0.0
Vishandel Makaay;M. Dijks;32;35.0;M. Dijks;V;/players/mitchel-dijks/219029/;mitchel-dijks;219029.0;fortuna-sittard;M. Dijks;0.13
Vishandel Makaay;T. Oosting;32;25.0;T. Oosting;M;/players/thijs-oosting/477591/;thijs-oosting;477591.0;stichting-fc-groningen;T. Oosting;0.0
Vishandel Makaay;E. van Ee;32;21.0;E. van Ee;M;/players/espen-van-ee/921919/;espen-van-ee;921919.0;sportclub-heerenveen;E. van Ee;2.53
Vishandel Makaay;P. Aaronson;32;21.0;P. Aaronson;M;/players/paxten-aaronson/576828/;paxten-aaronson;576828.0;stichting-fc-utrecht;P. Aaronson;8.0
Vishandel Makaay;A. Hadj Moussa;32;23.0;A. Hadj Moussa;A;/players/anis--hadj-moussa/755639/;anis--hadj-moussa;755639.0;feyenoord-rotterdam-nv;A. Hadj Moussa;13.0
Vishandel Makaay;R. van Wolfswinkel;32;9.0;R. van Wolfswinkel;A;/players/ricky-van-wolfswinkel/59407/;ricky-van-wolfswinkel;59407.0;stichting-fc-twente-65;R. van Wolfswinkel;
Vishandel Makaay;M. Meerdink;32;35.0;M. Meerdink;A;/players/mexx-meerdink/796451/;mexx-meerdink;796451.0;stichting-az;M. Meerdink;0.89
Friggles;L. Unnerstall;32;1.0;L. Unnerstall;K;/players/lars-unnerstall/81320/;lars-unnerstall;81320.0;stichting-fc-twente-65;L. Unnerstall;1.0
Friggles;M. Ihattaren;32;52.0;M. Ihattaren;M;/players/mohammed-amine-ihattaren/525933/;mohammed-amine-ihattaren;525933.0;rkc-waalwijk;M. Ihattaren;2.23
Friggles;M. Deijl;32;2.0;M. Deijl;V;/players/mats-deijl/402457/;mats-deijl;402457.0;stichting-go-ahead-eagles;M. Deijl;0.0
Friggles;S. El Karouani;32;16.0;S. El Karouani;V;/players/souffian-elkarouani/537878/;souffian-elkarouani;537878.0;stichting-fc-utrecht;S. El Karouani;15.0
Friggles;S. Mijnans;32;10.0;S. Mijnans;M;/players/sven-mijnans/566000/;sven-mijnans;566000.0;stichting-az;S. Mijnans;
Friggles;D. Proper;32;71.0;D. Proper;M;/players/dirk-proper/525939/;dirk-proper;525939.0;nijmegen-eendracht-combinatie;D. Proper;4.0
Friggles;M. Kohlert;32;11.0;M. Köhlert;V;/players/mats-kohlert/400423/;mats-kohlert;400423.0;sportclub-heerenveen;M. Kohlert;1.0
Friggles;K. Hlynsson;32;;K. Hlynsson;M;/players/kristian-nokkvi-hlynsson/636342/;kristian-nokkvi-hlynsson;636342.0;sparta-rotterdam-bv;K. Hlynsson;7.29
Friggles;Q. Timber;32;8.0;Q. Timber;M;/players/quinten-maduro/463017/;quinten-maduro;463017.0;feyenoord-rotterdam-nv;Q. Timber;
Friggles;L. de Jong;32;9.0;L. de Jong;A;/players/luuk-de-jong/65056/;luuk-de-jong;65056.0;psv-nv;L. de Jong;3.0
Friggles;B. Brobbey;32;9.0;B. Brobbey;A;/players/brian-brobbey/520146/;brian-brobbey;520146.0;afc-ajax;B. Brobbey;4.0
Jay-Jay;N. Olij;32;;N. Olij;K;/players/nick-olij/235322/;nick-olij;235322.0;sparta-rotterdam-bv;N. Olij;17.0
Jay-Jay;S. Maikuma;32;16.0;S. Maikuma;V;/players/seiya-maikuma/651537/;seiya-maikuma;651537.0;stichting-az;S. Maikuma;
Jay-Jay;M. Deijl;32;2.0;M. Deijl;V;/players/mats-deijl/402457/;mats-deijl;402457.0;stichting-go-ahead-eagles;M. Deijl;0.0
Jay-Jay;S. El Karouani;32;16.0;S. El Karouani;V;/players/souffian-elkarouani/537878/;souffian-elkarouani;537878.0;stichting-fc-utrecht;S. El Karouani;15.0
Jay-Jay;Ivo Pinto;32;12.0;Ivo Pinto;V;/players/ivo-pinto/86672/;ivo-pinto;86672.0;fortuna-sittard;Ivo Pinto;-0.33
Jay-Jay;J. Veerman;32;23.0;J. Veerman;M;/players/joey--veerman/459312/;joey--veerman;459312.0;psv-nv;J. Veerman;1.53
Jay-Jay;R. Meerveld;32;16.0;R. Meerveld;M;/players/ringo-meerveld/623815/;ringo-meerveld;623815.0;sbv-willem-ii-tilburg;R. Meerveld;3.0
Jay-Jay;B. Linssen;32;30.0;B. Linssen;A;/players/brian-linssen/52888/;brian-linssen;52888.0;nijmegen-eendracht-combinatie;B. Linssen;0.53
Jay-Jay;M. Ihattaren;32;52.0;M. Ihattaren;M;/players/mohammed-amine-ihattaren/525933/;mohammed-amine-ihattaren;525933.0;rkc-waalwijk;M. Ihattaren;2.23
Jay-Jay;B. Brobbey;32;9.0;B. Brobbey;A;/players/brian-brobbey/520146/;brian-brobbey;520146.0;afc-ajax;B. Brobbey;4.0
Jay-Jay;S. Lammers;32;10.0;S. Lammers;A;/players/sam-lammers/407736/;sam-lammers;407736.0;stichting-fc-twente-65;S. Lammers;
Rucebo;V. Barkas;32;1.0;V. Barkas;K;/players/vasileios-barkas/272919/;vasileios-barkas;272919.0;stichting-fc-utrecht;V. Barkas;17.0
Rucebo;Ivo Pinto;32;12.0;Ivo Pinto;V;/players/ivo-pinto/86672/;ivo-pinto;86672.0;fortuna-sittard;Ivo Pinto;-0.33
Rucebo;J. Hato;32;4.0;J. Hato;V;/players/jorrel-hato/783173/;jorrel-hato;783173.0;afc-ajax;J. Hato;15.0
Rucebo;D. Hancko;32;33.0;D. Hancko;V;/players/david-hancko/391059/;david-hancko;391059.0;feyenoord-rotterdam-nv;D. Hancko;3.0
Rucebo;M. Deijl;32;2.0;M. Deijl;V;/players/mats-deijl/402457/;mats-deijl;402457.0;stichting-go-ahead-eagles;M. Deijl;0.0
Rucebo;S. Steijn;32;14.0;S. Steijn;M;/players/sem-steijn/560623/;sem-steijn;560623.0;stichting-fc-twente-65;S. Steijn;8.0
Rucebo;F. Krastev;32;50.0;F. Krastev;M;/players/filip-yavorov-krastev/550509/;filip-yavorov-krastev;550509.0;bvo-fc-zwolle;F. Krastev;17.0
Rucebo;L. Brouwers;32;8.0;L. Brouwers;M;/players/luuk-brouwers/402458/;luuk-brouwers;402458.0;sportclub-heerenveen;L. Brouwers;0.47
Rucebo;T. Parrott;32;9.0;T. Parrott;A;/players/troy-parrot/515624/;troy-parrot;515624.0;stichting-az;T. Parrott;15.6
Rucebo;L. de Jong;32;9.0;L. de Jong;A;/players/luuk-de-jong/65056/;luuk-de-jong;65056.0;psv-nv;L. de Jong;3.0
Rucebo;K. Ogawa;32;18.0;K. Ogawa;A;/players/koki-ogawa/435835/;koki-ogawa;435835.0;nijmegen-eendracht-combinatie;K. Ogawa;
tukkeRoel;V. Barkas;33;1.0;V. Barkas;K;/players/vasileios-barkas/272919/;vasileios-barkas;272919.0;stichting-fc-utrecht;V. Barkas;
tukkeRoel;D. Hancko;33;33.0;D. Hancko;V;/players/david-hancko/391059/;david-hancko;391059.0;feyenoord-rotterdam-nv;D. Hancko;4.0
tukkeRoel;J. Hato;33;4.0;J. Hato;V;/players/jorrel-hato/783173/;jorrel-hato;783173.0;afc-ajax;J. Hato;
tukkeRoel;M. Kohlert;33;11.0;M. Köhlert;V;/players/mats-kohlert/400423/;mats-kohlert;400423.0;sportclub-heerenveen;M. Kohlert;
tukkeRoel;C. Verdonk;33;24.0;C. Verdonk;V;/players/calvin-verdonk/319288/;calvin-verdonk;319288.0;nijmegen-eendracht-combinatie;C. Verdonk;
tukkeRoel;D. Mbayo;33;11.0;D. Mbayo;A;/players/dylan-mbayo/599681/;dylan-mbayo;599681.0;bvo-fc-zwolle;D. Mbayo;
tukkeRoel;S. Mijnans;33;10.0;S. Mijnans;M;/players/sven-mijnans/566000/;sven-mijnans;566000.0;stichting-az;S. Mijnans;
tukkeRoel;M. Seuntjens;33;20.0;M. Seuntjens;M;/players/mats-seuntjes/194827/;mats-seuntjes;194827.0;stichting-fc-groningen;M. Seuntjens;0.5
tukkeRoel;S. Steijn;33;14.0;S. Steijn;M;/players/sem-steijn/560623/;sem-steijn;560623.0;stichting-fc-twente-65;S. Steijn;
tukkeRoel;M. Deijl;33;2.0;M. Deijl;V;/players/mats-deijl/402457/;mats-deijl;402457.0;stichting-go-ahead-eagles;M. Deijl;
tukkeRoel;L. de Jong;33;9.0;L. de Jong;A;/players/luuk-de-jong/65056/;luuk-de-jong;65056.0;psv-nv;L. de Jong;
methodmich;V. Barkas;33;1.0;V. Barkas;K;/players/vasileios-barkas/272919/;vasileios-barkas;272919.0;stichting-fc-utrecht;V. Barkas;
methodmich;M. Deijl;33;2.0;M. Deijl;V;/players/mats-deijl/402457/;mats-deijl;402457.0;stichting-go-ahead-eagles;M. Deijl;
methodmich;D. Hancko;33;33.0;D. Hancko;V;/players/david-hancko/391059/;david-hancko;391059.0;feyenoord-rotterdam-nv;D. Hancko;4.0
methodmich;M. Kohlert;33;11.0;M. Köhlert;V;/players/mats-kohlert/400423/;mats-kohlert;400423.0;sportclub-heerenveen;M. Kohlert;
methodmich;K. Taylor;33;8.0;K. Taylor;M;/players/kenneth-taylor/508784/;kenneth-taylor;508784.0;afc-ajax;K. Taylor;
methodmich;M. Ihattaren;33;52.0;M. Ihattaren;M;/players/mohammed-amine-ihattaren/525933/;mohammed-amine-ihattaren;525933.0;rkc-waalwijk;M. Ihattaren;0.0
methodmich;S. Steijn;33;14.0;S. Steijn;M;/players/sem-steijn/560623/;sem-steijn;560623.0;stichting-fc-twente-65;S. Steijn;
methodmich;K. Hlynsson;33;;K. Hlynsson;M;/players/kristian-nokkvi-hlynsson/636342/;kristian-nokkvi-hlynsson;636342.0;sparta-rotterdam-bv;K. Hlynsson;
methodmich;L. de Jong;33;9.0;L. de Jong;A;/players/luuk-de-jong/65056/;luuk-de-jong;65056.0;psv-nv;L. de Jong;
methodmich;T. Parrott;33;9.0;T. Parrott;A;/players/troy-parrot/515624/;troy-parrot;515624.0;stichting-az;T. Parrott;12.0
methodmich;S. van Hooijdonk;33;29.0;S. van Hooijdonk;A;/players/sydney-van-hooijdonk/555617/;sydney-van-hooijdonk;555617.0;nac-bv;S. van Hooijdonk;
FMNederland;V. Barkas;33;1.0;V. Barkas;K;/players/vasileios-barkas/272919/;vasileios-barkas;272919.0;stichting-fc-utrecht;V. Barkas;
FMNederland;M. Kohlert;33;11.0;M. Köhlert;V;/players/mats-kohlert/400423/;mats-kohlert;400423.0;sportclub-heerenveen;M. Kohlert;
FMNederland;M. Deijl;33;2.0;M. Deijl;V;/players/mats-deijl/402457/;mats-deijl;402457.0;stichting-go-ahead-eagles;M. Deijl;
FMNederland;C. Verdonk;33;24.0;C. Verdonk;V;/players/calvin-verdonk/319288/;calvin-verdonk;319288.0;nijmegen-eendracht-combinatie;C. Verdonk;
FMNederland;O. Boscagli;33;18.0;O. Boscagli;V;/players/olivier-boscagli/329542/;olivier-boscagli;329542.0;psv-nv;O. Boscagli;
FMNederland;S. Bastien;33;22.0;S. Bastien;M;/players/samuel-bastien/314097/;samuel-bastien;314097.0;fortuna-sittard;S. Bastien;
FMNederland;S. Steijn;33;14.0;S. Steijn;M;/players/sem-steijn/560623/;sem-steijn;560623.0;stichting-fc-twente-65;S. Steijn;
FMNederland;Q. Timber;33;8.0;Q. Timber;M;/players/quinten-maduro/463017/;quinten-maduro;463017.0;feyenoord-rotterdam-nv;Q. Timber;
FMNederland;T. Robinet;33;9.0;T. Robinet;A;/players/thomas-robinet/312659/;thomas-robinet;312659.0;fc-omniworld;T. Robinet;
FMNederland;T. Lauritsen;33;;T. Lauritsen;A;/players/tobias-lauritsen/406745/;tobias-lauritsen;406745.0;sparta-rotterdam-bv;T. Lauritsen;
FMNederland;T. Parrott;33;9.0;T. Parrott;A;/players/troy-parrot/515624/;troy-parrot;515624.0;stichting-az;T. Parrott;12.0
crispy;L. Unnerstall;33;1.0;L. Unnerstall;K;/players/lars-unnerstall/81320/;lars-unnerstall;81320.0;stichting-fc-twente-65;L. Unnerstall;
crispy;B. Pereira;33;2.0;B. Pereira;V;/players/brayann-pereira/640596/;brayann-pereira;640596.0;nijmegen-eendracht-combinatie;B. Pereira;
crispy;S. El Karouani;33;16.0;S. El Karouani;V;/players/souffian-elkarouani/537878/;souffian-elkarouani;537878.0;stichting-fc-utrecht;S. El Karouani;
crispy;M. Deijl;33;2.0;M. Deijl;V;/players/mats-deijl/402457/;mats-deijl;402457.0;stichting-go-ahead-eagles;M. Deijl;
crispy;D. Hancko;33;33.0;D. Hancko;V;/players/david-hancko/391059/;david-hancko;391059.0;feyenoord-rotterdam-nv;D. Hancko;4.0
crispy;R. Meerveld;33;16.0;R. Meerveld;M;/players/ringo-meerveld/623815/;ringo-meerveld;623815.0;sbv-willem-ii-tilburg;R. Meerveld;
crispy;T. Lauritsen;33;;T. Lauritsen;A;/players/tobias-lauritsen/406745/;tobias-lauritsen;406745.0;sparta-rotterdam-bv;T. Lauritsen;
crispy;P. Koopmeiners;33;6.0;P. Koopmeiners;M;/players/peer-koopmeiners/533281/;peer-koopmeiners;533281.0;stichting-az;P. Koopmeiners;3.11
crispy;D. Vente;33;9.0;D. Vente;A;/players/dylan-vente/426585/;dylan-vente;426585.0;bvo-fc-zwolle;D. Vente;
crispy;K. Taylor;33;8.0;K. Taylor;M;/players/kenneth-taylor/508784/;kenneth-taylor;508784.0;afc-ajax;K. Taylor;
crispy;G. Til;33;20.0;G. Til;M;/players/guus-til/451981/;guus-til;451981.0;psv-nv;G. Til;
svvthomas;N. Olij;33;;N. Olij;K;/players/nick-olij/235322/;nick-olij;235322.0;sparta-rotterdam-bv;N. Olij;
svvthomas;M. Deijl;33;2.0;M. Deijl;V;/players/mats-deijl/402457/;mats-deijl;402457.0;stichting-go-ahead-eagles;M. Deijl;
svvthomas;D. Hancko;33;33.0;D. Hancko;V;/players/david-hancko/391059/;david-hancko;391059.0;feyenoord-rotterdam-nv;D. Hancko;4.0
svvthomas;D. Mirani;33;4.0;D. Mirani;V;/players/damon-mirani/289811/;damon-mirani;289811.0;stichting-heracles-almelo;D. Mirani;
svvthomas;C. Sandra;33;14.0;C. Sandra;M;/players/cisse-sandra/638266/;cisse-sandra;638266.0;sbv-willem-ii-tilburg;C. Sandra;
svvthomas;K. Ogawa;33;18.0;K. Ogawa;A;/players/koki-ogawa/435835/;koki-ogawa;435835.0;nijmegen-eendracht-combinatie;K. Ogawa;
svvthomas;L. Brouwers;33;8.0;L. Brouwers;M;/players/luuk-brouwers/402458/;luuk-brouwers;402458.0;sportclub-heerenveen;L. Brouwers;
svvthomas;S. Steijn;33;14.0;S. Steijn;M;/players/sem-steijn/560623/;sem-steijn;560623.0;stichting-fc-twente-65;S. Steijn;
svvthomas;T. Parrott;33;9.0;T. Parrott;A;/players/troy-parrot/515624/;troy-parrot;515624.0;stichting-az;T. Parrott;12.0
svvthomas;L. de Jong;33;9.0;L. de Jong;A;/players/luuk-de-jong/65056/;luuk-de-jong;65056.0;psv-nv;L. de Jong;
svvthomas;D. Klaassen;33;18.0;D. Klaassen;M;/players/davy-klaassen/158581/;davy-klaassen;158581.0;afc-ajax;D. Klaassen;
El Cid;L. Unnerstall;33;1.0;L. Unnerstall;K;/players/lars-unnerstall/81320/;lars-unnerstall;81320.0;stichting-fc-twente-65;L. Unnerstall;
El Cid;P. Bochniewicz;33;5.0;P. Bochniewicz;V;/players/pawe-bochniewicz/273911/;pawe-bochniewicz;273911.0;sportclub-heerenveen;P. Bochniewicz;
El Cid;B. Nieuwkoop;33;2.0;B. Nieuwkoop;V;/players/bart-nieuwkoop/275124/;bart-nieuwkoop;275124.0;feyenoord-rotterdam-nv;B. Nieuwkoop;
El Cid;D. van der Kust;33;;D. van der Kust;V;/players/djevencio-van-der-kust/569309/;djevencio-van-der-kust;569309.0;sparta-rotterdam-bv;D. van der Kust;
El Cid;A. Halilovic;33;10.0;A. Halilović;M;/players/alen-halilovi/270136/;alen-halilovi;270136.0;fortuna-sittard;A. Halilovic;
El Cid;L. Valente;33;10.0;L. Valente;M;/players/luciano-valente/703884/;luciano-valente;703884.0;stichting-fc-groningen;L. Valente;2.87
El Cid;V. Jensen;33;7.0;V. Jensen;M;/players/victor-jensen/460509/;victor-jensen;460509.0;stichting-fc-utrecht;V. Jensen;
El Cid;D. Proper;33;71.0;D. Proper;M;/players/dirk-proper/525939/;dirk-proper;525939.0;nijmegen-eendracht-combinatie;D. Proper;
El Cid;B. Traore;33;20.0;B. Traoré;A;/players/bertrand-traore/102801/;bertrand-traore;102801.0;afc-ajax;B. Traore;
El Cid;L. de Jong;33;9.0;L. de Jong;A;/players/luuk-de-jong/65056/;luuk-de-jong;65056.0;psv-nv;L. de Jong;
El Cid;T. Parrott;33;9.0;T. Parrott;A;/players/troy-parrot/515624/;troy-parrot;515624.0;stichting-az;T. Parrott;12.0
Otis.;V. Barkas;33;1.0;V. Barkas;K;/players/vasileios-barkas/272919/;vasileios-barkas;272919.0;stichting-fc-utrecht;V. Barkas;
Otis.;M. Deijl;33;2.0;M. Deijl;V;/players/mats-deijl/402457/;mats-deijl;402457.0;stichting-go-ahead-eagles;M. Deijl;
Otis.;M. Hilgers;33;2.0;M. Hilgers;V;/players/mees-hilgers/627701/;mees-hilgers;627701.0;stichting-fc-twente-65;M. Hilgers;
Otis.;J. Hato;33;4.0;J. Hato;V;/players/jorrel-hato/783173/;jorrel-hato;783173.0;afc-ajax;J. Hato;
Otis.;J. Trenskow;33;20.0;J. Trenskow;A;/players/jacob-trenskow/672937/;jacob-trenskow;672937.0;sportclub-heerenveen;J. Trenskow;
Otis.;S. Mijnans;33;10.0;S. Mijnans;M;/players/sven-mijnans/566000/;sven-mijnans;566000.0;stichting-az;S. Mijnans;
Otis.;Rober;33;7.0;Róber;M;/players/roberto-gonzalez-bayon/500171/;roberto-gonzalez-bayon;500171.0;nijmegen-eendracht-combinatie;Rober;
Otis.;P. Clement;33;;P. Clement;M;/players/pelle-clement/379793/;pelle-clement;379793.0;sparta-rotterdam-bv;P. Clement;
Otis.;D. Hancko;33;33.0;D. Hancko;V;/players/david-hancko/391059/;david-hancko;391059.0;feyenoord-rotterdam-nv;D. Hancko;4.0
Otis.;L. de Jong;33;9.0;L. de Jong;A;/players/luuk-de-jong/65056/;luuk-de-jong;65056.0;psv-nv;L. de Jong;
Otis.;L. Kulenovic;33;19.0;L. Kulenović;A;/players/luka-kulenovi/631882/;luka-kulenovi;631882.0;stichting-heracles-almelo;L. Kulenovic;
Gordon Shumway;S. Steijn;33;14.0;S. Steijn;M;/players/sem-steijn/560623/;sem-steijn;560623.0;stichting-fc-twente-65;S. Steijn;
Gordon Shumway;B. Nieuwkoop;33;2.0;B. Nieuwkoop;V;/players/bart-nieuwkoop/275124/;bart-nieuwkoop;275124.0;feyenoord-rotterdam-nv;B. Nieuwkoop;
Gordon Shumway;J. Hato;33;4.0;J. Hato;V;/players/jorrel-hato/783173/;jorrel-hato;783173.0;afc-ajax;J. Hato;
Gordon Shumway;M. Kohlert;33;11.0;M. Köhlert;V;/players/mats-kohlert/400423/;mats-kohlert;400423.0;sportclub-heerenveen;M. Kohlert;
Gordon Shumway;C. Neghli;33;;C. Neghli;A;/players/camiel-neghli/680707/;camiel-neghli;680707.0;sparta-rotterdam-bv;C. Neghli;
Gordon Shumway;L. Valente;33;10.0;L. Valente;M;/players/luciano-valente/703884/;luciano-valente;703884.0;stichting-fc-groningen;L. Valente;2.87
Gordon Shumway;D. Proper;33;71.0;D. Proper;M;/players/dirk-proper/525939/;dirk-proper;525939.0;nijmegen-eendracht-combinatie;D. Proper;
Gordon Shumway;V. Jensen;33;7.0;V. Jensen;M;/players/victor-jensen/460509/;victor-jensen;460509.0;stichting-fc-utrecht;V. Jensen;
Gordon Shumway;L. de Jong;33;9.0;L. de Jong;A;/players/luuk-de-jong/65056/;luuk-de-jong;65056.0;psv-nv;L. de Jong;
Gordon Shumway;!K. Sierhuis;33;;;;;;;;;
Gordon Shumway;T. Parrott;33;9.0;T. Parrott;A;/players/troy-parrot/515624/;troy-parrot;515624.0;stichting-az;T. Parrott;12.0
Suikerbrood;N. Olij;33;;N. Olij;K;/players/nick-olij/235322/;nick-olij;235322.0;sparta-rotterdam-bv;N. Olij;
Suikerbrood;S. Olsson;33;19.0;S. Olsson;M;/players/simon-olsson/423888/;simon-olsson;423888.0;sportclub-heerenveen;S. Olsson;
Suikerbrood;D. Rensch;33;2.0;D. Rensch;V;/players/devyne-rensch/601396/;devyne-rensch;601396.0;afc-ajax;D. Rensch;
Suikerbrood;J. Amofa;33;25.0;J. Amofa;V;/players/jamal-amofa/668121/;jamal-amofa;668121.0;stichting-go-ahead-eagles;J. Amofa;
Suikerbrood;N. Viergever;33;24.0;N. Viergever;V;/players/nick--viergever/78529/;nick--viergever;78529.0;stichting-fc-utrecht;N. Viergever;
Suikerbrood;D. Proper;33;71.0;D. Proper;M;/players/dirk-proper/525939/;dirk-proper;525939.0;nijmegen-eendracht-combinatie;D. Proper;
Suikerbrood;M. Vlap;33;18.0;M. Vlap;M;/players/michel-vlap/407742/;michel-vlap;407742.0;stichting-fc-twente-65;M. Vlap;
Suikerbrood;A. Halilovic;33;10.0;A. Halilović;M;/players/alen-halilovi/270136/;alen-halilovi;270136.0;fortuna-sittard;A. Halilovic;
Suikerbrood;A. Ueda;33;9.0;A. Ueda;A;/players/ayase-ueda/551425/;ayase-ueda;551425.0;feyenoord-rotterdam-nv;A. Ueda;1.39
Suikerbrood;R. van Bommel;33;7.0;R. van Bommel;A;/players/ruben-van-bommel/834074/;ruben-van-bommel;834074.0;stichting-az;R. van Bommel;1.42
Suikerbrood;L. de Jong;33;9.0;L. de Jong;A;/players/luuk-de-jong/65056/;luuk-de-jong;65056.0;psv-nv;L. de Jong;
EnGCatjuh;R. Roefs;33;22.0;R. Roefs;K;/players/robin-roefs/636190/;robin-roefs;636190.0;nijmegen-eendracht-combinatie;R. Roefs;
EnGCatjuh;M. Kohlert;33;11.0;M. Köhlert;V;/players/mats-kohlert/400423/;mats-kohlert;400423.0;sportclub-heerenveen;M. Kohlert;
EnGCatjuh;O. Boscagli;33;18.0;O. Boscagli;V;/players/olivier-boscagli/329542/;olivier-boscagli;329542.0;psv-nv;O. Boscagli;
EnGCatjuh;S. El Karouani;33;16.0;S. El Karouani;V;/players/souffian-elkarouani/537878/;souffian-elkarouani;537878.0;stichting-fc-utrecht;S. El Karouani;
EnGCatjuh;Igor Paixao;33;14.0;Igor Paixão;A;/players/igor-guilherme-barbosa-da-paixao/593041/;igor-guilherme-barbosa-da-paixao;593041.0;feyenoord-rotterdam-nv;Igor Paixao;20.61
EnGCatjuh;J. Schreuders;33;14.0;J. Schreuders;M;/players/jorg-schreuders/877779/;jorg-schreuders;877779.0;stichting-fc-groningen;J. Schreuders;11.5
EnGCatjuh;S. Adewoye;33;4.0;S. Adewoye;V;/players/shawn-adewoye/618207/;shawn-adewoye;618207.0;fortuna-sittard;S. Adewoye;
EnGCatjuh;S. Steijn;33;14.0;S. Steijn;M;/players/sem-steijn/560623/;sem-steijn;560623.0;stichting-fc-twente-65;S. Steijn;
EnGCatjuh;T. Parrott;33;9.0;T. Parrott;A;/players/troy-parrot/515624/;troy-parrot;515624.0;stichting-az;T. Parrott;12.0
EnGCatjuh;B. Brobbey;33;9.0;B. Brobbey;A;/players/brian-brobbey/520146/;brian-brobbey;520146.0;afc-ajax;B. Brobbey;
EnGCatjuh;R. Meerveld;33;16.0;R. Meerveld;M;/players/ringo-meerveld/623815/;ringo-meerveld;623815.0;sbv-willem-ii-tilburg;R. Meerveld;
Vishandel Makaay;R. Pasveer;33;22.0;R. Pasveer;K;/players/remko-pasveer/49689/;remko-pasveer;49689.0;afc-ajax;R. Pasveer;
Vishandel Makaay;R. Flamingo;33;6.0;R. Flamingo;V;/players/ryan-flamingo/627724/;ryan-flamingo;627724.0;psv-nv;R. Flamingo;
Vishandel Makaay;J. Lelieveld;33;2.0;J. Lelieveld;V;/players/julian-lelieveld/407738/;julian-lelieveld;407738.0;rkc-waalwijk;J. Lelieveld;2.0
Vishandel Makaay;K. Leerdam;33;18.0;K. Leerdam;V;/players/kelvin-leerdam/68354/;kelvin-leerdam;68354.0;stichting-heracles-almelo;K. Leerdam;
Vishandel Makaay;M. Dijks;33;35.0;M. Dijks;V;/players/mitchel-dijks/219029/;mitchel-dijks;219029.0;fortuna-sittard;M. Dijks;
Vishandel Makaay;T. Oosting;33;25.0;T. Oosting;M;/players/thijs-oosting/477591/;thijs-oosting;477591.0;stichting-fc-groningen;T. Oosting;0.1
Vishandel Makaay;E. van Ee;33;21.0;E. van Ee;M;/players/espen-van-ee/921919/;espen-van-ee;921919.0;sportclub-heerenveen;E. van Ee;
Vishandel Makaay;P. Aaronson;33;21.0;P. Aaronson;M;/players/paxten-aaronson/576828/;paxten-aaronson;576828.0;stichting-fc-utrecht;P. Aaronson;
Vishandel Makaay;A. Hadj Moussa;33;23.0;A. Hadj Moussa;A;/players/anis--hadj-moussa/755639/;anis--hadj-moussa;755639.0;feyenoord-rotterdam-nv;A. Hadj Moussa;13.0
Vishandel Makaay;R. van Wolfswinkel;33;9.0;R. van Wolfswinkel;A;/players/ricky-van-wolfswinkel/59407/;ricky-van-wolfswinkel;59407.0;stichting-fc-twente-65;R. van Wolfswinkel;
Vishandel Makaay;M. Meerdink;33;35.0;M. Meerdink;A;/players/mexx-meerdink/796451/;mexx-meerdink;796451.0;stichting-az;M. Meerdink;8.89
Friggles;L. Unnerstall;33;1.0;L. Unnerstall;K;/players/lars-unnerstall/81320/;lars-unnerstall;81320.0;stichting-fc-twente-65;L. Unnerstall;
Friggles;M. Ihattaren;33;52.0;M. Ihattaren;M;/players/mohammed-amine-ihattaren/525933/;mohammed-amine-ihattaren;525933.0;rkc-waalwijk;M. Ihattaren;0.0
Friggles;M. Deijl;33;2.0;M. Deijl;V;/players/mats-deijl/402457/;mats-deijl;402457.0;stichting-go-ahead-eagles;M. Deijl;
Friggles;S. El Karouani;33;16.0;S. El Karouani;V;/players/souffian-elkarouani/537878/;souffian-elkarouani;537878.0;stichting-fc-utrecht;S. El Karouani;
Friggles;S. Mijnans;33;10.0;S. Mijnans;M;/players/sven-mijnans/566000/;sven-mijnans;566000.0;stichting-az;S. Mijnans;
Friggles;D. Proper;33;71.0;D. Proper;M;/players/dirk-proper/525939/;dirk-proper;525939.0;nijmegen-eendracht-combinatie;D. Proper;
Friggles;M. Kohlert;33;11.0;M. Köhlert;V;/players/mats-kohlert/400423/;mats-kohlert;400423.0;sportclub-heerenveen;M. Kohlert;
Friggles;K. Hlynsson;33;;K. Hlynsson;M;/players/kristian-nokkvi-hlynsson/636342/;kristian-nokkvi-hlynsson;636342.0;sparta-rotterdam-bv;K. Hlynsson;
Friggles;Q. Timber;33;8.0;Q. Timber;M;/players/quinten-maduro/463017/;quinten-maduro;463017.0;feyenoord-rotterdam-nv;Q. Timber;
Friggles;L. de Jong;33;9.0;L. de Jong;A;/players/luuk-de-jong/65056/;luuk-de-jong;65056.0;psv-nv;L. de Jong;
Friggles;B. Brobbey;33;9.0;B. Brobbey;A;/players/brian-brobbey/520146/;brian-brobbey;520146.0;afc-ajax;B. Brobbey;
Jay-Jay;N. Olij;33;;N. Olij;K;/players/nick-olij/235322/;nick-olij;235322.0;sparta-rotterdam-bv;N. Olij;
Jay-Jay;S. Maikuma;33;16.0;S. Maikuma;V;/players/seiya-maikuma/651537/;seiya-maikuma;651537.0;stichting-az;S. Maikuma;
Jay-Jay;M. Deijl;33;2.0;M. Deijl;V;/players/mats-deijl/402457/;mats-deijl;402457.0;stichting-go-ahead-eagles;M. Deijl;
Jay-Jay;S. El Karouani;33;16.0;S. El Karouani;V;/players/souffian-elkarouani/537878/;souffian-elkarouani;537878.0;stichting-fc-utrecht;S. El Karouani;
Jay-Jay;Ivo Pinto;33;12.0;Ivo Pinto;V;/players/ivo-pinto/86672/;ivo-pinto;86672.0;fortuna-sittard;Ivo Pinto;
Jay-Jay;J. Veerman;33;23.0;J. Veerman;M;/players/joey--veerman/459312/;joey--veerman;459312.0;psv-nv;J. Veerman;
Jay-Jay;R. Meerveld;33;16.0;R. Meerveld;M;/players/ringo-meerveld/623815/;ringo-meerveld;623815.0;sbv-willem-ii-tilburg;R. Meerveld;
Jay-Jay;B. Linssen;33;30.0;B. Linssen;A;/players/brian-linssen/52888/;brian-linssen;52888.0;nijmegen-eendracht-combinatie;B. Linssen;
Jay-Jay;M. Ihattaren;33;52.0;M. Ihattaren;M;/players/mohammed-amine-ihattaren/525933/;mohammed-amine-ihattaren;525933.0;rkc-waalwijk;M. Ihattaren;0.0
Jay-Jay;B. Brobbey;33;9.0;B. Brobbey;A;/players/brian-brobbey/520146/;brian-brobbey;520146.0;afc-ajax;B. Brobbey;
Jay-Jay;S. Lammers;33;10.0;S. Lammers;A;/players/sam-lammers/407736/;sam-lammers;407736.0;stichting-fc-twente-65;S. Lammers;
Rucebo;V. Barkas;33;1.0;V. Barkas;K;/players/vasileios-barkas/272919/;vasileios-barkas;272919.0;stichting-fc-utrecht;V. Barkas;
Rucebo;Ivo Pinto;33;12.0;Ivo Pinto;V;/players/ivo-pinto/86672/;ivo-pinto;86672.0;fortuna-sittard;Ivo Pinto;
Rucebo;J. Hato;33;4.0;J. Hato;V;/players/jorrel-hato/783173/;jorrel-hato;783173.0;afc-ajax;J. Hato;
Rucebo;D. Hancko;33;33.0;D. Hancko;V;/players/david-hancko/391059/;david-hancko;391059.0;feyenoord-rotterdam-nv;D. Hancko;4.0
Rucebo;M. Deijl;33;2.0;M. Deijl;V;/players/mats-deijl/402457/;mats-deijl;402457.0;stichting-go-ahead-eagles;M. Deijl;
Rucebo;S. Steijn;33;14.0;S. Steijn;M;/players/sem-steijn/560623/;sem-steijn;560623.0;stichting-fc-twente-65;S. Steijn;
Rucebo;F. Krastev;33;50.0;F. Krastev;M;/players/filip-yavorov-krastev/550509/;filip-yavorov-krastev;550509.0;bvo-fc-zwolle;F. Krastev;
Rucebo;L. Brouwers;33;8.0;L. Brouwers;M;/players/luuk-brouwers/402458/;luuk-brouwers;402458.0;sportclub-heerenveen;L. Brouwers;
Rucebo;T. Parrott;33;9.0;T. Parrott;A;/players/troy-parrot/515624/;troy-parrot;515624.0;stichting-az;T. Parrott;12.0
Rucebo;L. de Jong;33;9.0;L. de Jong;A;/players/luuk-de-jong/65056/;luuk-de-jong;65056.0;psv-nv;L. de Jong;
Rucebo;K. Ogawa;33;18.0;K. Ogawa;A;/players/koki-ogawa/435835/;koki-ogawa;435835.0;nijmegen-eendracht-combinatie;K. Ogawa;
tukkeRoel;V. Barkas;34;1.0;V. Barkas;K;/players/vasileios-barkas/272919/;vasileios-barkas;272919.0;stichting-fc-utrecht;V. Barkas;2.0
tukkeRoel;D. Hancko;34;33.0;D. Hancko;V;/players/david-hancko/391059/;david-hancko;391059.0;feyenoord-rotterdam-nv;D. Hancko;15.0
tukkeRoel;J. Hato;34;4.0;J. Hato;V;/players/jorrel-hato/783173/;jorrel-hato;783173.0;afc-ajax;J. Hato;4.0
tukkeRoel;M. Kohlert;34;11.0;M. Köhlert;V;/players/mats-kohlert/400423/;mats-kohlert;400423.0;sportclub-heerenveen;M. Kohlert;4.0
tukkeRoel;C. Verdonk;34;24.0;C. Verdonk;V;/players/calvin-verdonk/319288/;calvin-verdonk;319288.0;nijmegen-eendracht-combinatie;C. Verdonk;-1.0
tukkeRoel;D. Mbayo;34;11.0;D. Mbayo;A;/players/dylan-mbayo/599681/;dylan-mbayo;599681.0;bvo-fc-zwolle;D. Mbayo;2.76
tukkeRoel;S. Mijnans;34;10.0;S. Mijnans;M;/players/sven-mijnans/566000/;sven-mijnans;566000.0;stichting-az;S. Mijnans;
tukkeRoel;M. Seuntjens;34;20.0;M. Seuntjens;M;/players/mats-seuntjes/194827/;mats-seuntjes;194827.0;stichting-fc-groningen;M. Seuntjens;1.53
tukkeRoel;S. Steijn;34;14.0;S. Steijn;M;/players/sem-steijn/560623/;sem-steijn;560623.0;stichting-fc-twente-65;S. Steijn;7.0
tukkeRoel;M. Deijl;34;2.0;M. Deijl;V;/players/mats-deijl/402457/;mats-deijl;402457.0;stichting-go-ahead-eagles;M. Deijl;2.0
tukkeRoel;L. de Jong;34;9.0;L. de Jong;A;/players/luuk-de-jong/65056/;luuk-de-jong;65056.0;psv-nv;L. de Jong;5.0
methodmich;V. Barkas;34;1.0;V. Barkas;K;/players/vasileios-barkas/272919/;vasileios-barkas;272919.0;stichting-fc-utrecht;V. Barkas;2.0
methodmich;M. Deijl;34;2.0;M. Deijl;V;/players/mats-deijl/402457/;mats-deijl;402457.0;stichting-go-ahead-eagles;M. Deijl;2.0
methodmich;D. Hancko;34;33.0;D. Hancko;V;/players/david-hancko/391059/;david-hancko;391059.0;feyenoord-rotterdam-nv;D. Hancko;15.0
methodmich;M. Kohlert;34;11.0;M. Köhlert;V;/players/mats-kohlert/400423/;mats-kohlert;400423.0;sportclub-heerenveen;M. Kohlert;4.0
methodmich;K. Taylor;34;8.0;K. Taylor;M;/players/kenneth-taylor/508784/;kenneth-taylor;508784.0;afc-ajax;K. Taylor;12.78
methodmich;M. Ihattaren;34;52.0;M. Ihattaren;M;/players/mohammed-amine-ihattaren/525933/;mohammed-amine-ihattaren;525933.0;rkc-waalwijk;M. Ihattaren;6.61
methodmich;S. Steijn;34;14.0;S. Steijn;M;/players/sem-steijn/560623/;sem-steijn;560623.0;stichting-fc-twente-65;S. Steijn;7.0
methodmich;K. Hlynsson;34;;K. Hlynsson;M;/players/kristian-nokkvi-hlynsson/636342/;kristian-nokkvi-hlynsson;636342.0;sparta-rotterdam-bv;K. Hlynsson;7.82
methodmich;L. de Jong;34;9.0;L. de Jong;A;/players/luuk-de-jong/65056/;luuk-de-jong;65056.0;psv-nv;L. de Jong;5.0
methodmich;T. Parrott;34;9.0;T. Parrott;A;/players/troy-parrot/515624/;troy-parrot;515624.0;stichting-az;T. Parrott;3.0
methodmich;S. van Hooijdonk;34;29.0;S. van Hooijdonk;A;/players/sydney-van-hooijdonk/555617/;sydney-van-hooijdonk;555617.0;nac-bv;S. van Hooijdonk;0.53
FMNederland;V. Barkas;34;1.0;V. Barkas;K;/players/vasileios-barkas/272919/;vasileios-barkas;272919.0;stichting-fc-utrecht;V. Barkas;2.0
FMNederland;M. Kohlert;34;11.0;M. Köhlert;V;/players/mats-kohlert/400423/;mats-kohlert;400423.0;sportclub-heerenveen;M. Kohlert;4.0
FMNederland;M. Deijl;34;2.0;M. Deijl;V;/players/mats-deijl/402457/;mats-deijl;402457.0;stichting-go-ahead-eagles;M. Deijl;2.0
FMNederland;C. Verdonk;34;24.0;C. Verdonk;V;/players/calvin-verdonk/319288/;calvin-verdonk;319288.0;nijmegen-eendracht-combinatie;C. Verdonk;-1.0
FMNederland;O. Boscagli;34;18.0;O. Boscagli;V;/players/olivier-boscagli/329542/;olivier-boscagli;329542.0;psv-nv;O. Boscagli;4.0
FMNederland;S. Bastien;34;22.0;S. Bastien;M;/players/samuel-bastien/314097/;samuel-bastien;314097.0;fortuna-sittard;S. Bastien;
FMNederland;S. Steijn;34;14.0;S. Steijn;M;/players/sem-steijn/560623/;sem-steijn;560623.0;stichting-fc-twente-65;S. Steijn;7.0
FMNederland;Q. Timber;34;8.0;Q. Timber;M;/players/quinten-maduro/463017/;quinten-maduro;463017.0;feyenoord-rotterdam-nv;Q. Timber;
FMNederland;T. Robinet;34;9.0;T. Robinet;A;/players/thomas-robinet/312659/;thomas-robinet;312659.0;fc-omniworld;T. Robinet;8.0
FMNederland;T. Lauritsen;34;;T. Lauritsen;A;/players/tobias-lauritsen/406745/;tobias-lauritsen;406745.0;sparta-rotterdam-bv;T. Lauritsen;4.33
FMNederland;T. Parrott;34;9.0;T. Parrott;A;/players/troy-parrot/515624/;troy-parrot;515624.0;stichting-az;T. Parrott;3.0
crispy;L. Unnerstall;34;1.0;L. Unnerstall;K;/players/lars-unnerstall/81320/;lars-unnerstall;81320.0;stichting-fc-twente-65;L. Unnerstall;3.0
crispy;B. Pereira;34;2.0;B. Pereira;V;/players/brayann-pereira/640596/;brayann-pereira;640596.0;nijmegen-eendracht-combinatie;B. Pereira;0.0
crispy;S. El Karouani;34;16.0;S. El Karouani;V;/players/souffian-elkarouani/537878/;souffian-elkarouani;537878.0;stichting-fc-utrecht;S. El Karouani;-0.27
crispy;M. Deijl;34;2.0;M. Deijl;V;/players/mats-deijl/402457/;mats-deijl;402457.0;stichting-go-ahead-eagles;M. Deijl;2.0
crispy;D. Hancko;34;33.0;D. Hancko;V;/players/david-hancko/391059/;david-hancko;391059.0;feyenoord-rotterdam-nv;D. Hancko;15.0
crispy;R. Meerveld;34;16.0;R. Meerveld;M;/players/ringo-meerveld/623815/;ringo-meerveld;623815.0;sbv-willem-ii-tilburg;R. Meerveld;3.0
crispy;T. Lauritsen;34;;T. Lauritsen;A;/players/tobias-lauritsen/406745/;tobias-lauritsen;406745.0;sparta-rotterdam-bv;T. Lauritsen;4.33
crispy;P. Koopmeiners;34;6.0;P. Koopmeiners;M;/players/peer-koopmeiners/533281/;peer-koopmeiners;533281.0;stichting-az;P. Koopmeiners;3.0
crispy;D. Vente;34;9.0;D. Vente;A;/players/dylan-vente/426585/;dylan-vente;426585.0;bvo-fc-zwolle;D. Vente;12.0
crispy;K. Taylor;34;8.0;K. Taylor;M;/players/kenneth-taylor/508784/;kenneth-taylor;508784.0;afc-ajax;K. Taylor;12.78
crispy;G. Til;34;20.0;G. Til;M;/players/guus-til/451981/;guus-til;451981.0;psv-nv;G. Til;0.0
svvthomas;N. Olij;34;;N. Olij;K;/players/nick-olij/235322/;nick-olij;235322.0;sparta-rotterdam-bv;N. Olij;17.0
svvthomas;M. Deijl;34;2.0;M. Deijl;V;/players/mats-deijl/402457/;mats-deijl;402457.0;stichting-go-ahead-eagles;M. Deijl;2.0
svvthomas;D. Hancko;34;33.0;D. Hancko;V;/players/david-hancko/391059/;david-hancko;391059.0;feyenoord-rotterdam-nv;D. Hancko;15.0
svvthomas;D. Mirani;34;4.0;D. Mirani;V;/players/damon-mirani/289811/;damon-mirani;289811.0;stichting-heracles-almelo;D. Mirani;14.0
svvthomas;P. Aaronson;34;21.0;P. Aaronson;M;/players/paxten-aaronson/576828/;paxten-aaronson;576828.0;stichting-fc-utrecht;P. Aaronson;9.0
svvthomas;V. van Crooij;34;32.0;V. van Crooij;A;/players/vito-van-crooy/330044/;vito-van-crooy;330044.0;nijmegen-eendracht-combinatie;V. van Crooij;-5.0
svvthomas;L. Brouwers;34;8.0;L. Brouwers;M;/players/luuk-brouwers/402458/;luuk-brouwers;402458.0;sportclub-heerenveen;L. Brouwers;7.56
svvthomas;S. Steijn;34;14.0;S. Steijn;M;/players/sem-steijn/560623/;sem-steijn;560623.0;stichting-fc-twente-65;S. Steijn;7.0
svvthomas;T. Parrott;34;9.0;T. Parrott;A;/players/troy-parrot/515624/;troy-parrot;515624.0;stichting-az;T. Parrott;3.0
svvthomas;L. de Jong;34;9.0;L. de Jong;A;/players/luuk-de-jong/65056/;luuk-de-jong;65056.0;psv-nv;L. de Jong;5.0
svvthomas;D. Klaassen;34;18.0;D. Klaassen;M;/players/davy-klaassen/158581/;davy-klaassen;158581.0;afc-ajax;D. Klaassen;5.0
El Cid;L. Unnerstall;34;1.0;L. Unnerstall;K;/players/lars-unnerstall/81320/;lars-unnerstall;81320.0;stichting-fc-twente-65;L. Unnerstall;3.0
El Cid;P. Bochniewicz;34;5.0;P. Bochniewicz;V;/players/pawe-bochniewicz/273911/;pawe-bochniewicz;273911.0;sportclub-heerenveen;P. Bochniewicz;
El Cid;B. Nieuwkoop;34;2.0;B. Nieuwkoop;V;/players/bart-nieuwkoop/275124/;bart-nieuwkoop;275124.0;feyenoord-rotterdam-nv;B. Nieuwkoop;
El Cid;D. van der Kust;34;;D. van der Kust;V;/players/djevencio-van-der-kust/569309/;djevencio-van-der-kust;569309.0;sparta-rotterdam-bv;D. van der Kust;
El Cid;A. Halilovic;34;10.0;A. Halilović;M;/players/alen-halilovi/270136/;alen-halilovi;270136.0;fortuna-sittard;A. Halilovic;1.07
El Cid;L. Valente;34;10.0;L. Valente;M;/players/luciano-valente/703884/;luciano-valente;703884.0;stichting-fc-groningen;L. Valente;8.0
El Cid;V. Jensen;34;7.0;V. Jensen;M;/players/victor-jensen/460509/;victor-jensen;460509.0;stichting-fc-utrecht;V. Jensen;0.0
El Cid;D. Proper;34;71.0;D. Proper;M;/players/dirk-proper/525939/;dirk-proper;525939.0;nijmegen-eendracht-combinatie;D. Proper;2.4
El Cid;B. Traore;34;20.0;B. Traoré;A;/players/bertrand-traore/102801/;bertrand-traore;102801.0;afc-ajax;B. Traore;3.33
El Cid;L. de Jong;34;9.0;L. de Jong;A;/players/luuk-de-jong/65056/;luuk-de-jong;65056.0;psv-nv;L. de Jong;5.0
El Cid;T. Parrott;34;9.0;T. Parrott;A;/players/troy-parrot/515624/;troy-parrot;515624.0;stichting-az;T. Parrott;3.0
Otis.;V. Barkas;34;1.0;V. Barkas;K;/players/vasileios-barkas/272919/;vasileios-barkas;272919.0;stichting-fc-utrecht;V. Barkas;2.0
Otis.;M. Deijl;34;2.0;M. Deijl;V;/players/mats-deijl/402457/;mats-deijl;402457.0;stichting-go-ahead-eagles;M. Deijl;2.0
Otis.;M. Hilgers;34;2.0;M. Hilgers;V;/players/mees-hilgers/627701/;mees-hilgers;627701.0;stichting-fc-twente-65;M. Hilgers;2.07
Otis.;J. Hato;34;4.0;J. Hato;V;/players/jorrel-hato/783173/;jorrel-hato;783173.0;afc-ajax;J. Hato;4.0
Otis.;J. Trenskow;34;20.0;J. Trenskow;A;/players/jacob-trenskow/672937/;jacob-trenskow;672937.0;sportclub-heerenveen;J. Trenskow;0.61
Otis.;S. Mijnans;34;10.0;S. Mijnans;M;/players/sven-mijnans/566000/;sven-mijnans;566000.0;stichting-az;S. Mijnans;
Otis.;Rober;34;7.0;Róber;M;/players/roberto-gonzalez-bayon/500171/;roberto-gonzalez-bayon;500171.0;nijmegen-eendracht-combinatie;Rober;
Otis.;P. Clement;34;;P. Clement;M;/players/pelle-clement/379793/;pelle-clement;379793.0;sparta-rotterdam-bv;P. Clement;0.18
Otis.;D. Hancko;34;33.0;D. Hancko;V;/players/david-hancko/391059/;david-hancko;391059.0;feyenoord-rotterdam-nv;D. Hancko;15.0
Otis.;L. de Jong;34;9.0;L. de Jong;A;/players/luuk-de-jong/65056/;luuk-de-jong;65056.0;psv-nv;L. de Jong;5.0
Otis.;L. Kulenovic;34;19.0;L. Kulenović;A;/players/luka-kulenovi/631882/;luka-kulenovi;631882.0;stichting-heracles-almelo;L. Kulenovic;0.61
Gordon Shumway;S. Steijn;34;14.0;S. Steijn;M;/players/sem-steijn/560623/;sem-steijn;560623.0;stichting-fc-twente-65;S. Steijn;7.0
Gordon Shumway;B. Nieuwkoop;34;2.0;B. Nieuwkoop;V;/players/bart-nieuwkoop/275124/;bart-nieuwkoop;275124.0;feyenoord-rotterdam-nv;B. Nieuwkoop;
Gordon Shumway;J. Hato;34;4.0;J. Hato;V;/players/jorrel-hato/783173/;jorrel-hato;783173.0;afc-ajax;J. Hato;4.0
Gordon Shumway;M. Kohlert;34;11.0;M. Köhlert;V;/players/mats-kohlert/400423/;mats-kohlert;400423.0;sportclub-heerenveen;M. Kohlert;4.0
Gordon Shumway;C. Neghli;34;;C. Neghli;A;/players/camiel-neghli/680707/;camiel-neghli;680707.0;sparta-rotterdam-bv;C. Neghli;
Gordon Shumway;L. Valente;34;10.0;L. Valente;M;/players/luciano-valente/703884/;luciano-valente;703884.0;stichting-fc-groningen;L. Valente;8.0
Gordon Shumway;D. Proper;34;71.0;D. Proper;M;/players/dirk-proper/525939/;dirk-proper;525939.0;nijmegen-eendracht-combinatie;D. Proper;2.4
Gordon Shumway;V. Jensen;34;7.0;V. Jensen;M;/players/victor-jensen/460509/;victor-jensen;460509.0;stichting-fc-utrecht;V. Jensen;0.0
Gordon Shumway;L. de Jong;34;9.0;L. de Jong;A;/players/luuk-de-jong/65056/;luuk-de-jong;65056.0;psv-nv;L. de Jong;5.0
Gordon Shumway;!K. Sierhuis;34;;;;;;;;;
Gordon Shumway;T. Parrott;34;9.0;T. Parrott;A;/players/troy-parrot/515624/;troy-parrot;515624.0;stichting-az;T. Parrott;3.0
Suikerbrood;N. Olij;34;;N. Olij;K;/players/nick-olij/235322/;nick-olij;235322.0;sparta-rotterdam-bv;N. Olij;17.0
Suikerbrood;S. Olsson;34;19.0;S. Olsson;M;/players/simon-olsson/423888/;simon-olsson;423888.0;sportclub-heerenveen;S. Olsson;
Suikerbrood;D. Rensch;34;2.0;D. Rensch;V;/players/devyne-rensch/601396/;devyne-rensch;601396.0;afc-ajax;D. Rensch;
Suikerbrood;J. Amofa;34;25.0;J. Amofa;V;/players/jamal-amofa/668121/;jamal-amofa;668121.0;stichting-go-ahead-eagles;J. Amofa;
Suikerbrood;N. Viergever;34;24.0;N. Viergever;V;/players/nick--viergever/78529/;nick--viergever;78529.0;stichting-fc-utrecht;N. Viergever;0.0
Suikerbrood;D. Proper;34;71.0;D. Proper;M;/players/dirk-proper/525939/;dirk-proper;525939.0;nijmegen-eendracht-combinatie;D. Proper;2.4
Suikerbrood;M. Vlap;34;18.0;M. Vlap;M;/players/michel-vlap/407742/;michel-vlap;407742.0;stichting-fc-twente-65;M. Vlap;3.87
Suikerbrood;A. Halilovic;34;10.0;A. Halilović;M;/players/alen-halilovi/270136/;alen-halilovi;270136.0;fortuna-sittard;A. Halilovic;1.07
Suikerbrood;A. Ueda;34;9.0;A. Ueda;A;/players/ayase-ueda/551425/;ayase-ueda;551425.0;feyenoord-rotterdam-nv;A. Ueda;5.07
Suikerbrood;R. van Bommel;34;7.0;R. van Bommel;A;/players/ruben-van-bommel/834074/;ruben-van-bommel;834074.0;stichting-az;R. van Bommel;1.17
Suikerbrood;L. de Jong;34;9.0;L. de Jong;A;/players/luuk-de-jong/65056/;luuk-de-jong;65056.0;psv-nv;L. de Jong;5.0
EnGCatjuh;R. Roefs;34;22.0;R. Roefs;K;/players/robin-roefs/636190/;robin-roefs;636190.0;nijmegen-eendracht-combinatie;R. Roefs;-2.0
EnGCatjuh;M. Kohlert;34;11.0;M. Köhlert;V;/players/mats-kohlert/400423/;mats-kohlert;400423.0;sportclub-heerenveen;M. Kohlert;4.0
EnGCatjuh;O. Boscagli;34;18.0;O. Boscagli;V;/players/olivier-boscagli/329542/;olivier-boscagli;329542.0;psv-nv;O. Boscagli;4.0
EnGCatjuh;S. El Karouani;34;16.0;S. El Karouani;V;/players/souffian-elkarouani/537878/;souffian-elkarouani;537878.0;stichting-fc-utrecht;S. El Karouani;-0.27
EnGCatjuh;Igor Paixao;34;14.0;Igor Paixão;A;/players/igor-guilherme-barbosa-da-paixao/593041/;igor-guilherme-barbosa-da-paixao;593041.0;feyenoord-rotterdam-nv;Igor Paixao;6.0
EnGCatjuh;J. Schreuders;34;14.0;J. Schreuders;M;/players/jorg-schreuders/877779/;jorg-schreuders;877779.0;stichting-fc-groningen;J. Schreuders;0.0
EnGCatjuh;S. Adewoye;34;4.0;S. Adewoye;V;/players/shawn-adewoye/618207/;shawn-adewoye;618207.0;fortuna-sittard;S. Adewoye;3.0
EnGCatjuh;S. Steijn;34;14.0;S. Steijn;M;/players/sem-steijn/560623/;sem-steijn;560623.0;stichting-fc-twente-65;S. Steijn;7.0
EnGCatjuh;T. Parrott;34;9.0;T. Parrott;A;/players/troy-parrot/515624/;troy-parrot;515624.0;stichting-az;T. Parrott;3.0
EnGCatjuh;B. Brobbey;34;9.0;B. Brobbey;A;/players/brian-brobbey/520146/;brian-brobbey;520146.0;afc-ajax;B. Brobbey;
EnGCatjuh;R. Meerveld;34;16.0;R. Meerveld;M;/players/ringo-meerveld/623815/;ringo-meerveld;623815.0;sbv-willem-ii-tilburg;R. Meerveld;3.0
Vishandel Makaay;R. Pasveer;34;22.0;R. Pasveer;K;/players/remko-pasveer/49689/;remko-pasveer;49689.0;afc-ajax;R. Pasveer;
Vishandel Makaay;R. Flamingo;34;6.0;R. Flamingo;V;/players/ryan-flamingo/627724/;ryan-flamingo;627724.0;psv-nv;R. Flamingo;4.0
Vishandel Makaay;J. Lelieveld;34;2.0;J. Lelieveld;V;/players/julian-lelieveld/407738/;julian-lelieveld;407738.0;rkc-waalwijk;J. Lelieveld;14.0
Vishandel Makaay;K. Leerdam;34;18.0;K. Leerdam;V;/players/kelvin-leerdam/68354/;kelvin-leerdam;68354.0;stichting-heracles-almelo;K. Leerdam;0.0
Vishandel Makaay;M. Dijks;34;35.0;M. Dijks;V;/players/mitchel-dijks/219029/;mitchel-dijks;219029.0;fortuna-sittard;M. Dijks;1.33
Vishandel Makaay;T. Oosting;34;25.0;T. Oosting;M;/players/thijs-oosting/477591/;thijs-oosting;477591.0;stichting-fc-groningen;T. Oosting;0.0
Vishandel Makaay;E. van Ee;34;21.0;E. van Ee;M;/players/espen-van-ee/921919/;espen-van-ee;921919.0;sportclub-heerenveen;E. van Ee;7.44
Vishandel Makaay;P. Aaronson;34;21.0;P. Aaronson;M;/players/paxten-aaronson/576828/;paxten-aaronson;576828.0;stichting-fc-utrecht;P. Aaronson;9.0
Vishandel Makaay;A. Hadj Moussa;34;23.0;A. Hadj Moussa;A;/players/anis--hadj-moussa/755639/;anis--hadj-moussa;755639.0;feyenoord-rotterdam-nv;A. Hadj Moussa;5.53
Vishandel Makaay;R. van Wolfswinkel;34;9.0;R. van Wolfswinkel;A;/players/ricky-van-wolfswinkel/59407/;ricky-van-wolfswinkel;59407.0;stichting-fc-twente-65;R. van Wolfswinkel;0.67
Vishandel Makaay;M. Meerdink;34;35.0;M. Meerdink;A;/players/mexx-meerdink/796451/;mexx-meerdink;796451.0;stichting-az;M. Meerdink;0.47
Friggles;L. Unnerstall;34;1.0;L. Unnerstall;K;/players/lars-unnerstall/81320/;lars-unnerstall;81320.0;stichting-fc-twente-65;L. Unnerstall;3.0
Friggles;M. Ihattaren;34;52.0;M. Ihattaren;M;/players/mohammed-amine-ihattaren/525933/;mohammed-amine-ihattaren;525933.0;rkc-waalwijk;M. Ihattaren;6.61
Friggles;M. Deijl;34;2.0;M. Deijl;V;/players/mats-deijl/402457/;mats-deijl;402457.0;stichting-go-ahead-eagles;M. Deijl;2.0
Friggles;S. El Karouani;34;16.0;S. El Karouani;V;/players/souffian-elkarouani/537878/;souffian-elkarouani;537878.0;stichting-fc-utrecht;S. El Karouani;-0.27
Friggles;S. Mijnans;34;10.0;S. Mijnans;M;/players/sven-mijnans/566000/;sven-mijnans;566000.0;stichting-az;S. Mijnans;
Friggles;D. Proper;34;71.0;D. Proper;M;/players/dirk-proper/525939/;dirk-proper;525939.0;nijmegen-eendracht-combinatie;D. Proper;2.4
Friggles;M. Kohlert;34;11.0;M. Köhlert;V;/players/mats-kohlert/400423/;mats-kohlert;400423.0;sportclub-heerenveen;M. Kohlert;4.0
Friggles;K. Hlynsson;34;;K. Hlynsson;M;/players/kristian-nokkvi-hlynsson/636342/;kristian-nokkvi-hlynsson;636342.0;sparta-rotterdam-bv;K. Hlynsson;7.82
Friggles;Q. Timber;34;8.0;Q. Timber;M;/players/quinten-maduro/463017/;quinten-maduro;463017.0;feyenoord-rotterdam-nv;Q. Timber;
Friggles;L. de Jong;34;9.0;L. de Jong;A;/players/luuk-de-jong/65056/;luuk-de-jong;65056.0;psv-nv;L. de Jong;5.0
Friggles;B. Brobbey;34;9.0;B. Brobbey;A;/players/brian-brobbey/520146/;brian-brobbey;520146.0;afc-ajax;B. Brobbey;
Jay-Jay;N. Olij;34;;N. Olij;K;/players/nick-olij/235322/;nick-olij;235322.0;sparta-rotterdam-bv;N. Olij;17.0
Jay-Jay;S. Maikuma;34;16.0;S. Maikuma;V;/players/seiya-maikuma/651537/;seiya-maikuma;651537.0;stichting-az;S. Maikuma;
Jay-Jay;M. Deijl;34;2.0;M. Deijl;V;/players/mats-deijl/402457/;mats-deijl;402457.0;stichting-go-ahead-eagles;M. Deijl;2.0
Jay-Jay;S. El Karouani;34;16.0;S. El Karouani;V;/players/souffian-elkarouani/537878/;souffian-elkarouani;537878.0;stichting-fc-utrecht;S. El Karouani;-0.27
Jay-Jay;Ivo Pinto;34;12.0;Ivo Pinto;V;/players/ivo-pinto/86672/;ivo-pinto;86672.0;fortuna-sittard;Ivo Pinto;3.73
Jay-Jay;J. Veerman;34;23.0;J. Veerman;M;/players/joey--veerman/459312/;joey--veerman;459312.0;psv-nv;J. Veerman;5.0
Jay-Jay;R. Meerveld;34;16.0;R. Meerveld;M;/players/ringo-meerveld/623815/;ringo-meerveld;623815.0;sbv-willem-ii-tilburg;R. Meerveld;3.0
Jay-Jay;B. Linssen;34;30.0;B. Linssen;A;/players/brian-linssen/52888/;brian-linssen;52888.0;nijmegen-eendracht-combinatie;B. Linssen;1.53
Jay-Jay;M. Ihattaren;34;52.0;M. Ihattaren;M;/players/mohammed-amine-ihattaren/525933/;mohammed-amine-ihattaren;525933.0;rkc-waalwijk;M. Ihattaren;6.61
Jay-Jay;B. Brobbey;34;9.0;B. Brobbey;A;/players/brian-brobbey/520146/;brian-brobbey;520146.0;afc-ajax;B. Brobbey;
Jay-Jay;S. Lammers;34;10.0;S. Lammers;A;/players/sam-lammers/407736/;sam-lammers;407736.0;stichting-fc-twente-65;S. Lammers;
Rucebo;V. Barkas;34;1.0;V. Barkas;K;/players/vasileios-barkas/272919/;vasileios-barkas;272919.0;stichting-fc-utrecht;V. Barkas;2.0
Rucebo;Ivo Pinto;34;12.0;Ivo Pinto;V;/players/ivo-pinto/86672/;ivo-pinto;86672.0;fortuna-sittard;Ivo Pinto;3.73
Rucebo;J. Hato;34;4.0;J. Hato;V;/players/jorrel-hato/783173/;jorrel-hato;783173.0;afc-ajax;J. Hato;4.0
Rucebo;D. Hancko;34;33.0;D. Hancko;V;/players/david-hancko/391059/;david-hancko;391059.0;feyenoord-rotterdam-nv;D. Hancko;15.0
Rucebo;M. Deijl;34;2.0;M. Deijl;V;/players/mats-deijl/402457/;mats-deijl;402457.0;stichting-go-ahead-eagles;M. Deijl;2.0
Rucebo;S. Steijn;34;14.0;S. Steijn;M;/players/sem-steijn/560623/;sem-steijn;560623.0;stichting-fc-twente-65;S. Steijn;7.0
Rucebo;F. Krastev;34;50.0;F. Krastev;M;/players/filip-yavorov-krastev/550509/;filip-yavorov-krastev;550509.0;bvo-fc-zwolle;F. Krastev;6.2
Rucebo;L. Brouwers;34;8.0;L. Brouwers;M;/players/luuk-brouwers/402458/;luuk-brouwers;402458.0;sportclub-heerenveen;L. Brouwers;7.56
Rucebo;T. Parrott;34;9.0;T. Parrott;A;/players/troy-parrot/515624/;troy-parrot;515624.0;stichting-az;T. Parrott;3.0
Rucebo;L. de Jong;34;9.0;L. de Jong;A;/players/luuk-de-jong/65056/;luuk-de-jong;65056.0;psv-nv;L. de Jong;5.0
Rucebo;K. Ogawa;34;18.0;K. Ogawa;A;/players/koki-ogawa/435835/;koki-ogawa;435835.0;nijmegen-eendracht-combinatie;K. Ogawa;
tukkeRoel;V. Barkas;35;1.0;V. Barkas;K;/players/vasileios-barkas/272919/;vasileios-barkas;272919.0;stichting-fc-utrecht;V. Barkas;4.0
tukkeRoel;D. Hancko;35;33.0;D. Hancko;V;/players/david-hancko/391059/;david-hancko;391059.0;feyenoord-rotterdam-nv;D. Hancko;15.0
tukkeRoel;J. Hato;35;4.0;J. Hato;V;/players/jorrel-hato/783173/;jorrel-hato;783173.0;afc-ajax;J. Hato;2.83
tukkeRoel;M. Kohlert;35;11.0;M. Köhlert;V;/players/mats-kohlert/400423/;mats-kohlert;400423.0;sportclub-heerenveen;M. Kohlert;-2.0
tukkeRoel;C. Verdonk;35;24.0;C. Verdonk;V;/players/calvin-verdonk/319288/;calvin-verdonk;319288.0;nijmegen-eendracht-combinatie;C. Verdonk;4.0
tukkeRoel;D. Mbayo;35;11.0;D. Mbayo;A;/players/dylan-mbayo/599681/;dylan-mbayo;599681.0;bvo-fc-zwolle;D. Mbayo;0.84
tukkeRoel;S. Mijnans;35;10.0;S. Mijnans;M;/players/sven-mijnans/566000/;sven-mijnans;566000.0;stichting-az;S. Mijnans;1.47
tukkeRoel;M. Seuntjens;35;20.0;M. Seuntjens;M;/players/mats-seuntjes/194827/;mats-seuntjes;194827.0;stichting-fc-groningen;M. Seuntjens;2.2
tukkeRoel;S. Steijn;35;14.0;S. Steijn;M;/players/sem-steijn/560623/;sem-steijn;560623.0;stichting-fc-twente-65;S. Steijn;4.0
tukkeRoel;M. Deijl;35;2.0;M. Deijl;V;/players/mats-deijl/402457/;mats-deijl;402457.0;stichting-go-ahead-eagles;M. Deijl;15.0
tukkeRoel;L. de Jong;35;9.0;L. de Jong;A;/players/luuk-de-jong/65056/;luuk-de-jong;65056.0;psv-nv;L. de Jong;6.0
methodmich;V. Barkas;35;1.0;V. Barkas;K;/players/vasileios-barkas/272919/;vasileios-barkas;272919.0;stichting-fc-utrecht;V. Barkas;4.0
methodmich;M. Deijl;35;2.0;M. Deijl;V;/players/mats-deijl/402457/;mats-deijl;402457.0;stichting-go-ahead-eagles;M. Deijl;15.0
methodmich;D. Hancko;35;33.0;D. Hancko;V;/players/david-hancko/391059/;david-hancko;391059.0;feyenoord-rotterdam-nv;D. Hancko;15.0
methodmich;M. Kohlert;35;11.0;M. Köhlert;V;/players/mats-kohlert/400423/;mats-kohlert;400423.0;sportclub-heerenveen;M. Kohlert;-2.0
methodmich;K. Taylor;35;8.0;K. Taylor;M;/players/kenneth-taylor/508784/;kenneth-taylor;508784.0;afc-ajax;K. Taylor;5.0
methodmich;M. Ihattaren;35;52.0;M. Ihattaren;M;/players/mohammed-amine-ihattaren/525933/;mohammed-amine-ihattaren;525933.0;rkc-waalwijk;M. Ihattaren;8.0
methodmich;S. Steijn;35;14.0;S. Steijn;M;/players/sem-steijn/560623/;sem-steijn;560623.0;stichting-fc-twente-65;S. Steijn;4.0
methodmich;K. Hlynsson;35;;K. Hlynsson;M;/players/kristian-nokkvi-hlynsson/636342/;kristian-nokkvi-hlynsson;636342.0;sparta-rotterdam-bv;K. Hlynsson;10.0
methodmich;L. de Jong;35;9.0;L. de Jong;A;/players/luuk-de-jong/65056/;luuk-de-jong;65056.0;psv-nv;L. de Jong;6.0
methodmich;T. Parrott;35;9.0;T. Parrott;A;/players/troy-parrot/515624/;troy-parrot;515624.0;stichting-az;T. Parrott;
methodmich;S. van Hooijdonk;35;29.0;S. van Hooijdonk;A;/players/sydney-van-hooijdonk/555617/;sydney-van-hooijdonk;555617.0;nac-bv;S. van Hooijdonk;0.67
FMNederland;V. Barkas;35;1.0;V. Barkas;K;/players/vasileios-barkas/272919/;vasileios-barkas;272919.0;stichting-fc-utrecht;V. Barkas;4.0
FMNederland;M. Kohlert;35;11.0;M. Köhlert;V;/players/mats-kohlert/400423/;mats-kohlert;400423.0;sportclub-heerenveen;M. Kohlert;-2.0
FMNederland;M. Deijl;35;2.0;M. Deijl;V;/players/mats-deijl/402457/;mats-deijl;402457.0;stichting-go-ahead-eagles;M. Deijl;15.0
FMNederland;C. Verdonk;35;24.0;C. Verdonk;V;/players/calvin-verdonk/319288/;calvin-verdonk;319288.0;nijmegen-eendracht-combinatie;C. Verdonk;4.0
FMNederland;O. Boscagli;35;18.0;O. Boscagli;V;/players/olivier-boscagli/329542/;olivier-boscagli;329542.0;psv-nv;O. Boscagli;15.0
FMNederland;S. Bastien;35;22.0;S. Bastien;M;/players/samuel-bastien/314097/;samuel-bastien;314097.0;fortuna-sittard;S. Bastien;
FMNederland;S. Steijn;35;14.0;S. Steijn;M;/players/sem-steijn/560623/;sem-steijn;560623.0;stichting-fc-twente-65;S. Steijn;4.0
FMNederland;Q. Timber;35;8.0;Q. Timber;M;/players/quinten-maduro/463017/;quinten-maduro;463017.0;feyenoord-rotterdam-nv;Q. Timber;
FMNederland;T. Robinet;35;9.0;T. Robinet;A;/players/thomas-robinet/312659/;thomas-robinet;312659.0;fc-omniworld;T. Robinet;3.0
FMNederland;T. Lauritsen;35;;T. Lauritsen;A;/players/tobias-lauritsen/406745/;tobias-lauritsen;406745.0;sparta-rotterdam-bv;T. Lauritsen;7.56
FMNederland;T. Parrott;35;9.0;T. Parrott;A;/players/troy-parrot/515624/;troy-parrot;515624.0;stichting-az;T. Parrott;
crispy;L. Unnerstall;35;1.0;L. Unnerstall;K;/players/lars-unnerstall/81320/;lars-unnerstall;81320.0;stichting-fc-twente-65;L. Unnerstall;3.0
crispy;C. Verdonk;35;24.0;C. Verdonk;V;/players/calvin-verdonk/319288/;calvin-verdonk;319288.0;nijmegen-eendracht-combinatie;C. Verdonk;4.0
crispy;S. El Karouani;35;16.0;S. El Karouani;V;/players/souffian-elkarouani/537878/;souffian-elkarouani;537878.0;stichting-fc-utrecht;S. El Karouani;16.0
crispy;M. Deijl;35;2.0;M. Deijl;V;/players/mats-deijl/402457/;mats-deijl;402457.0;stichting-go-ahead-eagles;M. Deijl;15.0
crispy;D. Hancko;35;33.0;D. Hancko;V;/players/david-hancko/391059/;david-hancko;391059.0;feyenoord-rotterdam-nv;D. Hancko;15.0
crispy;R. Meerveld;35;16.0;R. Meerveld;M;/players/ringo-meerveld/623815/;ringo-meerveld;623815.0;sbv-willem-ii-tilburg;R. Meerveld;2.77
crispy;T. Lauritsen;35;;T. Lauritsen;A;/players/tobias-lauritsen/406745/;tobias-lauritsen;406745.0;sparta-rotterdam-bv;T. Lauritsen;7.56
crispy;P. Koopmeiners;35;6.0;P. Koopmeiners;M;/players/peer-koopmeiners/533281/;peer-koopmeiners;533281.0;stichting-az;P. Koopmeiners;3.0
crispy;D. Vente;35;9.0;D. Vente;A;/players/dylan-vente/426585/;dylan-vente;426585.0;bvo-fc-zwolle;D. Vente;4.0
crispy;K. Taylor;35;8.0;K. Taylor;M;/players/kenneth-taylor/508784/;kenneth-taylor;508784.0;afc-ajax;K. Taylor;5.0
crispy;M. Tillman;35;7.0;M. Tillman;M;/players/malik-tillman/561787/;malik-tillman;561787.0;psv-nv;M. Tillman;14.6
svvthomas;N. Olij;35;;N. Olij;K;/players/nick-olij/235322/;nick-olij;235322.0;sparta-rotterdam-bv;N. Olij;4.0
svvthomas;M. Deijl;35;2.0;M. Deijl;V;/players/mats-deijl/402457/;mats-deijl;402457.0;stichting-go-ahead-eagles;M. Deijl;15.0
svvthomas;D. Hancko;35;33.0;D. Hancko;V;/players/david-hancko/391059/;david-hancko;391059.0;feyenoord-rotterdam-nv;D. Hancko;15.0
svvthomas;D. Mirani;35;4.0;D. Mirani;V;/players/damon-mirani/289811/;damon-mirani;289811.0;stichting-heracles-almelo;D. Mirani;15.0
svvthomas;P. Aaronson;35;21.0;P. Aaronson;M;/players/paxten-aaronson/576828/;paxten-aaronson;576828.0;stichting-fc-utrecht;P. Aaronson;4.72
svvthomas;V. van Crooij;35;32.0;V. van Crooij;A;/players/vito-van-crooy/330044/;vito-van-crooy;330044.0;nijmegen-eendracht-combinatie;V. van Crooij;
svvthomas;L. Brouwers;35;8.0;L. Brouwers;M;/players/luuk-brouwers/402458/;luuk-brouwers;402458.0;sportclub-heerenveen;L. Brouwers;2.4
svvthomas;S. Steijn;35;14.0;S. Steijn;M;/players/sem-steijn/560623/;sem-steijn;560623.0;stichting-fc-twente-65;S. Steijn;4.0
svvthomas;T. Parrott;35;9.0;T. Parrott;A;/players/troy-parrot/515624/;troy-parrot;515624.0;stichting-az;T. Parrott;
svvthomas;L. de Jong;35;9.0;L. de Jong;A;/players/luuk-de-jong/65056/;luuk-de-jong;65056.0;psv-nv;L. de Jong;6.0
svvthomas;D. Klaassen;35;18.0;D. Klaassen;M;/players/davy-klaassen/158581/;davy-klaassen;158581.0;afc-ajax;D. Klaassen;3.28
El Cid;L. Unnerstall;35;1.0;L. Unnerstall;K;/players/lars-unnerstall/81320/;lars-unnerstall;81320.0;stichting-fc-twente-65;L. Unnerstall;3.0
El Cid;P. Bochniewicz;35;5.0;P. Bochniewicz;V;/players/pawe-bochniewicz/273911/;pawe-bochniewicz;273911.0;sportclub-heerenveen;P. Bochniewicz;
El Cid;B. Nieuwkoop;35;2.0;B. Nieuwkoop;V;/players/bart-nieuwkoop/275124/;bart-nieuwkoop;275124.0;feyenoord-rotterdam-nv;B. Nieuwkoop;
El Cid;D. van der Kust;35;;D. van der Kust;V;/players/djevencio-van-der-kust/569309/;djevencio-van-der-kust;569309.0;sparta-rotterdam-bv;D. van der Kust;
El Cid;A. Halilovic;35;10.0;A. Halilović;M;/players/alen-halilovi/270136/;alen-halilovi;270136.0;fortuna-sittard;A. Halilovic;
El Cid;L. Valente;35;10.0;L. Valente;M;/players/luciano-valente/703884/;luciano-valente;703884.0;stichting-fc-groningen;L. Valente;3.0
El Cid;V. Jensen;35;7.0;V. Jensen;M;/players/victor-jensen/460509/;victor-jensen;460509.0;stichting-fc-utrecht;V. Jensen;0.28
El Cid;D. Proper;35;71.0;D. Proper;M;/players/dirk-proper/525939/;dirk-proper;525939.0;nijmegen-eendracht-combinatie;D. Proper;5.0
El Cid;B. Traore;35;20.0;B. Traoré;A;/players/bertrand-traore/102801/;bertrand-traore;102801.0;afc-ajax;B. Traore;5.0
El Cid;L. de Jong;35;9.0;L. de Jong;A;/players/luuk-de-jong/65056/;luuk-de-jong;65056.0;psv-nv;L. de Jong;6.0
El Cid;T. Parrott;35;9.0;T. Parrott;A;/players/troy-parrot/515624/;troy-parrot;515624.0;stichting-az;T. Parrott;
Otis.;V. Barkas;35;1.0;V. Barkas;K;/players/vasileios-barkas/272919/;vasileios-barkas;272919.0;stichting-fc-utrecht;V. Barkas;4.0
Otis.;M. Deijl;35;2.0;M. Deijl;V;/players/mats-deijl/402457/;mats-deijl;402457.0;stichting-go-ahead-eagles;M. Deijl;15.0
Otis.;M. Hilgers;35;2.0;M. Hilgers;V;/players/mees-hilgers/627701/;mees-hilgers;627701.0;stichting-fc-twente-65;M. Hilgers;1.0
Otis.;J. Hato;35;4.0;J. Hato;V;/players/jorrel-hato/783173/;jorrel-hato;783173.0;afc-ajax;J. Hato;2.83
Otis.;J. Trenskow;35;20.0;J. Trenskow;A;/players/jacob-trenskow/672937/;jacob-trenskow;672937.0;sportclub-heerenveen;J. Trenskow;1.07
Otis.;S. Mijnans;35;10.0;S. Mijnans;M;/players/sven-mijnans/566000/;sven-mijnans;566000.0;stichting-az;S. Mijnans;1.47
Otis.;Rober;35;7.0;Róber;M;/players/roberto-gonzalez-bayon/500171/;roberto-gonzalez-bayon;500171.0;nijmegen-eendracht-combinatie;Rober;
Otis.;P. Clement;35;;P. Clement;M;/players/pelle-clement/379793/;pelle-clement;379793.0;sparta-rotterdam-bv;P. Clement;5.44
Otis.;D. Hancko;35;33.0;D. Hancko;V;/players/david-hancko/391059/;david-hancko;391059.0;feyenoord-rotterdam-nv;D. Hancko;15.0
Otis.;L. de Jong;35;9.0;L. de Jong;A;/players/luuk-de-jong/65056/;luuk-de-jong;65056.0;psv-nv;L. de Jong;6.0
Otis.;L. Kulenovic;35;19.0;L. Kulenović;A;/players/luka-kulenovi/631882/;luka-kulenovi;631882.0;stichting-heracles-almelo;L. Kulenovic;0.87
Gordon Shumway;S. Steijn;35;14.0;S. Steijn;M;/players/sem-steijn/560623/;sem-steijn;560623.0;stichting-fc-twente-65;S. Steijn;4.0
Gordon Shumway;B. Nieuwkoop;35;2.0;B. Nieuwkoop;V;/players/bart-nieuwkoop/275124/;bart-nieuwkoop;275124.0;feyenoord-rotterdam-nv;B. Nieuwkoop;
Gordon Shumway;J. Hato;35;4.0;J. Hato;V;/players/jorrel-hato/783173/;jorrel-hato;783173.0;afc-ajax;J. Hato;2.83
Gordon Shumway;M. Kohlert;35;11.0;M. Köhlert;V;/players/mats-kohlert/400423/;mats-kohlert;400423.0;sportclub-heerenveen;M. Kohlert;-2.0
Gordon Shumway;C. Neghli;35;;C. Neghli;A;/players/camiel-neghli/680707/;camiel-neghli;680707.0;sparta-rotterdam-bv;C. Neghli;
Gordon Shumway;L. Valente;35;10.0;L. Valente;M;/players/luciano-valente/703884/;luciano-valente;703884.0;stichting-fc-groningen;L. Valente;3.0
Gordon Shumway;D. Proper;35;71.0;D. Proper;M;/players/dirk-proper/525939/;dirk-proper;525939.0;nijmegen-eendracht-combinatie;D. Proper;5.0
Gordon Shumway;V. Jensen;35;7.0;V. Jensen;M;/players/victor-jensen/460509/;victor-jensen;460509.0;stichting-fc-utrecht;V. Jensen;0.28
Gordon Shumway;L. de Jong;35;9.0;L. de Jong;A;/players/luuk-de-jong/65056/;luuk-de-jong;65056.0;psv-nv;L. de Jong;6.0
Gordon Shumway;!K. Sierhuis;35;;;;;;;;;
Gordon Shumway;T. Parrott;35;9.0;T. Parrott;A;/players/troy-parrot/515624/;troy-parrot;515624.0;stichting-az;T. Parrott;
Suikerbrood;N. Olij;35;;N. Olij;K;/players/nick-olij/235322/;nick-olij;235322.0;sparta-rotterdam-bv;N. Olij;4.0
Suikerbrood;S. Olsson;35;19.0;S. Olsson;M;/players/simon-olsson/423888/;simon-olsson;423888.0;sportclub-heerenveen;S. Olsson;
Suikerbrood;D. Rensch;35;2.0;D. Rensch;V;/players/devyne-rensch/601396/;devyne-rensch;601396.0;afc-ajax;D. Rensch;
Suikerbrood;J. Amofa;35;25.0;J. Amofa;V;/players/jamal-amofa/668121/;jamal-amofa;668121.0;stichting-go-ahead-eagles;J. Amofa;
Suikerbrood;N. Viergever;35;24.0;N. Viergever;V;/players/nick--viergever/78529/;nick--viergever;78529.0;stichting-fc-utrecht;N. Viergever;4.0
Suikerbrood;D. Proper;35;71.0;D. Proper;M;/players/dirk-proper/525939/;dirk-proper;525939.0;nijmegen-eendracht-combinatie;D. Proper;5.0
Suikerbrood;M. Vlap;35;18.0;M. Vlap;M;/players/michel-vlap/407742/;michel-vlap;407742.0;stichting-fc-twente-65;M. Vlap;4.0
Suikerbrood;A. Halilovic;35;10.0;A. Halilović;M;/players/alen-halilovi/270136/;alen-halilovi;270136.0;fortuna-sittard;A. Halilovic;
Suikerbrood;A. Ueda;35;9.0;A. Ueda;A;/players/ayase-ueda/551425/;ayase-ueda;551425.0;feyenoord-rotterdam-nv;A. Ueda;4.4
Suikerbrood;R. van Bommel;35;7.0;R. van Bommel;A;/players/ruben-van-bommel/834074/;ruben-van-bommel;834074.0;stichting-az;R. van Bommel;2.4
Suikerbrood;L. de Jong;35;9.0;L. de Jong;A;/players/luuk-de-jong/65056/;luuk-de-jong;65056.0;psv-nv;L. de Jong;6.0
EnGCatjuh;R. Roefs;35;22.0;R. Roefs;K;/players/robin-roefs/636190/;robin-roefs;636190.0;nijmegen-eendracht-combinatie;R. Roefs;4.0
EnGCatjuh;M. Kohlert;35;11.0;M. Köhlert;V;/players/mats-kohlert/400423/;mats-kohlert;400423.0;sportclub-heerenveen;M. Kohlert;-2.0
EnGCatjuh;O. Boscagli;35;18.0;O. Boscagli;V;/players/olivier-boscagli/329542/;olivier-boscagli;329542.0;psv-nv;O. Boscagli;15.0
EnGCatjuh;S. El Karouani;35;16.0;S. El Karouani;V;/players/souffian-elkarouani/537878/;souffian-elkarouani;537878.0;stichting-fc-utrecht;S. El Karouani;16.0
EnGCatjuh;Igor Paixao;35;14.0;Igor Paixão;A;/players/igor-guilherme-barbosa-da-paixao/593041/;igor-guilherme-barbosa-da-paixao;593041.0;feyenoord-rotterdam-nv;Igor Paixao;6.0
EnGCatjuh;J. Schreuders;35;14.0;J. Schreuders;M;/players/jorg-schreuders/877779/;jorg-schreuders;877779.0;stichting-fc-groningen;J. Schreuders;0.8
EnGCatjuh;S. Adewoye;35;4.0;S. Adewoye;V;/players/shawn-adewoye/618207/;shawn-adewoye;618207.0;fortuna-sittard;S. Adewoye;0.6
EnGCatjuh;S. Steijn;35;14.0;S. Steijn;M;/players/sem-steijn/560623/;sem-steijn;560623.0;stichting-fc-twente-65;S. Steijn;4.0
EnGCatjuh;T. Parrott;35;9.0;T. Parrott;A;/players/troy-parrot/515624/;troy-parrot;515624.0;stichting-az;T. Parrott;
EnGCatjuh;B. Brobbey;35;9.0;B. Brobbey;A;/players/brian-brobbey/520146/;brian-brobbey;520146.0;afc-ajax;B. Brobbey;3.28
EnGCatjuh;R. Meerveld;35;16.0;R. Meerveld;M;/players/ringo-meerveld/623815/;ringo-meerveld;623815.0;sbv-willem-ii-tilburg;R. Meerveld;2.77
Vishandel Makaay;R. Pasveer;35;22.0;R. Pasveer;K;/players/remko-pasveer/49689/;remko-pasveer;49689.0;afc-ajax;R. Pasveer;
Vishandel Makaay;R. Flamingo;35;6.0;R. Flamingo;V;/players/ryan-flamingo/627724/;ryan-flamingo;627724.0;psv-nv;R. Flamingo;10.67
Vishandel Makaay;J. Lelieveld;35;2.0;J. Lelieveld;V;/players/julian-lelieveld/407738/;julian-lelieveld;407738.0;rkc-waalwijk;J. Lelieveld;1.0
Vishandel Makaay;K. Leerdam;35;18.0;K. Leerdam;V;/players/kelvin-leerdam/68354/;kelvin-leerdam;68354.0;stichting-heracles-almelo;K. Leerdam;0.0
Vishandel Makaay;M. Dijks;35;35.0;M. Dijks;V;/players/mitchel-dijks/219029/;mitchel-dijks;219029.0;fortuna-sittard;M. Dijks;0.57
Vishandel Makaay;T. Oosting;35;25.0;T. Oosting;M;/players/thijs-oosting/477591/;thijs-oosting;477591.0;stichting-fc-groningen;T. Oosting;0.0
Vishandel Makaay;E. van Ee;35;21.0;E. van Ee;M;/players/espen-van-ee/921919/;espen-van-ee;921919.0;sportclub-heerenveen;E. van Ee;0.6
Vishandel Makaay;P. Aaronson;35;21.0;P. Aaronson;M;/players/paxten-aaronson/576828/;paxten-aaronson;576828.0;stichting-fc-utrecht;P. Aaronson;4.72
Vishandel Makaay;A. Hadj Moussa;35;23.0;A. Hadj Moussa;A;/players/anis--hadj-moussa/755639/;anis--hadj-moussa;755639.0;feyenoord-rotterdam-nv;A. Hadj Moussa;2.87
Vishandel Makaay;R. van Wolfswinkel;35;9.0;R. van Wolfswinkel;A;/players/ricky-van-wolfswinkel/59407/;ricky-van-wolfswinkel;59407.0;stichting-fc-twente-65;R. van Wolfswinkel;3.38
Vishandel Makaay;M. Meerdink;35;35.0;M. Meerdink;A;/players/mexx-meerdink/796451/;mexx-meerdink;796451.0;stichting-az;M. Meerdink;2.4
Friggles;L. Unnerstall;35;1.0;L. Unnerstall;K;/players/lars-unnerstall/81320/;lars-unnerstall;81320.0;stichting-fc-twente-65;L. Unnerstall;3.0
Friggles;M. Ihattaren;35;52.0;M. Ihattaren;M;/players/mohammed-amine-ihattaren/525933/;mohammed-amine-ihattaren;525933.0;rkc-waalwijk;M. Ihattaren;8.0
Friggles;M. Deijl;35;2.0;M. Deijl;V;/players/mats-deijl/402457/;mats-deijl;402457.0;stichting-go-ahead-eagles;M. Deijl;15.0
Friggles;S. El Karouani;35;16.0;S. El Karouani;V;/players/souffian-elkarouani/537878/;souffian-elkarouani;537878.0;stichting-fc-utrecht;S. El Karouani;16.0
Friggles;S. Mijnans;35;10.0;S. Mijnans;M;/players/sven-mijnans/566000/;sven-mijnans;566000.0;stichting-az;S. Mijnans;1.47
Friggles;D. Proper;35;71.0;D. Proper;M;/players/dirk-proper/525939/;dirk-proper;525939.0;nijmegen-eendracht-combinatie;D. Proper;5.0
Friggles;M. Kohlert;35;11.0;M. Köhlert;V;/players/mats-kohlert/400423/;mats-kohlert;400423.0;sportclub-heerenveen;M. Kohlert;-2.0
Friggles;K. Hlynsson;35;;K. Hlynsson;M;/players/kristian-nokkvi-hlynsson/636342/;kristian-nokkvi-hlynsson;636342.0;sparta-rotterdam-bv;K. Hlynsson;10.0
Friggles;Q. Timber;35;8.0;Q. Timber;M;/players/quinten-maduro/463017/;quinten-maduro;463017.0;feyenoord-rotterdam-nv;Q. Timber;
Friggles;L. de Jong;35;9.0;L. de Jong;A;/players/luuk-de-jong/65056/;luuk-de-jong;65056.0;psv-nv;L. de Jong;6.0
Friggles;B. Brobbey;35;9.0;B. Brobbey;A;/players/brian-brobbey/520146/;brian-brobbey;520146.0;afc-ajax;B. Brobbey;3.28
Jay-Jay;N. Olij;35;;N. Olij;K;/players/nick-olij/235322/;nick-olij;235322.0;sparta-rotterdam-bv;N. Olij;4.0
Jay-Jay;S. Maikuma;35;16.0;S. Maikuma;V;/players/seiya-maikuma/651537/;seiya-maikuma;651537.0;stichting-az;S. Maikuma;-1.17
Jay-Jay;M. Deijl;35;2.0;M. Deijl;V;/players/mats-deijl/402457/;mats-deijl;402457.0;stichting-go-ahead-eagles;M. Deijl;15.0
Jay-Jay;S. El Karouani;35;16.0;S. El Karouani;V;/players/souffian-elkarouani/537878/;souffian-elkarouani;537878.0;stichting-fc-utrecht;S. El Karouani;16.0
Jay-Jay;Ivo Pinto;35;12.0;Ivo Pinto;V;/players/ivo-pinto/86672/;ivo-pinto;86672.0;fortuna-sittard;Ivo Pinto;1.0
Jay-Jay;J. Veerman;35;23.0;J. Veerman;M;/players/joey--veerman/459312/;joey--veerman;459312.0;psv-nv;J. Veerman;5.6
Jay-Jay;R. Meerveld;35;16.0;R. Meerveld;M;/players/ringo-meerveld/623815/;ringo-meerveld;623815.0;sbv-willem-ii-tilburg;R. Meerveld;2.77
Jay-Jay;B. Linssen;35;30.0;B. Linssen;A;/players/brian-linssen/52888/;brian-linssen;52888.0;nijmegen-eendracht-combinatie;B. Linssen;9.67
Jay-Jay;M. Ihattaren;35;52.0;M. Ihattaren;M;/players/mohammed-amine-ihattaren/525933/;mohammed-amine-ihattaren;525933.0;rkc-waalwijk;M. Ihattaren;8.0
Jay-Jay;B. Brobbey;35;9.0;B. Brobbey;A;/players/brian-brobbey/520146/;brian-brobbey;520146.0;afc-ajax;B. Brobbey;3.28
Jay-Jay;S. Lammers;35;10.0;S. Lammers;A;/players/sam-lammers/407736/;sam-lammers;407736.0;stichting-fc-twente-65;S. Lammers;
Rucebo;V. Barkas;35;1.0;V. Barkas;K;/players/vasileios-barkas/272919/;vasileios-barkas;272919.0;stichting-fc-utrecht;V. Barkas;4.0
Rucebo;Ivo Pinto;35;12.0;Ivo Pinto;V;/players/ivo-pinto/86672/;ivo-pinto;86672.0;fortuna-sittard;Ivo Pinto;1.0
Rucebo;J. Hato;35;4.0;J. Hato;V;/players/jorrel-hato/783173/;jorrel-hato;783173.0;afc-ajax;J. Hato;2.83
Rucebo;D. Hancko;35;33.0;D. Hancko;V;/players/david-hancko/391059/;david-hancko;391059.0;feyenoord-rotterdam-nv;D. Hancko;15.0
Rucebo;M. Deijl;35;2.0;M. Deijl;V;/players/mats-deijl/402457/;mats-deijl;402457.0;stichting-go-ahead-eagles;M. Deijl;15.0
Rucebo;S. Steijn;35;14.0;S. Steijn;M;/players/sem-steijn/560623/;sem-steijn;560623.0;stichting-fc-twente-65;S. Steijn;4.0
Rucebo;F. Krastev;35;50.0;F. Krastev;M;/players/filip-yavorov-krastev/550509/;filip-yavorov-krastev;550509.0;bvo-fc-zwolle;F. Krastev;2.0
Rucebo;L. Brouwers;35;8.0;L. Brouwers;M;/players/luuk-brouwers/402458/;luuk-brouwers;402458.0;sportclub-heerenveen;L. Brouwers;2.4
Rucebo;T. Parrott;35;9.0;T. Parrott;A;/players/troy-parrot/515624/;troy-parrot;515624.0;stichting-az;T. Parrott;
Rucebo;L. de Jong;35;9.0;L. de Jong;A;/players/luuk-de-jong/65056/;luuk-de-jong;65056.0;psv-nv;L. de Jong;6.0
Rucebo;K. Ogawa;35;18.0;K. Ogawa;A;/players/koki-ogawa/435835/;koki-ogawa;435835.0;nijmegen-eendracht-combinatie;K. Ogawa;
tukkeRoel;V. Barkas;36;1.0;V. Barkas;K;/players/vasileios-barkas/272919/;vasileios-barkas;272919.0;stichting-fc-utrecht;V. Barkas;17.0
tukkeRoel;D. Hancko;36;33.0;D. Hancko;V;/players/david-hancko/391059/;david-hancko;391059.0;feyenoord-rotterdam-nv;D. Hancko;
tukkeRoel;J. Hato;36;4.0;J. Hato;V;/players/jorrel-hato/783173/;jorrel-hato;783173.0;afc-ajax;J. Hato;-0.6
tukkeRoel;M. Kohlert;36;11.0;M. Köhlert;V;/players/mats-kohlert/400423/;mats-kohlert;400423.0;sportclub-heerenveen;M. Kohlert;-4.0
tukkeRoel;C. Verdonk;36;24.0;C. Verdonk;V;/players/calvin-verdonk/319288/;calvin-verdonk;319288.0;nijmegen-eendracht-combinatie;C. Verdonk;
tukkeRoel;D. Mbayo;36;11.0;D. Mbayo;A;/players/dylan-mbayo/599681/;dylan-mbayo;599681.0;bvo-fc-zwolle;D. Mbayo;
tukkeRoel;S. Mijnans;36;10.0;S. Mijnans;M;/players/sven-mijnans/566000/;sven-mijnans;566000.0;stichting-az;S. Mijnans;
tukkeRoel;M. Seuntjens;36;20.0;M. Seuntjens;M;/players/mats-seuntjes/194827/;mats-seuntjes;194827.0;stichting-fc-groningen;M. Seuntjens;
tukkeRoel;S. Steijn;36;14.0;S. Steijn;M;/players/sem-steijn/560623/;sem-steijn;560623.0;stichting-fc-twente-65;S. Steijn;
tukkeRoel;M. Deijl;36;2.0;M. Deijl;V;/players/mats-deijl/402457/;mats-deijl;402457.0;stichting-go-ahead-eagles;M. Deijl;
tukkeRoel;L. de Jong;36;9.0;L. de Jong;A;/players/luuk-de-jong/65056/;luuk-de-jong;65056.0;psv-nv;L. de Jong;
methodmich;V. Barkas;36;1.0;V. Barkas;K;/players/vasileios-barkas/272919/;vasileios-barkas;272919.0;stichting-fc-utrecht;V. Barkas;17.0
methodmich;M. Deijl;36;2.0;M. Deijl;V;/players/mats-deijl/402457/;mats-deijl;402457.0;stichting-go-ahead-eagles;M. Deijl;
methodmich;D. Hancko;36;33.0;D. Hancko;V;/players/david-hancko/391059/;david-hancko;391059.0;feyenoord-rotterdam-nv;D. Hancko;
methodmich;M. Kohlert;36;11.0;M. Köhlert;V;/players/mats-kohlert/400423/;mats-kohlert;400423.0;sportclub-heerenveen;M. Kohlert;-4.0
methodmich;K. Taylor;36;8.0;K. Taylor;M;/players/kenneth-taylor/508784/;kenneth-taylor;508784.0;afc-ajax;K. Taylor;2.43
methodmich;M. Ihattaren;36;52.0;M. Ihattaren;M;/players/mohammed-amine-ihattaren/525933/;mohammed-amine-ihattaren;525933.0;rkc-waalwijk;M. Ihattaren;
methodmich;S. Steijn;36;14.0;S. Steijn;M;/players/sem-steijn/560623/;sem-steijn;560623.0;stichting-fc-twente-65;S. Steijn;
methodmich;K. Hlynsson;36;;K. Hlynsson;M;/players/kristian-nokkvi-hlynsson/636342/;kristian-nokkvi-hlynsson;636342.0;sparta-rotterdam-bv;K. Hlynsson;
methodmich;L. de Jong;36;9.0;L. de Jong;A;/players/luuk-de-jong/65056/;luuk-de-jong;65056.0;psv-nv;L. de Jong;
methodmich;T. Parrott;36;9.0;T. Parrott;A;/players/troy-parrot/515624/;troy-parrot;515624.0;stichting-az;T. Parrott;
methodmich;S. van Hooijdonk;36;29.0;S. van Hooijdonk;A;/players/sydney-van-hooijdonk/555617/;sydney-van-hooijdonk;555617.0;nac-bv;S. van Hooijdonk;
FMNederland;V. Barkas;36;1.0;V. Barkas;K;/players/vasileios-barkas/272919/;vasileios-barkas;272919.0;stichting-fc-utrecht;V. Barkas;17.0
FMNederland;M. Kohlert;36;11.0;M. Köhlert;V;/players/mats-kohlert/400423/;mats-kohlert;400423.0;sportclub-heerenveen;M. Kohlert;-4.0
FMNederland;M. Deijl;36;2.0;M. Deijl;V;/players/mats-deijl/402457/;mats-deijl;402457.0;stichting-go-ahead-eagles;M. Deijl;
FMNederland;C. Verdonk;36;24.0;C. Verdonk;V;/players/calvin-verdonk/319288/;calvin-verdonk;319288.0;nijmegen-eendracht-combinatie;C. Verdonk;
FMNederland;O. Boscagli;36;18.0;O. Boscagli;V;/players/olivier-boscagli/329542/;olivier-boscagli;329542.0;psv-nv;O. Boscagli;
FMNederland;S. Bastien;36;22.0;S. Bastien;M;/players/samuel-bastien/314097/;samuel-bastien;314097.0;fortuna-sittard;S. Bastien;
FMNederland;S. Steijn;36;14.0;S. Steijn;M;/players/sem-steijn/560623/;sem-steijn;560623.0;stichting-fc-twente-65;S. Steijn;
FMNederland;Q. Timber;36;8.0;Q. Timber;M;/players/quinten-maduro/463017/;quinten-maduro;463017.0;feyenoord-rotterdam-nv;Q. Timber;
FMNederland;T. Robinet;36;9.0;T. Robinet;A;/players/thomas-robinet/312659/;thomas-robinet;312659.0;fc-omniworld;T. Robinet;3.0
FMNederland;T. Lauritsen;36;;T. Lauritsen;A;/players/tobias-lauritsen/406745/;tobias-lauritsen;406745.0;sparta-rotterdam-bv;T. Lauritsen;
FMNederland;T. Parrott;36;9.0;T. Parrott;A;/players/troy-parrot/515624/;troy-parrot;515624.0;stichting-az;T. Parrott;
crispy;L. Unnerstall;36;1.0;L. Unnerstall;K;/players/lars-unnerstall/81320/;lars-unnerstall;81320.0;stichting-fc-twente-65;L. Unnerstall;
crispy;C. Verdonk;36;24.0;C. Verdonk;V;/players/calvin-verdonk/319288/;calvin-verdonk;319288.0;nijmegen-eendracht-combinatie;C. Verdonk;
crispy;S. El Karouani;36;16.0;S. El Karouani;V;/players/souffian-elkarouani/537878/;souffian-elkarouani;537878.0;stichting-fc-utrecht;S. El Karouani;15.0
crispy;M. Deijl;36;2.0;M. Deijl;V;/players/mats-deijl/402457/;mats-deijl;402457.0;stichting-go-ahead-eagles;M. Deijl;
crispy;D. Hancko;36;33.0;D. Hancko;V;/players/david-hancko/391059/;david-hancko;391059.0;feyenoord-rotterdam-nv;D. Hancko;
crispy;R. Meerveld;36;16.0;R. Meerveld;M;/players/ringo-meerveld/623815/;ringo-meerveld;623815.0;sbv-willem-ii-tilburg;R. Meerveld;
crispy;T. Lauritsen;36;;T. Lauritsen;A;/players/tobias-lauritsen/406745/;tobias-lauritsen;406745.0;sparta-rotterdam-bv;T. Lauritsen;
crispy;P. Koopmeiners;36;6.0;P. Koopmeiners;M;/players/peer-koopmeiners/533281/;peer-koopmeiners;533281.0;stichting-az;P. Koopmeiners;
crispy;D. Vente;36;9.0;D. Vente;A;/players/dylan-vente/426585/;dylan-vente;426585.0;bvo-fc-zwolle;D. Vente;
crispy;K. Taylor;36;8.0;K. Taylor;M;/players/kenneth-taylor/508784/;kenneth-taylor;508784.0;afc-ajax;K. Taylor;2.43
crispy;M. Tillman;36;7.0;M. Tillman;M;/players/malik-tillman/561787/;malik-tillman;561787.0;psv-nv;M. Tillman;
svvthomas;N. Olij;36;;N. Olij;K;/players/nick-olij/235322/;nick-olij;235322.0;sparta-rotterdam-bv;N. Olij;
svvthomas;M. Deijl;36;2.0;M. Deijl;V;/players/mats-deijl/402457/;mats-deijl;402457.0;stichting-go-ahead-eagles;M. Deijl;
svvthomas;D. Hancko;36;33.0;D. Hancko;V;/players/david-hancko/391059/;david-hancko;391059.0;feyenoord-rotterdam-nv;D. Hancko;
svvthomas;D. Mirani;36;4.0;D. Mirani;V;/players/damon-mirani/289811/;damon-mirani;289811.0;stichting-heracles-almelo;D. Mirani;
svvthomas;P. Aaronson;36;21.0;P. Aaronson;M;/players/paxten-aaronson/576828/;paxten-aaronson;576828.0;stichting-fc-utrecht;P. Aaronson;15.0
svvthomas;V. van Crooij;36;32.0;V. van Crooij;A;/players/vito-van-crooy/330044/;vito-van-crooy;330044.0;nijmegen-eendracht-combinatie;V. van Crooij;
svvthomas;L. Brouwers;36;8.0;L. Brouwers;M;/players/luuk-brouwers/402458/;luuk-brouwers;402458.0;sportclub-heerenveen;L. Brouwers;4.33
svvthomas;S. Steijn;36;14.0;S. Steijn;M;/players/sem-steijn/560623/;sem-steijn;560623.0;stichting-fc-twente-65;S. Steijn;
svvthomas;T. Parrott;36;9.0;T. Parrott;A;/players/troy-parrot/515624/;troy-parrot;515624.0;stichting-az;T. Parrott;
svvthomas;L. de Jong;36;9.0;L. de Jong;A;/players/luuk-de-jong/65056/;luuk-de-jong;65056.0;psv-nv;L. de Jong;
svvthomas;D. Klaassen;36;18.0;D. Klaassen;M;/players/davy-klaassen/158581/;davy-klaassen;158581.0;afc-ajax;D. Klaassen;1.97
El Cid;L. Unnerstall;36;1.0;L. Unnerstall;K;/players/lars-unnerstall/81320/;lars-unnerstall;81320.0;stichting-fc-twente-65;L. Unnerstall;
El Cid;P. Bochniewicz;36;5.0;P. Bochniewicz;V;/players/pawe-bochniewicz/273911/;pawe-bochniewicz;273911.0;sportclub-heerenveen;P. Bochniewicz;
El Cid;B. Nieuwkoop;36;2.0;B. Nieuwkoop;V;/players/bart-nieuwkoop/275124/;bart-nieuwkoop;275124.0;feyenoord-rotterdam-nv;B. Nieuwkoop;
El Cid;D. van der Kust;36;;D. van der Kust;V;/players/djevencio-van-der-kust/569309/;djevencio-van-der-kust;569309.0;sparta-rotterdam-bv;D. van der Kust;
El Cid;A. Halilovic;36;10.0;A. Halilović;M;/players/alen-halilovi/270136/;alen-halilovi;270136.0;fortuna-sittard;A. Halilovic;
El Cid;L. Valente;36;10.0;L. Valente;M;/players/luciano-valente/703884/;luciano-valente;703884.0;stichting-fc-groningen;L. Valente;
El Cid;V. Jensen;36;7.0;V. Jensen;M;/players/victor-jensen/460509/;victor-jensen;460509.0;stichting-fc-utrecht;V. Jensen;0.0
El Cid;D. Proper;36;71.0;D. Proper;M;/players/dirk-proper/525939/;dirk-proper;525939.0;nijmegen-eendracht-combinatie;D. Proper;
El Cid;B. Traore;36;20.0;B. Traoré;A;/players/bertrand-traore/102801/;bertrand-traore;102801.0;afc-ajax;B. Traore;-0.97
El Cid;L. de Jong;36;9.0;L. de Jong;A;/players/luuk-de-jong/65056/;luuk-de-jong;65056.0;psv-nv;L. de Jong;
El Cid;T. Parrott;36;9.0;T. Parrott;A;/players/troy-parrot/515624/;troy-parrot;515624.0;stichting-az;T. Parrott;
Otis.;V. Barkas;36;1.0;V. Barkas;K;/players/vasileios-barkas/272919/;vasileios-barkas;272919.0;stichting-fc-utrecht;V. Barkas;17.0
Otis.;M. Deijl;36;2.0;M. Deijl;V;/players/mats-deijl/402457/;mats-deijl;402457.0;stichting-go-ahead-eagles;M. Deijl;
Otis.;M. Hilgers;36;2.0;M. Hilgers;V;/players/mees-hilgers/627701/;mees-hilgers;627701.0;stichting-fc-twente-65;M. Hilgers;
Otis.;J. Hato;36;4.0;J. Hato;V;/players/jorrel-hato/783173/;jorrel-hato;783173.0;afc-ajax;J. Hato;-0.6
Otis.;J. Trenskow;36;20.0;J. Trenskow;A;/players/jacob-trenskow/672937/;jacob-trenskow;672937.0;sportclub-heerenveen;J. Trenskow;11.28
Otis.;S. Mijnans;36;10.0;S. Mijnans;M;/players/sven-mijnans/566000/;sven-mijnans;566000.0;stichting-az;S. Mijnans;
Otis.;Rober;36;7.0;Róber;M;/players/roberto-gonzalez-bayon/500171/;roberto-gonzalez-bayon;500171.0;nijmegen-eendracht-combinatie;Rober;
Otis.;P. Clement;36;;P. Clement;M;/players/pelle-clement/379793/;pelle-clement;379793.0;sparta-rotterdam-bv;P. Clement;
Otis.;D. Hancko;36;33.0;D. Hancko;V;/players/david-hancko/391059/;david-hancko;391059.0;feyenoord-rotterdam-nv;D. Hancko;
Otis.;L. de Jong;36;9.0;L. de Jong;A;/players/luuk-de-jong/65056/;luuk-de-jong;65056.0;psv-nv;L. de Jong;
Otis.;L. Kulenovic;36;19.0;L. Kulenović;A;/players/luka-kulenovi/631882/;luka-kulenovi;631882.0;stichting-heracles-almelo;L. Kulenovic;
Gordon Shumway;S. Steijn;36;14.0;S. Steijn;M;/players/sem-steijn/560623/;sem-steijn;560623.0;stichting-fc-twente-65;S. Steijn;
Gordon Shumway;B. Nieuwkoop;36;2.0;B. Nieuwkoop;V;/players/bart-nieuwkoop/275124/;bart-nieuwkoop;275124.0;feyenoord-rotterdam-nv;B. Nieuwkoop;
Gordon Shumway;J. Hato;36;4.0;J. Hato;V;/players/jorrel-hato/783173/;jorrel-hato;783173.0;afc-ajax;J. Hato;-0.6
Gordon Shumway;M. Kohlert;36;11.0;M. Köhlert;V;/players/mats-kohlert/400423/;mats-kohlert;400423.0;sportclub-heerenveen;M. Kohlert;-4.0
Gordon Shumway;C. Neghli;36;;C. Neghli;A;/players/camiel-neghli/680707/;camiel-neghli;680707.0;sparta-rotterdam-bv;C. Neghli;
Gordon Shumway;L. Valente;36;10.0;L. Valente;M;/players/luciano-valente/703884/;luciano-valente;703884.0;stichting-fc-groningen;L. Valente;
Gordon Shumway;D. Proper;36;71.0;D. Proper;M;/players/dirk-proper/525939/;dirk-proper;525939.0;nijmegen-eendracht-combinatie;D. Proper;
Gordon Shumway;V. Jensen;36;7.0;V. Jensen;M;/players/victor-jensen/460509/;victor-jensen;460509.0;stichting-fc-utrecht;V. Jensen;0.0
Gordon Shumway;L. de Jong;36;9.0;L. de Jong;A;/players/luuk-de-jong/65056/;luuk-de-jong;65056.0;psv-nv;L. de Jong;
Gordon Shumway;!K. Sierhuis;36;;;;;;;;;
Gordon Shumway;T. Parrott;36;9.0;T. Parrott;A;/players/troy-parrot/515624/;troy-parrot;515624.0;stichting-az;T. Parrott;
Suikerbrood;N. Olij;36;;N. Olij;K;/players/nick-olij/235322/;nick-olij;235322.0;sparta-rotterdam-bv;N. Olij;
Suikerbrood;S. Olsson;36;19.0;S. Olsson;M;/players/simon-olsson/423888/;simon-olsson;423888.0;sportclub-heerenveen;S. Olsson;
Suikerbrood;D. Rensch;36;2.0;D. Rensch;V;/players/devyne-rensch/601396/;devyne-rensch;601396.0;afc-ajax;D. Rensch;
Suikerbrood;J. Amofa;36;25.0;J. Amofa;V;/players/jamal-amofa/668121/;jamal-amofa;668121.0;stichting-go-ahead-eagles;J. Amofa;
Suikerbrood;N. Viergever;36;24.0;N. Viergever;V;/players/nick--viergever/78529/;nick--viergever;78529.0;stichting-fc-utrecht;N. Viergever;15.0
Suikerbrood;D. Proper;36;71.0;D. Proper;M;/players/dirk-proper/525939/;dirk-proper;525939.0;nijmegen-eendracht-combinatie;D. Proper;
Suikerbrood;M. Vlap;36;18.0;M. Vlap;M;/players/michel-vlap/407742/;michel-vlap;407742.0;stichting-fc-twente-65;M. Vlap;
Suikerbrood;A. Halilovic;36;10.0;A. Halilović;M;/players/alen-halilovi/270136/;alen-halilovi;270136.0;fortuna-sittard;A. Halilovic;
Suikerbrood;A. Ueda;36;9.0;A. Ueda;A;/players/ayase-ueda/551425/;ayase-ueda;551425.0;feyenoord-rotterdam-nv;A. Ueda;
Suikerbrood;R. van Bommel;36;7.0;R. van Bommel;A;/players/ruben-van-bommel/834074/;ruben-van-bommel;834074.0;stichting-az;R. van Bommel;
Suikerbrood;L. de Jong;36;9.0;L. de Jong;A;/players/luuk-de-jong/65056/;luuk-de-jong;65056.0;psv-nv;L. de Jong;
EnGCatjuh;R. Roefs;36;22.0;R. Roefs;K;/players/robin-roefs/636190/;robin-roefs;636190.0;nijmegen-eendracht-combinatie;R. Roefs;
EnGCatjuh;M. Kohlert;36;11.0;M. Köhlert;V;/players/mats-kohlert/400423/;mats-kohlert;400423.0;sportclub-heerenveen;M. Kohlert;-4.0
EnGCatjuh;O. Boscagli;36;18.0;O. Boscagli;V;/players/olivier-boscagli/329542/;olivier-boscagli;329542.0;psv-nv;O. Boscagli;
EnGCatjuh;S. El Karouani;36;16.0;S. El Karouani;V;/players/souffian-elkarouani/537878/;souffian-elkarouani;537878.0;stichting-fc-utrecht;S. El Karouani;15.0
EnGCatjuh;Igor Paixao;36;14.0;Igor Paixão;A;/players/igor-guilherme-barbosa-da-paixao/593041/;igor-guilherme-barbosa-da-paixao;593041.0;feyenoord-rotterdam-nv;Igor Paixao;
EnGCatjuh;J. Schreuders;36;14.0;J. Schreuders;M;/players/jorg-schreuders/877779/;jorg-schreuders;877779.0;stichting-fc-groningen;J. Schreuders;
EnGCatjuh;S. Adewoye;36;4.0;S. Adewoye;V;/players/shawn-adewoye/618207/;shawn-adewoye;618207.0;fortuna-sittard;S. Adewoye;
EnGCatjuh;S. Steijn;36;14.0;S. Steijn;M;/players/sem-steijn/560623/;sem-steijn;560623.0;stichting-fc-twente-65;S. Steijn;
EnGCatjuh;T. Parrott;36;9.0;T. Parrott;A;/players/troy-parrot/515624/;troy-parrot;515624.0;stichting-az;T. Parrott;
EnGCatjuh;B. Brobbey;36;9.0;B. Brobbey;A;/players/brian-brobbey/520146/;brian-brobbey;520146.0;afc-ajax;B. Brobbey;0.47
EnGCatjuh;R. Meerveld;36;16.0;R. Meerveld;M;/players/ringo-meerveld/623815/;ringo-meerveld;623815.0;sbv-willem-ii-tilburg;R. Meerveld;
Vishandel Makaay;R. Pasveer;36;22.0;R. Pasveer;K;/players/remko-pasveer/49689/;remko-pasveer;49689.0;afc-ajax;R. Pasveer;0.0
Vishandel Makaay;R. Flamingo;36;6.0;R. Flamingo;V;/players/ryan-flamingo/627724/;ryan-flamingo;627724.0;psv-nv;R. Flamingo;
Vishandel Makaay;J. Lelieveld;36;2.0;J. Lelieveld;V;/players/julian-lelieveld/407738/;julian-lelieveld;407738.0;rkc-waalwijk;J. Lelieveld;
Vishandel Makaay;K. Leerdam;36;18.0;K. Leerdam;V;/players/kelvin-leerdam/68354/;kelvin-leerdam;68354.0;stichting-heracles-almelo;K. Leerdam;
Vishandel Makaay;M. Dijks;36;35.0;M. Dijks;V;/players/mitchel-dijks/219029/;mitchel-dijks;219029.0;fortuna-sittard;M. Dijks;
Vishandel Makaay;T. Oosting;36;25.0;T. Oosting;M;/players/thijs-oosting/477591/;thijs-oosting;477591.0;stichting-fc-groningen;T. Oosting;
Vishandel Makaay;E. van Ee;36;21.0;E. van Ee;M;/players/espen-van-ee/921919/;espen-van-ee;921919.0;sportclub-heerenveen;E. van Ee;0.67
Vishandel Makaay;P. Aaronson;36;21.0;P. Aaronson;M;/players/paxten-aaronson/576828/;paxten-aaronson;576828.0;stichting-fc-utrecht;P. Aaronson;15.0
Vishandel Makaay;A. Hadj Moussa;36;23.0;A. Hadj Moussa;A;/players/anis--hadj-moussa/755639/;anis--hadj-moussa;755639.0;feyenoord-rotterdam-nv;A. Hadj Moussa;
Vishandel Makaay;R. van Wolfswinkel;36;9.0;R. van Wolfswinkel;A;/players/ricky-van-wolfswinkel/59407/;ricky-van-wolfswinkel;59407.0;stichting-fc-twente-65;R. van Wolfswinkel;
Vishandel Makaay;M. Meerdink;36;35.0;M. Meerdink;A;/players/mexx-meerdink/796451/;mexx-meerdink;796451.0;stichting-az;M. Meerdink;
Friggles;L. Unnerstall;36;1.0;L. Unnerstall;K;/players/lars-unnerstall/81320/;lars-unnerstall;81320.0;stichting-fc-twente-65;L. Unnerstall;
Friggles;M. Ihattaren;36;52.0;M. Ihattaren;M;/players/mohammed-amine-ihattaren/525933/;mohammed-amine-ihattaren;525933.0;rkc-waalwijk;M. Ihattaren;
Friggles;M. Deijl;36;2.0;M. Deijl;V;/players/mats-deijl/402457/;mats-deijl;402457.0;stichting-go-ahead-eagles;M. Deijl;
Friggles;S. El Karouani;36;16.0;S. El Karouani;V;/players/souffian-elkarouani/537878/;souffian-elkarouani;537878.0;stichting-fc-utrecht;S. El Karouani;15.0
Friggles;S. Mijnans;36;10.0;S. Mijnans;M;/players/sven-mijnans/566000/;sven-mijnans;566000.0;stichting-az;S. Mijnans;
Friggles;D. Proper;36;71.0;D. Proper;M;/players/dirk-proper/525939/;dirk-proper;525939.0;nijmegen-eendracht-combinatie;D. Proper;
Friggles;M. Kohlert;36;11.0;M. Köhlert;V;/players/mats-kohlert/400423/;mats-kohlert;400423.0;sportclub-heerenveen;M. Kohlert;-4.0
Friggles;K. Hlynsson;36;;K. Hlynsson;M;/players/kristian-nokkvi-hlynsson/636342/;kristian-nokkvi-hlynsson;636342.0;sparta-rotterdam-bv;K. Hlynsson;
Friggles;Q. Timber;36;8.0;Q. Timber;M;/players/quinten-maduro/463017/;quinten-maduro;463017.0;feyenoord-rotterdam-nv;Q. Timber;
Friggles;L. de Jong;36;9.0;L. de Jong;A;/players/luuk-de-jong/65056/;luuk-de-jong;65056.0;psv-nv;L. de Jong;
Friggles;B. Brobbey;36;9.0;B. Brobbey;A;/players/brian-brobbey/520146/;brian-brobbey;520146.0;afc-ajax;B. Brobbey;0.47
Jay-Jay;N. Olij;36;;N. Olij;K;/players/nick-olij/235322/;nick-olij;235322.0;sparta-rotterdam-bv;N. Olij;
Jay-Jay;S. Maikuma;36;16.0;S. Maikuma;V;/players/seiya-maikuma/651537/;seiya-maikuma;651537.0;stichting-az;S. Maikuma;
Jay-Jay;M. Deijl;36;2.0;M. Deijl;V;/players/mats-deijl/402457/;mats-deijl;402457.0;stichting-go-ahead-eagles;M. Deijl;
Jay-Jay;S. El Karouani;36;16.0;S. El Karouani;V;/players/souffian-elkarouani/537878/;souffian-elkarouani;537878.0;stichting-fc-utrecht;S. El Karouani;15.0
Jay-Jay;Ivo Pinto;36;12.0;Ivo Pinto;V;/players/ivo-pinto/86672/;ivo-pinto;86672.0;fortuna-sittard;Ivo Pinto;
Jay-Jay;J. Veerman;36;23.0;J. Veerman;M;/players/joey--veerman/459312/;joey--veerman;459312.0;psv-nv;J. Veerman;
Jay-Jay;R. Meerveld;36;16.0;R. Meerveld;M;/players/ringo-meerveld/623815/;ringo-meerveld;623815.0;sbv-willem-ii-tilburg;R. Meerveld;
Jay-Jay;B. Linssen;36;30.0;B. Linssen;A;/players/brian-linssen/52888/;brian-linssen;52888.0;nijmegen-eendracht-combinatie;B. Linssen;
Jay-Jay;M. Ihattaren;36;52.0;M. Ihattaren;M;/players/mohammed-amine-ihattaren/525933/;mohammed-amine-ihattaren;525933.0;rkc-waalwijk;M. Ihattaren;
Jay-Jay;B. Brobbey;36;9.0;B. Brobbey;A;/players/brian-brobbey/520146/;brian-brobbey;520146.0;afc-ajax;B. Brobbey;0.47
Jay-Jay;S. Lammers;36;10.0;S. Lammers;A;/players/sam-lammers/407736/;sam-lammers;407736.0;stichting-fc-twente-65;S. Lammers;
Rucebo;V. Barkas;36;1.0;V. Barkas;K;/players/vasileios-barkas/272919/;vasileios-barkas;272919.0;stichting-fc-utrecht;V. Barkas;17.0
Rucebo;Ivo Pinto;36;12.0;Ivo Pinto;V;/players/ivo-pinto/86672/;ivo-pinto;86672.0;fortuna-sittard;Ivo Pinto;
Rucebo;J. Hato;36;4.0;J. Hato;V;/players/jorrel-hato/783173/;jorrel-hato;783173.0;afc-ajax;J. Hato;-0.6
Rucebo;D. Hancko;36;33.0;D. Hancko;V;/players/david-hancko/391059/;david-hancko;391059.0;feyenoord-rotterdam-nv;D. Hancko;
Rucebo;M. Deijl;36;2.0;M. Deijl;V;/players/mats-deijl/402457/;mats-deijl;402457.0;stichting-go-ahead-eagles;M. Deijl;
Rucebo;S. Steijn;36;14.0;S. Steijn;M;/players/sem-steijn/560623/;sem-steijn;560623.0;stichting-fc-twente-65;S. Steijn;
Rucebo;F. Krastev;36;50.0;F. Krastev;M;/players/filip-yavorov-krastev/550509/;filip-yavorov-krastev;550509.0;bvo-fc-zwolle;F. Krastev;
Rucebo;L. Brouwers;36;8.0;L. Brouwers;M;/players/luuk-brouwers/402458/;luuk-brouwers;402458.0;sportclub-heerenveen;L. Brouwers;4.33
Rucebo;T. Parrott;36;9.0;T. Parrott;A;/players/troy-parrot/515624/;troy-parrot;515624.0;stichting-az;T. Parrott;
Rucebo;L. de Jong;36;9.0;L. de Jong;A;/players/luuk-de-jong/65056/;luuk-de-jong;65056.0;psv-nv;L. de Jong;
Rucebo;K. Ogawa;36;18.0;K. Ogawa;A;/players/koki-ogawa/435835/;koki-ogawa;435835.0;nijmegen-eendracht-combinatie;K. Ogawa;
tukkeRoel;V. Barkas;37;1.0;V. Barkas;K;/players/vasileios-barkas/272919/;vasileios-barkas;272919.0;stichting-fc-utrecht;V. Barkas;17.0
tukkeRoel;D. Hancko;37;33.0;D. Hancko;V;/players/david-hancko/391059/;david-hancko;391059.0;feyenoord-rotterdam-nv;D. Hancko;15.0
tukkeRoel;J. Hato;37;4.0;J. Hato;V;/players/jorrel-hato/783173/;jorrel-hato;783173.0;afc-ajax;J. Hato;
tukkeRoel;M. Kohlert;37;11.0;M. Köhlert;V;/players/mats-kohlert/400423/;mats-kohlert;400423.0;sportclub-heerenveen;M. Kohlert;
tukkeRoel;C. Verdonk;37;24.0;C. Verdonk;V;/players/calvin-verdonk/319288/;calvin-verdonk;319288.0;nijmegen-eendracht-combinatie;C. Verdonk;
tukkeRoel;D. Mbayo;37;11.0;D. Mbayo;A;/players/dylan-mbayo/599681/;dylan-mbayo;599681.0;bvo-fc-zwolle;D. Mbayo;0.87
tukkeRoel;S. Mijnans;37;10.0;S. Mijnans;M;/players/sven-mijnans/566000/;sven-mijnans;566000.0;stichting-az;S. Mijnans;1.02
tukkeRoel;M. Seuntjens;37;20.0;M. Seuntjens;M;/players/mats-seuntjes/194827/;mats-seuntjes;194827.0;stichting-fc-groningen;M. Seuntjens;0.0
tukkeRoel;S. Steijn;37;14.0;S. Steijn;M;/players/sem-steijn/560623/;sem-steijn;560623.0;stichting-fc-twente-65;S. Steijn;3.0
tukkeRoel;M. Deijl;37;2.0;M. Deijl;V;/players/mats-deijl/402457/;mats-deijl;402457.0;stichting-go-ahead-eagles;M. Deijl;
tukkeRoel;L. de Jong;37;9.0;L. de Jong;A;/players/luuk-de-jong/65056/;luuk-de-jong;65056.0;psv-nv;L. de Jong;13.0
methodmich;V. Barkas;37;1.0;V. Barkas;K;/players/vasileios-barkas/272919/;vasileios-barkas;272919.0;stichting-fc-utrecht;V. Barkas;17.0
methodmich;M. Deijl;37;2.0;M. Deijl;V;/players/mats-deijl/402457/;mats-deijl;402457.0;stichting-go-ahead-eagles;M. Deijl;
methodmich;D. Hancko;37;33.0;D. Hancko;V;/players/david-hancko/391059/;david-hancko;391059.0;feyenoord-rotterdam-nv;D. Hancko;15.0
methodmich;M. Kohlert;37;11.0;M. Köhlert;V;/players/mats-kohlert/400423/;mats-kohlert;400423.0;sportclub-heerenveen;M. Kohlert;
methodmich;K. Taylor;37;8.0;K. Taylor;M;/players/kenneth-taylor/508784/;kenneth-taylor;508784.0;afc-ajax;K. Taylor;
methodmich;M. Ihattaren;37;52.0;M. Ihattaren;M;/players/mohammed-amine-ihattaren/525933/;mohammed-amine-ihattaren;525933.0;rkc-waalwijk;M. Ihattaren;2.07
methodmich;S. Steijn;37;14.0;S. Steijn;M;/players/sem-steijn/560623/;sem-steijn;560623.0;stichting-fc-twente-65;S. Steijn;3.0
methodmich;K. Hlynsson;37;;K. Hlynsson;M;/players/kristian-nokkvi-hlynsson/636342/;kristian-nokkvi-hlynsson;636342.0;sparta-rotterdam-bv;K. Hlynsson;
methodmich;L. de Jong;37;9.0;L. de Jong;A;/players/luuk-de-jong/65056/;luuk-de-jong;65056.0;psv-nv;L. de Jong;13.0
methodmich;T. Parrott;37;9.0;T. Parrott;A;/players/troy-parrot/515624/;troy-parrot;515624.0;stichting-az;T. Parrott;
methodmich;S. van Hooijdonk;37;29.0;S. van Hooijdonk;A;/players/sydney-van-hooijdonk/555617/;sydney-van-hooijdonk;555617.0;nac-bv;S. van Hooijdonk;0.0
FMNederland;V. Barkas;37;1.0;V. Barkas;K;/players/vasileios-barkas/272919/;vasileios-barkas;272919.0;stichting-fc-utrecht;V. Barkas;17.0
FMNederland;M. Kohlert;37;11.0;M. Köhlert;V;/players/mats-kohlert/400423/;mats-kohlert;400423.0;sportclub-heerenveen;M. Kohlert;
FMNederland;M. Deijl;37;2.0;M. Deijl;V;/players/mats-deijl/402457/;mats-deijl;402457.0;stichting-go-ahead-eagles;M. Deijl;
FMNederland;C. Verdonk;37;24.0;C. Verdonk;V;/players/calvin-verdonk/319288/;calvin-verdonk;319288.0;nijmegen-eendracht-combinatie;C. Verdonk;
FMNederland;O. Boscagli;37;18.0;O. Boscagli;V;/players/olivier-boscagli/329542/;olivier-boscagli;329542.0;psv-nv;O. Boscagli;
FMNederland;S. Bastien;37;22.0;S. Bastien;M;/players/samuel-bastien/314097/;samuel-bastien;314097.0;fortuna-sittard;S. Bastien;
FMNederland;S. Steijn;37;14.0;S. Steijn;M;/players/sem-steijn/560623/;sem-steijn;560623.0;stichting-fc-twente-65;S. Steijn;3.0
FMNederland;Q. Timber;37;8.0;Q. Timber;M;/players/quinten-maduro/463017/;quinten-maduro;463017.0;feyenoord-rotterdam-nv;Q. Timber;
FMNederland;T. Robinet;37;9.0;T. Robinet;A;/players/thomas-robinet/312659/;thomas-robinet;312659.0;fc-omniworld;T. Robinet;
FMNederland;T. Lauritsen;37;;T. Lauritsen;A;/players/tobias-lauritsen/406745/;tobias-lauritsen;406745.0;sparta-rotterdam-bv;T. Lauritsen;
FMNederland;T. Parrott;37;9.0;T. Parrott;A;/players/troy-parrot/515624/;troy-parrot;515624.0;stichting-az;T. Parrott;
crispy;L. Unnerstall;37;1.0;L. Unnerstall;K;/players/lars-unnerstall/81320/;lars-unnerstall;81320.0;stichting-fc-twente-65;L. Unnerstall;0.0
crispy;C. Verdonk;37;24.0;C. Verdonk;V;/players/calvin-verdonk/319288/;calvin-verdonk;319288.0;nijmegen-eendracht-combinatie;C. Verdonk;
crispy;S. El Karouani;37;16.0;S. El Karouani;V;/players/souffian-elkarouani/537878/;souffian-elkarouani;537878.0;stichting-fc-utrecht;S. El Karouani;21.0
crispy;M. Deijl;37;2.0;M. Deijl;V;/players/mats-deijl/402457/;mats-deijl;402457.0;stichting-go-ahead-eagles;M. Deijl;
crispy;D. Hancko;37;33.0;D. Hancko;V;/players/david-hancko/391059/;david-hancko;391059.0;feyenoord-rotterdam-nv;D. Hancko;15.0
crispy;R. Meerveld;37;16.0;R. Meerveld;M;/players/ringo-meerveld/623815/;ringo-meerveld;623815.0;sbv-willem-ii-tilburg;R. Meerveld;
crispy;T. Lauritsen;37;;T. Lauritsen;A;/players/tobias-lauritsen/406745/;tobias-lauritsen;406745.0;sparta-rotterdam-bv;T. Lauritsen;
crispy;P. Koopmeiners;37;6.0;P. Koopmeiners;M;/players/peer-koopmeiners/533281/;peer-koopmeiners;533281.0;stichting-az;P. Koopmeiners;3.24
crispy;D. Vente;37;9.0;D. Vente;A;/players/dylan-vente/426585/;dylan-vente;426585.0;bvo-fc-zwolle;D. Vente;1.0
crispy;K. Taylor;37;8.0;K. Taylor;M;/players/kenneth-taylor/508784/;kenneth-taylor;508784.0;afc-ajax;K. Taylor;
crispy;M. Tillman;37;7.0;M. Tillman;M;/players/malik-tillman/561787/;malik-tillman;561787.0;psv-nv;M. Tillman;1.17
svvthomas;N. Olij;37;;N. Olij;K;/players/nick-olij/235322/;nick-olij;235322.0;sparta-rotterdam-bv;N. Olij;
svvthomas;M. Deijl;37;2.0;M. Deijl;V;/players/mats-deijl/402457/;mats-deijl;402457.0;stichting-go-ahead-eagles;M. Deijl;
svvthomas;D. Hancko;37;33.0;D. Hancko;V;/players/david-hancko/391059/;david-hancko;391059.0;feyenoord-rotterdam-nv;D. Hancko;15.0
svvthomas;D. Mirani;37;4.0;D. Mirani;V;/players/damon-mirani/289811/;damon-mirani;289811.0;stichting-heracles-almelo;D. Mirani;-1.0
svvthomas;P. Aaronson;37;21.0;P. Aaronson;M;/players/paxten-aaronson/576828/;paxten-aaronson;576828.0;stichting-fc-utrecht;P. Aaronson;13.0
svvthomas;V. van Crooij;37;32.0;V. van Crooij;A;/players/vito-van-crooy/330044/;vito-van-crooy;330044.0;nijmegen-eendracht-combinatie;V. van Crooij;
svvthomas;L. Brouwers;37;8.0;L. Brouwers;M;/players/luuk-brouwers/402458/;luuk-brouwers;402458.0;sportclub-heerenveen;L. Brouwers;
svvthomas;S. Steijn;37;14.0;S. Steijn;M;/players/sem-steijn/560623/;sem-steijn;560623.0;stichting-fc-twente-65;S. Steijn;3.0
svvthomas;T. Parrott;37;9.0;T. Parrott;A;/players/troy-parrot/515624/;troy-parrot;515624.0;stichting-az;T. Parrott;
svvthomas;L. de Jong;37;9.0;L. de Jong;A;/players/luuk-de-jong/65056/;luuk-de-jong;65056.0;psv-nv;L. de Jong;13.0
svvthomas;D. Klaassen;37;18.0;D. Klaassen;M;/players/davy-klaassen/158581/;davy-klaassen;158581.0;afc-ajax;D. Klaassen;
El Cid;L. Unnerstall;37;1.0;L. Unnerstall;K;/players/lars-unnerstall/81320/;lars-unnerstall;81320.0;stichting-fc-twente-65;L. Unnerstall;0.0
El Cid;P. Bochniewicz;37;5.0;P. Bochniewicz;V;/players/pawe-bochniewicz/273911/;pawe-bochniewicz;273911.0;sportclub-heerenveen;P. Bochniewicz;
El Cid;B. Nieuwkoop;37;2.0;B. Nieuwkoop;V;/players/bart-nieuwkoop/275124/;bart-nieuwkoop;275124.0;feyenoord-rotterdam-nv;B. Nieuwkoop;
El Cid;D. van der Kust;37;;D. van der Kust;V;/players/djevencio-van-der-kust/569309/;djevencio-van-der-kust;569309.0;sparta-rotterdam-bv;D. van der Kust;
El Cid;A. Halilovic;37;10.0;A. Halilović;M;/players/alen-halilovi/270136/;alen-halilovi;270136.0;fortuna-sittard;A. Halilovic;
El Cid;L. Valente;37;10.0;L. Valente;M;/players/luciano-valente/703884/;luciano-valente;703884.0;stichting-fc-groningen;L. Valente;10.0
El Cid;V. Jensen;37;7.0;V. Jensen;M;/players/victor-jensen/460509/;victor-jensen;460509.0;stichting-fc-utrecht;V. Jensen;2.31
El Cid;D. Proper;37;71.0;D. Proper;M;/players/dirk-proper/525939/;dirk-proper;525939.0;nijmegen-eendracht-combinatie;D. Proper;
El Cid;B. Traore;37;20.0;B. Traoré;A;/players/bertrand-traore/102801/;bertrand-traore;102801.0;afc-ajax;B. Traore;
El Cid;L. de Jong;37;9.0;L. de Jong;A;/players/luuk-de-jong/65056/;luuk-de-jong;65056.0;psv-nv;L. de Jong;13.0
El Cid;T. Parrott;37;9.0;T. Parrott;A;/players/troy-parrot/515624/;troy-parrot;515624.0;stichting-az;T. Parrott;
Otis.;V. Barkas;37;1.0;V. Barkas;K;/players/vasileios-barkas/272919/;vasileios-barkas;272919.0;stichting-fc-utrecht;V. Barkas;17.0
Otis.;M. Deijl;37;2.0;M. Deijl;V;/players/mats-deijl/402457/;mats-deijl;402457.0;stichting-go-ahead-eagles;M. Deijl;
Otis.;M. Hilgers;37;2.0;M. Hilgers;V;/players/mees-hilgers/627701/;mees-hilgers;627701.0;stichting-fc-twente-65;M. Hilgers;
Otis.;J. Hato;37;4.0;J. Hato;V;/players/jorrel-hato/783173/;jorrel-hato;783173.0;afc-ajax;J. Hato;
Otis.;J. Trenskow;37;20.0;J. Trenskow;A;/players/jacob-trenskow/672937/;jacob-trenskow;672937.0;sportclub-heerenveen;J. Trenskow;
Otis.;S. Mijnans;37;10.0;S. Mijnans;M;/players/sven-mijnans/566000/;sven-mijnans;566000.0;stichting-az;S. Mijnans;1.02
Otis.;Rober;37;7.0;Róber;M;/players/roberto-gonzalez-bayon/500171/;roberto-gonzalez-bayon;500171.0;nijmegen-eendracht-combinatie;Rober;
Otis.;P. Clement;37;;P. Clement;M;/players/pelle-clement/379793/;pelle-clement;379793.0;sparta-rotterdam-bv;P. Clement;
Otis.;D. Hancko;37;33.0;D. Hancko;V;/players/david-hancko/391059/;david-hancko;391059.0;feyenoord-rotterdam-nv;D. Hancko;15.0
Otis.;L. de Jong;37;9.0;L. de Jong;A;/players/luuk-de-jong/65056/;luuk-de-jong;65056.0;psv-nv;L. de Jong;13.0
Otis.;L. Kulenovic;37;19.0;L. Kulenović;A;/players/luka-kulenovi/631882/;luka-kulenovi;631882.0;stichting-heracles-almelo;L. Kulenovic;0.73
Gordon Shumway;S. Steijn;37;14.0;S. Steijn;M;/players/sem-steijn/560623/;sem-steijn;560623.0;stichting-fc-twente-65;S. Steijn;3.0
Gordon Shumway;B. Nieuwkoop;37;2.0;B. Nieuwkoop;V;/players/bart-nieuwkoop/275124/;bart-nieuwkoop;275124.0;feyenoord-rotterdam-nv;B. Nieuwkoop;
Gordon Shumway;J. Hato;37;4.0;J. Hato;V;/players/jorrel-hato/783173/;jorrel-hato;783173.0;afc-ajax;J. Hato;
Gordon Shumway;M. Kohlert;37;11.0;M. Köhlert;V;/players/mats-kohlert/400423/;mats-kohlert;400423.0;sportclub-heerenveen;M. Kohlert;
Gordon Shumway;C. Neghli;37;;C. Neghli;A;/players/camiel-neghli/680707/;camiel-neghli;680707.0;sparta-rotterdam-bv;C. Neghli;
Gordon Shumway;L. Valente;37;10.0;L. Valente;M;/players/luciano-valente/703884/;luciano-valente;703884.0;stichting-fc-groningen;L. Valente;10.0
Gordon Shumway;D. Proper;37;71.0;D. Proper;M;/players/dirk-proper/525939/;dirk-proper;525939.0;nijmegen-eendracht-combinatie;D. Proper;
Gordon Shumway;V. Jensen;37;7.0;V. Jensen;M;/players/victor-jensen/460509/;victor-jensen;460509.0;stichting-fc-utrecht;V. Jensen;2.31
Gordon Shumway;L. de Jong;37;9.0;L. de Jong;A;/players/luuk-de-jong/65056/;luuk-de-jong;65056.0;psv-nv;L. de Jong;13.0
Gordon Shumway;!K. Sierhuis;37;;;;;;;;;
Gordon Shumway;T. Parrott;37;9.0;T. Parrott;A;/players/troy-parrot/515624/;troy-parrot;515624.0;stichting-az;T. Parrott;
Suikerbrood;N. Olij;37;;N. Olij;K;/players/nick-olij/235322/;nick-olij;235322.0;sparta-rotterdam-bv;N. Olij;
Suikerbrood;S. Olsson;37;19.0;S. Olsson;M;/players/simon-olsson/423888/;simon-olsson;423888.0;sportclub-heerenveen;S. Olsson;
Suikerbrood;D. Rensch;37;2.0;D. Rensch;V;/players/devyne-rensch/601396/;devyne-rensch;601396.0;afc-ajax;D. Rensch;
Suikerbrood;J. Amofa;37;25.0;J. Amofa;V;/players/jamal-amofa/668121/;jamal-amofa;668121.0;stichting-go-ahead-eagles;J. Amofa;
Suikerbrood;N. Viergever;37;24.0;N. Viergever;V;/players/nick--viergever/78529/;nick--viergever;78529.0;stichting-fc-utrecht;N. Viergever;15.0
Suikerbrood;D. Proper;37;71.0;D. Proper;M;/players/dirk-proper/525939/;dirk-proper;525939.0;nijmegen-eendracht-combinatie;D. Proper;
Suikerbrood;M. Vlap;37;18.0;M. Vlap;M;/players/michel-vlap/407742/;michel-vlap;407742.0;stichting-fc-twente-65;M. Vlap;0.6
Suikerbrood;A. Halilovic;37;10.0;A. Halilović;M;/players/alen-halilovi/270136/;alen-halilovi;270136.0;fortuna-sittard;A. Halilovic;
Suikerbrood;A. Ueda;37;9.0;A. Ueda;A;/players/ayase-ueda/551425/;ayase-ueda;551425.0;feyenoord-rotterdam-nv;A. Ueda;13.73
Suikerbrood;R. van Bommel;37;7.0;R. van Bommel;A;/players/ruben-van-bommel/834074/;ruben-van-bommel;834074.0;stichting-az;R. van Bommel;2.98
Suikerbrood;L. de Jong;37;9.0;L. de Jong;A;/players/luuk-de-jong/65056/;luuk-de-jong;65056.0;psv-nv;L. de Jong;13.0
EnGCatjuh;R. Roefs;37;22.0;R. Roefs;K;/players/robin-roefs/636190/;robin-roefs;636190.0;nijmegen-eendracht-combinatie;R. Roefs;
EnGCatjuh;M. Kohlert;37;11.0;M. Köhlert;V;/players/mats-kohlert/400423/;mats-kohlert;400423.0;sportclub-heerenveen;M. Kohlert;
EnGCatjuh;O. Boscagli;37;18.0;O. Boscagli;V;/players/olivier-boscagli/329542/;olivier-boscagli;329542.0;psv-nv;O. Boscagli;
EnGCatjuh;S. El Karouani;37;16.0;S. El Karouani;V;/players/souffian-elkarouani/537878/;souffian-elkarouani;537878.0;stichting-fc-utrecht;S. El Karouani;21.0
EnGCatjuh;Igor Paixao;37;14.0;Igor Paixão;A;/players/igor-guilherme-barbosa-da-paixao/593041/;igor-guilherme-barbosa-da-paixao;593041.0;feyenoord-rotterdam-nv;Igor Paixao;22.0
EnGCatjuh;J. Schreuders;37;14.0;J. Schreuders;M;/players/jorg-schreuders/877779/;jorg-schreuders;877779.0;stichting-fc-groningen;J. Schreuders;14.0
EnGCatjuh;S. Adewoye;37;4.0;S. Adewoye;V;/players/shawn-adewoye/618207/;shawn-adewoye;618207.0;fortuna-sittard;S. Adewoye;
EnGCatjuh;S. Steijn;37;14.0;S. Steijn;M;/players/sem-steijn/560623/;sem-steijn;560623.0;stichting-fc-twente-65;S. Steijn;3.0
EnGCatjuh;T. Parrott;37;9.0;T. Parrott;A;/players/troy-parrot/515624/;troy-parrot;515624.0;stichting-az;T. Parrott;
EnGCatjuh;B. Brobbey;37;9.0;B. Brobbey;A;/players/brian-brobbey/520146/;brian-brobbey;520146.0;afc-ajax;B. Brobbey;
EnGCatjuh;R. Meerveld;37;16.0;R. Meerveld;M;/players/ringo-meerveld/623815/;ringo-meerveld;623815.0;sbv-willem-ii-tilburg;R. Meerveld;
Vishandel Makaay;R. Pasveer;37;22.0;R. Pasveer;K;/players/remko-pasveer/49689/;remko-pasveer;49689.0;afc-ajax;R. Pasveer;
Vishandel Makaay;R. Flamingo;37;6.0;R. Flamingo;V;/players/ryan-flamingo/627724/;ryan-flamingo;627724.0;psv-nv;R. Flamingo;4.0
Vishandel Makaay;J. Lelieveld;37;2.0;J. Lelieveld;V;/players/julian-lelieveld/407738/;julian-lelieveld;407738.0;rkc-waalwijk;J. Lelieveld;-1.0
Vishandel Makaay;K. Leerdam;37;18.0;K. Leerdam;V;/players/kelvin-leerdam/68354/;kelvin-leerdam;68354.0;stichting-heracles-almelo;K. Leerdam;0.0
Vishandel Makaay;M. Dijks;37;35.0;M. Dijks;V;/players/mitchel-dijks/219029/;mitchel-dijks;219029.0;fortuna-sittard;M. Dijks;
Vishandel Makaay;T. Oosting;37;25.0;T. Oosting;M;/players/thijs-oosting/477591/;thijs-oosting;477591.0;stichting-fc-groningen;T. Oosting;0.0
Vishandel Makaay;E. van Ee;37;21.0;E. van Ee;M;/players/espen-van-ee/921919/;espen-van-ee;921919.0;sportclub-heerenveen;E. van Ee;
Vishandel Makaay;P. Aaronson;37;21.0;P. Aaronson;M;/players/paxten-aaronson/576828/;paxten-aaronson;576828.0;stichting-fc-utrecht;P. Aaronson;13.0
Vishandel Makaay;A. Hadj Moussa;37;23.0;A. Hadj Moussa;A;/players/anis--hadj-moussa/755639/;anis--hadj-moussa;755639.0;feyenoord-rotterdam-nv;A. Hadj Moussa;4.27
Vishandel Makaay;R. van Wolfswinkel;37;9.0;R. van Wolfswinkel;A;/players/ricky-van-wolfswinkel/59407/;ricky-van-wolfswinkel;59407.0;stichting-fc-twente-65;R. van Wolfswinkel;11.0
Vishandel Makaay;M. Meerdink;37;35.0;M. Meerdink;A;/players/mexx-meerdink/796451/;mexx-meerdink;796451.0;stichting-az;M. Meerdink;12.0
Friggles;L. Unnerstall;37;1.0;L. Unnerstall;K;/players/lars-unnerstall/81320/;lars-unnerstall;81320.0;stichting-fc-twente-65;L. Unnerstall;0.0
Friggles;M. Ihattaren;37;52.0;M. Ihattaren;M;/players/mohammed-amine-ihattaren/525933/;mohammed-amine-ihattaren;525933.0;rkc-waalwijk;M. Ihattaren;2.07
Friggles;M. Deijl;37;2.0;M. Deijl;V;/players/mats-deijl/402457/;mats-deijl;402457.0;stichting-go-ahead-eagles;M. Deijl;
Friggles;S. El Karouani;37;16.0;S. El Karouani;V;/players/souffian-elkarouani/537878/;souffian-elkarouani;537878.0;stichting-fc-utrecht;S. El Karouani;21.0
Friggles;S. Mijnans;37;10.0;S. Mijnans;M;/players/sven-mijnans/566000/;sven-mijnans;566000.0;stichting-az;S. Mijnans;1.02
Friggles;D. Proper;37;71.0;D. Proper;M;/players/dirk-proper/525939/;dirk-proper;525939.0;nijmegen-eendracht-combinatie;D. Proper;
Friggles;M. Kohlert;37;11.0;M. Köhlert;V;/players/mats-kohlert/400423/;mats-kohlert;400423.0;sportclub-heerenveen;M. Kohlert;
Friggles;K. Hlynsson;37;;K. Hlynsson;M;/players/kristian-nokkvi-hlynsson/636342/;kristian-nokkvi-hlynsson;636342.0;sparta-rotterdam-bv;K. Hlynsson;
Friggles;Q. Timber;37;8.0;Q. Timber;M;/players/quinten-maduro/463017/;quinten-maduro;463017.0;feyenoord-rotterdam-nv;Q. Timber;
Friggles;L. de Jong;37;9.0;L. de Jong;A;/players/luuk-de-jong/65056/;luuk-de-jong;65056.0;psv-nv;L. de Jong;13.0
Friggles;B. Brobbey;37;9.0;B. Brobbey;A;/players/brian-brobbey/520146/;brian-brobbey;520146.0;afc-ajax;B. Brobbey;
Jay-Jay;N. Olij;37;;N. Olij;K;/players/nick-olij/235322/;nick-olij;235322.0;sparta-rotterdam-bv;N. Olij;
Jay-Jay;S. Maikuma;37;16.0;S. Maikuma;V;/players/seiya-maikuma/651537/;seiya-maikuma;651537.0;stichting-az;S. Maikuma;5.76
Jay-Jay;M. Deijl;37;2.0;M. Deijl;V;/players/mats-deijl/402457/;mats-deijl;402457.0;stichting-go-ahead-eagles;M. Deijl;
Jay-Jay;S. El Karouani;37;16.0;S. El Karouani;V;/players/souffian-elkarouani/537878/;souffian-elkarouani;537878.0;stichting-fc-utrecht;S. El Karouani;21.0
Jay-Jay;Ivo Pinto;37;12.0;Ivo Pinto;V;/players/ivo-pinto/86672/;ivo-pinto;86672.0;fortuna-sittard;Ivo Pinto;
Jay-Jay;J. Veerman;37;23.0;J. Veerman;M;/players/joey--veerman/459312/;joey--veerman;459312.0;psv-nv;J. Veerman;3.0
Jay-Jay;R. Meerveld;37;16.0;R. Meerveld;M;/players/ringo-meerveld/623815/;ringo-meerveld;623815.0;sbv-willem-ii-tilburg;R. Meerveld;
Jay-Jay;B. Linssen;37;30.0;B. Linssen;A;/players/brian-linssen/52888/;brian-linssen;52888.0;nijmegen-eendracht-combinatie;B. Linssen;
Jay-Jay;M. Ihattaren;37;52.0;M. Ihattaren;M;/players/mohammed-amine-ihattaren/525933/;mohammed-amine-ihattaren;525933.0;rkc-waalwijk;M. Ihattaren;2.07
Jay-Jay;B. Brobbey;37;9.0;B. Brobbey;A;/players/brian-brobbey/520146/;brian-brobbey;520146.0;afc-ajax;B. Brobbey;
Jay-Jay;S. Lammers;37;10.0;S. Lammers;A;/players/sam-lammers/407736/;sam-lammers;407736.0;stichting-fc-twente-65;S. Lammers;
Rucebo;V. Barkas;37;1.0;V. Barkas;K;/players/vasileios-barkas/272919/;vasileios-barkas;272919.0;stichting-fc-utrecht;V. Barkas;17.0
Rucebo;Ivo Pinto;37;12.0;Ivo Pinto;V;/players/ivo-pinto/86672/;ivo-pinto;86672.0;fortuna-sittard;Ivo Pinto;
Rucebo;J. Hato;37;4.0;J. Hato;V;/players/jorrel-hato/783173/;jorrel-hato;783173.0;afc-ajax;J. Hato;
Rucebo;D. Hancko;37;33.0;D. Hancko;V;/players/david-hancko/391059/;david-hancko;391059.0;feyenoord-rotterdam-nv;D. Hancko;15.0
Rucebo;M. Deijl;37;2.0;M. Deijl;V;/players/mats-deijl/402457/;mats-deijl;402457.0;stichting-go-ahead-eagles;M. Deijl;
Rucebo;S. Steijn;37;14.0;S. Steijn;M;/players/sem-steijn/560623/;sem-steijn;560623.0;stichting-fc-twente-65;S. Steijn;3.0
Rucebo;F. Krastev;37;50.0;F. Krastev;M;/players/filip-yavorov-krastev/550509/;filip-yavorov-krastev;550509.0;bvo-fc-zwolle;F. Krastev;2.13
Rucebo;L. Brouwers;37;8.0;L. Brouwers;M;/players/luuk-brouwers/402458/;luuk-brouwers;402458.0;sportclub-heerenveen;L. Brouwers;
Rucebo;T. Parrott;37;9.0;T. Parrott;A;/players/troy-parrot/515624/;troy-parrot;515624.0;stichting-az;T. Parrott;
Rucebo;L. de Jong;37;9.0;L. de Jong;A;/players/luuk-de-jong/65056/;luuk-de-jong;65056.0;psv-nv;L. de Jong;13.0
Rucebo;K. Ogawa;37;18.0;K. Ogawa;A;/players/koki-ogawa/435835/;koki-ogawa;435835.0;nijmegen-eendracht-combinatie;K. Ogawa;
tukkeRoel;V. Barkas;38;1.0;V. Barkas;K;/players/vasileios-barkas/272919/;vasileios-barkas;272919.0;stichting-fc-utrecht;V. Barkas;
tukkeRoel;D. Hancko;38;33.0;D. Hancko;V;/players/david-hancko/391059/;david-hancko;391059.0;feyenoord-rotterdam-nv;D. Hancko;
tukkeRoel;J. Hato;38;4.0;J. Hato;V;/players/jorrel-hato/783173/;jorrel-hato;783173.0;afc-ajax;J. Hato;3.0
tukkeRoel;M. Kohlert;38;11.0;M. Köhlert;V;/players/mats-kohlert/400423/;mats-kohlert;400423.0;sportclub-heerenveen;M. Kohlert;
tukkeRoel;C. Verdonk;38;24.0;C. Verdonk;V;/players/calvin-verdonk/319288/;calvin-verdonk;319288.0;nijmegen-eendracht-combinatie;C. Verdonk;0.0
tukkeRoel;D. Mbayo;38;11.0;D. Mbayo;A;/players/dylan-mbayo/599681/;dylan-mbayo;599681.0;bvo-fc-zwolle;D. Mbayo;
tukkeRoel;S. Mijnans;38;10.0;S. Mijnans;M;/players/sven-mijnans/566000/;sven-mijnans;566000.0;stichting-az;S. Mijnans;
tukkeRoel;M. Seuntjens;38;20.0;M. Seuntjens;M;/players/mats-seuntjes/194827/;mats-seuntjes;194827.0;stichting-fc-groningen;M. Seuntjens;
tukkeRoel;S. Steijn;38;14.0;S. Steijn;M;/players/sem-steijn/560623/;sem-steijn;560623.0;stichting-fc-twente-65;S. Steijn;
tukkeRoel;M. Deijl;38;2.0;M. Deijl;V;/players/mats-deijl/402457/;mats-deijl;402457.0;stichting-go-ahead-eagles;M. Deijl;14.0
tukkeRoel;L. de Jong;38;9.0;L. de Jong;A;/players/luuk-de-jong/65056/;luuk-de-jong;65056.0;psv-nv;L. de Jong;
methodmich;V. Barkas;38;1.0;V. Barkas;K;/players/vasileios-barkas/272919/;vasileios-barkas;272919.0;stichting-fc-utrecht;V. Barkas;
methodmich;M. Deijl;38;2.0;M. Deijl;V;/players/mats-deijl/402457/;mats-deijl;402457.0;stichting-go-ahead-eagles;M. Deijl;14.0
methodmich;D. Hancko;38;33.0;D. Hancko;V;/players/david-hancko/391059/;david-hancko;391059.0;feyenoord-rotterdam-nv;D. Hancko;
methodmich;M. Kohlert;38;11.0;M. Köhlert;V;/players/mats-kohlert/400423/;mats-kohlert;400423.0;sportclub-heerenveen;M. Kohlert;
methodmich;K. Taylor;38;8.0;K. Taylor;M;/players/kenneth-taylor/508784/;kenneth-taylor;508784.0;afc-ajax;K. Taylor;3.96
methodmich;M. Ihattaren;38;52.0;M. Ihattaren;M;/players/mohammed-amine-ihattaren/525933/;mohammed-amine-ihattaren;525933.0;rkc-waalwijk;M. Ihattaren;
methodmich;S. Steijn;38;14.0;S. Steijn;M;/players/sem-steijn/560623/;sem-steijn;560623.0;stichting-fc-twente-65;S. Steijn;
methodmich;K. Hlynsson;38;;K. Hlynsson;M;/players/kristian-nokkvi-hlynsson/636342/;kristian-nokkvi-hlynsson;636342.0;sparta-rotterdam-bv;K. Hlynsson;4.0
methodmich;L. de Jong;38;9.0;L. de Jong;A;/players/luuk-de-jong/65056/;luuk-de-jong;65056.0;psv-nv;L. de Jong;
methodmich;T. Parrott;38;9.0;T. Parrott;A;/players/troy-parrot/515624/;troy-parrot;515624.0;stichting-az;T. Parrott;
methodmich;S. van Hooijdonk;38;29.0;S. van Hooijdonk;A;/players/sydney-van-hooijdonk/555617/;sydney-van-hooijdonk;555617.0;nac-bv;S. van Hooijdonk;
FMNederland;V. Barkas;38;1.0;V. Barkas;K;/players/vasileios-barkas/272919/;vasileios-barkas;272919.0;stichting-fc-utrecht;V. Barkas;
FMNederland;M. Kohlert;38;11.0;M. Köhlert;V;/players/mats-kohlert/400423/;mats-kohlert;400423.0;sportclub-heerenveen;M. Kohlert;
FMNederland;M. Deijl;38;2.0;M. Deijl;V;/players/mats-deijl/402457/;mats-deijl;402457.0;stichting-go-ahead-eagles;M. Deijl;14.0
FMNederland;C. Verdonk;38;24.0;C. Verdonk;V;/players/calvin-verdonk/319288/;calvin-verdonk;319288.0;nijmegen-eendracht-combinatie;C. Verdonk;0.0
FMNederland;O. Boscagli;38;18.0;O. Boscagli;V;/players/olivier-boscagli/329542/;olivier-boscagli;329542.0;psv-nv;O. Boscagli;
FMNederland;S. Bastien;38;22.0;S. Bastien;M;/players/samuel-bastien/314097/;samuel-bastien;314097.0;fortuna-sittard;S. Bastien;
FMNederland;S. Steijn;38;14.0;S. Steijn;M;/players/sem-steijn/560623/;sem-steijn;560623.0;stichting-fc-twente-65;S. Steijn;
FMNederland;Q. Timber;38;8.0;Q. Timber;M;/players/quinten-maduro/463017/;quinten-maduro;463017.0;feyenoord-rotterdam-nv;Q. Timber;
FMNederland;T. Robinet;38;9.0;T. Robinet;A;/players/thomas-robinet/312659/;thomas-robinet;312659.0;fc-omniworld;T. Robinet;2.39
FMNederland;T. Lauritsen;38;;T. Lauritsen;A;/players/tobias-lauritsen/406745/;tobias-lauritsen;406745.0;sparta-rotterdam-bv;T. Lauritsen;4.0
FMNederland;T. Parrott;38;9.0;T. Parrott;A;/players/troy-parrot/515624/;troy-parrot;515624.0;stichting-az;T. Parrott;
crispy;L. Unnerstall;38;1.0;L. Unnerstall;K;/players/lars-unnerstall/81320/;lars-unnerstall;81320.0;stichting-fc-twente-65;L. Unnerstall;
crispy;C. Verdonk;38;24.0;C. Verdonk;V;/players/calvin-verdonk/319288/;calvin-verdonk;319288.0;nijmegen-eendracht-combinatie;C. Verdonk;0.0
crispy;S. El Karouani;38;16.0;S. El Karouani;V;/players/souffian-elkarouani/537878/;souffian-elkarouani;537878.0;stichting-fc-utrecht;S. El Karouani;
crispy;M. Deijl;38;2.0;M. Deijl;V;/players/mats-deijl/402457/;mats-deijl;402457.0;stichting-go-ahead-eagles;M. Deijl;14.0
crispy;D. Hancko;38;33.0;D. Hancko;V;/players/david-hancko/391059/;david-hancko;391059.0;feyenoord-rotterdam-nv;D. Hancko;
crispy;R. Meerveld;38;16.0;R. Meerveld;M;/players/ringo-meerveld/623815/;ringo-meerveld;623815.0;sbv-willem-ii-tilburg;R. Meerveld;3.0
crispy;T. Lauritsen;38;;T. Lauritsen;A;/players/tobias-lauritsen/406745/;tobias-lauritsen;406745.0;sparta-rotterdam-bv;T. Lauritsen;4.0
crispy;P. Koopmeiners;38;6.0;P. Koopmeiners;M;/players/peer-koopmeiners/533281/;peer-koopmeiners;533281.0;stichting-az;P. Koopmeiners;
crispy;D. Vente;38;9.0;D. Vente;A;/players/dylan-vente/426585/;dylan-vente;426585.0;bvo-fc-zwolle;D. Vente;
crispy;K. Taylor;38;8.0;K. Taylor;M;/players/kenneth-taylor/508784/;kenneth-taylor;508784.0;afc-ajax;K. Taylor;3.96
crispy;M. Tillman;38;7.0;M. Tillman;M;/players/malik-tillman/561787/;malik-tillman;561787.0;psv-nv;M. Tillman;
svvthomas;N. Olij;38;;N. Olij;K;/players/nick-olij/235322/;nick-olij;235322.0;sparta-rotterdam-bv;N. Olij;3.0
svvthomas;M. Deijl;38;2.0;M. Deijl;V;/players/mats-deijl/402457/;mats-deijl;402457.0;stichting-go-ahead-eagles;M. Deijl;14.0
svvthomas;D. Hancko;38;33.0;D. Hancko;V;/players/david-hancko/391059/;david-hancko;391059.0;feyenoord-rotterdam-nv;D. Hancko;
svvthomas;D. Mirani;38;4.0;D. Mirani;V;/players/damon-mirani/289811/;damon-mirani;289811.0;stichting-heracles-almelo;D. Mirani;
svvthomas;P. Aaronson;38;21.0;P. Aaronson;M;/players/paxten-aaronson/576828/;paxten-aaronson;576828.0;stichting-fc-utrecht;P. Aaronson;
svvthomas;V. van Crooij;38;32.0;V. van Crooij;A;/players/vito-van-crooy/330044/;vito-van-crooy;330044.0;nijmegen-eendracht-combinatie;V. van Crooij;1.0
svvthomas;L. Brouwers;38;8.0;L. Brouwers;M;/players/luuk-brouwers/402458/;luuk-brouwers;402458.0;sportclub-heerenveen;L. Brouwers;6.0
svvthomas;S. Steijn;38;14.0;S. Steijn;M;/players/sem-steijn/560623/;sem-steijn;560623.0;stichting-fc-twente-65;S. Steijn;
svvthomas;T. Parrott;38;9.0;T. Parrott;A;/players/troy-parrot/515624/;troy-parrot;515624.0;stichting-az;T. Parrott;
svvthomas;L. de Jong;38;9.0;L. de Jong;A;/players/luuk-de-jong/65056/;luuk-de-jong;65056.0;psv-nv;L. de Jong;
svvthomas;D. Klaassen;38;18.0;D. Klaassen;M;/players/davy-klaassen/158581/;davy-klaassen;158581.0;afc-ajax;D. Klaassen;4.0
El Cid;L. Unnerstall;38;1.0;L. Unnerstall;K;/players/lars-unnerstall/81320/;lars-unnerstall;81320.0;stichting-fc-twente-65;L. Unnerstall;
El Cid;P. Bochniewicz;38;5.0;P. Bochniewicz;V;/players/pawe-bochniewicz/273911/;pawe-bochniewicz;273911.0;sportclub-heerenveen;P. Bochniewicz;
El Cid;B. Nieuwkoop;38;2.0;B. Nieuwkoop;V;/players/bart-nieuwkoop/275124/;bart-nieuwkoop;275124.0;feyenoord-rotterdam-nv;B. Nieuwkoop;
El Cid;D. van der Kust;38;;D. van der Kust;V;/players/djevencio-van-der-kust/569309/;djevencio-van-der-kust;569309.0;sparta-rotterdam-bv;D. van der Kust;
El Cid;A. Halilovic;38;10.0;A. Halilović;M;/players/alen-halilovi/270136/;alen-halilovi;270136.0;fortuna-sittard;A. Halilovic;
El Cid;L. Valente;38;10.0;L. Valente;M;/players/luciano-valente/703884/;luciano-valente;703884.0;stichting-fc-groningen;L. Valente;
El Cid;V. Jensen;38;7.0;V. Jensen;M;/players/victor-jensen/460509/;victor-jensen;460509.0;stichting-fc-utrecht;V. Jensen;
El Cid;D. Proper;38;71.0;D. Proper;M;/players/dirk-proper/525939/;dirk-proper;525939.0;nijmegen-eendracht-combinatie;D. Proper;1.0
El Cid;B. Traore;38;20.0;B. Traoré;A;/players/bertrand-traore/102801/;bertrand-traore;102801.0;afc-ajax;B. Traore;2.44
El Cid;L. de Jong;38;9.0;L. de Jong;A;/players/luuk-de-jong/65056/;luuk-de-jong;65056.0;psv-nv;L. de Jong;
El Cid;T. Parrott;38;9.0;T. Parrott;A;/players/troy-parrot/515624/;troy-parrot;515624.0;stichting-az;T. Parrott;
Otis.;V. Barkas;38;1.0;V. Barkas;K;/players/vasileios-barkas/272919/;vasileios-barkas;272919.0;stichting-fc-utrecht;V. Barkas;
Otis.;M. Deijl;38;2.0;M. Deijl;V;/players/mats-deijl/402457/;mats-deijl;402457.0;stichting-go-ahead-eagles;M. Deijl;14.0
Otis.;M. Hilgers;38;2.0;M. Hilgers;V;/players/mees-hilgers/627701/;mees-hilgers;627701.0;stichting-fc-twente-65;M. Hilgers;
Otis.;J. Hato;38;4.0;J. Hato;V;/players/jorrel-hato/783173/;jorrel-hato;783173.0;afc-ajax;J. Hato;3.0
Otis.;J. Trenskow;38;20.0;J. Trenskow;A;/players/jacob-trenskow/672937/;jacob-trenskow;672937.0;sportclub-heerenveen;J. Trenskow;5.33
Otis.;S. Mijnans;38;10.0;S. Mijnans;M;/players/sven-mijnans/566000/;sven-mijnans;566000.0;stichting-az;S. Mijnans;
Otis.;Rober;38;7.0;Róber;M;/players/roberto-gonzalez-bayon/500171/;roberto-gonzalez-bayon;500171.0;nijmegen-eendracht-combinatie;Rober;
Otis.;P. Clement;38;;P. Clement;M;/players/pelle-clement/379793/;pelle-clement;379793.0;sparta-rotterdam-bv;P. Clement;5.36
Otis.;D. Hancko;38;33.0;D. Hancko;V;/players/david-hancko/391059/;david-hancko;391059.0;feyenoord-rotterdam-nv;D. Hancko;
Otis.;L. de Jong;38;9.0;L. de Jong;A;/players/luuk-de-jong/65056/;luuk-de-jong;65056.0;psv-nv;L. de Jong;
Otis.;L. Kulenovic;38;19.0;L. Kulenović;A;/players/luka-kulenovi/631882/;luka-kulenovi;631882.0;stichting-heracles-almelo;L. Kulenovic;
Gordon Shumway;S. Steijn;38;14.0;S. Steijn;M;/players/sem-steijn/560623/;sem-steijn;560623.0;stichting-fc-twente-65;S. Steijn;
Gordon Shumway;B. Nieuwkoop;38;2.0;B. Nieuwkoop;V;/players/bart-nieuwkoop/275124/;bart-nieuwkoop;275124.0;feyenoord-rotterdam-nv;B. Nieuwkoop;
Gordon Shumway;J. Hato;38;4.0;J. Hato;V;/players/jorrel-hato/783173/;jorrel-hato;783173.0;afc-ajax;J. Hato;3.0
Gordon Shumway;M. Kohlert;38;11.0;M. Köhlert;V;/players/mats-kohlert/400423/;mats-kohlert;400423.0;sportclub-heerenveen;M. Kohlert;
Gordon Shumway;C. Neghli;38;;C. Neghli;A;/players/camiel-neghli/680707/;camiel-neghli;680707.0;sparta-rotterdam-bv;C. Neghli;
Gordon Shumway;L. Valente;38;10.0;L. Valente;M;/players/luciano-valente/703884/;luciano-valente;703884.0;stichting-fc-groningen;L. Valente;
Gordon Shumway;D. Proper;38;71.0;D. Proper;M;/players/dirk-proper/525939/;dirk-proper;525939.0;nijmegen-eendracht-combinatie;D. Proper;1.0
Gordon Shumway;V. Jensen;38;7.0;V. Jensen;M;/players/victor-jensen/460509/;victor-jensen;460509.0;stichting-fc-utrecht;V. Jensen;
Gordon Shumway;L. de Jong;38;9.0;L. de Jong;A;/players/luuk-de-jong/65056/;luuk-de-jong;65056.0;psv-nv;L. de Jong;
Gordon Shumway;!K. Sierhuis;38;;;;;;;;;
Gordon Shumway;T. Parrott;38;9.0;T. Parrott;A;/players/troy-parrot/515624/;troy-parrot;515624.0;stichting-az;T. Parrott;
Suikerbrood;N. Olij;38;;N. Olij;K;/players/nick-olij/235322/;nick-olij;235322.0;sparta-rotterdam-bv;N. Olij;3.0
Suikerbrood;S. Olsson;38;19.0;S. Olsson;M;/players/simon-olsson/423888/;simon-olsson;423888.0;sportclub-heerenveen;S. Olsson;
Suikerbrood;D. Rensch;38;2.0;D. Rensch;V;/players/devyne-rensch/601396/;devyne-rensch;601396.0;afc-ajax;D. Rensch;
Suikerbrood;J. Amofa;38;25.0;J. Amofa;V;/players/jamal-amofa/668121/;jamal-amofa;668121.0;stichting-go-ahead-eagles;J. Amofa;
Suikerbrood;N. Viergever;38;24.0;N. Viergever;V;/players/nick--viergever/78529/;nick--viergever;78529.0;stichting-fc-utrecht;N. Viergever;
Suikerbrood;D. Proper;38;71.0;D. Proper;M;/players/dirk-proper/525939/;dirk-proper;525939.0;nijmegen-eendracht-combinatie;D. Proper;1.0
Suikerbrood;M. Vlap;38;18.0;M. Vlap;M;/players/michel-vlap/407742/;michel-vlap;407742.0;stichting-fc-twente-65;M. Vlap;
Suikerbrood;A. Halilovic;38;10.0;A. Halilović;M;/players/alen-halilovi/270136/;alen-halilovi;270136.0;fortuna-sittard;A. Halilovic;
Suikerbrood;A. Ueda;38;9.0;A. Ueda;A;/players/ayase-ueda/551425/;ayase-ueda;551425.0;feyenoord-rotterdam-nv;A. Ueda;
Suikerbrood;R. van Bommel;38;7.0;R. van Bommel;A;/players/ruben-van-bommel/834074/;ruben-van-bommel;834074.0;stichting-az;R. van Bommel;
Suikerbrood;L. de Jong;38;9.0;L. de Jong;A;/players/luuk-de-jong/65056/;luuk-de-jong;65056.0;psv-nv;L. de Jong;
EnGCatjuh;R. Roefs;38;22.0;R. Roefs;K;/players/robin-roefs/636190/;robin-roefs;636190.0;nijmegen-eendracht-combinatie;R. Roefs;2.0
EnGCatjuh;M. Kohlert;38;11.0;M. Köhlert;V;/players/mats-kohlert/400423/;mats-kohlert;400423.0;sportclub-heerenveen;M. Kohlert;
EnGCatjuh;O. Boscagli;38;18.0;O. Boscagli;V;/players/olivier-boscagli/329542/;olivier-boscagli;329542.0;psv-nv;O. Boscagli;
EnGCatjuh;S. El Karouani;38;16.0;S. El Karouani;V;/players/souffian-elkarouani/537878/;souffian-elkarouani;537878.0;stichting-fc-utrecht;S. El Karouani;
EnGCatjuh;Igor Paixao;38;14.0;Igor Paixão;A;/players/igor-guilherme-barbosa-da-paixao/593041/;igor-guilherme-barbosa-da-paixao;593041.0;feyenoord-rotterdam-nv;Igor Paixao;
EnGCatjuh;J. Schreuders;38;14.0;J. Schreuders;M;/players/jorg-schreuders/877779/;jorg-schreuders;877779.0;stichting-fc-groningen;J. Schreuders;
EnGCatjuh;S. Adewoye;38;4.0;S. Adewoye;V;/players/shawn-adewoye/618207/;shawn-adewoye;618207.0;fortuna-sittard;S. Adewoye;7.67
EnGCatjuh;S. Steijn;38;14.0;S. Steijn;M;/players/sem-steijn/560623/;sem-steijn;560623.0;stichting-fc-twente-65;S. Steijn;
EnGCatjuh;T. Parrott;38;9.0;T. Parrott;A;/players/troy-parrot/515624/;troy-parrot;515624.0;stichting-az;T. Parrott;
EnGCatjuh;B. Brobbey;38;9.0;B. Brobbey;A;/players/brian-brobbey/520146/;brian-brobbey;520146.0;afc-ajax;B. Brobbey;2.44
EnGCatjuh;R. Meerveld;38;16.0;R. Meerveld;M;/players/ringo-meerveld/623815/;ringo-meerveld;623815.0;sbv-willem-ii-tilburg;R. Meerveld;3.0
Vishandel Makaay;R. Pasveer;38;22.0;R. Pasveer;K;/players/remko-pasveer/49689/;remko-pasveer;49689.0;afc-ajax;R. Pasveer;0.0
Vishandel Makaay;R. Flamingo;38;6.0;R. Flamingo;V;/players/ryan-flamingo/627724/;ryan-flamingo;627724.0;psv-nv;R. Flamingo;
Vishandel Makaay;J. Lelieveld;38;2.0;J. Lelieveld;V;/players/julian-lelieveld/407738/;julian-lelieveld;407738.0;rkc-waalwijk;J. Lelieveld;
Vishandel Makaay;K. Leerdam;38;18.0;K. Leerdam;V;/players/kelvin-leerdam/68354/;kelvin-leerdam;68354.0;stichting-heracles-almelo;K. Leerdam;
Vishandel Makaay;M. Dijks;38;35.0;M. Dijks;V;/players/mitchel-dijks/219029/;mitchel-dijks;219029.0;fortuna-sittard;M. Dijks;10.17
Vishandel Makaay;T. Oosting;38;25.0;T. Oosting;M;/players/thijs-oosting/477591/;thijs-oosting;477591.0;stichting-fc-groningen;T. Oosting;
Vishandel Makaay;E. van Ee;38;21.0;E. van Ee;M;/players/espen-van-ee/921919/;espen-van-ee;921919.0;sportclub-heerenveen;E. van Ee;0.89
Vishandel Makaay;P. Aaronson;38;21.0;P. Aaronson;M;/players/paxten-aaronson/576828/;paxten-aaronson;576828.0;stichting-fc-utrecht;P. Aaronson;
Vishandel Makaay;A. Hadj Moussa;38;23.0;A. Hadj Moussa;A;/players/anis--hadj-moussa/755639/;anis--hadj-moussa;755639.0;feyenoord-rotterdam-nv;A. Hadj Moussa;
Vishandel Makaay;R. van Wolfswinkel;38;9.0;R. van Wolfswinkel;A;/players/ricky-van-wolfswinkel/59407/;ricky-van-wolfswinkel;59407.0;stichting-fc-twente-65;R. van Wolfswinkel;
Vishandel Makaay;M. Meerdink;38;35.0;M. Meerdink;A;/players/mexx-meerdink/796451/;mexx-meerdink;796451.0;stichting-az;M. Meerdink;
Friggles;L. Unnerstall;38;1.0;L. Unnerstall;K;/players/lars-unnerstall/81320/;lars-unnerstall;81320.0;stichting-fc-twente-65;L. Unnerstall;
Friggles;M. Ihattaren;38;52.0;M. Ihattaren;M;/players/mohammed-amine-ihattaren/525933/;mohammed-amine-ihattaren;525933.0;rkc-waalwijk;M. Ihattaren;
Friggles;M. Deijl;38;2.0;M. Deijl;V;/players/mats-deijl/402457/;mats-deijl;402457.0;stichting-go-ahead-eagles;M. Deijl;14.0
Friggles;S. El Karouani;38;16.0;S. El Karouani;V;/players/souffian-elkarouani/537878/;souffian-elkarouani;537878.0;stichting-fc-utrecht;S. El Karouani;
Friggles;S. Mijnans;38;10.0;S. Mijnans;M;/players/sven-mijnans/566000/;sven-mijnans;566000.0;stichting-az;S. Mijnans;
Friggles;D. Proper;38;71.0;D. Proper;M;/players/dirk-proper/525939/;dirk-proper;525939.0;nijmegen-eendracht-combinatie;D. Proper;1.0
Friggles;M. Kohlert;38;11.0;M. Köhlert;V;/players/mats-kohlert/400423/;mats-kohlert;400423.0;sportclub-heerenveen;M. Kohlert;
Friggles;K. Hlynsson;38;;K. Hlynsson;M;/players/kristian-nokkvi-hlynsson/636342/;kristian-nokkvi-hlynsson;636342.0;sparta-rotterdam-bv;K. Hlynsson;4.0
Friggles;Q. Timber;38;8.0;Q. Timber;M;/players/quinten-maduro/463017/;quinten-maduro;463017.0;feyenoord-rotterdam-nv;Q. Timber;
Friggles;L. de Jong;38;9.0;L. de Jong;A;/players/luuk-de-jong/65056/;luuk-de-jong;65056.0;psv-nv;L. de Jong;
Friggles;B. Brobbey;38;9.0;B. Brobbey;A;/players/brian-brobbey/520146/;brian-brobbey;520146.0;afc-ajax;B. Brobbey;2.44
Jay-Jay;N. Olij;38;;N. Olij;K;/players/nick-olij/235322/;nick-olij;235322.0;sparta-rotterdam-bv;N. Olij;3.0
Jay-Jay;S. Maikuma;38;16.0;S. Maikuma;V;/players/seiya-maikuma/651537/;seiya-maikuma;651537.0;stichting-az;S. Maikuma;
Jay-Jay;M. Deijl;38;2.0;M. Deijl;V;/players/mats-deijl/402457/;mats-deijl;402457.0;stichting-go-ahead-eagles;M. Deijl;14.0
Jay-Jay;S. El Karouani;38;16.0;S. El Karouani;V;/players/souffian-elkarouani/537878/;souffian-elkarouani;537878.0;stichting-fc-utrecht;S. El Karouani;
Jay-Jay;Ivo Pinto;38;12.0;Ivo Pinto;V;/players/ivo-pinto/86672/;ivo-pinto;86672.0;fortuna-sittard;Ivo Pinto;15.0
Jay-Jay;J. Veerman;38;23.0;J. Veerman;M;/players/joey--veerman/459312/;joey--veerman;459312.0;psv-nv;J. Veerman;
Jay-Jay;R. Meerveld;38;16.0;R. Meerveld;M;/players/ringo-meerveld/623815/;ringo-meerveld;623815.0;sbv-willem-ii-tilburg;R. Meerveld;3.0
Jay-Jay;B. Linssen;38;30.0;B. Linssen;A;/players/brian-linssen/52888/;brian-linssen;52888.0;nijmegen-eendracht-combinatie;B. Linssen;
Jay-Jay;M. Ihattaren;38;52.0;M. Ihattaren;M;/players/mohammed-amine-ihattaren/525933/;mohammed-amine-ihattaren;525933.0;rkc-waalwijk;M. Ihattaren;
Jay-Jay;B. Brobbey;38;9.0;B. Brobbey;A;/players/brian-brobbey/520146/;brian-brobbey;520146.0;afc-ajax;B. Brobbey;2.44
Jay-Jay;S. Lammers;38;10.0;S. Lammers;A;/players/sam-lammers/407736/;sam-lammers;407736.0;stichting-fc-twente-65;S. Lammers;
Rucebo;V. Barkas;38;1.0;V. Barkas;K;/players/vasileios-barkas/272919/;vasileios-barkas;272919.0;stichting-fc-utrecht;V. Barkas;
Rucebo;Ivo Pinto;38;12.0;Ivo Pinto;V;/players/ivo-pinto/86672/;ivo-pinto;86672.0;fortuna-sittard;Ivo Pinto;15.0
Rucebo;J. Hato;38;4.0;J. Hato;V;/players/jorrel-hato/783173/;jorrel-hato;783173.0;afc-ajax;J. Hato;3.0
Rucebo;D. Hancko;38;33.0;D. Hancko;V;/players/david-hancko/391059/;david-hancko;391059.0;feyenoord-rotterdam-nv;D. Hancko;
Rucebo;M. Deijl;38;2.0;M. Deijl;V;/players/mats-deijl/402457/;mats-deijl;402457.0;stichting-go-ahead-eagles;M. Deijl;14.0
Rucebo;S. Steijn;38;14.0;S. Steijn;M;/players/sem-steijn/560623/;sem-steijn;560623.0;stichting-fc-twente-65;S. Steijn;
Rucebo;F. Krastev;38;50.0;F. Krastev;M;/players/filip-yavorov-krastev/550509/;filip-yavorov-krastev;550509.0;bvo-fc-zwolle;F. Krastev;
Rucebo;L. Brouwers;38;8.0;L. Brouwers;M;/players/luuk-brouwers/402458/;luuk-brouwers;402458.0;sportclub-heerenveen;L. Brouwers;6.0
Rucebo;T. Parrott;38;9.0;T. Parrott;A;/players/troy-parrot/515624/;troy-parrot;515624.0;stichting-az;T. Parrott;
Rucebo;L. de Jong;38;9.0;L. de Jong;A;/players/luuk-de-jong/65056/;luuk-de-jong;65056.0;psv-nv;L. de Jong;
Rucebo;K. Ogawa;38;18.0;K. Ogawa;A;/players/koki-ogawa/435835/;koki-ogawa;435835.0;nijmegen-eendracht-combinatie;K. Ogawa;1.0
tukkeRoel;V. Barkas;39;1.0;V. Barkas;K;/players/vasileios-barkas/272919/;vasileios-barkas;272919.0;stichting-fc-utrecht;V. Barkas;
tukkeRoel;D. Hancko;39;33.0;D. Hancko;V;/players/david-hancko/391059/;david-hancko;391059.0;feyenoord-rotterdam-nv;D. Hancko;4.0
tukkeRoel;J. Hato;39;4.0;J. Hato;V;/players/jorrel-hato/783173/;jorrel-hato;783173.0;afc-ajax;J. Hato;
tukkeRoel;M. Kohlert;39;11.0;M. Köhlert;V;/players/mats-kohlert/400423/;mats-kohlert;400423.0;sportclub-heerenveen;M. Kohlert;
tukkeRoel;C. Verdonk;39;24.0;C. Verdonk;V;/players/calvin-verdonk/319288/;calvin-verdonk;319288.0;nijmegen-eendracht-combinatie;C. Verdonk;0.0
tukkeRoel;D. Mbayo;39;11.0;D. Mbayo;A;/players/dylan-mbayo/599681/;dylan-mbayo;599681.0;bvo-fc-zwolle;D. Mbayo;0.33
tukkeRoel;S. Mijnans;39;10.0;S. Mijnans;M;/players/sven-mijnans/566000/;sven-mijnans;566000.0;stichting-az;S. Mijnans;7.56
tukkeRoel;M. Seuntjens;39;20.0;M. Seuntjens;M;/players/mats-seuntjes/194827/;mats-seuntjes;194827.0;stichting-fc-groningen;M. Seuntjens;9.44
tukkeRoel;S. Steijn;39;14.0;S. Steijn;M;/players/sem-steijn/560623/;sem-steijn;560623.0;stichting-fc-twente-65;S. Steijn;16.91
tukkeRoel;M. Deijl;39;2.0;M. Deijl;V;/players/mats-deijl/402457/;mats-deijl;402457.0;stichting-go-ahead-eagles;M. Deijl;0.0
tukkeRoel;L. de Jong;39;9.0;L. de Jong;A;/players/luuk-de-jong/65056/;luuk-de-jong;65056.0;psv-nv;L. de Jong;5.0
methodmich;V. Barkas;39;1.0;V. Barkas;K;/players/vasileios-barkas/272919/;vasileios-barkas;272919.0;stichting-fc-utrecht;V. Barkas;
methodmich;M. Deijl;39;2.0;M. Deijl;V;/players/mats-deijl/402457/;mats-deijl;402457.0;stichting-go-ahead-eagles;M. Deijl;0.0
methodmich;D. Hancko;39;33.0;D. Hancko;V;/players/david-hancko/391059/;david-hancko;391059.0;feyenoord-rotterdam-nv;D. Hancko;4.0
methodmich;M. Kohlert;39;11.0;M. Köhlert;V;/players/mats-kohlert/400423/;mats-kohlert;400423.0;sportclub-heerenveen;M. Kohlert;
methodmich;K. Taylor;39;8.0;K. Taylor;M;/players/kenneth-taylor/508784/;kenneth-taylor;508784.0;afc-ajax;K. Taylor;
methodmich;M. Ihattaren;39;52.0;M. Ihattaren;M;/players/mohammed-amine-ihattaren/525933/;mohammed-amine-ihattaren;525933.0;rkc-waalwijk;M. Ihattaren;
methodmich;S. Steijn;39;14.0;S. Steijn;M;/players/sem-steijn/560623/;sem-steijn;560623.0;stichting-fc-twente-65;S. Steijn;16.91
methodmich;K. Hlynsson;39;;K. Hlynsson;M;/players/kristian-nokkvi-hlynsson/636342/;kristian-nokkvi-hlynsson;636342.0;sparta-rotterdam-bv;K. Hlynsson;3.0
methodmich;L. de Jong;39;9.0;L. de Jong;A;/players/luuk-de-jong/65056/;luuk-de-jong;65056.0;psv-nv;L. de Jong;5.0
methodmich;T. Parrott;39;9.0;T. Parrott;A;/players/troy-parrot/515624/;troy-parrot;515624.0;stichting-az;T. Parrott;
methodmich;S. van Hooijdonk;39;29.0;S. van Hooijdonk;A;/players/sydney-van-hooijdonk/555617/;sydney-van-hooijdonk;555617.0;nac-bv;S. van Hooijdonk;2.73
FMNederland;V. Barkas;39;1.0;V. Barkas;K;/players/vasileios-barkas/272919/;vasileios-barkas;272919.0;stichting-fc-utrecht;V. Barkas;
FMNederland;M. Kohlert;39;11.0;M. Köhlert;V;/players/mats-kohlert/400423/;mats-kohlert;400423.0;sportclub-heerenveen;M. Kohlert;
FMNederland;M. Deijl;39;2.0;M. Deijl;V;/players/mats-deijl/402457/;mats-deijl;402457.0;stichting-go-ahead-eagles;M. Deijl;0.0
FMNederland;C. Verdonk;39;24.0;C. Verdonk;V;/players/calvin-verdonk/319288/;calvin-verdonk;319288.0;nijmegen-eendracht-combinatie;C. Verdonk;0.0
FMNederland;O. Boscagli;39;18.0;O. Boscagli;V;/players/olivier-boscagli/329542/;olivier-boscagli;329542.0;psv-nv;O. Boscagli;4.0
FMNederland;S. Bastien;39;22.0;S. Bastien;M;/players/samuel-bastien/314097/;samuel-bastien;314097.0;fortuna-sittard;S. Bastien;
FMNederland;S. Steijn;39;14.0;S. Steijn;M;/players/sem-steijn/560623/;sem-steijn;560623.0;stichting-fc-twente-65;S. Steijn;16.91
FMNederland;Q. Timber;39;8.0;Q. Timber;M;/players/quinten-maduro/463017/;quinten-maduro;463017.0;feyenoord-rotterdam-nv;Q. Timber;
FMNederland;T. Robinet;39;9.0;T. Robinet;A;/players/thomas-robinet/312659/;thomas-robinet;312659.0;fc-omniworld;T. Robinet;
FMNederland;T. Lauritsen;39;;T. Lauritsen;A;/players/tobias-lauritsen/406745/;tobias-lauritsen;406745.0;sparta-rotterdam-bv;T. Lauritsen;3.0
FMNederland;T. Parrott;39;9.0;T. Parrott;A;/players/troy-parrot/515624/;troy-parrot;515624.0;stichting-az;T. Parrott;
crispy;L. Unnerstall;39;1.0;L. Unnerstall;K;/players/lars-unnerstall/81320/;lars-unnerstall;81320.0;stichting-fc-twente-65;L. Unnerstall;17.0
crispy;C. Verdonk;39;24.0;C. Verdonk;V;/players/calvin-verdonk/319288/;calvin-verdonk;319288.0;nijmegen-eendracht-combinatie;C. Verdonk;0.0
crispy;S. El Karouani;39;16.0;S. El Karouani;V;/players/souffian-elkarouani/537878/;souffian-elkarouani;537878.0;stichting-fc-utrecht;S. El Karouani;
crispy;M. Deijl;39;2.0;M. Deijl;V;/players/mats-deijl/402457/;mats-deijl;402457.0;stichting-go-ahead-eagles;M. Deijl;0.0
crispy;D. Hancko;39;33.0;D. Hancko;V;/players/david-hancko/391059/;david-hancko;391059.0;feyenoord-rotterdam-nv;D. Hancko;4.0
crispy;R. Meerveld;39;16.0;R. Meerveld;M;/players/ringo-meerveld/623815/;ringo-meerveld;623815.0;sbv-willem-ii-tilburg;R. Meerveld;2.84
crispy;T. Lauritsen;39;;T. Lauritsen;A;/players/tobias-lauritsen/406745/;tobias-lauritsen;406745.0;sparta-rotterdam-bv;T. Lauritsen;3.0
crispy;P. Koopmeiners;39;6.0;P. Koopmeiners;M;/players/peer-koopmeiners/533281/;peer-koopmeiners;533281.0;stichting-az;P. Koopmeiners;13.0
crispy;D. Vente;39;9.0;D. Vente;A;/players/dylan-vente/426585/;dylan-vente;426585.0;bvo-fc-zwolle;D. Vente;2.56
crispy;K. Taylor;39;8.0;K. Taylor;M;/players/kenneth-taylor/508784/;kenneth-taylor;508784.0;afc-ajax;K. Taylor;
crispy;M. Tillman;39;7.0;M. Tillman;M;/players/malik-tillman/561787/;malik-tillman;561787.0;psv-nv;M. Tillman;4.94
svvthomas;N. Olij;39;;N. Olij;K;/players/nick-olij/235322/;nick-olij;235322.0;sparta-rotterdam-bv;N. Olij;1.0
svvthomas;M. Deijl;39;2.0;M. Deijl;V;/players/mats-deijl/402457/;mats-deijl;402457.0;stichting-go-ahead-eagles;M. Deijl;0.0
svvthomas;D. Hancko;39;33.0;D. Hancko;V;/players/david-hancko/391059/;david-hancko;391059.0;feyenoord-rotterdam-nv;D. Hancko;4.0
svvthomas;D. Mirani;39;4.0;D. Mirani;V;/players/damon-mirani/289811/;damon-mirani;289811.0;stichting-heracles-almelo;D. Mirani;-1.0
svvthomas;P. Aaronson;39;21.0;P. Aaronson;M;/players/paxten-aaronson/576828/;paxten-aaronson;576828.0;stichting-fc-utrecht;P. Aaronson;
svvthomas;V. van Crooij;39;32.0;V. van Crooij;A;/players/vito-van-crooy/330044/;vito-van-crooy;330044.0;nijmegen-eendracht-combinatie;V. van Crooij;4.0
svvthomas;L. Brouwers;39;8.0;L. Brouwers;M;/players/luuk-brouwers/402458/;luuk-brouwers;402458.0;sportclub-heerenveen;L. Brouwers;
svvthomas;S. Steijn;39;14.0;S. Steijn;M;/players/sem-steijn/560623/;sem-steijn;560623.0;stichting-fc-twente-65;S. Steijn;16.91
svvthomas;T. Parrott;39;9.0;T. Parrott;A;/players/troy-parrot/515624/;troy-parrot;515624.0;stichting-az;T. Parrott;
svvthomas;L. de Jong;39;9.0;L. de Jong;A;/players/luuk-de-jong/65056/;luuk-de-jong;65056.0;psv-nv;L. de Jong;5.0
svvthomas;D. Klaassen;39;18.0;D. Klaassen;M;/players/davy-klaassen/158581/;davy-klaassen;158581.0;afc-ajax;D. Klaassen;
El Cid;L. Unnerstall;39;1.0;L. Unnerstall;K;/players/lars-unnerstall/81320/;lars-unnerstall;81320.0;stichting-fc-twente-65;L. Unnerstall;17.0
El Cid;P. Bochniewicz;39;5.0;P. Bochniewicz;V;/players/pawe-bochniewicz/273911/;pawe-bochniewicz;273911.0;sportclub-heerenveen;P. Bochniewicz;
El Cid;B. Nieuwkoop;39;2.0;B. Nieuwkoop;V;/players/bart-nieuwkoop/275124/;bart-nieuwkoop;275124.0;feyenoord-rotterdam-nv;B. Nieuwkoop;
El Cid;D. van der Kust;39;;D. van der Kust;V;/players/djevencio-van-der-kust/569309/;djevencio-van-der-kust;569309.0;sparta-rotterdam-bv;D. van der Kust;
El Cid;A. Halilovic;39;10.0;A. Halilović;M;/players/alen-halilovi/270136/;alen-halilovi;270136.0;fortuna-sittard;A. Halilovic;
El Cid;L. Valente;39;10.0;L. Valente;M;/players/luciano-valente/703884/;luciano-valente;703884.0;stichting-fc-groningen;L. Valente;9.17
El Cid;V. Jensen;39;7.0;V. Jensen;M;/players/victor-jensen/460509/;victor-jensen;460509.0;stichting-fc-utrecht;V. Jensen;
El Cid;D. Proper;39;71.0;D. Proper;M;/players/dirk-proper/525939/;dirk-proper;525939.0;nijmegen-eendracht-combinatie;D. Proper;1.82
El Cid;B. Traore;39;20.0;B. Traoré;A;/players/bertrand-traore/102801/;bertrand-traore;102801.0;afc-ajax;B. Traore;
El Cid;L. de Jong;39;9.0;L. de Jong;A;/players/luuk-de-jong/65056/;luuk-de-jong;65056.0;psv-nv;L. de Jong;5.0
El Cid;T. Parrott;39;9.0;T. Parrott;A;/players/troy-parrot/515624/;troy-parrot;515624.0;stichting-az;T. Parrott;
Otis.;V. Barkas;39;1.0;V. Barkas;K;/players/vasileios-barkas/272919/;vasileios-barkas;272919.0;stichting-fc-utrecht;V. Barkas;
Otis.;M. Deijl;39;2.0;M. Deijl;V;/players/mats-deijl/402457/;mats-deijl;402457.0;stichting-go-ahead-eagles;M. Deijl;0.0
Otis.;M. Hilgers;39;2.0;M. Hilgers;V;/players/mees-hilgers/627701/;mees-hilgers;627701.0;stichting-fc-twente-65;M. Hilgers;15.0
Otis.;J. Hato;39;4.0;J. Hato;V;/players/jorrel-hato/783173/;jorrel-hato;783173.0;afc-ajax;J. Hato;
Otis.;J. Trenskow;39;20.0;J. Trenskow;A;/players/jacob-trenskow/672937/;jacob-trenskow;672937.0;sportclub-heerenveen;J. Trenskow;
Otis.;S. Mijnans;39;10.0;S. Mijnans;M;/players/sven-mijnans/566000/;sven-mijnans;566000.0;stichting-az;S. Mijnans;7.56
Otis.;Rober;39;7.0;Róber;M;/players/roberto-gonzalez-bayon/500171/;roberto-gonzalez-bayon;500171.0;nijmegen-eendracht-combinatie;Rober;
Otis.;P. Clement;39;;P. Clement;M;/players/pelle-clement/379793/;pelle-clement;379793.0;sparta-rotterdam-bv;P. Clement;0.7
Otis.;D. Hancko;39;33.0;D. Hancko;V;/players/david-hancko/391059/;david-hancko;391059.0;feyenoord-rotterdam-nv;D. Hancko;4.0
Otis.;L. de Jong;39;9.0;L. de Jong;A;/players/luuk-de-jong/65056/;luuk-de-jong;65056.0;psv-nv;L. de Jong;5.0
Otis.;L. Kulenovic;39;19.0;L. Kulenović;A;/players/luka-kulenovi/631882/;luka-kulenovi;631882.0;stichting-heracles-almelo;L. Kulenovic;11.0
Gordon Shumway;S. Steijn;39;14.0;S. Steijn;M;/players/sem-steijn/560623/;sem-steijn;560623.0;stichting-fc-twente-65;S. Steijn;16.91
Gordon Shumway;B. Nieuwkoop;39;2.0;B. Nieuwkoop;V;/players/bart-nieuwkoop/275124/;bart-nieuwkoop;275124.0;feyenoord-rotterdam-nv;B. Nieuwkoop;
Gordon Shumway;J. Hato;39;4.0;J. Hato;V;/players/jorrel-hato/783173/;jorrel-hato;783173.0;afc-ajax;J. Hato;
Gordon Shumway;M. Kohlert;39;11.0;M. Köhlert;V;/players/mats-kohlert/400423/;mats-kohlert;400423.0;sportclub-heerenveen;M. Kohlert;
Gordon Shumway;C. Neghli;39;;C. Neghli;A;/players/camiel-neghli/680707/;camiel-neghli;680707.0;sparta-rotterdam-bv;C. Neghli;
Gordon Shumway;L. Valente;39;10.0;L. Valente;M;/players/luciano-valente/703884/;luciano-valente;703884.0;stichting-fc-groningen;L. Valente;9.17
Gordon Shumway;D. Proper;39;71.0;D. Proper;M;/players/dirk-proper/525939/;dirk-proper;525939.0;nijmegen-eendracht-combinatie;D. Proper;1.82
Gordon Shumway;V. Jensen;39;7.0;V. Jensen;M;/players/victor-jensen/460509/;victor-jensen;460509.0;stichting-fc-utrecht;V. Jensen;
Gordon Shumway;L. de Jong;39;9.0;L. de Jong;A;/players/luuk-de-jong/65056/;luuk-de-jong;65056.0;psv-nv;L. de Jong;5.0
Gordon Shumway;!K. Sierhuis;39;;;;;;;;;
Gordon Shumway;T. Parrott;39;9.0;T. Parrott;A;/players/troy-parrot/515624/;troy-parrot;515624.0;stichting-az;T. Parrott;
Suikerbrood;N. Olij;39;;N. Olij;K;/players/nick-olij/235322/;nick-olij;235322.0;sparta-rotterdam-bv;N. Olij;1.0
Suikerbrood;S. Olsson;39;19.0;S. Olsson;M;/players/simon-olsson/423888/;simon-olsson;423888.0;sportclub-heerenveen;S. Olsson;
Suikerbrood;D. Rensch;39;2.0;D. Rensch;V;/players/devyne-rensch/601396/;devyne-rensch;601396.0;afc-ajax;D. Rensch;
Suikerbrood;J. Amofa;39;25.0;J. Amofa;V;/players/jamal-amofa/668121/;jamal-amofa;668121.0;stichting-go-ahead-eagles;J. Amofa;
Suikerbrood;N. Viergever;39;24.0;N. Viergever;V;/players/nick--viergever/78529/;nick--viergever;78529.0;stichting-fc-utrecht;N. Viergever;
Suikerbrood;D. Proper;39;71.0;D. Proper;M;/players/dirk-proper/525939/;dirk-proper;525939.0;nijmegen-eendracht-combinatie;D. Proper;1.82
Suikerbrood;M. Vlap;39;18.0;M. Vlap;M;/players/michel-vlap/407742/;michel-vlap;407742.0;stichting-fc-twente-65;M. Vlap;7.02
Suikerbrood;A. Halilovic;39;10.0;A. Halilović;M;/players/alen-halilovi/270136/;alen-halilovi;270136.0;fortuna-sittard;A. Halilovic;
Suikerbrood;A. Ueda;39;9.0;A. Ueda;A;/players/ayase-ueda/551425/;ayase-ueda;551425.0;feyenoord-rotterdam-nv;A. Ueda;5.0
Suikerbrood;R. van Bommel;39;7.0;R. van Bommel;A;/players/ruben-van-bommel/834074/;ruben-van-bommel;834074.0;stichting-az;R. van Bommel;10.0
Suikerbrood;L. de Jong;39;9.0;L. de Jong;A;/players/luuk-de-jong/65056/;luuk-de-jong;65056.0;psv-nv;L. de Jong;5.0
EnGCatjuh;R. Roefs;39;22.0;R. Roefs;K;/players/robin-roefs/636190/;robin-roefs;636190.0;nijmegen-eendracht-combinatie;R. Roefs;3.0
EnGCatjuh;M. Kohlert;39;11.0;M. Köhlert;V;/players/mats-kohlert/400423/;mats-kohlert;400423.0;sportclub-heerenveen;M. Kohlert;
EnGCatjuh;O. Boscagli;39;18.0;O. Boscagli;V;/players/olivier-boscagli/329542/;olivier-boscagli;329542.0;psv-nv;O. Boscagli;4.0
EnGCatjuh;S. El Karouani;39;16.0;S. El Karouani;V;/players/souffian-elkarouani/537878/;souffian-elkarouani;537878.0;stichting-fc-utrecht;S. El Karouani;
EnGCatjuh;Igor Paixao;39;14.0;Igor Paixão;A;/players/igor-guilherme-barbosa-da-paixao/593041/;igor-guilherme-barbosa-da-paixao;593041.0;feyenoord-rotterdam-nv;Igor Paixao;5.0
EnGCatjuh;J. Schreuders;39;14.0;J. Schreuders;M;/players/jorg-schreuders/877779/;jorg-schreuders;877779.0;stichting-fc-groningen;J. Schreuders;5.0
EnGCatjuh;S. Adewoye;39;4.0;S. Adewoye;V;/players/shawn-adewoye/618207/;shawn-adewoye;618207.0;fortuna-sittard;S. Adewoye;
EnGCatjuh;S. Steijn;39;14.0;S. Steijn;M;/players/sem-steijn/560623/;sem-steijn;560623.0;stichting-fc-twente-65;S. Steijn;16.91
EnGCatjuh;T. Parrott;39;9.0;T. Parrott;A;/players/troy-parrot/515624/;troy-parrot;515624.0;stichting-az;T. Parrott;
EnGCatjuh;B. Brobbey;39;9.0;B. Brobbey;A;/players/brian-brobbey/520146/;brian-brobbey;520146.0;afc-ajax;B. Brobbey;
EnGCatjuh;R. Meerveld;39;16.0;R. Meerveld;M;/players/ringo-meerveld/623815/;ringo-meerveld;623815.0;sbv-willem-ii-tilburg;R. Meerveld;2.84
Vishandel Makaay;R. Pasveer;39;22.0;R. Pasveer;K;/players/remko-pasveer/49689/;remko-pasveer;49689.0;afc-ajax;R. Pasveer;
Vishandel Makaay;R. Flamingo;39;6.0;R. Flamingo;V;/players/ryan-flamingo/627724/;ryan-flamingo;627724.0;psv-nv;R. Flamingo;4.0
Vishandel Makaay;J. Lelieveld;39;2.0;J. Lelieveld;V;/players/julian-lelieveld/407738/;julian-lelieveld;407738.0;rkc-waalwijk;J. Lelieveld;-5.53
Vishandel Makaay;K. Leerdam;39;18.0;K. Leerdam;V;/players/kelvin-leerdam/68354/;kelvin-leerdam;68354.0;stichting-heracles-almelo;K. Leerdam;0.0
Vishandel Makaay;M. Dijks;39;35.0;M. Dijks;V;/players/mitchel-dijks/219029/;mitchel-dijks;219029.0;fortuna-sittard;M. Dijks;-1.0
Vishandel Makaay;T. Oosting;39;25.0;T. Oosting;M;/players/thijs-oosting/477591/;thijs-oosting;477591.0;stichting-fc-groningen;T. Oosting;0.0
Vishandel Makaay;E. van Ee;39;21.0;E. van Ee;M;/players/espen-van-ee/921919/;espen-van-ee;921919.0;sportclub-heerenveen;E. van Ee;
Vishandel Makaay;P. Aaronson;39;21.0;P. Aaronson;M;/players/paxten-aaronson/576828/;paxten-aaronson;576828.0;stichting-fc-utrecht;P. Aaronson;
Vishandel Makaay;A. Hadj Moussa;39;23.0;A. Hadj Moussa;A;/players/anis--hadj-moussa/755639/;anis--hadj-moussa;755639.0;feyenoord-rotterdam-nv;A. Hadj Moussa;18.56
Vishandel Makaay;R. van Wolfswinkel;39;9.0;R. van Wolfswinkel;A;/players/ricky-van-wolfswinkel/59407/;ricky-van-wolfswinkel;59407.0;stichting-fc-twente-65;R. van Wolfswinkel;10.0
Vishandel Makaay;M. Meerdink;39;35.0;M. Meerdink;A;/players/mexx-meerdink/796451/;mexx-meerdink;796451.0;stichting-az;M. Meerdink;5.2
Friggles;L. Unnerstall;39;1.0;L. Unnerstall;K;/players/lars-unnerstall/81320/;lars-unnerstall;81320.0;stichting-fc-twente-65;L. Unnerstall;17.0
Friggles;M. Ihattaren;39;52.0;M. Ihattaren;M;/players/mohammed-amine-ihattaren/525933/;mohammed-amine-ihattaren;525933.0;rkc-waalwijk;M. Ihattaren;
Friggles;M. Deijl;39;2.0;M. Deijl;V;/players/mats-deijl/402457/;mats-deijl;402457.0;stichting-go-ahead-eagles;M. Deijl;0.0
Friggles;S. El Karouani;39;16.0;S. El Karouani;V;/players/souffian-elkarouani/537878/;souffian-elkarouani;537878.0;stichting-fc-utrecht;S. El Karouani;
Friggles;S. Mijnans;39;10.0;S. Mijnans;M;/players/sven-mijnans/566000/;sven-mijnans;566000.0;stichting-az;S. Mijnans;7.56
Friggles;D. Proper;39;71.0;D. Proper;M;/players/dirk-proper/525939/;dirk-proper;525939.0;nijmegen-eendracht-combinatie;D. Proper;1.82
Friggles;M. Kohlert;39;11.0;M. Köhlert;V;/players/mats-kohlert/400423/;mats-kohlert;400423.0;sportclub-heerenveen;M. Kohlert;
Friggles;K. Hlynsson;39;;K. Hlynsson;M;/players/kristian-nokkvi-hlynsson/636342/;kristian-nokkvi-hlynsson;636342.0;sparta-rotterdam-bv;K. Hlynsson;3.0
Friggles;Q. Timber;39;8.0;Q. Timber;M;/players/quinten-maduro/463017/;quinten-maduro;463017.0;feyenoord-rotterdam-nv;Q. Timber;
Friggles;L. de Jong;39;9.0;L. de Jong;A;/players/luuk-de-jong/65056/;luuk-de-jong;65056.0;psv-nv;L. de Jong;5.0
Friggles;B. Brobbey;39;9.0;B. Brobbey;A;/players/brian-brobbey/520146/;brian-brobbey;520146.0;afc-ajax;B. Brobbey;
Jay-Jay;N. Olij;39;;N. Olij;K;/players/nick-olij/235322/;nick-olij;235322.0;sparta-rotterdam-bv;N. Olij;1.0
Jay-Jay;S. Maikuma;39;16.0;S. Maikuma;V;/players/seiya-maikuma/651537/;seiya-maikuma;651537.0;stichting-az;S. Maikuma;13.0
Jay-Jay;M. Deijl;39;2.0;M. Deijl;V;/players/mats-deijl/402457/;mats-deijl;402457.0;stichting-go-ahead-eagles;M. Deijl;0.0
Jay-Jay;S. El Karouani;39;16.0;S. El Karouani;V;/players/souffian-elkarouani/537878/;souffian-elkarouani;537878.0;stichting-fc-utrecht;S. El Karouani;
Jay-Jay;Ivo Pinto;39;12.0;Ivo Pinto;V;/players/ivo-pinto/86672/;ivo-pinto;86672.0;fortuna-sittard;Ivo Pinto;-1.3
Jay-Jay;J. Veerman;39;23.0;J. Veerman;M;/players/joey--veerman/459312/;joey--veerman;459312.0;psv-nv;J. Veerman;4.94
Jay-Jay;R. Meerveld;39;16.0;R. Meerveld;M;/players/ringo-meerveld/623815/;ringo-meerveld;623815.0;sbv-willem-ii-tilburg;R. Meerveld;2.84
Jay-Jay;B. Linssen;39;30.0;B. Linssen;A;/players/brian-linssen/52888/;brian-linssen;52888.0;nijmegen-eendracht-combinatie;B. Linssen;1.96
Jay-Jay;M. Ihattaren;39;52.0;M. Ihattaren;M;/players/mohammed-amine-ihattaren/525933/;mohammed-amine-ihattaren;525933.0;rkc-waalwijk;M. Ihattaren;
Jay-Jay;B. Brobbey;39;9.0;B. Brobbey;A;/players/brian-brobbey/520146/;brian-brobbey;520146.0;afc-ajax;B. Brobbey;
Jay-Jay;S. Lammers;39;10.0;S. Lammers;A;/players/sam-lammers/407736/;sam-lammers;407736.0;stichting-fc-twente-65;S. Lammers;
Rucebo;V. Barkas;39;1.0;V. Barkas;K;/players/vasileios-barkas/272919/;vasileios-barkas;272919.0;stichting-fc-utrecht;V. Barkas;
Rucebo;Ivo Pinto;39;12.0;Ivo Pinto;V;/players/ivo-pinto/86672/;ivo-pinto;86672.0;fortuna-sittard;Ivo Pinto;-1.3
Rucebo;J. Hato;39;4.0;J. Hato;V;/players/jorrel-hato/783173/;jorrel-hato;783173.0;afc-ajax;J. Hato;
Rucebo;D. Hancko;39;33.0;D. Hancko;V;/players/david-hancko/391059/;david-hancko;391059.0;feyenoord-rotterdam-nv;D. Hancko;4.0
Rucebo;M. Deijl;39;2.0;M. Deijl;V;/players/mats-deijl/402457/;mats-deijl;402457.0;stichting-go-ahead-eagles;M. Deijl;0.0
Rucebo;S. Steijn;39;14.0;S. Steijn;M;/players/sem-steijn/560623/;sem-steijn;560623.0;stichting-fc-twente-65;S. Steijn;16.91
Rucebo;F. Krastev;39;50.0;F. Krastev;M;/players/filip-yavorov-krastev/550509/;filip-yavorov-krastev;550509.0;bvo-fc-zwolle;F. Krastev;4.67
Rucebo;L. Brouwers;39;8.0;L. Brouwers;M;/players/luuk-brouwers/402458/;luuk-brouwers;402458.0;sportclub-heerenveen;L. Brouwers;
Rucebo;T. Parrott;39;9.0;T. Parrott;A;/players/troy-parrot/515624/;troy-parrot;515624.0;stichting-az;T. Parrott;
Rucebo;L. de Jong;39;9.0;L. de Jong;A;/players/luuk-de-jong/65056/;luuk-de-jong;65056.0;psv-nv;L. de Jong;5.0
Rucebo;K. Ogawa;39;18.0;K. Ogawa;A;/players/koki-ogawa/435835/;koki-ogawa;435835.0;nijmegen-eendracht-combinatie;K. Ogawa;2.04
tukkeRoel;V. Barkas;40;1.0;V. Barkas;K;/players/vasileios-barkas/272919/;vasileios-barkas;272919.0;stichting-fc-utrecht;V. Barkas;1.0
tukkeRoel;D. Hancko;40;33.0;D. Hancko;V;/players/david-hancko/391059/;david-hancko;391059.0;feyenoord-rotterdam-nv;D. Hancko;0.0
tukkeRoel;J. Hato;40;4.0;J. Hato;V;/players/jorrel-hato/783173/;jorrel-hato;783173.0;afc-ajax;J. Hato;0.43
tukkeRoel;M. Kohlert;40;11.0;M. Köhlert;V;/players/mats-kohlert/400423/;mats-kohlert;400423.0;sportclub-heerenveen;M. Kohlert;0.0
tukkeRoel;C. Verdonk;40;24.0;C. Verdonk;V;/players/calvin-verdonk/319288/;calvin-verdonk;319288.0;nijmegen-eendracht-combinatie;C. Verdonk;13.0
tukkeRoel;D. Mbayo;40;11.0;D. Mbayo;A;/players/dylan-mbayo/599681/;dylan-mbayo;599681.0;bvo-fc-zwolle;D. Mbayo;3.38
tukkeRoel;S. Mijnans;40;10.0;S. Mijnans;M;/players/sven-mijnans/566000/;sven-mijnans;566000.0;stichting-az;S. Mijnans;15.04
tukkeRoel;M. Seuntjens;40;20.0;M. Seuntjens;M;/players/mats-seuntjes/194827/;mats-seuntjes;194827.0;stichting-fc-groningen;M. Seuntjens;0.0
tukkeRoel;S. Steijn;40;14.0;S. Steijn;M;/players/sem-steijn/560623/;sem-steijn;560623.0;stichting-fc-twente-65;S. Steijn;13.0
tukkeRoel;M. Deijl;40;2.0;M. Deijl;V;/players/mats-deijl/402457/;mats-deijl;402457.0;stichting-go-ahead-eagles;M. Deijl;3.0
tukkeRoel;L. de Jong;40;9.0;L. de Jong;A;/players/luuk-de-jong/65056/;luuk-de-jong;65056.0;psv-nv;L. de Jong;9.0
methodmich;V. Barkas;40;1.0;V. Barkas;K;/players/vasileios-barkas/272919/;vasileios-barkas;272919.0;stichting-fc-utrecht;V. Barkas;1.0
methodmich;M. Deijl;40;2.0;M. Deijl;V;/players/mats-deijl/402457/;mats-deijl;402457.0;stichting-go-ahead-eagles;M. Deijl;3.0
methodmich;D. Hancko;40;33.0;D. Hancko;V;/players/david-hancko/391059/;david-hancko;391059.0;feyenoord-rotterdam-nv;D. Hancko;0.0
methodmich;M. Kohlert;40;11.0;M. Köhlert;V;/players/mats-kohlert/400423/;mats-kohlert;400423.0;sportclub-heerenveen;M. Kohlert;0.0
methodmich;K. Taylor;40;8.0;K. Taylor;M;/players/kenneth-taylor/508784/;kenneth-taylor;508784.0;afc-ajax;K. Taylor;2.43
methodmich;M. Ihattaren;40;52.0;M. Ihattaren;M;/players/mohammed-amine-ihattaren/525933/;mohammed-amine-ihattaren;525933.0;rkc-waalwijk;M. Ihattaren;4.83
methodmich;S. Steijn;40;14.0;S. Steijn;M;/players/sem-steijn/560623/;sem-steijn;560623.0;stichting-fc-twente-65;S. Steijn;13.0
methodmich;K. Hlynsson;40;;K. Hlynsson;M;/players/kristian-nokkvi-hlynsson/636342/;kristian-nokkvi-hlynsson;636342.0;sparta-rotterdam-bv;K. Hlynsson;22.0
methodmich;L. de Jong;40;9.0;L. de Jong;A;/players/luuk-de-jong/65056/;luuk-de-jong;65056.0;psv-nv;L. de Jong;9.0
methodmich;T. Parrott;40;9.0;T. Parrott;A;/players/troy-parrot/515624/;troy-parrot;515624.0;stichting-az;T. Parrott;
methodmich;S. van Hooijdonk;40;29.0;S. van Hooijdonk;A;/players/sydney-van-hooijdonk/555617/;sydney-van-hooijdonk;555617.0;nac-bv;S. van Hooijdonk;0.8
FMNederland;V. Barkas;40;1.0;V. Barkas;K;/players/vasileios-barkas/272919/;vasileios-barkas;272919.0;stichting-fc-utrecht;V. Barkas;1.0
FMNederland;M. Kohlert;40;11.0;M. Köhlert;V;/players/mats-kohlert/400423/;mats-kohlert;400423.0;sportclub-heerenveen;M. Kohlert;0.0
FMNederland;M. Deijl;40;2.0;M. Deijl;V;/players/mats-deijl/402457/;mats-deijl;402457.0;stichting-go-ahead-eagles;M. Deijl;3.0
FMNederland;C. Verdonk;40;24.0;C. Verdonk;V;/players/calvin-verdonk/319288/;calvin-verdonk;319288.0;nijmegen-eendracht-combinatie;C. Verdonk;13.0
FMNederland;O. Boscagli;40;18.0;O. Boscagli;V;/players/olivier-boscagli/329542/;olivier-boscagli;329542.0;psv-nv;O. Boscagli;2.83
FMNederland;S. Bastien;40;22.0;S. Bastien;M;/players/samuel-bastien/314097/;samuel-bastien;314097.0;fortuna-sittard;S. Bastien;
FMNederland;S. Steijn;40;14.0;S. Steijn;M;/players/sem-steijn/560623/;sem-steijn;560623.0;stichting-fc-twente-65;S. Steijn;13.0
FMNederland;Q. Timber;40;8.0;Q. Timber;M;/players/quinten-maduro/463017/;quinten-maduro;463017.0;feyenoord-rotterdam-nv;Q. Timber;
FMNederland;T. Robinet;40;9.0;T. Robinet;A;/players/thomas-robinet/312659/;thomas-robinet;312659.0;fc-omniworld;T. Robinet;3.0
FMNederland;T. Lauritsen;40;;T. Lauritsen;A;/players/tobias-lauritsen/406745/;tobias-lauritsen;406745.0;sparta-rotterdam-bv;T. Lauritsen;6.0
FMNederland;T. Parrott;40;9.0;T. Parrott;A;/players/troy-parrot/515624/;troy-parrot;515624.0;stichting-az;T. Parrott;
crispy;L. Unnerstall;40;1.0;L. Unnerstall;K;/players/lars-unnerstall/81320/;lars-unnerstall;81320.0;stichting-fc-twente-65;L. Unnerstall;17.0
crispy;C. Verdonk;40;24.0;C. Verdonk;V;/players/calvin-verdonk/319288/;calvin-verdonk;319288.0;nijmegen-eendracht-combinatie;C. Verdonk;13.0
crispy;S. El Karouani;40;16.0;S. El Karouani;V;/players/souffian-elkarouani/537878/;souffian-elkarouani;537878.0;stichting-fc-utrecht;S. El Karouani;1.0
crispy;M. Deijl;40;2.0;M. Deijl;V;/players/mats-deijl/402457/;mats-deijl;402457.0;stichting-go-ahead-eagles;M. Deijl;3.0
crispy;D. Hancko;40;33.0;D. Hancko;V;/players/david-hancko/391059/;david-hancko;391059.0;feyenoord-rotterdam-nv;D. Hancko;0.0
crispy;R. Meerveld;40;16.0;R. Meerveld;M;/players/ringo-meerveld/623815/;ringo-meerveld;623815.0;sbv-willem-ii-tilburg;R. Meerveld;3.0
crispy;T. Lauritsen;40;;T. Lauritsen;A;/players/tobias-lauritsen/406745/;tobias-lauritsen;406745.0;sparta-rotterdam-bv;T. Lauritsen;6.0
crispy;P. Koopmeiners;40;6.0;P. Koopmeiners;M;/players/peer-koopmeiners/533281/;peer-koopmeiners;533281.0;stichting-az;P. Koopmeiners;13.0
crispy;D. Vente;40;9.0;D. Vente;A;/players/dylan-vente/426585/;dylan-vente;426585.0;bvo-fc-zwolle;D. Vente;0.0
crispy;K. Taylor;40;8.0;K. Taylor;M;/players/kenneth-taylor/508784/;kenneth-taylor;508784.0;afc-ajax;K. Taylor;2.43
crispy;M. Tillman;40;7.0;M. Tillman;M;/players/malik-tillman/561787/;malik-tillman;561787.0;psv-nv;M. Tillman;5.0
svvthomas;N. Olij;40;;N. Olij;K;/players/nick-olij/235322/;nick-olij;235322.0;sparta-rotterdam-bv;N. Olij;17.0
svvthomas;M. Deijl;40;2.0;M. Deijl;V;/players/mats-deijl/402457/;mats-deijl;402457.0;stichting-go-ahead-eagles;M. Deijl;3.0
svvthomas;D. Hancko;40;33.0;D. Hancko;V;/players/david-hancko/391059/;david-hancko;391059.0;feyenoord-rotterdam-nv;D. Hancko;0.0
svvthomas;D. Mirani;40;4.0;D. Mirani;V;/players/damon-mirani/289811/;damon-mirani;289811.0;stichting-heracles-almelo;D. Mirani;4.0
svvthomas;P. Aaronson;40;21.0;P. Aaronson;M;/players/paxten-aaronson/576828/;paxten-aaronson;576828.0;stichting-fc-utrecht;P. Aaronson;3.0
svvthomas;V. van Crooij;40;32.0;V. van Crooij;A;/players/vito-van-crooy/330044/;vito-van-crooy;330044.0;nijmegen-eendracht-combinatie;V. van Crooij;4.0
svvthomas;L. Brouwers;40;8.0;L. Brouwers;M;/players/luuk-brouwers/402458/;luuk-brouwers;402458.0;sportclub-heerenveen;L. Brouwers;
svvthomas;S. Steijn;40;14.0;S. Steijn;M;/players/sem-steijn/560623/;sem-steijn;560623.0;stichting-fc-twente-65;S. Steijn;13.0
svvthomas;T. Parrott;40;9.0;T. Parrott;A;/players/troy-parrot/515624/;troy-parrot;515624.0;stichting-az;T. Parrott;
svvthomas;L. de Jong;40;9.0;L. de Jong;A;/players/luuk-de-jong/65056/;luuk-de-jong;65056.0;psv-nv;L. de Jong;9.0
svvthomas;D. Klaassen;40;18.0;D. Klaassen;M;/players/davy-klaassen/158581/;davy-klaassen;158581.0;afc-ajax;D. Klaassen;3.0
El Cid;L. Unnerstall;40;1.0;L. Unnerstall;K;/players/lars-unnerstall/81320/;lars-unnerstall;81320.0;stichting-fc-twente-65;L. Unnerstall;17.0
El Cid;P. Bochniewicz;40;5.0;P. Bochniewicz;V;/players/pawe-bochniewicz/273911/;pawe-bochniewicz;273911.0;sportclub-heerenveen;P. Bochniewicz;
El Cid;B. Nieuwkoop;40;2.0;B. Nieuwkoop;V;/players/bart-nieuwkoop/275124/;bart-nieuwkoop;275124.0;feyenoord-rotterdam-nv;B. Nieuwkoop;
El Cid;D. van der Kust;40;;D. van der Kust;V;/players/djevencio-van-der-kust/569309/;djevencio-van-der-kust;569309.0;sparta-rotterdam-bv;D. van der Kust;
El Cid;A. Halilovic;40;10.0;A. Halilović;M;/players/alen-halilovi/270136/;alen-halilovi;270136.0;fortuna-sittard;A. Halilovic;
El Cid;L. Valente;40;10.0;L. Valente;M;/players/luciano-valente/703884/;luciano-valente;703884.0;stichting-fc-groningen;L. Valente;2.37
El Cid;V. Jensen;40;7.0;V. Jensen;M;/players/victor-jensen/460509/;victor-jensen;460509.0;stichting-fc-utrecht;V. Jensen;0.0
El Cid;D. Proper;40;71.0;D. Proper;M;/players/dirk-proper/525939/;dirk-proper;525939.0;nijmegen-eendracht-combinatie;D. Proper;
El Cid;B. Traore;40;20.0;B. Traoré;A;/players/bertrand-traore/102801/;bertrand-traore;102801.0;afc-ajax;B. Traore;1.97
El Cid;L. de Jong;40;9.0;L. de Jong;A;/players/luuk-de-jong/65056/;luuk-de-jong;65056.0;psv-nv;L. de Jong;9.0
El Cid;T. Parrott;40;9.0;T. Parrott;A;/players/troy-parrot/515624/;troy-parrot;515624.0;stichting-az;T. Parrott;
Otis.;V. Barkas;40;1.0;V. Barkas;K;/players/vasileios-barkas/272919/;vasileios-barkas;272919.0;stichting-fc-utrecht;V. Barkas;1.0
Otis.;M. Deijl;40;2.0;M. Deijl;V;/players/mats-deijl/402457/;mats-deijl;402457.0;stichting-go-ahead-eagles;M. Deijl;3.0
Otis.;M. Hilgers;40;2.0;M. Hilgers;V;/players/mees-hilgers/627701/;mees-hilgers;627701.0;stichting-fc-twente-65;M. Hilgers;15.0
Otis.;J. Hato;40;4.0;J. Hato;V;/players/jorrel-hato/783173/;jorrel-hato;783173.0;afc-ajax;J. Hato;0.43
Otis.;J. Trenskow;40;20.0;J. Trenskow;A;/players/jacob-trenskow/672937/;jacob-trenskow;672937.0;sportclub-heerenveen;J. Trenskow;2.23
Otis.;S. Mijnans;40;10.0;S. Mijnans;M;/players/sven-mijnans/566000/;sven-mijnans;566000.0;stichting-az;S. Mijnans;15.04
Otis.;Rober;40;7.0;Róber;M;/players/roberto-gonzalez-bayon/500171/;roberto-gonzalez-bayon;500171.0;nijmegen-eendracht-combinatie;Rober;
Otis.;P. Clement;40;;P. Clement;M;/players/pelle-clement/379793/;pelle-clement;379793.0;sparta-rotterdam-bv;P. Clement;5.53
Otis.;D. Hancko;40;33.0;D. Hancko;V;/players/david-hancko/391059/;david-hancko;391059.0;feyenoord-rotterdam-nv;D. Hancko;0.0
Otis.;L. de Jong;40;9.0;L. de Jong;A;/players/luuk-de-jong/65056/;luuk-de-jong;65056.0;psv-nv;L. de Jong;9.0
Otis.;L. Kulenovic;40;19.0;L. Kulenović;A;/players/luka-kulenovi/631882/;luka-kulenovi;631882.0;stichting-heracles-almelo;L. Kulenovic;5.0
Gordon Shumway;S. Steijn;40;14.0;S. Steijn;M;/players/sem-steijn/560623/;sem-steijn;560623.0;stichting-fc-twente-65;S. Steijn;13.0
Gordon Shumway;B. Nieuwkoop;40;2.0;B. Nieuwkoop;V;/players/bart-nieuwkoop/275124/;bart-nieuwkoop;275124.0;feyenoord-rotterdam-nv;B. Nieuwkoop;
Gordon Shumway;J. Hato;40;4.0;J. Hato;V;/players/jorrel-hato/783173/;jorrel-hato;783173.0;afc-ajax;J. Hato;0.43
Gordon Shumway;M. Kohlert;40;11.0;M. Köhlert;V;/players/mats-kohlert/400423/;mats-kohlert;400423.0;sportclub-heerenveen;M. Kohlert;0.0
Gordon Shumway;C. Neghli;40;;C. Neghli;A;/players/camiel-neghli/680707/;camiel-neghli;680707.0;sparta-rotterdam-bv;C. Neghli;
Gordon Shumway;L. Valente;40;10.0;L. Valente;M;/players/luciano-valente/703884/;luciano-valente;703884.0;stichting-fc-groningen;L. Valente;2.37
Gordon Shumway;D. Proper;40;71.0;D. Proper;M;/players/dirk-proper/525939/;dirk-proper;525939.0;nijmegen-eendracht-combinatie;D. Proper;
Gordon Shumway;V. Jensen;40;7.0;V. Jensen;M;/players/victor-jensen/460509/;victor-jensen;460509.0;stichting-fc-utrecht;V. Jensen;0.0
Gordon Shumway;L. de Jong;40;9.0;L. de Jong;A;/players/luuk-de-jong/65056/;luuk-de-jong;65056.0;psv-nv;L. de Jong;9.0
Gordon Shumway;!K. Sierhuis;40;;;;;;;;;
Gordon Shumway;T. Parrott;40;9.0;T. Parrott;A;/players/troy-parrot/515624/;troy-parrot;515624.0;stichting-az;T. Parrott;
Suikerbrood;N. Olij;40;;N. Olij;K;/players/nick-olij/235322/;nick-olij;235322.0;sparta-rotterdam-bv;N. Olij;17.0
Suikerbrood;S. Olsson;40;19.0;S. Olsson;M;/players/simon-olsson/423888/;simon-olsson;423888.0;sportclub-heerenveen;S. Olsson;
Suikerbrood;D. Rensch;40;2.0;D. Rensch;V;/players/devyne-rensch/601396/;devyne-rensch;601396.0;afc-ajax;D. Rensch;
Suikerbrood;J. Amofa;40;25.0;J. Amofa;V;/players/jamal-amofa/668121/;jamal-amofa;668121.0;stichting-go-ahead-eagles;J. Amofa;
Suikerbrood;N. Viergever;40;24.0;N. Viergever;V;/players/nick--viergever/78529/;nick--viergever;78529.0;stichting-fc-utrecht;N. Viergever;0.63
Suikerbrood;D. Proper;40;71.0;D. Proper;M;/players/dirk-proper/525939/;dirk-proper;525939.0;nijmegen-eendracht-combinatie;D. Proper;
Suikerbrood;M. Vlap;40;18.0;M. Vlap;M;/players/michel-vlap/407742/;michel-vlap;407742.0;stichting-fc-twente-65;M. Vlap;17.0
Suikerbrood;A. Halilovic;40;10.0;A. Halilović;M;/players/alen-halilovi/270136/;alen-halilovi;270136.0;fortuna-sittard;A. Halilovic;
Suikerbrood;A. Ueda;40;9.0;A. Ueda;A;/players/ayase-ueda/551425/;ayase-ueda;551425.0;feyenoord-rotterdam-nv;A. Ueda;2.7
Suikerbrood;R. van Bommel;40;7.0;R. van Bommel;A;/players/ruben-van-bommel/834074/;ruben-van-bommel;834074.0;stichting-az;R. van Bommel;2.53
Suikerbrood;L. de Jong;40;9.0;L. de Jong;A;/players/luuk-de-jong/65056/;luuk-de-jong;65056.0;psv-nv;L. de Jong;9.0
EnGCatjuh;R. Roefs;40;22.0;R. Roefs;K;/players/robin-roefs/636190/;robin-roefs;636190.0;nijmegen-eendracht-combinatie;R. Roefs;17.0
EnGCatjuh;M. Kohlert;40;11.0;M. Köhlert;V;/players/mats-kohlert/400423/;mats-kohlert;400423.0;sportclub-heerenveen;M. Kohlert;0.0
EnGCatjuh;O. Boscagli;40;18.0;O. Boscagli;V;/players/olivier-boscagli/329542/;olivier-boscagli;329542.0;psv-nv;O. Boscagli;2.83
EnGCatjuh;S. El Karouani;40;16.0;S. El Karouani;V;/players/souffian-elkarouani/537878/;souffian-elkarouani;537878.0;stichting-fc-utrecht;S. El Karouani;1.0
EnGCatjuh;Igor Paixao;40;14.0;Igor Paixão;A;/players/igor-guilherme-barbosa-da-paixao/593041/;igor-guilherme-barbosa-da-paixao;593041.0;feyenoord-rotterdam-nv;Igor Paixao;10.7
EnGCatjuh;J. Schreuders;40;14.0;J. Schreuders;M;/players/jorg-schreuders/877779/;jorg-schreuders;877779.0;stichting-fc-groningen;J. Schreuders;3.0
EnGCatjuh;S. Adewoye;40;4.0;S. Adewoye;V;/players/shawn-adewoye/618207/;shawn-adewoye;618207.0;fortuna-sittard;S. Adewoye;
EnGCatjuh;S. Steijn;40;14.0;S. Steijn;M;/players/sem-steijn/560623/;sem-steijn;560623.0;stichting-fc-twente-65;S. Steijn;13.0
EnGCatjuh;T. Parrott;40;9.0;T. Parrott;A;/players/troy-parrot/515624/;troy-parrot;515624.0;stichting-az;T. Parrott;
EnGCatjuh;B. Brobbey;40;9.0;B. Brobbey;A;/players/brian-brobbey/520146/;brian-brobbey;520146.0;afc-ajax;B. Brobbey;0.0
EnGCatjuh;R. Meerveld;40;16.0;R. Meerveld;M;/players/ringo-meerveld/623815/;ringo-meerveld;623815.0;sbv-willem-ii-tilburg;R. Meerveld;3.0
Vishandel Makaay;R. Pasveer;40;22.0;R. Pasveer;K;/players/remko-pasveer/49689/;remko-pasveer;49689.0;afc-ajax;R. Pasveer;0.0
Vishandel Makaay;R. Flamingo;40;6.0;R. Flamingo;V;/players/ryan-flamingo/627724/;ryan-flamingo;627724.0;psv-nv;R. Flamingo;3.0
Vishandel Makaay;J. Lelieveld;40;2.0;J. Lelieveld;V;/players/julian-lelieveld/407738/;julian-lelieveld;407738.0;rkc-waalwijk;J. Lelieveld;4.0
Vishandel Makaay;K. Leerdam;40;18.0;K. Leerdam;V;/players/kelvin-leerdam/68354/;kelvin-leerdam;68354.0;stichting-heracles-almelo;K. Leerdam;0.0
Vishandel Makaay;M. Dijks;40;35.0;M. Dijks;V;/players/mitchel-dijks/219029/;mitchel-dijks;219029.0;fortuna-sittard;M. Dijks;15.0
Vishandel Makaay;T. Oosting;40;25.0;T. Oosting;M;/players/thijs-oosting/477591/;thijs-oosting;477591.0;stichting-fc-groningen;T. Oosting;0.0
Vishandel Makaay;E. van Ee;40;21.0;E. van Ee;M;/players/espen-van-ee/921919/;espen-van-ee;921919.0;sportclub-heerenveen;E. van Ee;3.0
Vishandel Makaay;P. Aaronson;40;21.0;P. Aaronson;M;/players/paxten-aaronson/576828/;paxten-aaronson;576828.0;stichting-fc-utrecht;P. Aaronson;3.0
Vishandel Makaay;A. Hadj Moussa;40;23.0;A. Hadj Moussa;A;/players/anis--hadj-moussa/755639/;anis--hadj-moussa;755639.0;feyenoord-rotterdam-nv;A. Hadj Moussa;7.0
Vishandel Makaay;R. van Wolfswinkel;40;9.0;R. van Wolfswinkel;A;/players/ricky-van-wolfswinkel/59407/;ricky-van-wolfswinkel;59407.0;stichting-fc-twente-65;R. van Wolfswinkel;5.2
Vishandel Makaay;M. Meerdink;40;35.0;M. Meerdink;A;/players/mexx-meerdink/796451/;mexx-meerdink;796451.0;stichting-az;M. Meerdink;12.53
Friggles;L. Unnerstall;40;1.0;L. Unnerstall;K;/players/lars-unnerstall/81320/;lars-unnerstall;81320.0;stichting-fc-twente-65;L. Unnerstall;17.0
Friggles;M. Ihattaren;40;52.0;M. Ihattaren;M;/players/mohammed-amine-ihattaren/525933/;mohammed-amine-ihattaren;525933.0;rkc-waalwijk;M. Ihattaren;4.83
Friggles;M. Deijl;40;2.0;M. Deijl;V;/players/mats-deijl/402457/;mats-deijl;402457.0;stichting-go-ahead-eagles;M. Deijl;3.0
Friggles;S. El Karouani;40;16.0;S. El Karouani;V;/players/souffian-elkarouani/537878/;souffian-elkarouani;537878.0;stichting-fc-utrecht;S. El Karouani;1.0
Friggles;S. Mijnans;40;10.0;S. Mijnans;M;/players/sven-mijnans/566000/;sven-mijnans;566000.0;stichting-az;S. Mijnans;15.04
Friggles;D. Proper;40;71.0;D. Proper;M;/players/dirk-proper/525939/;dirk-proper;525939.0;nijmegen-eendracht-combinatie;D. Proper;
Friggles;M. Kohlert;40;11.0;M. Köhlert;V;/players/mats-kohlert/400423/;mats-kohlert;400423.0;sportclub-heerenveen;M. Kohlert;0.0
Friggles;K. Hlynsson;40;;K. Hlynsson;M;/players/kristian-nokkvi-hlynsson/636342/;kristian-nokkvi-hlynsson;636342.0;sparta-rotterdam-bv;K. Hlynsson;22.0
Friggles;Q. Timber;40;8.0;Q. Timber;M;/players/quinten-maduro/463017/;quinten-maduro;463017.0;feyenoord-rotterdam-nv;Q. Timber;
Friggles;L. de Jong;40;9.0;L. de Jong;A;/players/luuk-de-jong/65056/;luuk-de-jong;65056.0;psv-nv;L. de Jong;9.0
Friggles;B. Brobbey;40;9.0;B. Brobbey;A;/players/brian-brobbey/520146/;brian-brobbey;520146.0;afc-ajax;B. Brobbey;0.0
Jay-Jay;N. Olij;40;;N. Olij;K;/players/nick-olij/235322/;nick-olij;235322.0;sparta-rotterdam-bv;N. Olij;17.0
Jay-Jay;S. Maikuma;40;16.0;S. Maikuma;V;/players/seiya-maikuma/651537/;seiya-maikuma;651537.0;stichting-az;S. Maikuma;0.0
Jay-Jay;M. Deijl;40;2.0;M. Deijl;V;/players/mats-deijl/402457/;mats-deijl;402457.0;stichting-go-ahead-eagles;M. Deijl;3.0
Jay-Jay;S. El Karouani;40;16.0;S. El Karouani;V;/players/souffian-elkarouani/537878/;souffian-elkarouani;537878.0;stichting-fc-utrecht;S. El Karouani;1.0
Jay-Jay;Ivo Pinto;40;12.0;Ivo Pinto;V;/players/ivo-pinto/86672/;ivo-pinto;86672.0;fortuna-sittard;Ivo Pinto;15.0
Jay-Jay;J. Veerman;40;23.0;J. Veerman;M;/players/joey--veerman/459312/;joey--veerman;459312.0;psv-nv;J. Veerman;3.0
Jay-Jay;R. Meerveld;40;16.0;R. Meerveld;M;/players/ringo-meerveld/623815/;ringo-meerveld;623815.0;sbv-willem-ii-tilburg;R. Meerveld;3.0
Jay-Jay;B. Linssen;40;30.0;B. Linssen;A;/players/brian-linssen/52888/;brian-linssen;52888.0;nijmegen-eendracht-combinatie;B. Linssen;5.33
Jay-Jay;M. Ihattaren;40;52.0;M. Ihattaren;M;/players/mohammed-amine-ihattaren/525933/;mohammed-amine-ihattaren;525933.0;rkc-waalwijk;M. Ihattaren;4.83
Jay-Jay;B. Brobbey;40;9.0;B. Brobbey;A;/players/brian-brobbey/520146/;brian-brobbey;520146.0;afc-ajax;B. Brobbey;0.0
Jay-Jay;S. Lammers;40;10.0;S. Lammers;A;/players/sam-lammers/407736/;sam-lammers;407736.0;stichting-fc-twente-65;S. Lammers;
Rucebo;V. Barkas;40;1.0;V. Barkas;K;/players/vasileios-barkas/272919/;vasileios-barkas;272919.0;stichting-fc-utrecht;V. Barkas;1.0
Rucebo;Ivo Pinto;40;12.0;Ivo Pinto;V;/players/ivo-pinto/86672/;ivo-pinto;86672.0;fortuna-sittard;Ivo Pinto;15.0
Rucebo;J. Hato;40;4.0;J. Hato;V;/players/jorrel-hato/783173/;jorrel-hato;783173.0;afc-ajax;J. Hato;0.43
Rucebo;D. Hancko;40;33.0;D. Hancko;V;/players/david-hancko/391059/;david-hancko;391059.0;feyenoord-rotterdam-nv;D. Hancko;0.0
Rucebo;M. Deijl;40;2.0;M. Deijl;V;/players/mats-deijl/402457/;mats-deijl;402457.0;stichting-go-ahead-eagles;M. Deijl;3.0
Rucebo;S. Steijn;40;14.0;S. Steijn;M;/players/sem-steijn/560623/;sem-steijn;560623.0;stichting-fc-twente-65;S. Steijn;13.0
Rucebo;F. Krastev;40;50.0;F. Krastev;M;/players/filip-yavorov-krastev/550509/;filip-yavorov-krastev;550509.0;bvo-fc-zwolle;F. Krastev;3.38
Rucebo;L. Brouwers;40;8.0;L. Brouwers;M;/players/luuk-brouwers/402458/;luuk-brouwers;402458.0;sportclub-heerenveen;L. Brouwers;
Rucebo;T. Parrott;40;9.0;T. Parrott;A;/players/troy-parrot/515624/;troy-parrot;515624.0;stichting-az;T. Parrott;
Rucebo;L. de Jong;40;9.0;L. de Jong;A;/players/luuk-de-jong/65056/;luuk-de-jong;65056.0;psv-nv;L. de Jong;9.0
Rucebo;K. Ogawa;40;18.0;K. Ogawa;A;/players/koki-ogawa/435835/;koki-ogawa;435835.0;nijmegen-eendracht-combinatie;K. Ogawa;
tukkeRoel;V. Barkas;41;1.0;V. Barkas;K;/players/vasileios-barkas/272919/;vasileios-barkas;272919.0;stichting-fc-utrecht;V. Barkas;3.0
tukkeRoel;D. Hancko;41;33.0;D. Hancko;V;/players/david-hancko/391059/;david-hancko;391059.0;feyenoord-rotterdam-nv;D. Hancko;15.0
tukkeRoel;J. Hato;41;4.0;J. Hato;V;/players/jorrel-hato/783173/;jorrel-hato;783173.0;afc-ajax;J. Hato;0.0
tukkeRoel;M. Kohlert;41;11.0;M. Köhlert;V;/players/mats-kohlert/400423/;mats-kohlert;400423.0;sportclub-heerenveen;M. Kohlert;2.0
tukkeRoel;C. Verdonk;41;24.0;C. Verdonk;V;/players/calvin-verdonk/319288/;calvin-verdonk;319288.0;nijmegen-eendracht-combinatie;C. Verdonk;15.0
tukkeRoel;D. Mbayo;41;11.0;D. Mbayo;A;/players/dylan-mbayo/599681/;dylan-mbayo;599681.0;bvo-fc-zwolle;D. Mbayo;3.83
tukkeRoel;S. Mijnans;41;10.0;S. Mijnans;M;/players/sven-mijnans/566000/;sven-mijnans;566000.0;stichting-az;S. Mijnans;24.0
tukkeRoel;M. Seuntjens;41;20.0;M. Seuntjens;M;/players/mats-seuntjes/194827/;mats-seuntjes;194827.0;stichting-fc-groningen;M. Seuntjens;-1.56
tukkeRoel;S. Steijn;41;14.0;S. Steijn;M;/players/sem-steijn/560623/;sem-steijn;560623.0;stichting-fc-twente-65;S. Steijn;8.0
tukkeRoel;M. Deijl;41;2.0;M. Deijl;V;/players/mats-deijl/402457/;mats-deijl;402457.0;stichting-go-ahead-eagles;M. Deijl;15.0
tukkeRoel;L. de Jong;41;9.0;L. de Jong;A;/players/luuk-de-jong/65056/;luuk-de-jong;65056.0;psv-nv;L. de Jong;8.67
methodmich;V. Barkas;41;1.0;V. Barkas;K;/players/vasileios-barkas/272919/;vasileios-barkas;272919.0;stichting-fc-utrecht;V. Barkas;3.0
methodmich;M. Deijl;41;2.0;M. Deijl;V;/players/mats-deijl/402457/;mats-deijl;402457.0;stichting-go-ahead-eagles;M. Deijl;15.0
methodmich;D. Hancko;41;33.0;D. Hancko;V;/players/david-hancko/391059/;david-hancko;391059.0;feyenoord-rotterdam-nv;D. Hancko;15.0
methodmich;M. Kohlert;41;11.0;M. Köhlert;V;/players/mats-kohlert/400423/;mats-kohlert;400423.0;sportclub-heerenveen;M. Kohlert;2.0
methodmich;K. Taylor;41;8.0;K. Taylor;M;/players/kenneth-taylor/508784/;kenneth-taylor;508784.0;afc-ajax;K. Taylor;4.0
methodmich;M. Ihattaren;41;52.0;M. Ihattaren;M;/players/mohammed-amine-ihattaren/525933/;mohammed-amine-ihattaren;525933.0;rkc-waalwijk;M. Ihattaren;2.37
methodmich;S. Steijn;41;14.0;S. Steijn;M;/players/sem-steijn/560623/;sem-steijn;560623.0;stichting-fc-twente-65;S. Steijn;8.0
methodmich;K. Hlynsson;41;;K. Hlynsson;M;/players/kristian-nokkvi-hlynsson/636342/;kristian-nokkvi-hlynsson;636342.0;sparta-rotterdam-bv;K. Hlynsson;4.0
methodmich;L. de Jong;41;9.0;L. de Jong;A;/players/luuk-de-jong/65056/;luuk-de-jong;65056.0;psv-nv;L. de Jong;8.67
methodmich;T. Parrott;41;9.0;T. Parrott;A;/players/troy-parrot/515624/;troy-parrot;515624.0;stichting-az;T. Parrott;
methodmich;S. van Hooijdonk;41;29.0;S. van Hooijdonk;A;/players/sydney-van-hooijdonk/555617/;sydney-van-hooijdonk;555617.0;nac-bv;S. van Hooijdonk;2.17
FMNederland;V. Barkas;41;1.0;V. Barkas;K;/players/vasileios-barkas/272919/;vasileios-barkas;272919.0;stichting-fc-utrecht;V. Barkas;3.0
FMNederland;M. Kohlert;41;11.0;M. Köhlert;V;/players/mats-kohlert/400423/;mats-kohlert;400423.0;sportclub-heerenveen;M. Kohlert;2.0
FMNederland;M. Deijl;41;2.0;M. Deijl;V;/players/mats-deijl/402457/;mats-deijl;402457.0;stichting-go-ahead-eagles;M. Deijl;15.0
FMNederland;C. Verdonk;41;24.0;C. Verdonk;V;/players/calvin-verdonk/319288/;calvin-verdonk;319288.0;nijmegen-eendracht-combinatie;C. Verdonk;15.0
FMNederland;O. Boscagli;41;18.0;O. Boscagli;V;/players/olivier-boscagli/329542/;olivier-boscagli;329542.0;psv-nv;O. Boscagli;3.67
FMNederland;S. Bastien;41;22.0;S. Bastien;M;/players/samuel-bastien/314097/;samuel-bastien;314097.0;fortuna-sittard;S. Bastien;
FMNederland;S. Steijn;41;14.0;S. Steijn;M;/players/sem-steijn/560623/;sem-steijn;560623.0;stichting-fc-twente-65;S. Steijn;8.0
FMNederland;Q. Timber;41;8.0;Q. Timber;M;/players/quinten-maduro/463017/;quinten-maduro;463017.0;feyenoord-rotterdam-nv;Q. Timber;
FMNederland;T. Robinet;41;9.0;T. Robinet;A;/players/thomas-robinet/312659/;thomas-robinet;312659.0;fc-omniworld;T. Robinet;3.78
FMNederland;T. Lauritsen;41;;T. Lauritsen;A;/players/tobias-lauritsen/406745/;tobias-lauritsen;406745.0;sparta-rotterdam-bv;T. Lauritsen;12.0
FMNederland;T. Parrott;41;9.0;T. Parrott;A;/players/troy-parrot/515624/;troy-parrot;515624.0;stichting-az;T. Parrott;
crispy;L. Unnerstall;41;1.0;L. Unnerstall;K;/players/lars-unnerstall/81320/;lars-unnerstall;81320.0;stichting-fc-twente-65;L. Unnerstall;0.0
crispy;C. Verdonk;41;24.0;C. Verdonk;V;/players/calvin-verdonk/319288/;calvin-verdonk;319288.0;nijmegen-eendracht-combinatie;C. Verdonk;15.0
crispy;S. El Karouani;41;16.0;S. El Karouani;V;/players/souffian-elkarouani/537878/;souffian-elkarouani;537878.0;stichting-fc-utrecht;S. El Karouani;3.0
crispy;M. Deijl;41;2.0;M. Deijl;V;/players/mats-deijl/402457/;mats-deijl;402457.0;stichting-go-ahead-eagles;M. Deijl;15.0
crispy;D. Hancko;41;33.0;D. Hancko;V;/players/david-hancko/391059/;david-hancko;391059.0;feyenoord-rotterdam-nv;D. Hancko;15.0
crispy;R. Meerveld;41;16.0;R. Meerveld;M;/players/ringo-meerveld/623815/;ringo-meerveld;623815.0;sbv-willem-ii-tilburg;R. Meerveld;3.0
crispy;T. Lauritsen;41;;T. Lauritsen;A;/players/tobias-lauritsen/406745/;tobias-lauritsen;406745.0;sparta-rotterdam-bv;T. Lauritsen;12.0
crispy;P. Koopmeiners;41;6.0;P. Koopmeiners;M;/players/peer-koopmeiners/533281/;peer-koopmeiners;533281.0;stichting-az;P. Koopmeiners;3.0
crispy;D. Vente;41;9.0;D. Vente;A;/players/dylan-vente/426585/;dylan-vente;426585.0;bvo-fc-zwolle;D. Vente;0.0
crispy;K. Taylor;41;8.0;K. Taylor;M;/players/kenneth-taylor/508784/;kenneth-taylor;508784.0;afc-ajax;K. Taylor;4.0
crispy;M. Tillman;41;7.0;M. Tillman;M;/players/malik-tillman/561787/;malik-tillman;561787.0;psv-nv;M. Tillman;28.0
svvthomas;N. Olij;41;;N. Olij;K;/players/nick-olij/235322/;nick-olij;235322.0;sparta-rotterdam-bv;N. Olij;3.0
svvthomas;M. Deijl;41;2.0;M. Deijl;V;/players/mats-deijl/402457/;mats-deijl;402457.0;stichting-go-ahead-eagles;M. Deijl;15.0
svvthomas;D. Hancko;41;33.0;D. Hancko;V;/players/david-hancko/391059/;david-hancko;391059.0;feyenoord-rotterdam-nv;D. Hancko;15.0
svvthomas;D. Mirani;41;4.0;D. Mirani;V;/players/damon-mirani/289811/;damon-mirani;289811.0;stichting-heracles-almelo;D. Mirani;-1.0
svvthomas;P. Aaronson;41;21.0;P. Aaronson;M;/players/paxten-aaronson/576828/;paxten-aaronson;576828.0;stichting-fc-utrecht;P. Aaronson;13.0
svvthomas;V. van Crooij;41;32.0;V. van Crooij;A;/players/vito-van-crooy/330044/;vito-van-crooy;330044.0;nijmegen-eendracht-combinatie;V. van Crooij;
svvthomas;L. Brouwers;41;8.0;L. Brouwers;M;/players/luuk-brouwers/402458/;luuk-brouwers;402458.0;sportclub-heerenveen;L. Brouwers;3.0
svvthomas;S. Steijn;41;14.0;S. Steijn;M;/players/sem-steijn/560623/;sem-steijn;560623.0;stichting-fc-twente-65;S. Steijn;8.0
svvthomas;T. Parrott;41;9.0;T. Parrott;A;/players/troy-parrot/515624/;troy-parrot;515624.0;stichting-az;T. Parrott;
svvthomas;L. de Jong;41;9.0;L. de Jong;A;/players/luuk-de-jong/65056/;luuk-de-jong;65056.0;psv-nv;L. de Jong;8.67
svvthomas;D. Klaassen;41;18.0;D. Klaassen;M;/players/davy-klaassen/158581/;davy-klaassen;158581.0;afc-ajax;D. Klaassen;1.51
El Cid;L. Unnerstall;41;1.0;L. Unnerstall;K;/players/lars-unnerstall/81320/;lars-unnerstall;81320.0;stichting-fc-twente-65;L. Unnerstall;0.0
El Cid;P. Bochniewicz;41;5.0;P. Bochniewicz;V;/players/pawe-bochniewicz/273911/;pawe-bochniewicz;273911.0;sportclub-heerenveen;P. Bochniewicz;
El Cid;B. Nieuwkoop;41;2.0;B. Nieuwkoop;V;/players/bart-nieuwkoop/275124/;bart-nieuwkoop;275124.0;feyenoord-rotterdam-nv;B. Nieuwkoop;
El Cid;D. van der Kust;41;;D. van der Kust;V;/players/djevencio-van-der-kust/569309/;djevencio-van-der-kust;569309.0;sparta-rotterdam-bv;D. van der Kust;
El Cid;A. Halilovic;41;10.0;A. Halilović;M;/players/alen-halilovi/270136/;alen-halilovi;270136.0;fortuna-sittard;A. Halilovic;
El Cid;L. Valente;41;10.0;L. Valente;M;/players/luciano-valente/703884/;luciano-valente;703884.0;stichting-fc-groningen;L. Valente;-4.0
El Cid;V. Jensen;41;7.0;V. Jensen;M;/players/victor-jensen/460509/;victor-jensen;460509.0;stichting-fc-utrecht;V. Jensen;0.18
El Cid;D. Proper;41;71.0;D. Proper;M;/players/dirk-proper/525939/;dirk-proper;525939.0;nijmegen-eendracht-combinatie;D. Proper;
El Cid;B. Traore;41;20.0;B. Traoré;A;/players/bertrand-traore/102801/;bertrand-traore;102801.0;afc-ajax;B. Traore;2.84
El Cid;L. de Jong;41;9.0;L. de Jong;A;/players/luuk-de-jong/65056/;luuk-de-jong;65056.0;psv-nv;L. de Jong;8.67
El Cid;T. Parrott;41;9.0;T. Parrott;A;/players/troy-parrot/515624/;troy-parrot;515624.0;stichting-az;T. Parrott;
Otis.;V. Barkas;41;1.0;V. Barkas;K;/players/vasileios-barkas/272919/;vasileios-barkas;272919.0;stichting-fc-utrecht;V. Barkas;3.0
Otis.;M. Deijl;41;2.0;M. Deijl;V;/players/mats-deijl/402457/;mats-deijl;402457.0;stichting-go-ahead-eagles;M. Deijl;15.0
Otis.;M. Hilgers;41;2.0;M. Hilgers;V;/players/mees-hilgers/627701/;mees-hilgers;627701.0;stichting-fc-twente-65;M. Hilgers;-0.13
Otis.;J. Hato;41;4.0;J. Hato;V;/players/jorrel-hato/783173/;jorrel-hato;783173.0;afc-ajax;J. Hato;0.0
Otis.;J. Trenskow;41;20.0;J. Trenskow;A;/players/jacob-trenskow/672937/;jacob-trenskow;672937.0;sportclub-heerenveen;J. Trenskow;3.0
Otis.;S. Mijnans;41;10.0;S. Mijnans;M;/players/sven-mijnans/566000/;sven-mijnans;566000.0;stichting-az;S. Mijnans;24.0
Otis.;Rober;41;7.0;Róber;M;/players/roberto-gonzalez-bayon/500171/;roberto-gonzalez-bayon;500171.0;nijmegen-eendracht-combinatie;Rober;
Otis.;P. Clement;41;;P. Clement;M;/players/pelle-clement/379793/;pelle-clement;379793.0;sparta-rotterdam-bv;P. Clement;4.0
Otis.;D. Hancko;41;33.0;D. Hancko;V;/players/david-hancko/391059/;david-hancko;391059.0;feyenoord-rotterdam-nv;D. Hancko;15.0
Otis.;L. de Jong;41;9.0;L. de Jong;A;/players/luuk-de-jong/65056/;luuk-de-jong;65056.0;psv-nv;L. de Jong;8.67
Otis.;L. Kulenovic;41;19.0;L. Kulenović;A;/players/luka-kulenovi/631882/;luka-kulenovi;631882.0;stichting-heracles-almelo;L. Kulenovic;1.47
Gordon Shumway;S. Steijn;41;14.0;S. Steijn;M;/players/sem-steijn/560623/;sem-steijn;560623.0;stichting-fc-twente-65;S. Steijn;8.0
Gordon Shumway;B. Nieuwkoop;41;2.0;B. Nieuwkoop;V;/players/bart-nieuwkoop/275124/;bart-nieuwkoop;275124.0;feyenoord-rotterdam-nv;B. Nieuwkoop;
Gordon Shumway;J. Hato;41;4.0;J. Hato;V;/players/jorrel-hato/783173/;jorrel-hato;783173.0;afc-ajax;J. Hato;0.0
Gordon Shumway;M. Kohlert;41;11.0;M. Köhlert;V;/players/mats-kohlert/400423/;mats-kohlert;400423.0;sportclub-heerenveen;M. Kohlert;2.0
Gordon Shumway;C. Neghli;41;;C. Neghli;A;/players/camiel-neghli/680707/;camiel-neghli;680707.0;sparta-rotterdam-bv;C. Neghli;
Gordon Shumway;L. Valente;41;10.0;L. Valente;M;/players/luciano-valente/703884/;luciano-valente;703884.0;stichting-fc-groningen;L. Valente;-4.0
Gordon Shumway;D. Proper;41;71.0;D. Proper;M;/players/dirk-proper/525939/;dirk-proper;525939.0;nijmegen-eendracht-combinatie;D. Proper;
Gordon Shumway;V. Jensen;41;7.0;V. Jensen;M;/players/victor-jensen/460509/;victor-jensen;460509.0;stichting-fc-utrecht;V. Jensen;0.18
Gordon Shumway;L. de Jong;41;9.0;L. de Jong;A;/players/luuk-de-jong/65056/;luuk-de-jong;65056.0;psv-nv;L. de Jong;8.67
Gordon Shumway;!K. Sierhuis;41;;;;;;;;;
Gordon Shumway;T. Parrott;41;9.0;T. Parrott;A;/players/troy-parrot/515624/;troy-parrot;515624.0;stichting-az;T. Parrott;
Suikerbrood;N. Olij;41;;N. Olij;K;/players/nick-olij/235322/;nick-olij;235322.0;sparta-rotterdam-bv;N. Olij;3.0
Suikerbrood;S. Olsson;41;19.0;S. Olsson;M;/players/simon-olsson/423888/;simon-olsson;423888.0;sportclub-heerenveen;S. Olsson;
Suikerbrood;D. Rensch;41;2.0;D. Rensch;V;/players/devyne-rensch/601396/;devyne-rensch;601396.0;afc-ajax;D. Rensch;
Suikerbrood;J. Amofa;41;25.0;J. Amofa;V;/players/jamal-amofa/668121/;jamal-amofa;668121.0;stichting-go-ahead-eagles;J. Amofa;
Suikerbrood;N. Viergever;41;24.0;N. Viergever;V;/players/nick--viergever/78529/;nick--viergever;78529.0;stichting-fc-utrecht;N. Viergever;3.0
Suikerbrood;D. Proper;41;71.0;D. Proper;M;/players/dirk-proper/525939/;dirk-proper;525939.0;nijmegen-eendracht-combinatie;D. Proper;
Suikerbrood;M. Vlap;41;18.0;M. Vlap;M;/players/michel-vlap/407742/;michel-vlap;407742.0;stichting-fc-twente-65;M. Vlap;12.0
Suikerbrood;A. Halilovic;41;10.0;A. Halilović;M;/players/alen-halilovi/270136/;alen-halilovi;270136.0;fortuna-sittard;A. Halilovic;
Suikerbrood;A. Ueda;41;9.0;A. Ueda;A;/players/ayase-ueda/551425/;ayase-ueda;551425.0;feyenoord-rotterdam-nv;A. Ueda;13.07
Suikerbrood;R. van Bommel;41;7.0;R. van Bommel;A;/players/ruben-van-bommel/834074/;ruben-van-bommel;834074.0;stichting-az;R. van Bommel;16.17
Suikerbrood;L. de Jong;41;9.0;L. de Jong;A;/players/luuk-de-jong/65056/;luuk-de-jong;65056.0;psv-nv;L. de Jong;8.67
EnGCatjuh;R. Roefs;41;22.0;R. Roefs;K;/players/robin-roefs/636190/;robin-roefs;636190.0;nijmegen-eendracht-combinatie;R. Roefs;17.0
EnGCatjuh;M. Kohlert;41;11.0;M. Köhlert;V;/players/mats-kohlert/400423/;mats-kohlert;400423.0;sportclub-heerenveen;M. Kohlert;2.0
EnGCatjuh;O. Boscagli;41;18.0;O. Boscagli;V;/players/olivier-boscagli/329542/;olivier-boscagli;329542.0;psv-nv;O. Boscagli;3.67
EnGCatjuh;S. El Karouani;41;16.0;S. El Karouani;V;/players/souffian-elkarouani/537878/;souffian-elkarouani;537878.0;stichting-fc-utrecht;S. El Karouani;3.0
EnGCatjuh;Igor Paixao;41;14.0;Igor Paixão;A;/players/igor-guilherme-barbosa-da-paixao/593041/;igor-guilherme-barbosa-da-paixao;593041.0;feyenoord-rotterdam-nv;Igor Paixao;18.0
EnGCatjuh;J. Schreuders;41;14.0;J. Schreuders;M;/players/jorg-schreuders/877779/;jorg-schreuders;877779.0;stichting-fc-groningen;J. Schreuders;3.56
EnGCatjuh;S. Adewoye;41;4.0;S. Adewoye;V;/players/shawn-adewoye/618207/;shawn-adewoye;618207.0;fortuna-sittard;S. Adewoye;
EnGCatjuh;S. Steijn;41;14.0;S. Steijn;M;/players/sem-steijn/560623/;sem-steijn;560623.0;stichting-fc-twente-65;S. Steijn;8.0
EnGCatjuh;T. Parrott;41;9.0;T. Parrott;A;/players/troy-parrot/515624/;troy-parrot;515624.0;stichting-az;T. Parrott;
EnGCatjuh;B. Brobbey;41;9.0;B. Brobbey;A;/players/brian-brobbey/520146/;brian-brobbey;520146.0;afc-ajax;B. Brobbey;6.49
EnGCatjuh;R. Meerveld;41;16.0;R. Meerveld;M;/players/ringo-meerveld/623815/;ringo-meerveld;623815.0;sbv-willem-ii-tilburg;R. Meerveld;3.0
Vishandel Makaay;R. Pasveer;41;22.0;R. Pasveer;K;/players/remko-pasveer/49689/;remko-pasveer;49689.0;afc-ajax;R. Pasveer;2.0
Vishandel Makaay;R. Flamingo;41;6.0;R. Flamingo;V;/players/ryan-flamingo/627724/;ryan-flamingo;627724.0;psv-nv;R. Flamingo;4.0
Vishandel Makaay;J. Lelieveld;41;2.0;J. Lelieveld;V;/players/julian-lelieveld/407738/;julian-lelieveld;407738.0;rkc-waalwijk;J. Lelieveld;1.0
Vishandel Makaay;K. Leerdam;41;18.0;K. Leerdam;V;/players/kelvin-leerdam/68354/;kelvin-leerdam;68354.0;stichting-heracles-almelo;K. Leerdam;
Vishandel Makaay;M. Dijks;41;35.0;M. Dijks;V;/players/mitchel-dijks/219029/;mitchel-dijks;219029.0;fortuna-sittard;M. Dijks;1.62
Vishandel Makaay;T. Oosting;41;25.0;T. Oosting;M;/players/thijs-oosting/477591/;thijs-oosting;477591.0;stichting-fc-groningen;T. Oosting;0.0
Vishandel Makaay;E. van Ee;41;21.0;E. van Ee;M;/players/espen-van-ee/921919/;espen-van-ee;921919.0;sportclub-heerenveen;E. van Ee;0.33
Vishandel Makaay;P. Aaronson;41;21.0;P. Aaronson;M;/players/paxten-aaronson/576828/;paxten-aaronson;576828.0;stichting-fc-utrecht;P. Aaronson;13.0
Vishandel Makaay;A. Hadj Moussa;41;23.0;A. Hadj Moussa;A;/players/anis--hadj-moussa/755639/;anis--hadj-moussa;755639.0;feyenoord-rotterdam-nv;A. Hadj Moussa;10.0
Vishandel Makaay;R. van Wolfswinkel;41;9.0;R. van Wolfswinkel;A;/players/ricky-van-wolfswinkel/59407/;ricky-van-wolfswinkel;59407.0;stichting-fc-twente-65;R. van Wolfswinkel;11.0
Vishandel Makaay;M. Meerdink;41;35.0;M. Meerdink;A;/players/mexx-meerdink/796451/;mexx-meerdink;796451.0;stichting-az;M. Meerdink;4.83
Friggles;L. Unnerstall;41;1.0;L. Unnerstall;K;/players/lars-unnerstall/81320/;lars-unnerstall;81320.0;stichting-fc-twente-65;L. Unnerstall;0.0
Friggles;M. Ihattaren;41;52.0;M. Ihattaren;M;/players/mohammed-amine-ihattaren/525933/;mohammed-amine-ihattaren;525933.0;rkc-waalwijk;M. Ihattaren;2.37
Friggles;M. Deijl;41;2.0;M. Deijl;V;/players/mats-deijl/402457/;mats-deijl;402457.0;stichting-go-ahead-eagles;M. Deijl;15.0
Friggles;S. El Karouani;41;16.0;S. El Karouani;V;/players/souffian-elkarouani/537878/;souffian-elkarouani;537878.0;stichting-fc-utrecht;S. El Karouani;3.0
Friggles;S. Mijnans;41;10.0;S. Mijnans;M;/players/sven-mijnans/566000/;sven-mijnans;566000.0;stichting-az;S. Mijnans;24.0
Friggles;D. Proper;41;71.0;D. Proper;M;/players/dirk-proper/525939/;dirk-proper;525939.0;nijmegen-eendracht-combinatie;D. Proper;
Friggles;M. Kohlert;41;11.0;M. Köhlert;V;/players/mats-kohlert/400423/;mats-kohlert;400423.0;sportclub-heerenveen;M. Kohlert;2.0
Friggles;K. Hlynsson;41;;K. Hlynsson;M;/players/kristian-nokkvi-hlynsson/636342/;kristian-nokkvi-hlynsson;636342.0;sparta-rotterdam-bv;K. Hlynsson;4.0
Friggles;Q. Timber;41;8.0;Q. Timber;M;/players/quinten-maduro/463017/;quinten-maduro;463017.0;feyenoord-rotterdam-nv;Q. Timber;
Friggles;L. de Jong;41;9.0;L. de Jong;A;/players/luuk-de-jong/65056/;luuk-de-jong;65056.0;psv-nv;L. de Jong;8.67
Friggles;B. Brobbey;41;9.0;B. Brobbey;A;/players/brian-brobbey/520146/;brian-brobbey;520146.0;afc-ajax;B. Brobbey;6.49
Jay-Jay;N. Olij;41;;N. Olij;K;/players/nick-olij/235322/;nick-olij;235322.0;sparta-rotterdam-bv;N. Olij;3.0
Jay-Jay;S. Maikuma;41;16.0;S. Maikuma;V;/players/seiya-maikuma/651537/;seiya-maikuma;651537.0;stichting-az;S. Maikuma;1.56
Jay-Jay;M. Deijl;41;2.0;M. Deijl;V;/players/mats-deijl/402457/;mats-deijl;402457.0;stichting-go-ahead-eagles;M. Deijl;15.0
Jay-Jay;S. El Karouani;41;16.0;S. El Karouani;V;/players/souffian-elkarouani/537878/;souffian-elkarouani;537878.0;stichting-fc-utrecht;S. El Karouani;3.0
Jay-Jay;Ivo Pinto;41;12.0;Ivo Pinto;V;/players/ivo-pinto/86672/;ivo-pinto;86672.0;fortuna-sittard;Ivo Pinto;7.38
Jay-Jay;J. Veerman;41;23.0;J. Veerman;M;/players/joey--veerman/459312/;joey--veerman;459312.0;psv-nv;J. Veerman;3.5
Jay-Jay;R. Meerveld;41;16.0;R. Meerveld;M;/players/ringo-meerveld/623815/;ringo-meerveld;623815.0;sbv-willem-ii-tilburg;R. Meerveld;3.0
Jay-Jay;B. Linssen;41;30.0;B. Linssen;A;/players/brian-linssen/52888/;brian-linssen;52888.0;nijmegen-eendracht-combinatie;B. Linssen;18.93
Jay-Jay;M. Ihattaren;41;52.0;M. Ihattaren;M;/players/mohammed-amine-ihattaren/525933/;mohammed-amine-ihattaren;525933.0;rkc-waalwijk;M. Ihattaren;2.37
Jay-Jay;B. Brobbey;41;9.0;B. Brobbey;A;/players/brian-brobbey/520146/;brian-brobbey;520146.0;afc-ajax;B. Brobbey;6.49
Jay-Jay;S. Lammers;41;10.0;S. Lammers;A;/players/sam-lammers/407736/;sam-lammers;407736.0;stichting-fc-twente-65;S. Lammers;
Rucebo;V. Barkas;41;1.0;V. Barkas;K;/players/vasileios-barkas/272919/;vasileios-barkas;272919.0;stichting-fc-utrecht;V. Barkas;3.0
Rucebo;Ivo Pinto;41;12.0;Ivo Pinto;V;/players/ivo-pinto/86672/;ivo-pinto;86672.0;fortuna-sittard;Ivo Pinto;7.38
Rucebo;J. Hato;41;4.0;J. Hato;V;/players/jorrel-hato/783173/;jorrel-hato;783173.0;afc-ajax;J. Hato;0.0
Rucebo;D. Hancko;41;33.0;D. Hancko;V;/players/david-hancko/391059/;david-hancko;391059.0;feyenoord-rotterdam-nv;D. Hancko;15.0
Rucebo;M. Deijl;41;2.0;M. Deijl;V;/players/mats-deijl/402457/;mats-deijl;402457.0;stichting-go-ahead-eagles;M. Deijl;15.0
Rucebo;S. Steijn;41;14.0;S. Steijn;M;/players/sem-steijn/560623/;sem-steijn;560623.0;stichting-fc-twente-65;S. Steijn;8.0
Rucebo;F. Krastev;41;50.0;F. Krastev;M;/players/filip-yavorov-krastev/550509/;filip-yavorov-krastev;550509.0;bvo-fc-zwolle;F. Krastev;4.28
Rucebo;L. Brouwers;41;8.0;L. Brouwers;M;/players/luuk-brouwers/402458/;luuk-brouwers;402458.0;sportclub-heerenveen;L. Brouwers;3.0
Rucebo;T. Parrott;41;9.0;T. Parrott;A;/players/troy-parrot/515624/;troy-parrot;515624.0;stichting-az;T. Parrott;
Rucebo;L. de Jong;41;9.0;L. de Jong;A;/players/luuk-de-jong/65056/;luuk-de-jong;65056.0;psv-nv;L. de Jong;8.67
Rucebo;K. Ogawa;41;18.0;K. Ogawa;A;/players/koki-ogawa/435835/;koki-ogawa;435835.0;nijmegen-eendracht-combinatie;K. Ogawa;
tukkeRoel;V. Barkas;42;1.0;V. Barkas;K;/players/vasileios-barkas/272919/;vasileios-barkas;272919.0;stichting-fc-utrecht;V. Barkas;
tukkeRoel;D. Hancko;42;33.0;D. Hancko;V;/players/david-hancko/391059/;david-hancko;391059.0;feyenoord-rotterdam-nv;D. Hancko;1.0
tukkeRoel;J. Hato;42;4.0;J. Hato;V;/players/jorrel-hato/783173/;jorrel-hato;783173.0;afc-ajax;J. Hato;15.0
tukkeRoel;M. Kohlert;42;11.0;M. Köhlert;V;/players/mats-kohlert/400423/;mats-kohlert;400423.0;sportclub-heerenveen;M. Kohlert;15.0
tukkeRoel;C. Verdonk;42;24.0;C. Verdonk;V;/players/calvin-verdonk/319288/;calvin-verdonk;319288.0;nijmegen-eendracht-combinatie;C. Verdonk;4.0
tukkeRoel;D. Mbayo;42;11.0;D. Mbayo;A;/players/dylan-mbayo/599681/;dylan-mbayo;599681.0;bvo-fc-zwolle;D. Mbayo;13.47
tukkeRoel;S. Mijnans;42;10.0;S. Mijnans;M;/players/sven-mijnans/566000/;sven-mijnans;566000.0;stichting-az;S. Mijnans;4.0
tukkeRoel;M. Seuntjens;42;20.0;M. Seuntjens;M;/players/mats-seuntjes/194827/;mats-seuntjes;194827.0;stichting-fc-groningen;M. Seuntjens;0.0
tukkeRoel;S. Steijn;42;14.0;S. Steijn;M;/players/sem-steijn/560623/;sem-steijn;560623.0;stichting-fc-twente-65;S. Steijn;1.0
tukkeRoel;M. Deijl;42;2.0;M. Deijl;V;/players/mats-deijl/402457/;mats-deijl;402457.0;stichting-go-ahead-eagles;M. Deijl;-2.0
tukkeRoel;L. de Jong;42;9.0;L. de Jong;A;/players/luuk-de-jong/65056/;luuk-de-jong;65056.0;psv-nv;L. de Jong;13.0
methodmich;V. Barkas;42;1.0;V. Barkas;K;/players/vasileios-barkas/272919/;vasileios-barkas;272919.0;stichting-fc-utrecht;V. Barkas;
methodmich;M. Deijl;42;2.0;M. Deijl;V;/players/mats-deijl/402457/;mats-deijl;402457.0;stichting-go-ahead-eagles;M. Deijl;-2.0
methodmich;D. Hancko;42;33.0;D. Hancko;V;/players/david-hancko/391059/;david-hancko;391059.0;feyenoord-rotterdam-nv;D. Hancko;1.0
methodmich;M. Kohlert;42;11.0;M. Köhlert;V;/players/mats-kohlert/400423/;mats-kohlert;400423.0;sportclub-heerenveen;M. Kohlert;15.0
methodmich;K. Taylor;42;8.0;K. Taylor;M;/players/kenneth-taylor/508784/;kenneth-taylor;508784.0;afc-ajax;K. Taylor;8.0
methodmich;M. Ihattaren;42;52.0;M. Ihattaren;M;/players/mohammed-amine-ihattaren/525933/;mohammed-amine-ihattaren;525933.0;rkc-waalwijk;M. Ihattaren;12.67
methodmich;S. Steijn;42;14.0;S. Steijn;M;/players/sem-steijn/560623/;sem-steijn;560623.0;stichting-fc-twente-65;S. Steijn;1.0
methodmich;K. Hlynsson;42;;K. Hlynsson;M;/players/kristian-nokkvi-hlynsson/636342/;kristian-nokkvi-hlynsson;636342.0;sparta-rotterdam-bv;K. Hlynsson;2.87
methodmich;L. de Jong;42;9.0;L. de Jong;A;/players/luuk-de-jong/65056/;luuk-de-jong;65056.0;psv-nv;L. de Jong;13.0
methodmich;T. Parrott;42;9.0;T. Parrott;A;/players/troy-parrot/515624/;troy-parrot;515624.0;stichting-az;T. Parrott;
methodmich;S. van Hooijdonk;42;29.0;S. van Hooijdonk;A;/players/sydney-van-hooijdonk/555617/;sydney-van-hooijdonk;555617.0;nac-bv;S. van Hooijdonk;0.67
FMNederland;V. Barkas;42;1.0;V. Barkas;K;/players/vasileios-barkas/272919/;vasileios-barkas;272919.0;stichting-fc-utrecht;V. Barkas;
FMNederland;M. Kohlert;42;11.0;M. Köhlert;V;/players/mats-kohlert/400423/;mats-kohlert;400423.0;sportclub-heerenveen;M. Kohlert;15.0
FMNederland;M. Deijl;42;2.0;M. Deijl;V;/players/mats-deijl/402457/;mats-deijl;402457.0;stichting-go-ahead-eagles;M. Deijl;-2.0
FMNederland;C. Verdonk;42;24.0;C. Verdonk;V;/players/calvin-verdonk/319288/;calvin-verdonk;319288.0;nijmegen-eendracht-combinatie;C. Verdonk;4.0
FMNederland;O. Boscagli;42;18.0;O. Boscagli;V;/players/olivier-boscagli/329542/;olivier-boscagli;329542.0;psv-nv;O. Boscagli;7.06
FMNederland;S. Bastien;42;22.0;S. Bastien;M;/players/samuel-bastien/314097/;samuel-bastien;314097.0;fortuna-sittard;S. Bastien;
FMNederland;S. Steijn;42;14.0;S. Steijn;M;/players/sem-steijn/560623/;sem-steijn;560623.0;stichting-fc-twente-65;S. Steijn;1.0
FMNederland;Q. Timber;42;8.0;Q. Timber;M;/players/quinten-maduro/463017/;quinten-maduro;463017.0;feyenoord-rotterdam-nv;Q. Timber;
FMNederland;T. Robinet;42;9.0;T. Robinet;A;/players/thomas-robinet/312659/;thomas-robinet;312659.0;fc-omniworld;T. Robinet;12.0
FMNederland;T. Lauritsen;42;;T. Lauritsen;A;/players/tobias-lauritsen/406745/;tobias-lauritsen;406745.0;sparta-rotterdam-bv;T. Lauritsen;3.0
FMNederland;T. Parrott;42;9.0;T. Parrott;A;/players/troy-parrot/515624/;troy-parrot;515624.0;stichting-az;T. Parrott;
crispy;L. Unnerstall;42;1.0;L. Unnerstall;K;/players/lars-unnerstall/81320/;lars-unnerstall;81320.0;stichting-fc-twente-65;L. Unnerstall;
crispy;C. Verdonk;42;24.0;C. Verdonk;V;/players/calvin-verdonk/319288/;calvin-verdonk;319288.0;nijmegen-eendracht-combinatie;C. Verdonk;4.0
crispy;S. El Karouani;42;16.0;S. El Karouani;V;/players/souffian-elkarouani/537878/;souffian-elkarouani;537878.0;stichting-fc-utrecht;S. El Karouani;14.0
crispy;M. Deijl;42;2.0;M. Deijl;V;/players/mats-deijl/402457/;mats-deijl;402457.0;stichting-go-ahead-eagles;M. Deijl;-2.0
crispy;D. Hancko;42;33.0;D. Hancko;V;/players/david-hancko/391059/;david-hancko;391059.0;feyenoord-rotterdam-nv;D. Hancko;1.0
crispy;R. Meerveld;42;16.0;R. Meerveld;M;/players/ringo-meerveld/623815/;ringo-meerveld;623815.0;sbv-willem-ii-tilburg;R. Meerveld;3.24
crispy;T. Lauritsen;42;;T. Lauritsen;A;/players/tobias-lauritsen/406745/;tobias-lauritsen;406745.0;sparta-rotterdam-bv;T. Lauritsen;3.0
crispy;P. Koopmeiners;42;6.0;P. Koopmeiners;M;/players/peer-koopmeiners/533281/;peer-koopmeiners;533281.0;stichting-az;P. Koopmeiners;4.0
crispy;D. Vente;42;9.0;D. Vente;A;/players/dylan-vente/426585/;dylan-vente;426585.0;bvo-fc-zwolle;D. Vente;
crispy;K. Taylor;42;8.0;K. Taylor;M;/players/kenneth-taylor/508784/;kenneth-taylor;508784.0;afc-ajax;K. Taylor;8.0
crispy;M. Tillman;42;7.0;M. Tillman;M;/players/malik-tillman/561787/;malik-tillman;561787.0;psv-nv;M. Tillman;12.0
svvthomas;N. Olij;42;;N. Olij;K;/players/nick-olij/235322/;nick-olij;235322.0;sparta-rotterdam-bv;N. Olij;0.0
svvthomas;M. Deijl;42;2.0;M. Deijl;V;/players/mats-deijl/402457/;mats-deijl;402457.0;stichting-go-ahead-eagles;M. Deijl;-2.0
svvthomas;D. Hancko;42;33.0;D. Hancko;V;/players/david-hancko/391059/;david-hancko;391059.0;feyenoord-rotterdam-nv;D. Hancko;1.0
svvthomas;D. Mirani;42;4.0;D. Mirani;V;/players/damon-mirani/289811/;damon-mirani;289811.0;stichting-heracles-almelo;D. Mirani;1.0
svvthomas;P. Aaronson;42;21.0;P. Aaronson;M;/players/paxten-aaronson/576828/;paxten-aaronson;576828.0;stichting-fc-utrecht;P. Aaronson;1.4
svvthomas;V. van Crooij;42;32.0;V. van Crooij;A;/players/vito-van-crooy/330044/;vito-van-crooy;330044.0;nijmegen-eendracht-combinatie;V. van Crooij;13.0
svvthomas;L. Brouwers;42;8.0;L. Brouwers;M;/players/luuk-brouwers/402458/;luuk-brouwers;402458.0;sportclub-heerenveen;L. Brouwers;6.4
svvthomas;S. Steijn;42;14.0;S. Steijn;M;/players/sem-steijn/560623/;sem-steijn;560623.0;stichting-fc-twente-65;S. Steijn;1.0
svvthomas;T. Parrott;42;9.0;T. Parrott;A;/players/troy-parrot/515624/;troy-parrot;515624.0;stichting-az;T. Parrott;
svvthomas;L. de Jong;42;9.0;L. de Jong;A;/players/luuk-de-jong/65056/;luuk-de-jong;65056.0;psv-nv;L. de Jong;13.0
svvthomas;D. Klaassen;42;18.0;D. Klaassen;M;/players/davy-klaassen/158581/;davy-klaassen;158581.0;afc-ajax;D. Klaassen;8.0
El Cid;L. Unnerstall;42;1.0;L. Unnerstall;K;/players/lars-unnerstall/81320/;lars-unnerstall;81320.0;stichting-fc-twente-65;L. Unnerstall;
El Cid;P. Bochniewicz;42;5.0;P. Bochniewicz;V;/players/pawe-bochniewicz/273911/;pawe-bochniewicz;273911.0;sportclub-heerenveen;P. Bochniewicz;
El Cid;B. Nieuwkoop;42;2.0;B. Nieuwkoop;V;/players/bart-nieuwkoop/275124/;bart-nieuwkoop;275124.0;feyenoord-rotterdam-nv;B. Nieuwkoop;
El Cid;D. van der Kust;42;;D. van der Kust;V;/players/djevencio-van-der-kust/569309/;djevencio-van-der-kust;569309.0;sparta-rotterdam-bv;D. van der Kust;
El Cid;A. Halilovic;42;10.0;A. Halilović;M;/players/alen-halilovi/270136/;alen-halilovi;270136.0;fortuna-sittard;A. Halilovic;
El Cid;L. Valente;42;10.0;L. Valente;M;/players/luciano-valente/703884/;luciano-valente;703884.0;stichting-fc-groningen;L. Valente;
El Cid;V. Jensen;42;7.0;V. Jensen;M;/players/victor-jensen/460509/;victor-jensen;460509.0;stichting-fc-utrecht;V. Jensen;7.0
El Cid;D. Proper;42;71.0;D. Proper;M;/players/dirk-proper/525939/;dirk-proper;525939.0;nijmegen-eendracht-combinatie;D. Proper;
El Cid;B. Traore;42;20.0;B. Traoré;A;/players/bertrand-traore/102801/;bertrand-traore;102801.0;afc-ajax;B. Traore;4.93
El Cid;L. de Jong;42;9.0;L. de Jong;A;/players/luuk-de-jong/65056/;luuk-de-jong;65056.0;psv-nv;L. de Jong;13.0
El Cid;T. Parrott;42;9.0;T. Parrott;A;/players/troy-parrot/515624/;troy-parrot;515624.0;stichting-az;T. Parrott;
Otis.;V. Barkas;42;1.0;V. Barkas;K;/players/vasileios-barkas/272919/;vasileios-barkas;272919.0;stichting-fc-utrecht;V. Barkas;
Otis.;M. Deijl;42;2.0;M. Deijl;V;/players/mats-deijl/402457/;mats-deijl;402457.0;stichting-go-ahead-eagles;M. Deijl;-2.0
Otis.;M. Hilgers;42;2.0;M. Hilgers;V;/players/mees-hilgers/627701/;mees-hilgers;627701.0;stichting-fc-twente-65;M. Hilgers;0.53
Otis.;J. Hato;42;4.0;J. Hato;V;/players/jorrel-hato/783173/;jorrel-hato;783173.0;afc-ajax;J. Hato;15.0
Otis.;J. Trenskow;42;20.0;J. Trenskow;A;/players/jacob-trenskow/672937/;jacob-trenskow;672937.0;sportclub-heerenveen;J. Trenskow;6.0
Otis.;S. Mijnans;42;10.0;S. Mijnans;M;/players/sven-mijnans/566000/;sven-mijnans;566000.0;stichting-az;S. Mijnans;4.0
Otis.;Rober;42;7.0;Róber;M;/players/roberto-gonzalez-bayon/500171/;roberto-gonzalez-bayon;500171.0;nijmegen-eendracht-combinatie;Rober;
Otis.;P. Clement;42;;P. Clement;M;/players/pelle-clement/379793/;pelle-clement;379793.0;sparta-rotterdam-bv;P. Clement;0.13
Otis.;D. Hancko;42;33.0;D. Hancko;V;/players/david-hancko/391059/;david-hancko;391059.0;feyenoord-rotterdam-nv;D. Hancko;1.0
Otis.;L. de Jong;42;9.0;L. de Jong;A;/players/luuk-de-jong/65056/;luuk-de-jong;65056.0;psv-nv;L. de Jong;13.0
Otis.;L. Kulenovic;42;19.0;L. Kulenović;A;/players/luka-kulenovi/631882/;luka-kulenovi;631882.0;stichting-heracles-almelo;L. Kulenovic;0.77
Gordon Shumway;S. Steijn;42;14.0;S. Steijn;M;/players/sem-steijn/560623/;sem-steijn;560623.0;stichting-fc-twente-65;S. Steijn;1.0
Gordon Shumway;B. Nieuwkoop;42;2.0;B. Nieuwkoop;V;/players/bart-nieuwkoop/275124/;bart-nieuwkoop;275124.0;feyenoord-rotterdam-nv;B. Nieuwkoop;
Gordon Shumway;J. Hato;42;4.0;J. Hato;V;/players/jorrel-hato/783173/;jorrel-hato;783173.0;afc-ajax;J. Hato;15.0
Gordon Shumway;M. Kohlert;42;11.0;M. Köhlert;V;/players/mats-kohlert/400423/;mats-kohlert;400423.0;sportclub-heerenveen;M. Kohlert;15.0
Gordon Shumway;C. Neghli;42;;C. Neghli;A;/players/camiel-neghli/680707/;camiel-neghli;680707.0;sparta-rotterdam-bv;C. Neghli;
Gordon Shumway;L. Valente;42;10.0;L. Valente;M;/players/luciano-valente/703884/;luciano-valente;703884.0;stichting-fc-groningen;L. Valente;
Gordon Shumway;D. Proper;42;71.0;D. Proper;M;/players/dirk-proper/525939/;dirk-proper;525939.0;nijmegen-eendracht-combinatie;D. Proper;
Gordon Shumway;V. Jensen;42;7.0;V. Jensen;M;/players/victor-jensen/460509/;victor-jensen;460509.0;stichting-fc-utrecht;V. Jensen;7.0
Gordon Shumway;L. de Jong;42;9.0;L. de Jong;A;/players/luuk-de-jong/65056/;luuk-de-jong;65056.0;psv-nv;L. de Jong;13.0
Gordon Shumway;!K. Sierhuis;42;;;;;;;;;
Gordon Shumway;T. Parrott;42;9.0;T. Parrott;A;/players/troy-parrot/515624/;troy-parrot;515624.0;stichting-az;T. Parrott;
Suikerbrood;N. Olij;42;;N. Olij;K;/players/nick-olij/235322/;nick-olij;235322.0;sparta-rotterdam-bv;N. Olij;0.0
Suikerbrood;S. Olsson;42;19.0;S. Olsson;M;/players/simon-olsson/423888/;simon-olsson;423888.0;sportclub-heerenveen;S. Olsson;
Suikerbrood;D. Rensch;42;2.0;D. Rensch;V;/players/devyne-rensch/601396/;devyne-rensch;601396.0;afc-ajax;D. Rensch;
Suikerbrood;J. Amofa;42;25.0;J. Amofa;V;/players/jamal-amofa/668121/;jamal-amofa;668121.0;stichting-go-ahead-eagles;J. Amofa;
Suikerbrood;N. Viergever;42;24.0;N. Viergever;V;/players/nick--viergever/78529/;nick--viergever;78529.0;stichting-fc-utrecht;N. Viergever;14.0
Suikerbrood;D. Proper;42;71.0;D. Proper;M;/players/dirk-proper/525939/;dirk-proper;525939.0;nijmegen-eendracht-combinatie;D. Proper;
Suikerbrood;M. Vlap;42;18.0;M. Vlap;M;/players/michel-vlap/407742/;michel-vlap;407742.0;stichting-fc-twente-65;M. Vlap;3.0
Suikerbrood;A. Halilovic;42;10.0;A. Halilović;M;/players/alen-halilovi/270136/;alen-halilovi;270136.0;fortuna-sittard;A. Halilovic;
Suikerbrood;A. Ueda;42;9.0;A. Ueda;A;/players/ayase-ueda/551425/;ayase-ueda;551425.0;feyenoord-rotterdam-nv;A. Ueda;3.0
Suikerbrood;R. van Bommel;42;7.0;R. van Bommel;A;/players/ruben-van-bommel/834074/;ruben-van-bommel;834074.0;stichting-az;R. van Bommel;7.6
Suikerbrood;L. de Jong;42;9.0;L. de Jong;A;/players/luuk-de-jong/65056/;luuk-de-jong;65056.0;psv-nv;L. de Jong;13.0
EnGCatjuh;R. Roefs;42;22.0;R. Roefs;K;/players/robin-roefs/636190/;robin-roefs;636190.0;nijmegen-eendracht-combinatie;R. Roefs;4.0
EnGCatjuh;M. Kohlert;42;11.0;M. Köhlert;V;/players/mats-kohlert/400423/;mats-kohlert;400423.0;sportclub-heerenveen;M. Kohlert;15.0
EnGCatjuh;O. Boscagli;42;18.0;O. Boscagli;V;/players/olivier-boscagli/329542/;olivier-boscagli;329542.0;psv-nv;O. Boscagli;7.06
EnGCatjuh;S. El Karouani;42;16.0;S. El Karouani;V;/players/souffian-elkarouani/537878/;souffian-elkarouani;537878.0;stichting-fc-utrecht;S. El Karouani;14.0
EnGCatjuh;Igor Paixao;42;14.0;Igor Paixão;A;/players/igor-guilherme-barbosa-da-paixao/593041/;igor-guilherme-barbosa-da-paixao;593041.0;feyenoord-rotterdam-nv;Igor Paixao;3.0
EnGCatjuh;J. Schreuders;42;14.0;J. Schreuders;M;/players/jorg-schreuders/877779/;jorg-schreuders;877779.0;stichting-fc-groningen;J. Schreuders;3.0
EnGCatjuh;S. Adewoye;42;4.0;S. Adewoye;V;/players/shawn-adewoye/618207/;shawn-adewoye;618207.0;fortuna-sittard;S. Adewoye;
EnGCatjuh;S. Steijn;42;14.0;S. Steijn;M;/players/sem-steijn/560623/;sem-steijn;560623.0;stichting-fc-twente-65;S. Steijn;1.0
EnGCatjuh;T. Parrott;42;9.0;T. Parrott;A;/players/troy-parrot/515624/;troy-parrot;515624.0;stichting-az;T. Parrott;
EnGCatjuh;B. Brobbey;42;9.0;B. Brobbey;A;/players/brian-brobbey/520146/;brian-brobbey;520146.0;afc-ajax;B. Brobbey;3.67
EnGCatjuh;R. Meerveld;42;16.0;R. Meerveld;M;/players/ringo-meerveld/623815/;ringo-meerveld;623815.0;sbv-willem-ii-tilburg;R. Meerveld;3.24
Vishandel Makaay;R. Pasveer;42;22.0;R. Pasveer;K;/players/remko-pasveer/49689/;remko-pasveer;49689.0;afc-ajax;R. Pasveer;17.0
Vishandel Makaay;R. Flamingo;42;6.0;R. Flamingo;V;/players/ryan-flamingo/627724/;ryan-flamingo;627724.0;psv-nv;R. Flamingo;4.0
Vishandel Makaay;J. Lelieveld;42;2.0;J. Lelieveld;V;/players/julian-lelieveld/407738/;julian-lelieveld;407738.0;rkc-waalwijk;J. Lelieveld;0.0
Vishandel Makaay;K. Leerdam;42;18.0;K. Leerdam;V;/players/kelvin-leerdam/68354/;kelvin-leerdam;68354.0;stichting-heracles-almelo;K. Leerdam;
Vishandel Makaay;M. Dijks;42;35.0;M. Dijks;V;/players/mitchel-dijks/219029/;mitchel-dijks;219029.0;fortuna-sittard;M. Dijks;
Vishandel Makaay;T. Oosting;42;25.0;T. Oosting;M;/players/thijs-oosting/477591/;thijs-oosting;477591.0;stichting-fc-groningen;T. Oosting;0.0
Vishandel Makaay;E. van Ee;42;21.0;E. van Ee;M;/players/espen-van-ee/921919/;espen-van-ee;921919.0;sportclub-heerenveen;E. van Ee;1.6
Vishandel Makaay;P. Aaronson;42;21.0;P. Aaronson;M;/players/paxten-aaronson/576828/;paxten-aaronson;576828.0;stichting-fc-utrecht;P. Aaronson;1.4
Vishandel Makaay;A. Hadj Moussa;42;23.0;A. Hadj Moussa;A;/players/anis--hadj-moussa/755639/;anis--hadj-moussa;755639.0;feyenoord-rotterdam-nv;A. Hadj Moussa;1.53
Vishandel Makaay;R. van Wolfswinkel;42;9.0;R. van Wolfswinkel;A;/players/ricky-van-wolfswinkel/59407/;ricky-van-wolfswinkel;59407.0;stichting-fc-twente-65;R. van Wolfswinkel;2.57
Vishandel Makaay;M. Meerdink;42;35.0;M. Meerdink;A;/players/mexx-meerdink/796451/;mexx-meerdink;796451.0;stichting-az;M. Meerdink;2.62
Friggles;L. Unnerstall;42;1.0;L. Unnerstall;K;/players/lars-unnerstall/81320/;lars-unnerstall;81320.0;stichting-fc-twente-65;L. Unnerstall;
Friggles;M. Ihattaren;42;52.0;M. Ihattaren;M;/players/mohammed-amine-ihattaren/525933/;mohammed-amine-ihattaren;525933.0;rkc-waalwijk;M. Ihattaren;12.67
Friggles;M. Deijl;42;2.0;M. Deijl;V;/players/mats-deijl/402457/;mats-deijl;402457.0;stichting-go-ahead-eagles;M. Deijl;-2.0
Friggles;S. El Karouani;42;16.0;S. El Karouani;V;/players/souffian-elkarouani/537878/;souffian-elkarouani;537878.0;stichting-fc-utrecht;S. El Karouani;14.0
Friggles;S. Mijnans;42;10.0;S. Mijnans;M;/players/sven-mijnans/566000/;sven-mijnans;566000.0;stichting-az;S. Mijnans;4.0
Friggles;D. Proper;42;71.0;D. Proper;M;/players/dirk-proper/525939/;dirk-proper;525939.0;nijmegen-eendracht-combinatie;D. Proper;
Friggles;M. Kohlert;42;11.0;M. Köhlert;V;/players/mats-kohlert/400423/;mats-kohlert;400423.0;sportclub-heerenveen;M. Kohlert;15.0
Friggles;K. Hlynsson;42;;K. Hlynsson;M;/players/kristian-nokkvi-hlynsson/636342/;kristian-nokkvi-hlynsson;636342.0;sparta-rotterdam-bv;K. Hlynsson;2.87
Friggles;Q. Timber;42;8.0;Q. Timber;M;/players/quinten-maduro/463017/;quinten-maduro;463017.0;feyenoord-rotterdam-nv;Q. Timber;
Friggles;L. de Jong;42;9.0;L. de Jong;A;/players/luuk-de-jong/65056/;luuk-de-jong;65056.0;psv-nv;L. de Jong;13.0
Friggles;B. Brobbey;42;9.0;B. Brobbey;A;/players/brian-brobbey/520146/;brian-brobbey;520146.0;afc-ajax;B. Brobbey;3.67
Jay-Jay;N. Olij;42;;N. Olij;K;/players/nick-olij/235322/;nick-olij;235322.0;sparta-rotterdam-bv;N. Olij;0.0
Jay-Jay;S. Maikuma;42;16.0;S. Maikuma;V;/players/seiya-maikuma/651537/;seiya-maikuma;651537.0;stichting-az;S. Maikuma;1.42
Jay-Jay;M. Deijl;42;2.0;M. Deijl;V;/players/mats-deijl/402457/;mats-deijl;402457.0;stichting-go-ahead-eagles;M. Deijl;-2.0
Jay-Jay;S. El Karouani;42;16.0;S. El Karouani;V;/players/souffian-elkarouani/537878/;souffian-elkarouani;537878.0;stichting-fc-utrecht;S. El Karouani;14.0
Jay-Jay;Ivo Pinto;42;12.0;Ivo Pinto;V;/players/ivo-pinto/86672/;ivo-pinto;86672.0;fortuna-sittard;Ivo Pinto;14.0
Jay-Jay;J. Veerman;42;23.0;J. Veerman;M;/players/joey--veerman/459312/;joey--veerman;459312.0;psv-nv;J. Veerman;5.0
Jay-Jay;R. Meerveld;42;16.0;R. Meerveld;M;/players/ringo-meerveld/623815/;ringo-meerveld;623815.0;sbv-willem-ii-tilburg;R. Meerveld;3.24
Jay-Jay;B. Linssen;42;30.0;B. Linssen;A;/players/brian-linssen/52888/;brian-linssen;52888.0;nijmegen-eendracht-combinatie;B. Linssen;4.5
Jay-Jay;M. Ihattaren;42;52.0;M. Ihattaren;M;/players/mohammed-amine-ihattaren/525933/;mohammed-amine-ihattaren;525933.0;rkc-waalwijk;M. Ihattaren;12.67
Jay-Jay;B. Brobbey;42;9.0;B. Brobbey;A;/players/brian-brobbey/520146/;brian-brobbey;520146.0;afc-ajax;B. Brobbey;3.67
Jay-Jay;S. Lammers;42;10.0;S. Lammers;A;/players/sam-lammers/407736/;sam-lammers;407736.0;stichting-fc-twente-65;S. Lammers;
Rucebo;V. Barkas;42;1.0;V. Barkas;K;/players/vasileios-barkas/272919/;vasileios-barkas;272919.0;stichting-fc-utrecht;V. Barkas;
Rucebo;Ivo Pinto;42;12.0;Ivo Pinto;V;/players/ivo-pinto/86672/;ivo-pinto;86672.0;fortuna-sittard;Ivo Pinto;14.0
Rucebo;J. Hato;42;4.0;J. Hato;V;/players/jorrel-hato/783173/;jorrel-hato;783173.0;afc-ajax;J. Hato;15.0
Rucebo;D. Hancko;42;33.0;D. Hancko;V;/players/david-hancko/391059/;david-hancko;391059.0;feyenoord-rotterdam-nv;D. Hancko;1.0
Rucebo;M. Deijl;42;2.0;M. Deijl;V;/players/mats-deijl/402457/;mats-deijl;402457.0;stichting-go-ahead-eagles;M. Deijl;-2.0
Rucebo;S. Steijn;42;14.0;S. Steijn;M;/players/sem-steijn/560623/;sem-steijn;560623.0;stichting-fc-twente-65;S. Steijn;1.0
Rucebo;F. Krastev;42;50.0;F. Krastev;M;/players/filip-yavorov-krastev/550509/;filip-yavorov-krastev;550509.0;bvo-fc-zwolle;F. Krastev;13.0
Rucebo;L. Brouwers;42;8.0;L. Brouwers;M;/players/luuk-brouwers/402458/;luuk-brouwers;402458.0;sportclub-heerenveen;L. Brouwers;6.4
Rucebo;T. Parrott;42;9.0;T. Parrott;A;/players/troy-parrot/515624/;troy-parrot;515624.0;stichting-az;T. Parrott;
Rucebo;L. de Jong;42;9.0;L. de Jong;A;/players/luuk-de-jong/65056/;luuk-de-jong;65056.0;psv-nv;L. de Jong;13.0
Rucebo;K. Ogawa;42;18.0;K. Ogawa;A;/players/koki-ogawa/435835/;koki-ogawa;435835.0;nijmegen-eendracht-combinatie;K. Ogawa;
