Speler;Link;Datum;Speelronde;P_Gespeeld;P_Gewonnen;P_Gelijk;P_Verloren;P_Kaart_Geel;P_Kaart_Rood;P_Doelpunt;P_Assist;P_Tegendoelpunt;P_Eigen_Doelpunt;P_Clean_Sheet;P_Penalty_Gescoord;P_Penalty_Gemist;P_Penalty_Gestopt;P_Totaal
E. Vaessen;/players/etienne-vaessen/408572/;2024-08-09;1;3.0;2.0;0.0;0.0;-0.0;-0.0;0.0;0.0;-1.0;-0.0;0.0;0.0;-0.0;0.0;4.0
L. Bacuna;/players/leandro-bacuna/88003/;2024-08-09;1;3.0;2.0;0.0;0.0;-0.0;-0.0;0.0;0.0;0.0;-0.0;0.0;3.0;-0.0;0.0;8.0
M. Peersman;/players/marvin-peersman/89988/;2024-08-09;1;1.53;1.02;0.0;0.0;-0.0;-0.0;0.0;0.0;-0.0;-0.0;0.0;0.0;-0.0;0.0;2.56
M. Rente;/players/marco-rente/450717/;2024-08-09;1;3.0;2.0;0.0;0.0;-0.0;-0.0;12.0;0.0;-1.0;-0.0;0.0;0.0;-0.0;0.0;16.0
F. Stam;/players/finn-stam/736439/;2024-08-09;1;2.73;1.82;0.0;0.0;-0.0;-0.0;0.0;0.0;-1.0;-0.0;0.0;0.0;-0.0;0.0;3.56
J. Hove;/players/johan-hove/444353/;2024-08-09;1;3.0;2.0;0.0;0.0;-0.0;-0.0;0.0;0.0;0.0;-0.0;0.0;0.0;-0.0;0.0;5.0
T. de Jonge;/players/tika-de-jonge/643975/;2024-08-09;1;2.37;1.58;0.0;0.0;-0.0;-0.0;0.0;0.0;0.0;-0.0;0.0;0.0;-0.0;0.0;3.94
L. Valente;/players/luciano-valente/703884/;2024-08-09;1;2.13;1.42;0.0;0.0;-0.0;-0.0;0.0;5.0;0.0;-0.0;0.0;0.0;-0.0;0.0;8.56
J. Schreuders;/players/jorg-schreuders/877779/;2024-08-09;1;3.0;2.0;0.0;0.0;-2.0;-0.0;9.0;5.0;0.0;-0.0;0.0;0.0;-0.0;0.0;17.0
Rui Mendes;/players/rui-jorge-monteiro-mendes/453390/;2024-08-09;1;3.0;2.0;0.0;0.0;-0.0;-0.0;8.0;4.0;0.0;-0.0;0.0;0.0;-0.0;0.0;17.0
T. van Bergen;/players/thom-van-bergen/873104/;2024-08-09;1;2.37;1.58;0.0;0.0;-0.0;-0.0;0.0;0.0;0.0;-0.0;0.0;0.0;-0.0;0.0;3.94
S. Bouland;/players/sven-bouland/948734/;2024-08-09;1;1.47;0.98;0.0;0.0;-0.0;-0.0;0.0;0.0;-1.0;-0.0;0.0;0.0;-0.0;0.0;1.44
B. Willumsson;/players/brynjolfur-darri-willumsson/463548/;2024-08-09;1;0.87;0.58;0.0;0.0;-0.0;-0.0;0.0;0.0;0.0;-0.0;0.0;0.0;-0.0;0.0;1.44
Laros Duarte;/players/laros-duarte/407735/;2024-08-09;1;0.63;0.42;0.0;0.0;-0.0;-0.0;0.0;0.0;0.0;-0.0;0.0;0.0;-0.0;0.0;1.06
T. Oosting;/players/thijs-oosting/477591/;2024-08-09;1;0.63;0.42;0.0;0.0;-0.0;-0.0;0.0;0.0;0.0;-0.0;0.0;0.0;-0.0;0.0;1.06
J. Pelupessy;/players/joey-pelupessy/197572/;2024-08-09;1;0.27;0.18;0.0;0.0;-0.0;-0.0;0.0;0.0;0.0;-0.0;0.0;0.0;-0.0;0.0;0.44
N. Emeran;/players/noam-emeran/671004/;2024-08-09;1;0.0;0.0;0.0;0.0;-0.0;-0.0;0.0;0.0;0.0;-0.0;0.0;0.0;-0.0;0.0;0.0
M. Speelman;/players/marco-speelman/981985/;2024-08-09;1;0.0;0.0;0.0;0.0;-0.0;-0.0;0.0;0.0;-0.0;-0.0;0.0;0.0;-0.0;0.0;0.0
D. Baron;/players/dirk-baron/821647/;2024-08-09;1;0.0;0.0;0.0;0.0;-0.0;-0.0;0.0;0.0;-0.0;-0.0;0.0;0.0;-0.0;0.0;0.0
H. Jurjus;/players/hidde-jurjus/301076/;2024-08-09;1;0.0;0.0;0.0;0.0;-0.0;-0.0;0.0;0.0;-0.0;-0.0;0.0;0.0;-0.0;0.0;0.0
N. Eggens;/players/nils-eggens/946067/;2024-08-09;1;0.0;0.0;0.0;0.0;-0.0;-0.0;0.0;0.0;0.0;-0.0;0.0;0.0;-0.0;0.0;0.0
F. Turay;/players/fofin-turay/909656/;2024-08-09;1;0.0;0.0;0.0;0.0;-0.0;-0.0;0.0;0.0;0.0;-0.0;0.0;0.0;-0.0;0.0;0.0
R. Leicester;/players/roy-leicester/946352/;2024-08-09;1;0.0;0.0;0.0;0.0;-0.0;-0.0;0.0;0.0;-0.0;-0.0;0.0;0.0;-0.0;0.0;0.0
D. Bielica;/players/daniel-bielica/555492/;2024-08-09;1;3.0;0.0;0.0;0.0;-0.0;-0.0;0.0;0.0;-4.0;-0.0;0.0;0.0;-0.0;0.0;-1.0
E. Mahmutović;/players/enes-mahmutovic/347775/;2024-08-09;1;3.0;0.0;0.0;0.0;-0.0;-8.0;0.0;0.0;-4.0;-0.0;0.0;0.0;-0.0;0.0;-9.0
J. Van den Bergh;/players/jan-van-den-bergh/354185/;2024-08-09;1;3.0;0.0;0.0;0.0;-2.0;-0.0;0.0;0.0;-4.0;-0.0;0.0;0.0;-0.0;0.0;-3.0
Manel Royo;/players/manel-royo-castell/354951/;2024-08-09;1;3.0;0.0;0.0;0.0;-0.0;-0.0;0.0;0.0;-4.0;-0.0;0.0;0.0;-0.0;0.0;-1.0
L. Greiml;/players/leo-greiml/517683/;2024-08-09;1;3.0;0.0;0.0;0.0;-2.0;-0.0;0.0;0.0;-4.0;-0.0;0.0;0.0;-0.0;0.0;-3.0
D. Janošek;/players/dominik-janosek/492661/;2024-08-09;1;2.83;0.0;0.0;0.0;-0.0;-0.0;0.0;0.0;0.0;-0.0;0.0;3.0;-0.0;0.0;5.83
C. Staring;/players/casper-staring/628494/;2024-08-09;1;2.5;0.0;0.0;0.0;-0.0;-0.0;0.0;0.0;0.0;-0.0;0.0;0.0;-0.0;0.0;2.5
M. Balard;/players/maximilien-balard/643695/;2024-08-09;1;3.0;0.0;0.0;0.0;-0.0;-0.0;0.0;0.0;0.0;-0.0;0.0;0.0;-0.0;0.0;3.0
E. Ómarsson;/players/elias-mar-omarsson/213035/;2024-08-09;1;2.83;0.0;0.0;0.0;-0.0;-0.0;0.0;0.0;0.0;-0.0;0.0;0.0;-0.0;0.0;2.83
K. Kostorz;/players/kacper-kostorz/485378/;2024-08-09;1;2.5;0.0;0.0;0.0;-0.0;-0.0;0.0;0.0;0.0;-0.0;0.0;0.0;-0.0;0.0;2.5
R. Kuijpers;/players/roy-kuijpers/663306/;2024-08-09;1;0.4;0.0;0.0;0.0;-0.0;-0.0;0.0;0.0;0.0;-0.0;0.0;0.0;-0.0;0.0;0.4
M. Koscelník;/players/martin-koscelnik/353345/;2024-08-09;1;2.6;0.0;0.0;0.0;-2.0;-0.0;0.0;0.0;-3.0;-0.0;0.0;0.0;-0.0;0.0;-2.4
F. Oldrup Jensen;/players/fredrik-oldrup-jensen/231672/;2024-08-09;1;0.5;0.0;0.0;0.0;-0.0;-0.0;0.0;0.0;0.0;-0.0;0.0;0.0;-0.0;0.0;0.5
Saná Fernandes;/players/sana-fernandes/926017/;2024-08-09;1;0.5;0.0;0.0;0.0;-0.0;-0.0;0.0;0.0;0.0;-0.0;0.0;0.0;-0.0;0.0;0.5
A. Kaied;/players/adam-kaied/693342/;2024-08-09;1;0.17;0.0;0.0;0.0;-0.0;-0.0;0.0;0.0;0.0;-0.0;0.0;0.0;-0.0;0.0;0.17
M. Garbett;/players/matthew-garbett/577465/;2024-08-09;1;0.17;0.0;0.0;0.0;-0.0;-0.0;0.0;0.0;0.0;-0.0;0.0;0.0;-0.0;0.0;0.17
R. Kortsmit;/players/roy-kortsmit/200996/;2024-08-09;1;0.0;0.0;0.0;0.0;-0.0;-0.0;0.0;0.0;-0.0;-0.0;0.0;0.0;-0.0;0.0;0.0
L. Mol;/players/lars-mol/923583/;2024-08-09;1;0.0;0.0;0.0;0.0;-0.0;-0.0;0.0;0.0;-0.0;-0.0;0.0;0.0;-0.0;0.0;0.0
T. Troost;/players/tein-troost/525919/;2024-08-09;1;0.0;0.0;0.0;0.0;-0.0;-0.0;0.0;0.0;-0.0;-0.0;0.0;0.0;-0.0;0.0;0.0
C. Valerius;/players/cherrion-valerius/947863/;2024-08-09;1;0.0;0.0;0.0;0.0;-0.0;-0.0;0.0;0.0;-0.0;-0.0;0.0;0.0;-0.0;0.0;0.0
B. Lucassen;/players/boyd-lucassen/453952/;2024-08-09;1;0.0;0.0;0.0;0.0;-0.0;-0.0;0.0;0.0;-0.0;-0.0;0.0;0.0;-0.0;0.0;0.0
N. Bakker;/players/nordin-bakker/563909/;2024-08-10;1;3.0;0.0;0.0;0.0;-0.0;-0.0;0.0;0.0;-1.0;-0.0;0.0;0.0;-0.0;0.0;2.0
S. Floranus;/players/sherel-floranus/385271/;2024-08-10;1;3.0;0.0;0.0;0.0;-0.0;-0.0;0.0;0.0;-1.0;-0.0;0.0;0.0;-0.0;0.0;2.0
J. Jacobs;/players/joey-jacobs/537705/;2024-08-10;1;1.97;0.0;0.0;0.0;-0.0;-0.0;0.0;0.0;-1.0;-0.0;0.0;0.0;-0.0;0.0;0.97
V. Zagaritis;/players/vasilios-zagaritis/617928/;2024-08-10;1;3.0;0.0;0.0;0.0;-0.0;-0.0;0.0;0.0;-1.0;-0.0;0.0;0.0;-0.0;0.0;2.0
Visus;/players/ricardo-visus-contreras/642402/;2024-08-10;1;3.0;0.0;0.0;0.0;-0.0;-8.0;0.0;0.0;-1.0;-0.0;0.0;0.0;-0.0;0.0;-6.0
Álex Balboa;/players/alex-balboa-bandeira/627655/;2024-08-10;1;2.87;0.0;0.0;0.0;-0.0;-0.0;0.0;0.0;0.0;-0.0;0.0;0.0;-0.0;0.0;2.87
S. Resink;/players/stije-resink/681459/;2024-08-10;1;1.97;0.0;0.0;0.0;-2.0;-0.0;0.0;0.0;0.0;-0.0;0.0;0.0;-0.0;0.0;-0.03
J. Ritmeester van de Kamp;/players/jochem-ritmeester-van-de-kamp/801840/;2024-08-10;1;2.7;0.0;0.0;0.0;-0.0;-0.0;0.0;0.0;0.0;-0.0;0.0;0.0;-0.0;0.0;2.7
B. Guillaume;/players/baptiste-guillaume/285403/;2024-08-10;1;3.0;0.0;0.0;0.0;-0.0;-8.0;0.0;0.0;0.0;-0.0;0.0;0.0;-0.0;0.0;-5.0
T. Robinet;/players/thomas-robinet/312659/;2024-08-10;1;3.0;0.0;0.0;0.0;-0.0;-0.0;0.0;0.0;0.0;-0.0;0.0;0.0;-0.0;0.0;3.0
K. Hansen;/players/kornelius-normann-hansen/496125/;2024-08-10;1;2.7;0.0;0.0;0.0;-0.0;-0.0;0.0;0.0;0.0;-0.0;0.0;0.0;-0.0;0.0;2.7
F. Mattoir;/players/faiz-mattoir/547050/;2024-08-10;1;1.03;0.0;0.0;0.0;-0.0;-0.0;0.0;0.0;0.0;-0.0;0.0;0.0;-0.0;0.0;1.03
H. Akujobi;/players/hamdi-akujobi/567599/;2024-08-10;1;1.03;0.0;0.0;0.0;-0.0;-0.0;0.0;0.0;-0.0;-0.0;0.0;0.0;-0.0;0.0;1.03
C. Mamengi;/players/christopher-mamengi/540620/;2024-08-10;1;0.3;0.0;0.0;0.0;-0.0;-0.0;0.0;0.0;-0.0;-0.0;0.0;0.0;-0.0;0.0;0.3
A. Nalić;/players/adi-nalic/459631/;2024-08-10;1;0.3;0.0;0.0;0.0;-0.0;-0.0;0.0;0.0;0.0;-0.0;0.0;0.0;-0.0;0.0;0.3
G. Beaumont;/players/guus-beaumont/628831/;2024-08-10;1;0.13;0.0;0.0;0.0;-0.0;-0.0;0.0;0.0;0.0;-0.0;0.0;0.0;-0.0;0.0;0.13
E. Poku;/players/emanuel-poku/935872/;2024-08-10;1;0.0;0.0;0.0;0.0;-0.0;-0.0;0.0;0.0;0.0;-0.0;0.0;0.0;-0.0;0.0;0.0
J. Puriël;/players/germain-puriel/633104/;2024-08-10;1;0.0;0.0;0.0;0.0;-0.0;-0.0;0.0;0.0;0.0;-0.0;0.0;0.0;-0.0;0.0;0.0
J. van der Wilt;/players/joel-van-der-wilt/771874/;2024-08-10;1;0.0;0.0;0.0;0.0;-0.0;-0.0;0.0;0.0;-0.0;-0.0;0.0;0.0;-0.0;0.0;0.0
L. Delaurier-Chaubet;/players/logan-delaurier-chaubet/626512/;2024-08-10;1;0.0;0.0;0.0;0.0;-0.0;-0.0;0.0;0.0;0.0;-0.0;0.0;0.0;-0.0;0.0;0.0
J. Pinas;/players/jaden-pinas/845490/;2024-08-10;1;0.0;0.0;0.0;0.0;-0.0;-0.0;0.0;0.0;-0.0;-0.0;0.0;0.0;-0.0;0.0;0.0
J. Wendlinger;/players/jonas-wendlinger/469451/;2024-08-10;1;0.0;0.0;0.0;0.0;-0.0;-0.0;0.0;0.0;-0.0;-0.0;0.0;0.0;-0.0;0.0;0.0
J. Zoet;/players/jeroen-zoet/61206/;2024-08-10;1;3.0;2.0;0.0;0.0;-0.0;-0.0;0.0;0.0;-0.0;-0.0;12.0;0.0;-0.0;0.0;17.0
D. Møller Wolfe;/players/david-moller-wolfe/603294/;2024-08-10;1;3.0;2.0;0.0;0.0;-0.0;-0.0;0.0;0.0;-0.0;-0.0;10.0;0.0;-0.0;0.0;15.0
S. Maikuma;/players/seiya-maikuma/651537/;2024-08-10;1;3.0;2.0;0.0;0.0;-2.0;-0.0;0.0;0.0;-0.0;-0.0;10.0;0.0;-0.0;0.0;13.0
M. Dekker;/players/maxim-dekker/700543/;2024-08-10;1;3.0;2.0;0.0;0.0;-0.0;-8.0;0.0;0.0;-0.0;-0.0;10.0;0.0;-0.0;0.0;7.0
W. Goes;/players/wouter-goes/777233/;2024-08-10;1;3.0;2.0;0.0;0.0;-0.0;-0.0;0.0;0.0;-0.0;-0.0;10.0;0.0;-0.0;0.0;15.0
J. Clasie;/players/jordy-clasie/134078/;2024-08-10;1;3.0;2.0;0.0;0.0;-0.0;-0.0;0.0;0.0;0.0;-0.0;3.0;0.0;-0.0;0.0;8.0
P. Koopmeiners;/players/peer-koopmeiners/533281/;2024-08-10;1;3.0;2.0;0.0;0.0;-0.0;-0.0;0.0;0.0;0.0;-0.0;3.0;0.0;-0.0;0.0;8.0
S. Mijnans;/players/sven-mijnans/566000/;2024-08-10;1;3.0;2.0;0.0;0.0;-0.0;-0.0;0.0;0.0;0.0;-0.0;3.0;0.0;-0.0;0.0;8.0
I. Sadiq;/players/ibrahim-sadiq/513977/;2024-08-10;1;1.9;1.27;0.0;0.0;-0.0;-0.0;8.0;0.0;0.0;-0.0;0.63;0.0;-0.0;0.0;11.8
T. Parrott;/players/troy-parrot/515624/;2024-08-10;1;2.43;1.62;0.0;0.0;-0.0;-0.0;0.0;0.0;0.0;-0.0;0.81;0.0;-0.0;0.0;4.87
M. van Brederode;/players/myron-van-brederode/638358/;2024-08-10;1;2.97;1.98;0.0;0.0;-0.0;-0.0;0.0;0.0;0.0;-0.0;0.99;0.0;-0.0;0.0;5.93
E. Poku;/players/ernest-poku/700544/;2024-08-10;1;1.1;0.73;0.0;0.0;-0.0;-0.0;0.0;0.0;0.0;-0.0;0.37;0.0;-0.0;0.0;2.2
L. Zeefuik;/players/lequincio-zeefuik/699766/;2024-08-10;1;0.57;0.38;0.0;0.0;-2.0;-0.0;0.0;0.0;0.0;-0.0;0.19;0.0;-0.0;0.0;-0.87
R. van Bommel;/players/ruben-van-bommel/834074/;2024-08-10;1;0.03;0.02;0.0;0.0;-0.0;-0.0;0.0;0.0;0.0;-0.0;0.01;0.0;-0.0;0.0;0.07
Z. Buurmeester;/players/zico-buurmeester/627669/;2024-08-10;1;0.0;0.0;0.0;0.0;-0.0;-0.0;0.0;0.0;0.0;-0.0;0.0;0.0;-0.0;0.0;0.0
D. Kasius;/players/denso-kasius/569311/;2024-08-10;1;0.0;0.0;0.0;0.0;-0.0;-0.0;0.0;0.0;-0.0;-0.0;0.0;0.0;-0.0;0.0;0.0
K. Belić;/players/kristijan-belic/453868/;2024-08-10;1;0.0;0.0;0.0;0.0;-0.0;-0.0;0.0;0.0;0.0;-0.0;0.0;0.0;-0.0;0.0;0.0
H. Verhulst;/players/hobie-verhulst/138446/;2024-08-10;1;0.0;0.0;0.0;0.0;-0.0;-0.0;0.0;0.0;-0.0;-0.0;0.0;0.0;-0.0;0.0;0.0
D. Deen;/players/daniel-deen/670179/;2024-08-10;1;0.0;0.0;0.0;0.0;-0.0;-0.0;0.0;0.0;-0.0;-0.0;0.0;0.0;-0.0;0.0;0.0
Alexandre Penetra;/players/alexandre-manuel-penetra-correia/572102/;2024-08-10;1;0.0;0.0;0.0;0.0;-0.0;-0.0;0.0;0.0;-0.0;-0.0;0.0;0.0;-0.0;0.0;0.0
J. Addai;/players/jayden-addai/789997/;2024-08-10;1;0.0;0.0;0.0;0.0;-0.0;-0.0;0.0;0.0;0.0;-0.0;0.0;0.0;-0.0;0.0;0.0
R. Bazoer;/players/riechedly-bazoer/218161/;2024-08-10;1;0.0;0.0;0.0;0.0;-0.0;-0.0;0.0;0.0;-0.0;-0.0;0.0;0.0;-0.0;0.0;0.0
T. Wellenreuther;/players/timon-wellenreuther/258964/;2024-08-10;1;3.0;0.0;1.0;0.0;-2.0;-0.0;0.0;0.0;-1.0;-0.0;0.0;0.0;-0.0;0.0;1.0
B. Nieuwkoop;/players/bart-nieuwkoop/275124/;2024-08-10;1;2.63;0.0;0.88;0.0;-2.0;-0.0;0.0;0.0;-0.0;-0.0;0.0;0.0;-0.0;0.0;1.51
D. Hancko;/players/david-hancko/391059/;2024-08-10;1;3.0;0.0;1.0;0.0;-0.0;-0.0;0.0;0.0;-1.0;-0.0;0.0;0.0;-0.0;0.0;3.0
M. López;/players/marcos-johan-lopez-lanfranco/442604/;2024-08-10;1;3.0;0.0;1.0;0.0;-0.0;-0.0;0.0;0.0;-1.0;-0.0;0.0;0.0;-0.0;0.0;3.0
L. Geertruida;/players/lutsharel-geertruida/463698/;2024-08-10;1;3.0;0.0;1.0;0.0;-0.0;-0.0;0.0;0.0;-1.0;-0.0;0.0;0.0;-0.0;0.0;3.0
N. Kasanwirjo;/players/neraysho-kasanwirjo/525925/;2024-08-10;1;3.0;0.0;1.0;0.0;-0.0;-0.0;0.0;0.0;-1.0;-0.0;0.0;0.0;-0.0;0.0;3.0
R. Zerrouki;/players/ramiz-larbi-zerrouki/621348/;2024-08-10;1;3.0;0.0;1.0;0.0;-0.0;-0.0;0.0;0.0;0.0;-0.0;0.0;0.0;-0.0;0.0;4.0
A. Milambo;/players/antoni-djibu-milambo/736392/;2024-08-10;1;2.03;0.0;0.68;0.0;-0.0;-0.0;9.0;0.0;0.0;-0.0;0.0;0.0;-0.0;0.0;11.71
L. Ivanušec;/players/luka-ivanuec/424605/;2024-08-10;1;2.03;0.0;0.68;0.0;-0.0;-0.0;0.0;0.0;0.0;-0.0;0.0;0.0;-0.0;0.0;2.71
S. Giménez;/players/santiago-tomas-gimenez/494293/;2024-08-10;1;2.43;0.0;0.81;0.0;-0.0;-0.0;0.0;4.0;0.0;-0.0;0.0;0.0;-0.0;0.0;7.24
Igor Paixão;/players/igor-guilherme-barbosa-da-paixao/593041/;2024-08-10;1;3.0;0.0;1.0;0.0;-0.0;-0.0;0.0;0.0;0.0;-0.0;0.0;0.0;-0.0;0.0;4.0
A. Hadj Moussa;/players/anis--hadj-moussa/755639/;2024-08-10;1;0.97;0.0;0.32;0.0;-0.0;-0.0;0.0;0.0;0.0;-0.0;0.0;0.0;-0.0;0.0;1.29
Q. Timber;/players/quinten-maduro/463017/;2024-08-10;1;0.97;0.0;0.32;0.0;-0.0;-0.0;0.0;0.0;0.0;-0.0;0.0;0.0;-0.0;0.0;1.29
A. Ueda;/players/ayase-ueda/551425/;2024-08-10;1;0.57;0.0;0.19;0.0;-0.0;-0.0;0.0;0.0;0.0;-0.0;0.0;0.0;-0.0;0.0;0.76
M. Pedersen;/players/marcus-holmgren-pedersen/549159/;2024-08-10;1;0.37;0.0;0.12;0.0;-0.0;-0.0;0.0;0.0;-1.0;-0.0;0.0;0.0;-0.0;0.0;-0.51
T. Beelen;/players/thomas-beelen/760998/;2024-08-10;1;0.0;0.0;0.0;0.0;-0.0;-0.0;0.0;0.0;-0.0;-0.0;0.0;0.0;-0.0;0.0;0.0
J. Carranza;/players/julian-carranza/475791/;2024-08-10;1;0.0;0.0;0.0;0.0;-0.0;-0.0;0.0;0.0;0.0;-0.0;0.0;0.0;-0.0;0.0;0.0
J. Bijlow;/players/justin-bijlow/340393/;2024-08-10;1;0.0;0.0;0.0;0.0;-0.0;-0.0;0.0;0.0;-0.0;-0.0;0.0;0.0;-0.0;0.0;0.0
G. Read;/players/givairo-read/821635/;2024-08-10;1;0.0;0.0;0.0;0.0;-0.0;-0.0;0.0;0.0;-0.0;-0.0;0.0;0.0;-0.0;0.0;0.0
M. van Sas;/players/mikki-van-sas/669604/;2024-08-10;1;0.0;0.0;0.0;0.0;-0.0;-0.0;0.0;0.0;-0.0;-0.0;0.0;0.0;-0.0;0.0;0.0
O. Lingr;/players/ondej-lingr/377533/;2024-08-10;1;0.0;0.0;0.0;0.0;-0.0;-0.0;0.0;0.0;0.0;-0.0;0.0;0.0;-0.0;0.0;0.0
G. Smal;/players/gijs-smal/508760/;2024-08-10;1;0.0;0.0;0.0;0.0;-0.0;-0.0;0.0;0.0;-0.0;-0.0;0.0;0.0;-0.0;0.0;0.0
G. Zechiël;/players/gjivai-zechiel/864326/;2024-08-10;1;0.0;0.0;0.0;0.0;-0.0;-0.0;0.0;0.0;0.0;-0.0;0.0;0.0;-0.0;0.0;0.0
T. Didillon-Hödl;/players/thomas-didillon/259971/;2024-08-10;1;3.0;0.0;1.0;0.0;-0.0;-0.0;0.0;0.0;-1.0;-0.0;0.0;0.0;-0.0;0.0;3.0
M. Tirpan;/players/mickael-tirpan/202469/;2024-08-10;1;2.7;0.0;0.9;0.0;-0.0;-0.0;0.0;0.0;-1.0;-0.0;0.0;0.0;-0.0;0.0;2.6
R. Behounek;/players/raffael-behounek/408747/;2024-08-10;1;3.0;0.0;1.0;0.0;-0.0;-0.0;0.0;6.0;-1.0;-0.0;0.0;0.0;-0.0;0.0;9.0
T. St. Jago;/players/tommy-st-jago/477596/;2024-08-10;1;3.0;0.0;1.0;0.0;-0.0;-0.0;0.0;0.0;-1.0;-0.0;0.0;0.0;-0.0;0.0;3.0
R. Sigurgeirsson;/players/runar-thor-sigurgeirsson/491746/;2024-08-10;1;2.7;0.0;0.9;0.0;-0.0;-0.0;0.0;0.0;-1.0;-0.0;0.0;0.0;-0.0;0.0;2.6
A. Lachkar;/players/amine-lachkar/876151/;2024-08-10;1;3.0;0.0;1.0;0.0;-2.0;-0.0;0.0;0.0;-1.0;-0.0;0.0;0.0;-0.0;0.0;1.0
J. Bosch;/players/jesse-bosch/621347/;2024-08-10;1;2.47;0.0;0.82;0.0;-0.0;-0.0;0.0;0.0;0.0;-0.0;0.0;0.0;-0.0;0.0;3.29
R. Meerveld;/players/ringo-meerveld/623815/;2024-08-10;1;3.0;0.0;1.0;0.0;-0.0;-0.0;0.0;0.0;0.0;-0.0;0.0;0.0;-0.0;0.0;4.0
C. Sandra;/players/cisse-sandra/638266/;2024-08-10;1;3.0;0.0;1.0;0.0;-0.0;-0.0;0.0;0.0;0.0;-0.0;0.0;0.0;-0.0;0.0;4.0
N. Doodeman;/players/nick-doodeman/454478/;2024-08-10;1;2.7;0.0;0.9;0.0;-0.0;-0.0;0.0;0.0;0.0;-0.0;0.0;0.0;-0.0;0.0;3.6
K. Vaesen;/players/kyan-vaesen/620620/;2024-08-10;1;3.0;0.0;1.0;0.0;-2.0;-0.0;8.0;0.0;0.0;-0.0;0.0;0.0;-0.0;0.0;10.0
J. Bokila;/players/jeremy-bokila/49538/;2024-08-10;1;0.53;0.0;0.18;0.0;-0.0;-0.0;0.0;0.0;0.0;-0.0;0.0;0.0;-0.0;0.0;0.71
R. Nizet;/players/rob-nizet/575071/;2024-08-10;1;0.3;0.0;0.1;0.0;-0.0;-0.0;0.0;0.0;-0.0;-0.0;0.0;0.0;-0.0;0.0;0.4
V. Vermeulen;/players/valentino-vermeulen/523467/;2024-08-10;1;0.3;0.0;0.1;0.0;-2.0;-0.0;0.0;0.0;-0.0;-0.0;0.0;0.0;-0.0;0.0;-1.6
E. Kehrer;/players/emilio-kehrer/609627/;2024-08-10;1;0.3;0.0;0.1;0.0;-0.0;-0.0;0.0;0.0;0.0;-0.0;0.0;0.0;-0.0;0.0;0.4
J. Mathijsen;/players/jens-mathijsen/982233/;2024-08-10;1;0.0;0.0;0.0;0.0;-2.0;-0.0;0.0;0.0;-0.0;-0.0;0.0;0.0;-0.0;0.0;-2.0
K. Razak;/players/khaled-razak/882843/;2024-08-10;1;0.0;0.0;0.0;0.0;-0.0;-0.0;0.0;0.0;0.0;-0.0;0.0;0.0;-0.0;0.0;0.0
J. Smits;/players/joshua-smits/149369/;2024-08-10;1;0.0;0.0;0.0;0.0;-0.0;-0.0;0.0;0.0;-0.0;-0.0;0.0;0.0;-0.0;0.0;0.0
C. van den Berg;/players/connor-van-den-berg/569426/;2024-08-10;1;0.0;0.0;0.0;0.0;-0.0;-0.0;0.0;0.0;-0.0;-0.0;0.0;0.0;-0.0;0.0;0.0
P. van Loon;/players/per-van-loon/982232/;2024-08-10;1;;;;;;;;;;;;;;;0.0
M. de Waal;/players/max-de-waal/632222/;2024-08-10;1;0.0;0.0;0.0;0.0;-0.0;-0.0;0.0;0.0;0.0;-0.0;0.0;0.0;-0.0;0.0;0.0
P. Joosten;/players/patrick-joosten/394561/;2024-08-10;1;0.0;0.0;0.0;0.0;-0.0;-0.0;0.0;0.0;0.0;-0.0;0.0;0.0;-0.0;0.0;0.0
D. Mathieu;/players/dani-mathieu/567744/;2024-08-10;1;0.0;0.0;0.0;0.0;-0.0;-0.0;0.0;0.0;0.0;-0.0;0.0;0.0;-0.0;0.0;0.0
R. Roefs;/players/robin-roefs/636190/;2024-08-10;1;3.0;0.0;0.0;0.0;-0.0;-0.0;0.0;0.0;-2.0;-0.0;0.0;0.0;-0.0;0.0;1.0
B. Nuytinck;/players/bram-nuytinck/86442/;2024-08-10;1;2.8;0.0;0.0;0.0;-0.0;-0.0;0.0;0.0;-2.0;-0.0;0.0;0.0;-0.0;0.0;0.8
C. Verdonk;/players/calvin-verdonk/319288/;2024-08-10;1;3.0;0.0;0.0;0.0;-0.0;-0.0;0.0;0.0;-2.0;-0.0;0.0;0.0;-0.0;0.0;1.0
Iván Márquez;/players/ivan-marquez-alvarez/352663/;2024-08-10;1;3.0;0.0;0.0;0.0;-0.0;-0.0;0.0;0.0;-2.0;-0.0;0.0;0.0;-0.0;0.0;1.0
B. van Rooij;/players/bart-van-rooij/557859/;2024-08-10;1;3.0;0.0;0.0;0.0;-0.0;-0.0;0.0;6.0;-2.0;-0.0;0.0;0.0;-0.0;0.0;7.0
M. Hoedemakers;/players/mees-hoedemakers/465082/;2024-08-10;1;2.8;0.0;0.0;0.0;-0.0;-0.0;0.0;0.0;0.0;-0.0;0.0;0.0;-0.0;0.0;2.8
Róber;/players/roberto-gonzalez-bayon/500171/;2024-08-10;1;2.77;0.0;0.0;0.0;-0.0;-0.0;0.0;0.0;0.0;-0.0;0.0;0.0;-0.0;0.0;2.77
D. Proper;/players/dirk-proper/525939/;2024-08-10;1;3.0;0.0;0.0;0.0;-0.0;-0.0;0.0;0.0;0.0;-0.0;0.0;0.0;-0.0;0.0;3.0
K. Sano;/players/kodai-sano/815318/;2024-08-10;1;3.0;0.0;0.0;0.0;-0.0;-0.0;9.0;0.0;0.0;-0.0;0.0;0.0;-0.0;0.0;12.0
S. Ouaissa;/players/sami-ouaissa/856399/;2024-08-10;1;3.0;0.0;0.0;0.0;-0.0;-0.0;0.0;0.0;0.0;-0.0;0.0;0.0;-0.0;0.0;3.0
B. Önal;/players/basar-onal/822550/;2024-08-10;1;2.4;0.0;0.0;0.0;-0.0;-0.0;0.0;0.0;0.0;-0.0;0.0;0.0;-0.0;0.0;2.4
L. Olden Larsen;/players/lars-olden-larsen/479687/;2024-08-10;1;0.6;0.0;0.0;0.0;-0.0;-0.0;0.0;0.0;0.0;-0.0;0.0;0.0;-0.0;0.0;0.6
A. Darellas;/players/argyrios-darelas/637189/;2024-08-10;1;0.23;0.0;0.0;0.0;-0.0;-0.0;0.0;0.0;0.0;-0.0;0.0;0.0;-0.0;0.0;0.23
S. Hansen;/players/sontje-hansen/508823/;2024-08-10;1;0.2;0.0;0.0;0.0;-0.0;-0.0;0.0;0.0;0.0;-0.0;0.0;0.0;-0.0;0.0;0.2
L. Schöne;/players/lasse-schone/17366/;2024-08-10;1;0.2;0.0;0.0;0.0;-0.0;-0.0;0.0;0.0;0.0;-0.0;0.0;0.0;-0.0;0.0;0.2
S. van Gassel;/players/stijn-van-gassel/323665/;2024-08-10;1;0.0;0.0;0.0;0.0;-0.0;-0.0;0.0;0.0;-0.0;-0.0;0.0;0.0;-0.0;0.0;0.0
B. Pereira;/players/brayann-pereira/640596/;2024-08-10;1;0.0;0.0;0.0;0.0;-0.0;-0.0;0.0;0.0;-0.0;-0.0;0.0;0.0;-0.0;0.0;0.0
K. de Wit;/players/kas-de-wit/857092/;2024-08-10;1;0.0;0.0;0.0;0.0;-0.0;-0.0;0.0;0.0;0.0;-0.0;0.0;0.0;-0.0;0.0;0.0
D. Arts;/players/dleanu-arts/643504/;2024-08-10;1;0.0;0.0;0.0;0.0;-0.0;-0.0;0.0;0.0;-0.0;-0.0;0.0;0.0;-0.0;0.0;0.0
L. Nieuwenhuijs;/players/luc-nieuwenhuijs/937268/;2024-08-10;1;0.0;0.0;0.0;0.0;-0.0;-0.0;0.0;0.0;0.0;-0.0;0.0;0.0;-0.0;0.0;0.0
R. Janse;/players/rijk-janse/632550/;2024-08-10;1;0.0;0.0;0.0;0.0;-0.0;-0.0;0.0;0.0;-0.0;-0.0;0.0;0.0;-0.0;0.0;0.0
L. Unnerstall;/players/lars-unnerstall/81320/;2024-08-10;1;3.0;2.0;0.0;0.0;-0.0;-0.0;0.0;0.0;-1.0;-0.0;0.0;0.0;-0.0;0.0;4.0
B. Kuipers;/players/bas-edo-kuipers/274649/;2024-08-10;1;3.0;2.0;0.0;0.0;-0.0;-0.0;0.0;6.0;-1.0;-0.0;0.0;0.0;-0.0;0.0;10.0
A. Van Hoorenbeeck;/players/alec-van-hoorenbeeck/593523/;2024-08-10;1;3.0;2.0;0.0;0.0;-0.0;-0.0;12.0;0.0;-1.0;-0.0;0.0;0.0;-0.0;0.0;16.0
M. Vlap;/players/michel-vlap/407742/;2024-08-10;1;2.4;1.6;0.0;0.0;-0.0;-0.0;0.0;0.0;0.0;-0.0;0.0;0.0;-0.0;0.0;4.0
M. Kjølø;/players/mathias-ullereng-kjolo/517477/;2024-08-10;1;3.0;2.0;0.0;0.0;-0.0;-0.0;0.0;0.0;0.0;-0.0;0.0;0.0;-0.0;0.0;5.0
S. Steijn;/players/sem-steijn/560623/;2024-08-10;1;2.03;1.36;0.0;0.0;-0.0;-0.0;0.0;0.0;0.0;-0.0;0.0;0.0;-0.0;0.0;3.39
M. Bruns;/players/max-bruns/628828/;2024-08-10;1;3.0;2.0;0.0;0.0;-0.0;-0.0;0.0;0.0;0.0;-0.0;0.0;0.0;-0.0;0.0;5.0
Y. Regeer;/players/youri-regeer/632221/;2024-08-10;1;1.1;0.73;0.0;0.0;-0.0;-0.0;0.0;0.0;0.0;-0.0;0.0;0.0;-0.0;0.0;1.83
S. Ltaief;/players/sayfallah-ltaief/659735/;2024-08-10;1;2.03;1.36;0.0;0.0;-0.0;-0.0;0.0;5.0;0.0;-0.0;0.0;0.0;-0.0;0.0;8.39
S. Lammers;/players/sam-lammers/407736/;2024-08-10;1;2.93;1.96;0.0;0.0;-0.0;-0.0;8.0;0.0;0.0;-0.0;0.0;0.0;-0.0;0.0;12.89
D. Rots;/players/daan-rots/628516/;2024-08-10;1;2.4;1.6;0.0;0.0;-0.0;-0.0;0.0;0.0;0.0;-0.0;0.0;0.0;-0.0;0.0;4.0
A. Salah-Eddine;/players/anass-salah-eddine/525927/;2024-08-10;1;1.9;1.27;0.0;0.0;-0.0;-0.0;0.0;0.0;-0.0;-0.0;0.0;0.0;-0.0;0.0;3.17
M. van Bergen;/players/mitchell-van-bergen/426574/;2024-08-10;1;0.97;0.64;0.0;0.0;-0.0;-0.0;0.0;0.0;0.0;-0.0;0.0;0.0;-0.0;0.0;1.61
R. van Wolfswinkel;/players/ricky-van-wolfswinkel/59407/;2024-08-10;1;0.97;0.64;0.0;0.0;-0.0;-0.0;0.0;0.0;0.0;-0.0;0.0;0.0;-0.0;0.0;1.61
C. Eiting;/players/carel-eiting/379791/;2024-08-10;1;0.6;0.4;0.0;0.0;-0.0;-0.0;0.0;0.0;0.0;-0.0;0.0;0.0;-0.0;0.0;1.0
Y. Taha;/players/younes-taha-el-idrissi/755774/;2024-08-10;1;0.6;0.4;0.0;0.0;-0.0;-0.0;0.0;0.0;0.0;-0.0;0.0;0.0;-0.0;0.0;1.0
J. Mesbahi;/players/julien-mesbahi/830556/;2024-08-10;1;0.07;0.04;0.0;0.0;-0.0;-0.0;0.0;0.0;-0.0;-0.0;0.0;0.0;-0.0;0.0;0.11
I. El Maach;/players/issam-el-maach/506880/;2024-08-10;1;0.0;0.0;0.0;0.0;-0.0;-0.0;0.0;0.0;-0.0;-0.0;0.0;0.0;-0.0;0.0;0.0
M. Rots;/players/mats-rots/830558/;2024-08-10;1;0.0;0.0;0.0;0.0;-0.0;-0.0;0.0;0.0;-0.0;-0.0;0.0;0.0;-0.0;0.0;0.0
H. Kuster;/players/harrie-kuster/916880/;2024-08-10;1;0.0;0.0;0.0;0.0;-0.0;-0.0;0.0;0.0;0.0;-0.0;0.0;0.0;-0.0;0.0;0.0
P. Tytoń;/players/przemyslaw-tyton/17326/;2024-08-10;1;0.0;0.0;0.0;0.0;-0.0;-0.0;0.0;0.0;-0.0;-0.0;0.0;0.0;-0.0;0.0;0.0
W. Benítez;/players/walter-benitez/210145/;2024-08-10;1;3.0;2.0;0.0;0.0;-0.0;-0.0;0.0;0.0;-1.0;-0.0;0.0;0.0;-0.0;0.0;4.0
O. Boscagli;/players/olivier-boscagli/329542/;2024-08-10;1;2.8;1.87;0.0;0.0;-0.0;-0.0;0.0;6.0;-1.0;-0.0;0.0;0.0;-0.0;0.0;9.67
F. Oppegård;/players/fredrik-oppegard/575059/;2024-08-10;1;3.0;2.0;0.0;0.0;-0.0;-0.0;0.0;0.0;-1.0;-0.0;0.0;0.0;-0.0;0.0;4.0
R. Flamingo;/players/ryan-flamingo/627724/;2024-08-10;1;3.0;2.0;0.0;0.0;-0.0;-0.0;0.0;0.0;-1.0;-0.0;0.0;0.0;-0.0;0.0;4.0
J. Schouten;/players/jerdy-schouten/448432/;2024-08-10;1;3.0;2.0;0.0;0.0;-0.0;-0.0;9.0;0.0;0.0;-0.0;0.0;0.0;-0.0;0.0;14.0
J. Veerman;/players/joey--veerman/459312/;2024-08-10;1;2.3;1.53;0.0;0.0;-0.0;-0.0;0.0;10.0;0.0;-0.0;0.0;0.0;-0.0;0.0;13.83
R. Ledezma;/players/richard-ledezma/512218/;2024-08-10;1;2.3;1.53;0.0;0.0;-0.0;-0.0;0.0;0.0;0.0;-0.0;0.0;0.0;-0.0;0.0;3.83
M. Tillman;/players/malik-tillman/561787/;2024-08-10;1;3.0;2.0;0.0;0.0;-0.0;-0.0;9.0;0.0;0.0;-0.0;0.0;0.0;-0.0;0.0;14.0
L. de Jong;/players/luuk-de-jong/65056/;2024-08-10;1;2.3;1.53;0.0;0.0;-0.0;-0.0;0.0;4.0;0.0;-0.0;0.0;0.0;-0.0;0.0;7.83
N. Lang;/players/noa-lang/463018/;2024-08-10;1;2.3;1.53;0.0;0.0;-0.0;-0.0;0.0;0.0;0.0;-0.0;0.0;0.0;-0.0;0.0;3.83
J. Bakayoko;/players/johan-bakayoko/638229/;2024-08-10;1;3.0;2.0;0.0;0.0;-0.0;-0.0;8.0;0.0;0.0;-0.0;0.0;0.0;-0.0;0.0;13.0
R. Pepi;/players/ricardo-pepi/523964/;2024-08-10;1;0.7;0.47;0.0;0.0;-0.0;-0.0;0.0;0.0;0.0;-0.0;0.0;0.0;-0.0;0.0;1.17
J. Teze;/players/jordan-teze/426583/;2024-08-10;1;0.7;0.47;0.0;0.0;-0.0;-0.0;0.0;0.0;-1.0;-0.0;0.0;0.0;-0.0;0.0;0.17
H. Lozano;/players/hirving-rodrigo-lozano-bahena/327531/;2024-08-10;1;0.7;0.47;0.0;0.0;-0.0;-0.0;16.0;0.0;0.0;-0.0;0.0;0.0;-0.0;0.0;17.17
G. Til;/players/guus-til/451981/;2024-08-10;1;0.7;0.47;0.0;0.0;-0.0;-0.0;0.0;5.0;0.0;-0.0;0.0;0.0;-0.0;0.0;6.17
M. Dams;/players/matteo-dams/805736/;2024-08-10;1;0.2;0.13;0.0;0.0;-0.0;-0.0;0.0;0.0;-0.0;-0.0;0.0;0.0;-0.0;0.0;0.33
E. van de Blaak;/players/emmanuel-van-de-blaak/700542/;2024-08-10;1;0.0;0.0;0.0;0.0;-0.0;-0.0;0.0;0.0;-0.0;-0.0;0.0;0.0;-0.0;0.0;0.0
N. Schiks;/players/niek-schiks/643502/;2024-08-10;1;0.0;0.0;0.0;0.0;-0.0;-0.0;0.0;0.0;-0.0;-0.0;0.0;0.0;-0.0;0.0;0.0
C. Driouech;/players/couhaib-driouech/632812/;2024-08-10;1;0.0;0.0;0.0;0.0;-0.0;-0.0;0.0;0.0;0.0;-0.0;0.0;0.0;-0.0;0.0;0.0
J. Drommel;/players/joel-drommel/355869/;2024-08-10;1;0.0;0.0;0.0;0.0;-0.0;-0.0;0.0;0.0;-0.0;-0.0;0.0;0.0;-0.0;0.0;0.0
I. Babadi;/players/isaac-babadi/700867/;2024-08-10;1;0.0;0.0;0.0;0.0;-0.0;-0.0;0.0;0.0;0.0;-0.0;0.0;0.0;-0.0;0.0;0.0
T. Land;/players/tygo-land/830551/;2024-08-10;1;0.0;0.0;0.0;0.0;-0.0;-0.0;0.0;0.0;0.0;-0.0;0.0;0.0;-0.0;0.0;0.0
J. Houwen;/players/jeroen-houwen/303254/;2024-08-10;1;3.0;0.0;0.0;0.0;-0.0;-0.0;0.0;0.0;-5.0;-0.0;0.0;0.0;-0.0;0.0;-2.0
A. Meijers;/players/aaron-meijers/59081/;2024-08-10;1;2.57;0.0;0.0;0.0;-0.0;-0.0;0.0;0.0;-4.0;-0.0;0.0;0.0;-0.0;0.0;-1.43
D. Van den Buijs;/players/dario-van-den-buijs/353273/;2024-08-10;1;3.0;0.0;0.0;0.0;-0.0;-0.0;0.0;0.0;-5.0;-0.0;0.0;0.0;-0.0;0.0;-2.0
J. Lelieveld;/players/julian-lelieveld/407738/;2024-08-10;1;3.0;0.0;0.0;0.0;-0.0;-0.0;0.0;0.0;-5.0;-0.0;0.0;0.0;-0.0;0.0;-2.0
R. van Eijma;/players/roshon-van-eijma/539577/;2024-08-10;1;3.0;0.0;0.0;0.0;-0.0;-0.0;0.0;0.0;-5.0;-0.0;0.0;0.0;-0.0;0.0;-2.0
R. van der Venne;/players/richard-van-der-venne/261975/;2024-08-10;1;2.57;0.0;0.0;0.0;-0.0;-0.0;9.0;0.0;0.0;-0.0;0.0;0.0;-0.0;0.0;11.57
G. Roemeratoe;/players/godfried-roemeratoe/426582/;2024-08-10;1;3.0;0.0;0.0;0.0;-0.0;-0.0;0.0;0.0;0.0;-0.0;0.0;0.0;-0.0;0.0;3.0
Y. Oukili;/players/yassin-oukili/567948/;2024-08-10;1;3.0;0.0;0.0;0.0;-0.0;-0.0;0.0;0.0;0.0;-0.0;0.0;0.0;-0.0;0.0;3.0
C. Lokesa;/players/chris-lokesa/847737/;2024-08-10;1;2.03;0.0;0.0;0.0;-0.0;-0.0;0.0;0.0;0.0;-0.0;0.0;0.0;-0.0;0.0;2.03
O. Zawada;/players/oskar-zawada/289870/;2024-08-10;1;3.0;0.0;0.0;0.0;-0.0;-0.0;0.0;0.0;0.0;-0.0;0.0;0.0;-0.0;0.0;3.0
D. Cleonise;/players/denilho-cleonise/642338/;2024-08-10;1;2.03;0.0;0.0;0.0;-0.0;-0.0;0.0;0.0;0.0;-0.0;0.0;0.0;-0.0;0.0;2.03
R. Margaret;/players/richonell-margaret/508815/;2024-08-10;1;0.97;0.0;0.0;0.0;-0.0;-0.0;0.0;0.0;0.0;-0.0;0.0;0.0;-0.0;0.0;0.97
D. Weidmann;/players/daouda-weidmann/782160/;2024-08-10;1;0.97;0.0;0.0;0.0;-0.0;-0.0;0.0;0.0;0.0;-0.0;0.0;0.0;-0.0;0.0;0.97
J. Familia-Castillo;/players/juan-familio-castillo/453849/;2024-08-10;1;0.43;0.0;0.0;0.0;-0.0;-0.0;0.0;0.0;-1.0;-0.0;0.0;0.0;-0.0;0.0;-0.57
R. Niemeijer;/players/reuven-niemeijer/447106/;2024-08-10;1;0.43;0.0;0.0;0.0;-0.0;-0.0;0.0;0.0;0.0;-0.0;0.0;0.0;-0.0;0.0;0.43
M. Kramer;/players/michiel-kramer/19677/;2024-08-10;1;0.0;0.0;0.0;0.0;-0.0;-0.0;0.0;0.0;0.0;-0.0;0.0;0.0;-0.0;0.0;0.0
T. van de Loo;/players/tim-van-de-loo/813111/;2024-08-10;1;0.0;0.0;0.0;0.0;-0.0;-0.0;0.0;0.0;0.0;-0.0;0.0;0.0;-0.0;0.0;0.0
I. Takidine;/players/ilias-takidine/632532/;2024-08-10;1;0.0;0.0;0.0;0.0;-0.0;-0.0;0.0;0.0;0.0;-0.0;0.0;0.0;-0.0;0.0;0.0
L. van Gelderen;/players/liam--van-gelderen/463011/;2024-08-10;1;0.0;0.0;0.0;0.0;-0.0;-0.0;0.0;0.0;-0.0;-0.0;0.0;0.0;-0.0;0.0;0.0
P. Vroegh;/players/patrick-vroegh/457667/;2024-08-10;1;0.0;0.0;0.0;0.0;-0.0;-0.0;0.0;0.0;0.0;-0.0;0.0;0.0;-0.0;0.0;0.0
J. Kesting;/players/joey-kesting/567938/;2024-08-10;1;0.0;0.0;0.0;0.0;-0.0;-0.0;0.0;0.0;-0.0;-0.0;0.0;0.0;-0.0;0.0;0.0
Y. van Osch;/players/van-yanick-osch/319269/;2024-08-10;1;0.0;0.0;0.0;0.0;-0.0;-0.0;0.0;0.0;-0.0;-0.0;0.0;0.0;-0.0;0.0;0.0
L. Plogmann;/players/luca-plogmann/470121/;2024-08-11;1;3.0;0.0;0.0;0.0;-0.0;-0.0;0.0;0.0;-2.0;-0.0;0.0;0.0;-0.0;0.0;1.0
J. Kramer;/players/joris-kramer/402051/;2024-08-11;1;3.0;0.0;0.0;0.0;-0.0;-0.0;0.0;0.0;-2.0;-0.0;0.0;0.0;-0.0;0.0;1.0
M. Deijl;/players/mats-deijl/402457/;2024-08-11;1;3.0;0.0;0.0;0.0;-0.0;-0.0;0.0;0.0;-2.0;-0.0;0.0;0.0;-0.0;0.0;1.0
D. James;/players/dean-ruben--james/537308/;2024-08-11;1;2.83;0.0;0.0;0.0;-0.0;-0.0;0.0;0.0;-2.0;-0.0;0.0;0.0;-0.0;0.0;0.83
J. Amofa;/players/jamal-amofa/668121/;2024-08-11;1;2.63;0.0;0.0;0.0;-0.0;-0.0;0.0;0.0;-2.0;-0.0;0.0;0.0;-0.0;0.0;0.63
E. Linthorst;/players/evert-linthorst/546756/;2024-08-11;1;2.33;0.0;0.0;0.0;-0.0;-0.0;0.0;0.0;0.0;-0.0;0.0;0.0;-0.0;0.0;2.33
C. Twigt;/players/calvin-twigt/669594/;2024-08-11;1;2.63;0.0;0.0;0.0;-2.0;-0.0;0.0;0.0;0.0;-0.0;0.0;0.0;-0.0;0.0;0.63
V. Edvardsen;/players/victor-edvardsen/409168/;2024-08-11;1;3.0;0.0;0.0;0.0;-0.0;-0.0;0.0;0.0;0.0;-0.0;0.0;0.0;-0.0;0.0;3.0
B. Adekanye;/players/bobby-adekanye/427040/;2024-08-11;1;2.63;0.0;0.0;0.0;-0.0;-0.0;0.0;0.0;0.0;-0.0;0.0;0.0;-0.0;0.0;2.63
S. Tengstedt;/players/soren-tengstedt/615917/;2024-08-11;1;3.0;0.0;0.0;0.0;-0.0;-0.0;0.0;0.0;0.0;-0.0;0.0;0.0;-0.0;0.0;3.0
J. Breum;/players/jakob-breum/658739/;2024-08-11;1;3.0;0.0;0.0;0.0;-0.0;-0.0;0.0;0.0;0.0;-0.0;0.0;0.0;-0.0;0.0;3.0
M. Suray;/players/mathis-suray/517358/;2024-08-11;1;0.67;0.0;0.0;0.0;-0.0;-0.0;0.0;0.0;0.0;-0.0;0.0;0.0;-0.0;0.0;0.67
T. Baeten;/players/thibo-baeten/571905/;2024-08-11;1;0.37;0.0;0.0;0.0;-0.0;-0.0;0.0;0.0;0.0;-0.0;0.0;0.0;-0.0;0.0;0.37
F. Stokkers;/players/finn-stokkers/319661/;2024-08-11;1;0.37;0.0;0.0;0.0;-0.0;-0.0;0.0;0.0;0.0;-0.0;0.0;0.0;-0.0;0.0;0.37
E. Llansana;/players/enric-llansana/515466/;2024-08-11;1;0.37;0.0;0.0;0.0;-0.0;-0.0;0.0;0.0;0.0;-0.0;0.0;0.0;-0.0;0.0;0.37
G. Nauber;/players/gerrit-nauber/102528/;2024-08-11;1;0.17;0.0;0.0;0.0;-0.0;-0.0;0.0;0.0;-0.0;-0.0;0.0;0.0;-0.0;0.0;0.17
R. Weijenberg;/players/robbin-weijenberg/857132/;2024-08-11;1;0.0;0.0;0.0;0.0;-0.0;-0.0;0.0;0.0;0.0;-0.0;0.0;0.0;-0.0;0.0;0.0
L. Everink;/players/luca-everink/628510/;2024-08-11;1;0.0;0.0;0.0;0.0;-0.0;-0.0;0.0;0.0;-0.0;-0.0;0.0;0.0;-0.0;0.0;0.0
P. Saathof;/players/pim-saathof/857131/;2024-08-11;1;0.0;0.0;0.0;0.0;-0.0;-0.0;0.0;0.0;-0.0;-0.0;0.0;0.0;-0.0;0.0;0.0
S. Jansen;/players/sven-jansen/421540/;2024-08-11;1;0.0;0.0;0.0;0.0;-0.0;-0.0;0.0;0.0;-0.0;-0.0;0.0;0.0;-0.0;0.0;0.0
N. Verdoni;/players/nando-verdoni/813110/;2024-08-11;1;0.0;0.0;0.0;0.0;-0.0;-0.0;0.0;0.0;-0.0;-0.0;0.0;0.0;-0.0;0.0;0.0
M. Branderhorst;/players/mathijs-branderhorst/175358/;2024-08-11;1;3.0;2.0;0.0;0.0;-0.0;-0.0;0.0;0.0;-0.0;-0.0;12.0;0.0;-0.0;0.0;17.0
Ivo Pinto;/players/ivo-pinto/86672/;2024-08-11;1;3.0;2.0;0.0;0.0;-0.0;-0.0;0.0;0.0;-0.0;-0.0;10.0;0.0;-0.0;0.0;15.0
M. Dijks;/players/mitchel-dijks/219029/;2024-08-11;1;3.0;2.0;0.0;0.0;-0.0;-0.0;0.0;6.0;-0.0;-0.0;10.0;0.0;-0.0;0.0;21.0
Rodrigo Guth;/players/rodrigo-guth/475116/;2024-08-11;1;3.0;2.0;0.0;0.0;-0.0;-0.0;0.0;0.0;-0.0;-0.0;10.0;0.0;-0.0;0.0;15.0
S. Adewoye;/players/shawn-adewoye/618207/;2024-08-11;1;3.0;2.0;0.0;0.0;-0.0;-0.0;0.0;0.0;-0.0;-0.0;10.0;0.0;-0.0;0.0;15.0
A. Halilović;/players/alen-halilovi/270136/;2024-08-11;1;2.83;1.89;0.0;0.0;-0.0;-0.0;9.0;0.0;0.0;-0.0;2.83;0.0;-0.0;0.0;16.56
L. Rosier;/players/lorentz-rosier/456607/;2024-08-11;1;3.0;2.0;0.0;0.0;-2.0;-0.0;0.0;0.0;0.0;-0.0;3.0;0.0;-0.0;0.0;6.0
M. Aïko;/players/makan-aiko/608125/;2024-08-11;1;2.83;1.89;0.0;0.0;-0.0;-0.0;9.0;0.0;0.0;-0.0;2.83;0.0;-0.0;0.0;16.56
R. Fosso;/players/ryan-fosso/637283/;2024-08-11;1;3.0;2.0;0.0;0.0;-0.0;-0.0;0.0;0.0;0.0;-0.0;3.0;0.0;-0.0;0.0;8.0
K. Peterson;/players/kristoffer-peterson/218002/;2024-08-11;1;2.83;1.89;0.0;0.0;-0.0;-0.0;0.0;4.0;0.0;-0.0;0.94;0.0;-0.0;0.0;9.67
J. Mitrović;/players/josip-mitrovi/482602/;2024-08-11;1;2.83;1.89;0.0;0.0;-0.0;-0.0;0.0;0.0;0.0;-0.0;0.94;0.0;-0.0;0.0;5.67
S. van Ottele;/players/syb-van-ottele/525930/;2024-08-11;1;0.17;0.11;0.0;0.0;-0.0;-0.0;0.0;0.0;-0.0;-0.0;0.56;0.0;-0.0;0.0;0.83
D. Grujčić;/players/darijo-grujcic/478384/;2024-08-11;1;0.17;0.11;0.0;0.0;-0.0;-0.0;0.0;0.0;-0.0;-0.0;0.56;0.0;-0.0;0.0;0.83
S. Bastien;/players/samuel-bastien/314097/;2024-08-11;1;0.17;0.11;0.0;0.0;-0.0;-0.0;0.0;0.0;0.0;-0.0;0.17;0.0;-0.0;0.0;0.44
A. Erceg;/players/ante-erceg/137741/;2024-08-11;1;0.17;0.11;0.0;0.0;-0.0;-0.0;0.0;0.0;0.0;-0.0;0.06;0.0;-0.0;0.0;0.33
M. Robberechts;/players/milan-robberechts/789504/;2024-08-11;1;0.0;0.0;0.0;0.0;-0.0;-0.0;0.0;0.0;0.0;-0.0;0.0;0.0;-0.0;0.0;0.0
T. Schenkhuizen;/players/tristan-schenkhuizen/970333/;2024-08-11;1;0.0;0.0;0.0;0.0;-0.0;-0.0;0.0;0.0;0.0;-0.0;0.0;0.0;-0.0;0.0;0.0
L. Tunjić;/players/luka-tunjic/759911/;2024-08-11;1;0.0;0.0;0.0;0.0;-0.0;-0.0;0.0;0.0;0.0;-0.0;0.0;0.0;-0.0;0.0;0.0
S. Hermsen;/players/sjors-lowis-hermsen/968663/;2024-08-11;1;0.0;0.0;0.0;0.0;-0.0;-0.0;0.0;0.0;0.0;-0.0;0.0;0.0;-0.0;0.0;0.0
J. Dahlhaus;/players/jasper-dahlhaus/567944/;2024-08-11;1;0.0;0.0;0.0;0.0;-0.0;-0.0;0.0;0.0;-0.0;-0.0;0.0;0.0;-0.0;0.0;0.0
L. Koopmans;/players/luuk-koopmans/149059/;2024-08-11;1;0.0;0.0;0.0;0.0;-0.0;-0.0;0.0;0.0;-0.0;-0.0;0.0;0.0;-0.0;0.0;0.0
R. Bayram;/players/ramazan-bayram/965960/;2024-08-11;1;0.0;0.0;0.0;0.0;-0.0;-0.0;0.0;0.0;-0.0;-0.0;0.0;0.0;-0.0;0.0;0.0
V. Barkas;/players/vasileios-barkas/272919/;2024-08-11;1;3.0;2.0;0.0;0.0;-0.0;-0.0;0.0;0.0;-0.0;-0.0;12.0;0.0;-0.0;0.0;17.0
N. Viergever;/players/nick--viergever/78529/;2024-08-11;1;3.0;2.0;0.0;0.0;-0.0;-0.0;0.0;0.0;-0.0;-0.0;10.0;0.0;-0.0;0.0;15.0
M. van der Hoorn;/players/mike-van-der-hoorn/190540/;2024-08-11;1;3.0;2.0;0.0;0.0;-0.0;-0.0;0.0;0.0;-0.0;-0.0;10.0;0.0;-0.0;0.0;15.0
S. Horemans;/players/siebe-horemans/399758/;2024-08-11;1;3.0;2.0;0.0;0.0;-0.0;-0.0;0.0;0.0;-0.0;-0.0;10.0;0.0;-0.0;0.0;15.0
S. El Karouani;/players/souffian-elkarouani/537878/;2024-08-11;1;2.63;1.76;0.0;0.0;-0.0;-0.0;0.0;0.0;-0.0;-0.0;8.78;0.0;-0.0;0.0;13.17
J. Toornstra;/players/jens-toornstra/110217/;2024-08-11;1;1.97;1.31;0.0;0.0;-0.0;-0.0;0.0;5.0;0.0;-0.0;1.97;0.0;-0.0;0.0;10.24
P. Aaronson;/players/paxten-aaronson/576828/;2024-08-11;1;3.0;2.0;0.0;0.0;-0.0;-0.0;0.0;0.0;0.0;-0.0;3.0;0.0;-0.0;0.0;8.0
A. Engwanda;/players/alonzo-engwanda/638250/;2024-08-11;1;3.0;2.0;0.0;0.0;-0.0;-0.0;0.0;0.0;0.0;-0.0;3.0;0.0;-0.0;0.0;8.0
Zidane Iqbal;/players/zidane-iqbal/644834/;2024-08-11;1;2.63;1.76;0.0;0.0;-0.0;-0.0;0.0;0.0;0.0;-0.0;2.63;0.0;-0.0;0.0;7.02
O. Romeny;/players/ole-ter-haar-romeny/532140/;2024-08-11;1;2.23;1.49;0.0;0.0;-0.0;-0.0;8.0;0.0;0.0;-0.0;0.74;0.0;-0.0;0.0;12.47
D. Min;/players/david-min/587715/;2024-08-11;1;1.97;1.31;0.0;0.0;-0.0;-0.0;0.0;0.0;0.0;-0.0;0.66;0.0;-0.0;0.0;3.93
V. Jensen;/players/victor-jensen/460509/;2024-08-11;1;1.03;0.69;0.0;0.0;-0.0;-0.0;0.0;0.0;0.0;-0.0;1.03;0.0;-0.0;0.0;2.76
N. Ohio;/players/noah-ohio/571268/;2024-08-11;1;1.03;0.69;0.0;0.0;-0.0;-0.0;0.0;0.0;0.0;-0.0;0.34;0.0;-0.0;0.0;2.07
T. Booth;/players/taylor-booth/441556/;2024-08-11;1;0.77;0.51;0.0;0.0;-0.0;-0.0;0.0;0.0;0.0;-0.0;0.77;0.0;-0.0;0.0;2.04
M. Didden;/players/matisse-didden/541794/;2024-08-11;1;0.37;0.24;0.0;0.0;-0.0;-0.0;0.0;0.0;-0.0;-0.0;1.22;0.0;-0.0;0.0;1.83
C. Bozdoğan;/players/can-bozdogan/529101/;2024-08-11;1;0.37;0.24;0.0;0.0;-0.0;-0.0;0.0;0.0;0.0;-0.0;0.37;0.0;-0.0;0.0;0.98
R. van Hees;/players/rickson-van-hees/632816/;2024-08-11;1;0.0;0.0;0.0;0.0;-0.0;-0.0;0.0;0.0;-0.0;-0.0;0.0;0.0;-0.0;0.0;0.0
A. Blake;/players/adrian-blake/695557/;2024-08-11;1;0.0;0.0;0.0;0.0;-0.0;-0.0;0.0;0.0;0.0;-0.0;0.0;0.0;-0.0;0.0;0.0
J. Mukeh;/players/joshua-mukeh/687903/;2024-08-11;1;0.0;0.0;0.0;0.0;-0.0;-0.0;0.0;0.0;-0.0;-0.0;0.0;0.0;-0.0;0.0;0.0
A. Dithmer;/players/andreas-frederik-dithmer/801435/;2024-08-11;1;0.0;0.0;0.0;0.0;-0.0;-0.0;0.0;0.0;-0.0;-0.0;0.0;0.0;-0.0;0.0;0.0
S. Andersen;/players/silas-andersen/655434/;2024-08-11;1;0.0;0.0;0.0;0.0;-0.0;-0.0;0.0;0.0;0.0;-0.0;0.0;0.0;-0.0;0.0;0.0
T. de Graaff;/players/tom-gerard-de-graaff/783148/;2024-08-11;1;0.0;0.0;0.0;0.0;-0.0;-0.0;0.0;0.0;-0.0;-0.0;0.0;0.0;-0.0;0.0;0.0
A. Descotte;/players/anthony-descotte/638248/;2024-08-11;1;0.0;0.0;0.0;0.0;-0.0;-0.0;0.0;0.0;0.0;-0.0;0.0;0.0;-0.0;0.0;0.0
J. Schendelaar;/players/jasper-schendelaar/454473/;2024-08-11;1;3.0;0.0;0.0;0.0;-0.0;-0.0;0.0;0.0;-1.0;-0.0;0.0;0.0;-0.0;0.0;2.0
T. Lutonda;/players/thierry-lutonda/462568/;2024-08-11;1;3.0;0.0;0.0;0.0;-0.0;-0.0;0.0;0.0;-1.0;-0.0;0.0;0.0;-0.0;0.0;2.0
A. El Azzouzi;/players/anouar-el-azzouzi/567947/;2024-08-11;1;3.0;0.0;0.0;0.0;-0.0;-0.0;0.0;0.0;-1.0;-0.0;0.0;0.0;-0.0;0.0;2.0
A. MacNulty;/players/anselmo-garcia-mcnulty/608607/;2024-08-11;1;3.0;0.0;0.0;0.0;-0.0;-0.0;0.0;0.0;-1.0;-0.0;0.0;0.0;-0.0;0.0;2.0
T. Gooijer;/players/tristan-gooijer/777215/;2024-08-11;1;0.87;0.0;0.0;0.0;-0.0;-0.0;0.0;0.0;-1.0;-0.0;0.0;0.0;-0.0;0.0;-0.13
B. Manu;/players/braydon-marvin-manu/414639/;2024-08-11;1;1.83;0.0;0.0;0.0;-0.0;-0.0;0.0;0.0;0.0;-0.0;0.0;0.0;-0.0;0.0;1.83
O. Velanas;/players/odysseus-velanas/452059/;2024-08-11;1;3.0;0.0;0.0;0.0;-0.0;-0.0;0.0;0.0;0.0;-0.0;0.0;0.0;-0.0;0.0;3.0
D. van den Berg;/players/dave-van-den-berg-/475335/;2024-08-11;1;2.73;0.0;0.0;0.0;-0.0;-0.0;0.0;0.0;0.0;-0.0;0.0;0.0;-0.0;0.0;2.73
F. Krastev;/players/filip-yavorov-krastev/550509/;2024-08-11;1;3.0;0.0;0.0;0.0;-2.0;-0.0;0.0;0.0;0.0;-0.0;0.0;0.0;-0.0;0.0;1.0
E. Reijnders;/players/eliano-reijnders/577288/;2024-08-11;1;3.0;0.0;0.0;0.0;-2.0;-0.0;0.0;0.0;0.0;-0.0;0.0;0.0;-0.0;0.0;1.0
T. Buitink;/players/thomas-buitnik/457668/;2024-08-11;1;2.73;0.0;0.0;0.0;-0.0;-0.0;0.0;0.0;0.0;-0.0;0.0;0.0;-0.0;0.0;2.73
N. Fichtinger;/players/nick-fichtinger/914267/;2024-08-11;1;2.13;0.0;0.0;0.0;-2.0;-0.0;0.0;0.0;0.0;-0.0;0.0;0.0;-0.0;0.0;0.13
D. Mbayo;/players/dylan-mbayo/599681/;2024-08-11;1;1.17;0.0;0.0;0.0;-0.0;-0.0;0.0;0.0;0.0;-0.0;0.0;0.0;-0.0;0.0;1.17
A. Vellios;/players/-vellios/77882/;2024-08-11;1;0.27;0.0;0.0;0.0;-0.0;-0.0;0.0;0.0;0.0;-0.0;0.0;0.0;-0.0;0.0;0.27
K. de Rooij;/players/kaj-de-rooij/539368/;2024-08-11;1;0.27;0.0;0.0;0.0;-0.0;-0.0;0.0;0.0;0.0;-0.0;0.0;0.0;-0.0;0.0;0.27
M. Hauptmeijer;/players/mike-hauptmeijer/321048/;2024-08-11;1;0.0;0.0;0.0;0.0;-0.0;-0.0;0.0;0.0;-0.0;-0.0;0.0;0.0;-0.0;0.0;0.0
A. Fontana;/players/anthony-fontana/448317/;2024-08-11;1;0.0;0.0;0.0;0.0;-0.0;-0.0;0.0;0.0;0.0;-0.0;0.0;0.0;-0.0;0.0;0.0
R. Thomas;/players/ryan-thomas/215382/;2024-08-11;1;0.0;0.0;0.0;0.0;-0.0;-0.0;0.0;0.0;0.0;-0.0;0.0;0.0;-0.0;0.0;0.0
T. Gijselhart;/players/teun-gijselhart/789919/;2024-08-11;1;0.0;0.0;0.0;0.0;-0.0;-0.0;0.0;0.0;0.0;-0.0;0.0;0.0;-0.0;0.0;0.0
K. Vermeer;/players/kenneth-vermeer/2175/;2024-08-11;1;0.0;0.0;0.0;0.0;-0.0;-0.0;0.0;0.0;-0.0;-0.0;0.0;0.0;-0.0;0.0;0.0
M. Oukhattou;/players/mohamed-oukhattou/878072/;2024-08-11;1;0.0;0.0;0.0;0.0;-0.0;-0.0;0.0;0.0;0.0;-0.0;0.0;0.0;-0.0;0.0;0.0
D. van der Haar;/players/damian-van-der-haar/812205/;2024-08-11;1;0.0;0.0;0.0;0.0;-0.0;-0.0;0.0;0.0;-0.0;-0.0;0.0;0.0;-0.0;0.0;0.0
R. Pasveer;/players/remko-pasveer/49689/;2024-08-11;1;3.0;2.0;0.0;0.0;-0.0;-0.0;0.0;0.0;-0.0;-0.0;12.0;0.0;-0.0;0.0;17.0
J. Šutalo;/players/josip-utalo/460387/;2024-08-11;1;3.0;2.0;0.0;0.0;-0.0;-0.0;0.0;0.0;-0.0;-0.0;10.0;0.0;-0.0;0.0;15.0
Y. Baas;/players/youri-baas/638355/;2024-08-11;1;3.0;2.0;0.0;0.0;-0.0;-0.0;0.0;0.0;-0.0;-0.0;10.0;0.0;-0.0;0.0;15.0
A. Gaaei;/players/anton-gaaei/701784/;2024-08-11;1;3.0;2.0;0.0;0.0;-0.0;-0.0;0.0;0.0;-0.0;-0.0;10.0;0.0;-0.0;0.0;15.0
D. Janse;/players/dies-janse/898585/;2024-08-11;1;3.0;2.0;0.0;0.0;-0.0;-0.0;0.0;0.0;-0.0;-0.0;10.0;0.0;-0.0;0.0;15.0
B. van den Boomen;/players/branco-van-den-boomen/215550/;2024-08-11;1;1.93;1.29;0.0;0.0;-0.0;-0.0;0.0;0.0;0.0;-0.0;1.93;0.0;-0.0;0.0;5.16
S. Mannsverk;/players/sivert-heggheim-mannsverk/600718/;2024-08-11;1;3.0;2.0;0.0;0.0;-0.0;-0.0;0.0;0.0;0.0;-0.0;3.0;0.0;-0.0;0.0;8.0
K. Hlynsson;/players/kristian-nokkvi-hlynsson/636342/;2024-08-11;1;2.7;1.8;0.0;0.0;-0.0;-0.0;9.0;0.0;0.0;-0.0;2.7;0.0;-0.0;0.0;16.2
S. Berghuis;/players/steven-berghuis/134080/;2024-08-11;1;1.93;1.29;0.0;0.0;-0.0;-0.0;0.0;0.0;0.0;-0.0;0.64;0.0;-0.0;0.0;3.87
C. Akpom;/players/chuba-akpom/215570/;2024-08-11;1;1.93;1.29;0.0;0.0;-0.0;-0.0;0.0;0.0;0.0;-0.0;0.64;0.0;-0.0;0.0;3.87
M. Godts;/players/mika-marcel-godts/790325/;2024-08-11;1;2.43;1.62;0.0;0.0;-0.0;-0.0;0.0;4.0;0.0;-0.0;0.81;0.0;-0.0;0.0;8.87
Carlos Forbs;/players/carlos-borges/649886/;2024-08-11;1;1.07;0.71;0.0;0.0;-0.0;-0.0;0.0;0.0;0.0;-0.0;0.36;0.0;-0.0;0.0;2.13
K. Taylor;/players/kenneth-taylor/508784/;2024-08-11;1;1.07;0.71;0.0;0.0;-0.0;-0.0;0.0;0.0;0.0;-0.0;1.07;0.0;-0.0;0.0;2.84
B. Traoré;/players/bertrand-traore/102801/;2024-08-11;1;1.07;0.71;0.0;0.0;-0.0;-0.0;0.0;0.0;0.0;-0.0;0.36;0.0;-0.0;0.0;2.13
J. Henderson;/players/jordan-henderson/48010/;2024-08-11;1;0.57;0.38;0.0;0.0;-0.0;-0.0;0.0;0.0;0.0;-0.0;0.57;0.0;-0.0;0.0;1.51
B. Brobbey;/players/brian-brobbey/520146/;2024-08-11;1;0.3;0.2;0.0;0.0;-0.0;-0.0;0.0;0.0;0.0;-0.0;0.1;0.0;-0.0;0.0;0.6
J. Gorter;/players/jay-gorter/477600/;2024-08-11;1;0.0;0.0;0.0;0.0;-0.0;-0.0;0.0;0.0;-0.0;-0.0;0.0;0.0;-0.0;0.0;0.0
J. Medić;/players/jakov-medi/475230/;2024-08-11;1;0.0;0.0;0.0;0.0;-0.0;-0.0;0.0;0.0;-0.0;-0.0;0.0;0.0;-0.0;0.0;0.0
D. Rensch;/players/devyne-rensch/601396/;2024-08-11;1;0.0;0.0;0.0;0.0;-0.0;-0.0;0.0;0.0;-0.0;-0.0;0.0;0.0;-0.0;0.0;0.0
J. Rijkhoff;/players/julian-rijkhoff/721775/;2024-08-11;1;0.0;0.0;0.0;0.0;-0.0;-0.0;0.0;0.0;0.0;-0.0;0.0;0.0;-0.0;0.0;0.0
J. Hato;/players/jorrel-hato/783173/;2024-08-11;1;0.0;0.0;0.0;0.0;-0.0;-0.0;0.0;0.0;-0.0;-0.0;0.0;0.0;-0.0;0.0;0.0
K. Fitz-Jim;/players/kian-fitz-jim/591724/;2024-08-11;1;0.0;0.0;0.0;0.0;-0.0;-0.0;0.0;0.0;0.0;-0.0;0.0;0.0;-0.0;0.0;0.0
D. Ramaj;/players/diant-ramaj/562543/;2024-08-11;1;0.0;0.0;0.0;0.0;-0.0;-0.0;0.0;0.0;-0.0;-0.0;0.0;0.0;-0.0;0.0;0.0
M. van der Hart;/players/mickey-van-der-hart/218009/;2024-08-11;1;3.0;0.0;0.0;0.0;-0.0;-0.0;0.0;0.0;-1.0;-0.0;0.0;0.0;-0.0;0.0;2.0
P. Bochniewicz;/players/pawe-bochniewicz/273911/;2024-08-11;1;3.0;0.0;0.0;0.0;-2.0;-0.0;0.0;0.0;-1.0;-0.0;0.0;0.0;-0.0;0.0;0.0
M. Köhlert;/players/mats-kohlert/400423/;2024-08-11;1;3.0;0.0;0.0;0.0;-0.0;-0.0;0.0;0.0;-1.0;-0.0;0.0;0.0;-0.0;0.0;2.0
S. Kersten;/players/sam-kersten/453644/;2024-08-11;1;3.0;0.0;0.0;0.0;-0.0;-0.0;0.0;0.0;-1.0;-0.0;0.0;0.0;-0.0;0.0;2.0
D. Hall;/players/denzel-hall/508910/;2024-08-11;1;2.33;0.0;0.0;0.0;-0.0;-0.0;0.0;0.0;-1.0;-0.0;0.0;0.0;-0.0;0.0;1.33
L. Brouwers;/players/luuk-brouwers/402458/;2024-08-11;1;3.0;0.0;0.0;0.0;-0.0;-0.0;0.0;0.0;0.0;-0.0;0.0;0.0;-0.0;0.0;3.0
S. Olsson;/players/simon-olsson/423888/;2024-08-11;1;3.0;0.0;0.0;0.0;-0.0;-0.0;0.0;0.0;0.0;-0.0;0.0;0.0;-0.0;0.0;3.0
E. van Ee;/players/espen-van-ee/921919/;2024-08-11;1;2.67;0.0;0.0;0.0;-0.0;-0.0;0.0;0.0;0.0;-0.0;0.0;0.0;-0.0;0.0;2.67
Danilo Al Saed;/players/danilo-al-saed/530444/;2024-08-11;1;2.67;0.0;0.0;0.0;-0.0;-0.0;0.0;0.0;0.0;-0.0;0.0;0.0;-0.0;0.0;2.67
D. Karlsbakk;/players/daniel-seland-karlsbakk/629619/;2024-08-11;1;1.53;0.0;0.0;0.0;-0.0;-0.0;0.0;0.0;0.0;-0.0;0.0;0.0;-0.0;0.0;1.53
I. Sebaoui;/players/ilias-sebaoui/797954/;2024-08-11;1;2.07;0.0;0.0;0.0;-0.0;-0.0;0.0;0.0;0.0;-0.0;0.0;0.0;-0.0;0.0;2.07
I. Nicolăescu;/players/ion-nicolescu/446191/;2024-08-11;1;1.47;0.0;0.0;0.0;-0.0;-0.0;0.0;0.0;0.0;-0.0;0.0;0.0;-0.0;0.0;1.47
J. Trenskow;/players/jacob-trenskow/672937/;2024-08-11;1;0.93;0.0;0.0;0.0;-0.0;-0.0;0.0;0.0;0.0;-0.0;0.0;0.0;-0.0;0.0;0.93
O. Braude;/players/oliver-johansen-braude/794018/;2024-08-11;1;0.67;0.0;0.0;0.0;-2.0;-0.0;0.0;0.0;-0.0;-0.0;0.0;0.0;-0.0;0.0;-1.33
L. Smans;/players/levi-smans/757104/;2024-08-11;1;0.33;0.0;0.0;0.0;-0.0;-0.0;0.0;0.0;0.0;-0.0;0.0;0.0;-0.0;0.0;0.33
D. Rallis;/players/dimitris-rallis/982464/;2024-08-11;1;;;;;;;;;;;;;;;0.0
B. Klaverboer;/players/bernt-klaverboer/645513/;2024-08-11;1;0.0;0.0;0.0;0.0;-0.0;-0.0;0.0;0.0;-0.0;-0.0;0.0;0.0;-0.0;0.0;0.0
I. Ahmed;/players/isaiah-ahmed/982466/;2024-08-11;1;0.0;0.0;0.0;0.0;-0.0;-0.0;0.0;0.0;0.0;-0.0;0.0;0.0;-0.0;0.0;0.0
A. Noppert;/players/andries-noppert/300862/;2024-08-11;1;0.0;0.0;0.0;0.0;-0.0;-0.0;0.0;0.0;-0.0;-0.0;0.0;0.0;-0.0;0.0;0.0
T. Oostra;/players/ties-oostra/982465/;2024-08-11;1;;;;;;;;;;;;;;;0.0
Hussein Ali;/players/hussein-ali/573309/;2024-08-11;1;0.0;0.0;0.0;0.0;-0.0;-0.0;0.0;0.0;-0.0;-0.0;0.0;0.0;-0.0;0.0;0.0
N. Olij;/players/nick-olij/235322/;2024-08-11;1;3.0;0.0;1.0;0.0;-0.0;-0.0;0.0;0.0;-0.0;-0.0;12.0;0.0;-0.0;0.0;16.0
B. Reith;/players/boyd-reith/427038/;2024-08-11;1;3.0;0.0;1.0;0.0;-0.0;-0.0;0.0;0.0;-0.0;-0.0;10.0;0.0;-0.0;0.0;14.0
M. Eerdhuijzen;/players/mike--eerdhuijzen/537301/;2024-08-11;1;2.33;0.0;0.78;0.0;-0.0;-0.0;0.0;0.0;-0.0;-0.0;7.78;0.0;-0.0;0.0;10.89
T. Quintero;/players/teo-quintero/565562/;2024-08-11;1;3.0;0.0;1.0;0.0;-0.0;-0.0;0.0;0.0;-0.0;-0.0;10.0;0.0;-0.0;0.0;14.0
D. van der Kust;/players/djevencio-van-der-kust/569309/;2024-08-11;1;3.0;0.0;1.0;0.0;-0.0;-0.0;0.0;0.0;-0.0;-0.0;10.0;0.0;-0.0;0.0;14.0
A. Verschueren;/players/arno-vershueren/319385/;2024-08-11;1;2.7;0.0;0.9;0.0;-0.0;-0.0;0.0;0.0;0.0;-0.0;2.7;0.0;-0.0;0.0;6.3
P. Clement;/players/pelle-clement/379793/;2024-08-11;1;3.0;0.0;1.0;0.0;-0.0;-0.0;0.0;0.0;0.0;-0.0;3.0;0.0;-0.0;0.0;7.0
M. Nassoh;/players/mohamed-nassoh/680659/;2024-08-11;1;3.0;0.0;1.0;0.0;-0.0;-0.0;0.0;0.0;0.0;-0.0;3.0;0.0;-0.0;0.0;7.0
Metinho;/players/abemly-meto-silu/691959/;2024-08-11;1;1.83;0.0;0.61;0.0;-2.0;-0.0;0.0;0.0;0.0;-0.0;1.83;0.0;-0.0;0.0;2.28
T. Lauritsen;/players/tobias-lauritsen/406745/;2024-08-11;1;2.33;0.0;0.78;0.0;-0.0;-0.0;0.0;0.0;0.0;-0.0;0.78;0.0;-0.0;0.0;3.89
S. Mito;/players/shunsuke-mito/640252/;2024-08-11;1;2.33;0.0;0.78;0.0;-0.0;-0.0;0.0;0.0;0.0;-0.0;0.78;0.0;-0.0;0.0;3.89
J. de Guzmán;/players/jonathan-alexander-de-guzman/2259/;2024-08-11;1;1.17;0.0;0.39;0.0;-0.0;-0.0;0.0;0.0;0.0;-0.0;1.17;0.0;-0.0;0.0;2.72
C. Brym;/players/charles-andreas-brym/538704/;2024-08-11;1;0.67;0.0;0.22;0.0;-0.0;-0.0;0.0;0.0;0.0;-0.0;0.22;0.0;-0.0;0.0;1.11
C. Neghli;/players/camiel-neghli/680707/;2024-08-11;1;0.67;0.0;0.22;0.0;-0.0;-0.0;0.0;0.0;0.0;-0.0;0.22;0.0;-0.0;0.0;1.11
R. Meissen;/players/rick-meissen/571955/;2024-08-11;1;0.67;0.0;0.22;0.0;-0.0;-0.0;0.0;0.0;-0.0;-0.0;2.22;0.0;-0.0;0.0;3.11
J. Kitolano;/players/joshua-gaston-kitolano/517475/;2024-08-11;1;0.3;0.0;0.1;0.0;-0.0;-0.0;0.0;0.0;0.0;-0.0;0.3;0.0;-0.0;0.0;0.7
J. Baas;/players/julian-baas/663406/;2024-08-11;1;0.0;0.0;0.0;0.0;-0.0;-0.0;0.0;0.0;0.0;-0.0;0.0;0.0;-0.0;0.0;0.0
M. Kleijn;/players/mike-kleijn/778111/;2024-08-11;1;0.0;0.0;0.0;0.0;-0.0;-0.0;0.0;0.0;-0.0;-0.0;0.0;0.0;-0.0;0.0;0.0
K. Reitmaier;/players/kaylen-jermaine-danny-reitmaier/674708/;2024-08-11;1;0.0;0.0;0.0;0.0;-0.0;-0.0;0.0;0.0;-0.0;-0.0;0.0;0.0;-0.0;0.0;0.0
M. Young;/players/marvin-young/890667/;2024-08-11;1;0.0;0.0;0.0;0.0;-0.0;-0.0;0.0;0.0;-0.0;-0.0;0.0;0.0;-0.0;0.0;0.0
Y. Schoonderwaldt;/players/youri-youri-schoonderwaldt/537694/;2024-08-11;1;0.0;0.0;0.0;0.0;-0.0;-0.0;0.0;0.0;-0.0;-0.0;0.0;0.0;-0.0;0.0;0.0
R. Rosario;/players/rayvien-rosario/821748/;2024-08-11;1;0.0;0.0;0.0;0.0;-0.0;-0.0;0.0;0.0;0.0;-0.0;0.0;0.0;-0.0;0.0;0.0
S. Bakari;/players/said-bakari/325391/;2024-08-11;1;0.0;0.0;0.0;0.0;-0.0;-0.0;0.0;0.0;-0.0;-0.0;0.0;0.0;-0.0;0.0;0.0
F. de Keijzer;/players/fabian-de-keijzer/463695/;2024-08-11;1;3.0;0.0;1.0;0.0;-0.0;-0.0;0.0;0.0;-0.0;-0.0;12.0;0.0;-0.0;0.0;16.0
D. Mirani;/players/damon-mirani/289811/;2024-08-11;1;3.0;0.0;1.0;0.0;-0.0;-0.0;0.0;0.0;-0.0;-0.0;10.0;0.0;-0.0;0.0;14.0
I. Mesík;/players/ivan-mesik/513503/;2024-08-11;1;3.0;0.0;1.0;0.0;-0.0;-0.0;0.0;0.0;-0.0;-0.0;10.0;0.0;-0.0;0.0;14.0
M. Benita;/players/mimeirhel-benita/645525/;2024-08-11;1;3.0;0.0;1.0;0.0;-0.0;-0.0;0.0;0.0;-0.0;-0.0;10.0;0.0;-0.0;0.0;14.0
L. Milani;/players/lorenzo-milani/664147/;2024-08-11;1;0.83;0.0;0.28;0.0;-0.0;-0.0;0.0;0.0;-0.0;-0.0;2.78;0.0;-0.0;0.0;3.89
M. Engels;/players/mario-engels/243044/;2024-08-11;1;3.0;0.0;1.0;0.0;-0.0;-0.0;0.0;0.0;0.0;-0.0;3.0;0.0;-0.0;0.0;7.0
D. van Kaam;/players/daniel-van-kaam/477595/;2024-08-11;1;2.77;0.0;0.92;0.0;-0.0;-0.0;0.0;0.0;0.0;-0.0;2.77;0.0;-0.0;0.0;6.46
B. De Keersmaecker;/players/brian-de-keersmaecker/605558/;2024-08-11;1;3.0;0.0;1.0;0.0;-0.0;-0.0;0.0;0.0;0.0;-0.0;3.0;0.0;-0.0;0.0;7.0
S. ’t Zand;/players/shiloh-t-zand/824640/;2024-08-11;1;3.0;0.0;1.0;0.0;-2.0;-0.0;0.0;0.0;0.0;-0.0;3.0;0.0;-0.0;0.0;5.0
B. Limbombe;/players/bryan-limbombe/632518/;2024-08-11;1;3.0;0.0;1.0;0.0;-0.0;-0.0;0.0;0.0;0.0;-0.0;1.0;0.0;-0.0;0.0;5.0
J. Talvitie;/players/juho-talvitie/701365/;2024-08-11;1;2.77;0.0;0.92;0.0;-0.0;-0.0;0.0;0.0;0.0;-0.0;0.92;0.0;-0.0;0.0;4.61
J. Wieckhoff;/players/jannes-luca-wieckhoff/497167/;2024-08-11;1;2.17;0.0;0.72;0.0;-0.0;-0.0;0.0;0.0;-0.0;-0.0;7.22;0.0;-0.0;0.0;10.11
S. Scheperman for S. ’t Zand 65';/players/sem-scheperman/641190/;2024-08-11;1;0.0;0.0;0.0;0.0;-0.0;-0.0;0.0;0.0;0.0;-0.0;0.0;0.0;-0.0;0.0;0.0
T. Bruns;/players/thomas-bruns/168503/;2024-08-11;1;0.23;0.0;0.08;0.0;-0.0;-0.0;0.0;0.0;0.0;-0.0;0.23;0.0;-0.0;0.0;0.54
G. Sambo;/players/giandro-alejandro-sambo/892464/;2024-08-11;1;0.23;0.0;0.08;0.0;-0.0;-0.0;0.0;0.0;0.0;-0.0;0.23;0.0;-0.0;0.0;0.54
J. Tijink;/players/jop-tijink/970328/;2024-08-11;1;0.0;0.0;0.0;0.0;-0.0;-0.0;0.0;0.0;-0.0;-0.0;0.0;0.0;-0.0;0.0;0.0
R. Mantel;/players/robin-mantel/502712/;2024-08-11;1;0.0;0.0;0.0;0.0;-0.0;-0.0;0.0;0.0;-0.0;-0.0;0.0;0.0;-0.0;0.0;0.0
T. Codinha;/players/tiago-codinha/982441/;2024-08-11;1;0.0;0.0;0.0;0.0;-0.0;-0.0;0.0;0.0;0.0;-0.0;0.0;0.0;-0.0;0.0;0.0
J. Bruijn;/players/jordy-bruijn/314251/;2024-08-11;1;0.0;0.0;0.0;0.0;-0.0;-0.0;0.0;0.0;0.0;-0.0;0.0;0.0;-0.0;0.0;0.0
A. Satriano;/players/antonio-satriano/688357/;2024-08-11;1;0.0;0.0;0.0;0.0;-0.0;-0.0;0.0;0.0;0.0;-0.0;0.0;0.0;-0.0;0.0;0.0
T. Jansink;/players/timo-jansink/632823/;2024-08-11;1;0.0;0.0;0.0;0.0;-0.0;-0.0;0.0;0.0;-0.0;-0.0;0.0;0.0;-0.0;0.0;0.0
M. Branderhorst;/players/mathijs-branderhorst/175358/;2024-08-16;2;3.0;2.0;0.0;0.0;-0.0;-0.0;0.0;0.0;-0.0;-0.0;12.0;0.0;-0.0;0.0;17.0
Ivo Pinto;/players/ivo-pinto/86672/;2024-08-16;2;3.0;2.0;0.0;0.0;-0.0;-0.0;0.0;0.0;-0.0;-0.0;10.0;0.0;-0.0;0.0;15.0
M. Dijks;/players/mitchel-dijks/219029/;2024-08-16;2;3.0;2.0;0.0;0.0;-0.0;-0.0;0.0;6.0;-0.0;-0.0;10.0;0.0;-0.0;0.0;21.0
Rodrigo Guth;/players/rodrigo-guth/475116/;2024-08-16;2;3.0;2.0;0.0;0.0;-0.0;-0.0;0.0;0.0;-0.0;-0.0;10.0;0.0;-0.0;0.0;15.0
S. Adewoye;/players/shawn-adewoye/618207/;2024-08-16;2;3.0;2.0;0.0;0.0;-0.0;-0.0;0.0;0.0;-0.0;-0.0;10.0;0.0;-0.0;0.0;15.0
A. Halilović;/players/alen-halilovi/270136/;2024-08-16;2;2.53;1.69;0.0;0.0;-0.0;-0.0;9.0;0.0;0.0;-0.0;2.53;0.0;-0.0;0.0;15.76
L. Rosier;/players/lorentz-rosier/456607/;2024-08-16;2;2.87;1.91;0.0;0.0;-0.0;-0.0;0.0;5.0;0.0;-0.0;2.87;0.0;-0.0;0.0;12.64
M. Aïko;/players/makan-aiko/608125/;2024-08-16;2;3.0;2.0;0.0;0.0;-2.0;-0.0;0.0;0.0;0.0;-0.0;3.0;0.0;-0.0;0.0;6.0
R. Fosso;/players/ryan-fosso/637283/;2024-08-16;2;3.0;2.0;0.0;0.0;-0.0;-0.0;0.0;0.0;0.0;-0.0;3.0;0.0;-0.0;0.0;8.0
K. Peterson;/players/kristoffer-peterson/218002/;2024-08-16;2;2.87;1.91;0.0;0.0;-0.0;-0.0;8.0;0.0;0.0;-0.0;0.96;0.0;-0.0;0.0;13.73
J. Mitrović;/players/josip-mitrovi/482602/;2024-08-16;2;2.53;1.69;0.0;0.0;-0.0;-0.0;8.0;0.0;0.0;-0.0;0.84;0.0;-0.0;0.0;13.07
A. Erceg;/players/ante-erceg/137741/;2024-08-16;2;0.47;0.31;0.0;0.0;-0.0;-0.0;0.0;0.0;0.0;-0.0;0.16;0.0;-0.0;0.0;0.93
S. Bastien;/players/samuel-bastien/314097/;2024-08-16;2;0.47;0.31;0.0;0.0;-0.0;-0.0;0.0;0.0;0.0;-0.0;0.47;0.0;-0.0;0.0;1.24
D. Grujčić;/players/darijo-grujcic/478384/;2024-08-16;2;0.13;0.09;0.0;0.0;-0.0;-0.0;0.0;0.0;-0.0;-0.0;0.44;0.0;-0.0;0.0;0.67
S. van Ottele;/players/syb-van-ottele/525930/;2024-08-16;2;0.13;0.09;0.0;0.0;-2.0;-0.0;0.0;0.0;-0.0;-0.0;0.44;0.0;-0.0;0.0;-1.33
L. Tunjić;/players/luka-tunjic/759911/;2024-08-16;2;0.0;0.0;0.0;0.0;-0.0;-0.0;0.0;0.0;0.0;-0.0;0.0;0.0;-0.0;0.0;0.0
S. Hermsen;/players/sjors-lowis-hermsen/968663/;2024-08-16;2;0.0;0.0;0.0;0.0;-0.0;-0.0;0.0;0.0;0.0;-0.0;0.0;0.0;-0.0;0.0;0.0
J. Dahlhaus;/players/jasper-dahlhaus/567944/;2024-08-16;2;0.0;0.0;0.0;0.0;-0.0;-0.0;0.0;0.0;-0.0;-0.0;0.0;0.0;-0.0;0.0;0.0
M. Robberechts;/players/milan-robberechts/789504/;2024-08-16;2;0.0;0.0;0.0;0.0;-0.0;-0.0;0.0;0.0;0.0;-0.0;0.0;0.0;-0.0;0.0;0.0
L. Koopmans;/players/luuk-koopmans/149059/;2024-08-16;2;0.0;0.0;0.0;0.0;-0.0;-0.0;0.0;0.0;-0.0;-0.0;0.0;0.0;-0.0;0.0;0.0
T. Schenkhuizen;/players/tristan-schenkhuizen/970333/;2024-08-16;2;0.0;0.0;0.0;0.0;-0.0;-0.0;0.0;0.0;0.0;-0.0;0.0;0.0;-0.0;0.0;0.0
R. Bayram;/players/ramazan-bayram/965960/;2024-08-16;2;0.0;0.0;0.0;0.0;-0.0;-0.0;0.0;0.0;-0.0;-0.0;0.0;0.0;-0.0;0.0;0.0
N. Bakker;/players/nordin-bakker/563909/;2024-08-16;2;3.0;0.0;0.0;0.0;-0.0;-0.0;0.0;0.0;-3.0;-0.0;0.0;0.0;-0.0;0.0;0.0
S. Floranus;/players/sherel-floranus/385271/;2024-08-16;2;3.0;0.0;0.0;0.0;-2.0;-0.0;0.0;0.0;-3.0;-0.0;0.0;0.0;-0.0;0.0;-2.0
J. Jacobs;/players/joey-jacobs/537705/;2024-08-16;2;3.0;0.0;0.0;0.0;-0.0;-0.0;0.0;0.0;-3.0;-0.0;0.0;0.0;-0.0;0.0;0.0
H. Akujobi;/players/hamdi-akujobi/567599/;2024-08-16;2;3.0;0.0;0.0;0.0;-0.0;-0.0;0.0;0.0;-3.0;-0.0;0.0;0.0;-0.0;0.0;0.0
V. Zagaritis;/players/vasilios-zagaritis/617928/;2024-08-16;2;3.0;0.0;0.0;0.0;-0.0;-0.0;0.0;0.0;-3.0;-0.0;0.0;0.0;-0.0;0.0;0.0
A. Nalić;/players/adi-nalic/459631/;2024-08-16;2;2.63;0.0;0.0;0.0;-0.0;-0.0;0.0;0.0;0.0;-0.0;0.0;0.0;-0.0;0.0;2.63
Álex Balboa;/players/alex-balboa-bandeira/627655/;2024-08-16;2;2.63;0.0;0.0;0.0;-0.0;-0.0;0.0;0.0;0.0;-0.0;0.0;0.0;-0.0;0.0;2.63
S. Resink;/players/stije-resink/681459/;2024-08-16;2;3.0;0.0;0.0;0.0;-0.0;-0.0;0.0;0.0;0.0;-0.0;0.0;0.0;-0.0;0.0;3.0
J. Ritmeester van de Kamp;/players/jochem-ritmeester-van-de-kamp/801840/;2024-08-16;2;1.77;0.0;0.0;0.0;-0.0;-0.0;0.0;0.0;0.0;-0.0;0.0;0.0;-0.0;0.0;1.77
T. Robinet;/players/thomas-robinet/312659/;2024-08-16;2;0.37;0.0;0.0;0.0;-0.0;-0.0;0.0;0.0;0.0;-0.0;0.0;0.0;-0.0;0.0;0.37
K. Hansen;/players/kornelius-normann-hansen/496125/;2024-08-16;2;3.0;0.0;0.0;0.0;-0.0;-0.0;0.0;0.0;0.0;-0.0;0.0;0.0;-0.0;0.0;3.0
E. Poku;/players/emanuel-poku/935872/;2024-08-16;2;2.63;0.0;0.0;0.0;-2.0;-0.0;0.0;0.0;0.0;-0.0;0.0;0.0;-0.0;0.0;0.63
C. Mamengi;/players/christopher-mamengi/540620/;2024-08-16;2;1.23;0.0;0.0;0.0;-2.0;-0.0;0.0;0.0;-2.0;-0.0;0.0;0.0;-0.0;0.0;-2.77
F. Mattoir;/players/faiz-mattoir/547050/;2024-08-16;2;0.37;0.0;0.0;0.0;-0.0;-0.0;0.0;0.0;0.0;-0.0;0.0;0.0;-0.0;0.0;0.37
Àlex Carbonell;/players/alejandro-carbonell/316438/;2024-08-16;2;0.37;0.0;0.0;0.0;-0.0;-0.0;0.0;0.0;0.0;-0.0;0.0;0.0;-0.0;0.0;0.37
M. Dors;/players/marley-dors/923158/;2024-08-16;2;0.0;0.0;0.0;0.0;-0.0;-0.0;0.0;0.0;0.0;-0.0;0.0;0.0;-0.0;0.0;0.0
J. Pinas;/players/jaden-pinas/845490/;2024-08-16;2;0.0;0.0;0.0;0.0;-0.0;-0.0;0.0;0.0;-0.0;-0.0;0.0;0.0;-0.0;0.0;0.0
L. Delaurier-Chaubet;/players/logan-delaurier-chaubet/626512/;2024-08-16;2;0.0;0.0;0.0;0.0;-0.0;-0.0;0.0;0.0;0.0;-0.0;0.0;0.0;-0.0;0.0;0.0
J. Wendlinger;/players/jonas-wendlinger/469451/;2024-08-16;2;0.0;0.0;0.0;0.0;-0.0;-0.0;0.0;0.0;-0.0;-0.0;0.0;0.0;-0.0;0.0;0.0
J. Puriël;/players/germain-puriel/633104/;2024-08-16;2;0.0;0.0;0.0;0.0;-0.0;-0.0;0.0;0.0;0.0;-0.0;0.0;0.0;-0.0;0.0;0.0
J. van der Wilt;/players/joel-van-der-wilt/771874/;2024-08-16;2;0.0;0.0;0.0;0.0;-0.0;-0.0;0.0;0.0;-0.0;-0.0;0.0;0.0;-0.0;0.0;0.0
R. Owusu-Oduro;/players/rome-jayden-owusu-oduro/789860/;2024-08-17;2;3.0;2.0;0.0;0.0;-0.0;-0.0;0.0;0.0;-0.0;-0.0;12.0;0.0;-0.0;0.0;17.0
Alexandre Penetra;/players/alexandre-manuel-penetra-correia/572102/;2024-08-17;2;3.0;2.0;0.0;0.0;-0.0;-0.0;0.0;0.0;-0.0;-0.0;10.0;0.0;-0.0;0.0;15.0
D. Møller Wolfe;/players/david-moller-wolfe/603294/;2024-08-17;2;3.0;2.0;0.0;0.0;-2.0;-0.0;0.0;0.0;-0.0;-0.0;10.0;0.0;-0.0;0.0;13.0
S. Maikuma;/players/seiya-maikuma/651537/;2024-08-17;2;3.0;2.0;0.0;0.0;-0.0;-0.0;0.0;0.0;-0.0;-0.0;10.0;0.0;-0.0;0.0;15.0
W. Goes;/players/wouter-goes/777233/;2024-08-17;2;3.0;2.0;0.0;0.0;-0.0;-0.0;0.0;0.0;-0.0;-0.0;10.0;0.0;-0.0;0.0;15.0
J. Clasie;/players/jordy-clasie/134078/;2024-08-17;2;3.0;2.0;0.0;0.0;-0.0;-0.0;0.0;0.0;0.0;-0.0;3.0;0.0;-0.0;0.0;8.0
P. Koopmeiners;/players/peer-koopmeiners/533281/;2024-08-17;2;2.57;1.71;0.0;0.0;-0.0;-0.0;0.0;0.0;0.0;-0.0;2.57;0.0;-0.0;0.0;6.84
S. Mijnans;/players/sven-mijnans/566000/;2024-08-17;2;2.6;1.73;0.0;0.0;-0.0;-0.0;9.0;0.0;0.0;-0.0;2.6;0.0;-0.0;0.0;15.93
I. Sadiq;/players/ibrahim-sadiq/513977/;2024-08-17;2;3.0;2.0;0.0;0.0;-0.0;-0.0;0.0;0.0;0.0;-0.0;1.0;0.0;-0.0;0.0;6.0
T. Parrott;/players/troy-parrot/515624/;2024-08-17;2;3.0;2.0;0.0;0.0;-0.0;-0.0;0.0;0.0;0.0;-0.0;1.0;0.0;-0.0;0.0;6.0
M. van Brederode;/players/myron-van-brederode/638358/;2024-08-17;2;2.0;1.33;0.0;0.0;-0.0;-0.0;0.0;0.0;0.0;-0.0;0.67;0.0;-0.0;0.0;4.0
R. van Bommel;/players/ruben-van-bommel/834074/;2024-08-17;2;1.0;0.67;0.0;0.0;-0.0;-0.0;0.0;0.0;0.0;-0.0;0.33;0.0;-0.0;0.0;2.0
K. Belić;/players/kristijan-belic/453868/;2024-08-17;2;0.43;0.29;0.0;0.0;-0.0;-0.0;0.0;0.0;0.0;-0.0;0.43;0.0;-0.0;0.0;1.16
Z. Buurmeester;/players/zico-buurmeester/627669/;2024-08-17;2;0.4;0.27;0.0;0.0;-0.0;-0.0;0.0;0.0;0.0;-0.0;0.4;0.0;-0.0;0.0;1.07
R. Bazoer;/players/riechedly-bazoer/218161/;2024-08-17;2;0.07;0.04;0.0;0.0;-2.0;-0.0;0.0;0.0;-0.0;-0.0;0.22;0.0;-0.0;0.0;-1.67
M. Meerdink;/players/mexx-meerdink/796451/;2024-08-17;2;0.0;0.0;0.0;0.0;-0.0;-0.0;0.0;0.0;0.0;-0.0;0.0;0.0;-0.0;0.0;0.0
D. Kasius;/players/denso-kasius/569311/;2024-08-17;2;0.0;0.0;0.0;0.0;-0.0;-0.0;0.0;0.0;-0.0;-0.0;0.0;0.0;-0.0;0.0;0.0
E. Poku;/players/ernest-poku/700544/;2024-08-17;2;0.0;0.0;0.0;0.0;-0.0;-0.0;0.0;0.0;0.0;-0.0;0.0;0.0;-0.0;0.0;0.0
L. Zeefuik;/players/lequincio-zeefuik/699766/;2024-08-17;2;0.0;0.0;0.0;0.0;-0.0;-0.0;0.0;0.0;0.0;-0.0;0.0;0.0;-0.0;0.0;0.0
J. Addai;/players/jayden-addai/789997/;2024-08-17;2;0.0;0.0;0.0;0.0;-0.0;-0.0;0.0;0.0;0.0;-0.0;0.0;0.0;-0.0;0.0;0.0
H. Verhulst;/players/hobie-verhulst/138446/;2024-08-17;2;0.0;0.0;0.0;0.0;-0.0;-0.0;0.0;0.0;-0.0;-0.0;0.0;0.0;-0.0;0.0;0.0
D. Deen;/players/daniel-deen/670179/;2024-08-17;2;0.0;0.0;0.0;0.0;-0.0;-0.0;0.0;0.0;-0.0;-0.0;0.0;0.0;-0.0;0.0;0.0
R. Roefs;/players/robin-roefs/636190/;2024-08-17;2;3.0;0.0;0.0;0.0;-0.0;-0.0;0.0;0.0;-1.0;-0.0;0.0;0.0;-0.0;0.0;2.0
B. Nuytinck;/players/bram-nuytinck/86442/;2024-08-17;2;3.0;0.0;0.0;0.0;-0.0;-0.0;0.0;0.0;-1.0;-0.0;0.0;0.0;-0.0;0.0;2.0
C. Verdonk;/players/calvin-verdonk/319288/;2024-08-17;2;3.0;0.0;0.0;0.0;-0.0;-0.0;0.0;0.0;-1.0;-0.0;0.0;0.0;-0.0;0.0;2.0
Iván Márquez;/players/ivan-marquez-alvarez/352663/;2024-08-17;2;3.0;0.0;0.0;0.0;-2.0;-0.0;0.0;0.0;-1.0;-0.0;0.0;0.0;-0.0;0.0;0.0
B. van Rooij;/players/bart-van-rooij/557859/;2024-08-17;2;2.93;0.0;0.0;0.0;-0.0;-0.0;0.0;0.0;-1.0;-0.0;0.0;0.0;-0.0;0.0;1.93
M. Hoedemakers;/players/mees-hoedemakers/465082/;2024-08-17;2;2.8;0.0;0.0;0.0;-2.0;-0.0;0.0;0.0;0.0;-0.0;0.0;0.0;-0.0;0.0;0.8
Róber;/players/roberto-gonzalez-bayon/500171/;2024-08-17;2;2.57;0.0;0.0;0.0;-0.0;-0.0;0.0;0.0;0.0;-0.0;0.0;0.0;-0.0;0.0;2.57
D. Proper;/players/dirk-proper/525939/;2024-08-17;2;3.0;0.0;0.0;0.0;-0.0;-0.0;0.0;0.0;0.0;-0.0;0.0;0.0;-0.0;0.0;3.0
K. Sano;/players/kodai-sano/815318/;2024-08-17;2;3.0;0.0;0.0;0.0;-0.0;-0.0;0.0;0.0;0.0;-0.0;0.0;0.0;-0.0;0.0;3.0
S. Ouaissa;/players/sami-ouaissa/856399/;2024-08-17;2;2.2;0.0;0.0;0.0;-0.0;-0.0;0.0;0.0;0.0;-0.0;0.0;0.0;-0.0;0.0;2.2
B. Önal;/players/basar-onal/822550/;2024-08-17;2;2.8;0.0;0.0;0.0;-0.0;-0.0;0.0;0.0;0.0;-0.0;0.0;0.0;-0.0;0.0;2.8
K. Ogawa;/players/koki-ogawa/435835/;2024-08-17;2;0.8;0.0;0.0;0.0;-0.0;-0.0;0.0;0.0;0.0;-0.0;0.0;0.0;-0.0;0.0;0.8
S. Hansen;/players/sontje-hansen/508823/;2024-08-17;2;0.43;0.0;0.0;0.0;-0.0;-0.0;0.0;0.0;0.0;-0.0;0.0;0.0;-0.0;0.0;0.43
T. Ouwejan;/players/thomas-ouwejan/407740/;2024-08-17;2;0.2;0.0;0.0;0.0;-0.0;-0.0;0.0;0.0;-0.0;-0.0;0.0;0.0;-0.0;0.0;0.2
L. Schöne;/players/lasse-schone/17366/;2024-08-17;2;0.2;0.0;0.0;0.0;-0.0;-0.0;0.0;0.0;0.0;-0.0;0.0;0.0;-0.0;0.0;0.2
B. Pereira;/players/brayann-pereira/640596/;2024-08-17;2;0.07;0.0;0.0;0.0;-0.0;-0.0;0.0;0.0;-0.0;-0.0;0.0;0.0;-0.0;0.0;0.07
A. Darellas;/players/argyrios-darelas/637189/;2024-08-17;2;0.0;0.0;0.0;0.0;-0.0;-0.0;0.0;0.0;0.0;-0.0;0.0;0.0;-0.0;0.0;0.0
R. Janse;/players/rijk-janse/632550/;2024-08-17;2;0.0;0.0;0.0;0.0;-0.0;-0.0;0.0;0.0;-0.0;-0.0;0.0;0.0;-0.0;0.0;0.0
S. van Gassel;/players/stijn-van-gassel/323665/;2024-08-17;2;0.0;0.0;0.0;0.0;-0.0;-0.0;0.0;0.0;-0.0;-0.0;0.0;0.0;-0.0;0.0;0.0
K. de Wit;/players/kas-de-wit/857092/;2024-08-17;2;0.0;0.0;0.0;0.0;-0.0;-0.0;0.0;0.0;0.0;-0.0;0.0;0.0;-0.0;0.0;0.0
M. van der Hart;/players/mickey-van-der-hart/218009/;2024-08-17;2;3.0;0.0;1.0;0.0;-0.0;-0.0;0.0;0.0;-1.0;-0.0;0.0;0.0;-0.0;0.0;3.0
P. Bochniewicz;/players/pawe-bochniewicz/273911/;2024-08-17;2;3.0;0.0;1.0;0.0;-2.0;-0.0;0.0;0.0;-1.0;-0.0;0.0;0.0;-0.0;0.0;1.0
M. Köhlert;/players/mats-kohlert/400423/;2024-08-17;2;3.0;0.0;1.0;0.0;-0.0;-0.0;0.0;0.0;-1.0;-0.0;0.0;0.0;-0.0;0.0;3.0
S. Kersten;/players/sam-kersten/453644/;2024-08-17;2;3.0;0.0;1.0;0.0;-2.0;-0.0;0.0;0.0;-1.0;-0.0;0.0;0.0;-0.0;0.0;1.0
D. Hall;/players/denzel-hall/508910/;2024-08-17;2;1.53;0.0;0.51;0.0;-0.0;-0.0;0.0;0.0;-1.0;-0.0;0.0;0.0;-0.0;0.0;1.04
L. Brouwers;/players/luuk-brouwers/402458/;2024-08-17;2;3.0;0.0;1.0;0.0;-0.0;-0.0;0.0;0.0;0.0;-0.0;0.0;0.0;-0.0;0.0;4.0
S. Olsson;/players/simon-olsson/423888/;2024-08-17;2;3.0;0.0;1.0;0.0;-0.0;-0.0;0.0;0.0;0.0;-0.0;0.0;0.0;-0.0;0.0;4.0
E. van Ee;/players/espen-van-ee/921919/;2024-08-17;2;2.6;0.0;0.87;0.0;-2.0;-0.0;0.0;0.0;0.0;-0.0;0.0;0.0;-0.0;0.0;1.47
Danilo Al Saed;/players/danilo-al-saed/530444/;2024-08-17;2;1.53;0.0;0.51;0.0;-0.0;-0.0;0.0;0.0;0.0;-0.0;0.0;0.0;-0.0;0.0;2.04
D. Karlsbakk;/players/daniel-seland-karlsbakk/629619/;2024-08-17;2;2.4;0.0;0.8;0.0;-0.0;-0.0;0.0;0.0;0.0;-0.0;0.0;0.0;-0.0;0.0;3.2
I. Sebaoui;/players/ilias-sebaoui/797954/;2024-08-17;2;2.87;0.0;0.96;0.0;-0.0;-0.0;0.0;0.0;0.0;-0.0;0.0;0.0;-0.0;0.0;3.82
J. Trenskow;/players/jacob-trenskow/672937/;2024-08-17;2;1.47;0.0;0.49;0.0;-0.0;-0.0;8.0;0.0;0.0;-0.0;0.0;0.0;-0.0;0.0;9.96
O. Braude;/players/oliver-johansen-braude/794018/;2024-08-17;2;1.47;0.0;0.49;0.0;-2.0;-0.0;0.0;0.0;-0.0;-0.0;0.0;0.0;-0.0;0.0;-0.04
I. Nicolăescu;/players/ion-nicolescu/446191/;2024-08-17;2;0.6;0.0;0.2;0.0;-0.0;-0.0;0.0;0.0;0.0;-0.0;0.0;0.0;-0.0;0.0;0.8
L. Smans;/players/levi-smans/757104/;2024-08-17;2;0.4;0.0;0.13;0.0;-0.0;-0.0;0.0;0.0;0.0;-0.0;0.0;0.0;-0.0;0.0;0.53
D. Rallis;/players/dimitris-rallis/982464/;2024-08-17;2;;;;;;;;;;;;;;;0.0
Hussein Ali;/players/hussein-ali/573309/;2024-08-17;2;0.0;0.0;0.0;0.0;-0.0;-0.0;0.0;0.0;-0.0;-0.0;0.0;0.0;-0.0;0.0;0.0
I. Ahmed;/players/isaiah-ahmed/982466/;2024-08-17;2;0.0;0.0;0.0;0.0;-0.0;-0.0;0.0;0.0;0.0;-0.0;0.0;0.0;-0.0;0.0;0.0
T. Oostra;/players/ties-oostra/982465/;2024-08-17;2;;;;;;;;;;;;;;;0.0
A. Noppert;/players/andries-noppert/300862/;2024-08-17;2;0.0;0.0;0.0;0.0;-0.0;-0.0;0.0;0.0;-0.0;-0.0;0.0;0.0;-0.0;0.0;0.0
B. Klaverboer;/players/bernt-klaverboer/645513/;2024-08-17;2;0.0;0.0;0.0;0.0;-0.0;-0.0;0.0;0.0;-0.0;-0.0;0.0;0.0;-0.0;0.0;0.0
V. Barkas;/players/vasileios-barkas/272919/;2024-08-17;2;3.0;0.0;1.0;0.0;-0.0;-0.0;0.0;0.0;-1.0;-0.0;0.0;0.0;-0.0;0.0;3.0
N. Viergever;/players/nick--viergever/78529/;2024-08-17;2;3.0;0.0;1.0;0.0;-0.0;-0.0;0.0;0.0;-1.0;-0.0;0.0;0.0;-0.0;0.0;3.0
M. van der Hoorn;/players/mike-van-der-hoorn/190540/;2024-08-17;2;3.0;0.0;1.0;0.0;-0.0;-0.0;0.0;0.0;-1.0;-0.0;0.0;0.0;-0.0;0.0;3.0
S. Horemans;/players/siebe-horemans/399758/;2024-08-17;2;3.0;0.0;1.0;0.0;-0.0;-0.0;0.0;0.0;-1.0;-0.0;0.0;0.0;-0.0;0.0;3.0
S. El Karouani;/players/souffian-elkarouani/537878/;2024-08-17;2;3.0;0.0;1.0;0.0;-0.0;-0.0;0.0;0.0;-1.0;-0.0;0.0;0.0;-0.0;0.0;3.0
J. Toornstra;/players/jens-toornstra/110217/;2024-08-17;2;2.63;0.0;0.88;0.0;-0.0;-0.0;0.0;0.0;0.0;-0.0;0.0;0.0;-0.0;0.0;3.51
P. Aaronson;/players/paxten-aaronson/576828/;2024-08-17;2;3.0;0.0;1.0;0.0;-0.0;-0.0;0.0;5.0;0.0;-0.0;0.0;0.0;-0.0;0.0;9.0
A. Engwanda;/players/alonzo-engwanda/638250/;2024-08-17;2;2.2;0.0;0.73;0.0;-0.0;-0.0;0.0;0.0;0.0;-0.0;0.0;0.0;-0.0;0.0;2.93
Zidane Iqbal;/players/zidane-iqbal/644834/;2024-08-17;2;3.0;0.0;1.0;0.0;-0.0;-0.0;0.0;0.0;0.0;-0.0;0.0;0.0;-0.0;0.0;4.0
O. Romeny;/players/ole-ter-haar-romeny/532140/;2024-08-17;2;3.0;0.0;1.0;0.0;-2.0;-0.0;8.0;0.0;0.0;-0.0;0.0;0.0;-0.0;0.0;10.0
D. Min;/players/david-min/587715/;2024-08-17;2;2.2;0.0;0.73;0.0;-0.0;-0.0;0.0;0.0;0.0;-0.0;0.0;0.0;-0.0;0.0;2.93
N. Ohio;/players/noah-ohio/571268/;2024-08-17;2;0.8;0.0;0.27;0.0;-0.0;-0.0;0.0;0.0;0.0;-0.0;0.0;0.0;-0.0;0.0;1.07
C. Bozdoğan;/players/can-bozdogan/529101/;2024-08-17;2;0.8;0.0;0.27;0.0;-2.0;-0.0;0.0;0.0;0.0;-0.0;0.0;0.0;-0.0;0.0;-0.93
V. Jensen;/players/victor-jensen/460509/;2024-08-17;2;0.37;0.0;0.12;0.0;-0.0;-0.0;0.0;0.0;0.0;-0.0;0.0;0.0;-0.0;0.0;0.49
T. Booth;/players/taylor-booth/441556/;2024-08-17;2;0.0;0.0;0.0;0.0;-0.0;-0.0;0.0;0.0;0.0;-0.0;0.0;0.0;-0.0;0.0;0.0
S. Andersen;/players/silas-andersen/655434/;2024-08-17;2;0.0;0.0;0.0;0.0;-0.0;-0.0;0.0;0.0;0.0;-0.0;0.0;0.0;-0.0;0.0;0.0
A. Descotte;/players/anthony-descotte/638248/;2024-08-17;2;0.0;0.0;0.0;0.0;-0.0;-0.0;0.0;0.0;0.0;-0.0;0.0;0.0;-0.0;0.0;0.0
M. Brouwer;/players/michael-brouwer/250395/;2024-08-17;2;0.0;0.0;0.0;0.0;-0.0;-0.0;0.0;0.0;-0.0;-0.0;0.0;0.0;-0.0;0.0;0.0
J. Mukeh;/players/joshua-mukeh/687903/;2024-08-17;2;0.0;0.0;0.0;0.0;-0.0;-0.0;0.0;0.0;-0.0;-0.0;0.0;0.0;-0.0;0.0;0.0
M. Didden;/players/matisse-didden/541794/;2024-08-17;2;0.0;0.0;0.0;0.0;-0.0;-0.0;0.0;0.0;-0.0;-0.0;0.0;0.0;-0.0;0.0;0.0
T. de Graaff;/players/tom-gerard-de-graaff/783148/;2024-08-17;2;0.0;0.0;0.0;0.0;-0.0;-0.0;0.0;0.0;-0.0;-0.0;0.0;0.0;-0.0;0.0;0.0
R. van Hees;/players/rickson-van-hees/632816/;2024-08-17;2;0.0;0.0;0.0;0.0;-0.0;-0.0;0.0;0.0;-0.0;-0.0;0.0;0.0;-0.0;0.0;0.0
A. Blake;/players/adrian-blake/695557/;2024-08-17;2;0.0;0.0;0.0;0.0;-0.0;-0.0;0.0;0.0;0.0;-0.0;0.0;0.0;-0.0;0.0;0.0
L. Unnerstall;/players/lars-unnerstall/81320/;2024-08-17;2;3.0;0.0;1.0;0.0;-0.0;-0.0;0.0;0.0;-1.0;-0.0;0.0;0.0;-0.0;0.0;3.0
B. Kuipers;/players/bas-edo-kuipers/274649/;2024-08-17;2;3.0;0.0;1.0;0.0;-0.0;-0.0;0.0;0.0;-1.0;-0.0;0.0;0.0;-0.0;0.0;3.0
A. Salah-Eddine;/players/anass-salah-eddine/525927/;2024-08-17;2;2.73;0.0;0.91;0.0;-0.0;-0.0;0.0;0.0;-1.0;-0.0;0.0;0.0;-0.0;0.0;2.64
M. Hilgers;/players/mees-hilgers/627701/;2024-08-17;2;3.0;0.0;1.0;0.0;-2.0;-0.0;0.0;0.0;-1.0;-0.0;0.0;0.0;-0.0;0.0;1.0
C. Eiting;/players/carel-eiting/379791/;2024-08-17;2;1.9;0.0;0.63;0.0;-0.0;-0.0;0.0;0.0;0.0;-0.0;0.0;0.0;-0.0;0.0;2.53
M. Vlap;/players/michel-vlap/407742/;2024-08-17;2;3.0;0.0;1.0;0.0;-0.0;-0.0;0.0;0.0;0.0;-0.0;0.0;0.0;-0.0;0.0;4.0
S. Steijn;/players/sem-steijn/560623/;2024-08-17;2;3.0;0.0;1.0;0.0;-0.0;-0.0;0.0;0.0;0.0;-0.0;0.0;3.0;-0.0;0.0;7.0
M. Bruns;/players/max-bruns/628828/;2024-08-17;2;3.0;0.0;1.0;0.0;-0.0;-0.0;0.0;0.0;0.0;-0.0;0.0;0.0;-0.0;0.0;4.0
S. Ltaief;/players/sayfallah-ltaief/659735/;2024-08-17;2;2.2;0.0;0.73;0.0;-0.0;-0.0;0.0;0.0;0.0;-0.0;0.0;0.0;-0.0;0.0;2.93
S. Lammers;/players/sam-lammers/407736/;2024-08-17;2;1.53;0.0;0.51;0.0;-0.0;-0.0;0.0;0.0;0.0;-0.0;0.0;0.0;-0.0;0.0;2.04
M. van Bergen;/players/mitchell-van-bergen/426574/;2024-08-17;2;1.53;0.0;0.51;0.0;-0.0;-0.0;0.0;0.0;0.0;-0.0;0.0;0.0;-0.0;0.0;2.04
D. Rots;/players/daan-rots/628516/;2024-08-17;2;1.47;0.0;0.49;0.0;-0.0;-0.0;0.0;0.0;0.0;-0.0;0.0;0.0;-0.0;0.0;1.96
Y. Taha;/players/younes-taha-el-idrissi/755774/;2024-08-17;2;1.47;0.0;0.49;0.0;-0.0;-0.0;0.0;0.0;0.0;-0.0;0.0;0.0;-0.0;0.0;1.96
M. Kjølø;/players/mathias-ullereng-kjolo/517477/;2024-08-17;2;1.1;0.0;0.37;0.0;-0.0;-0.0;0.0;0.0;0.0;-0.0;0.0;0.0;-0.0;0.0;1.47
Y. Regeer;/players/youri-regeer/632221/;2024-08-17;2;0.8;0.0;0.27;0.0;-0.0;-0.0;0.0;0.0;0.0;-0.0;0.0;0.0;-0.0;0.0;1.07
A. Van Hoorenbeeck;/players/alec-van-hoorenbeeck/593523/;2024-08-17;2;0.27;0.0;0.09;0.0;-0.0;-0.0;0.0;0.0;-0.0;-0.0;0.0;0.0;-0.0;0.0;0.36
I. El Maach;/players/issam-el-maach/506880/;2024-08-17;2;0.0;0.0;0.0;0.0;-0.0;-0.0;0.0;0.0;-0.0;-0.0;0.0;0.0;-0.0;0.0;0.0
R. van Wolfswinkel;/players/ricky-van-wolfswinkel/59407/;2024-08-17;2;0.0;0.0;0.0;0.0;-0.0;-0.0;0.0;0.0;0.0;-0.0;0.0;0.0;-0.0;0.0;0.0
M. Rots;/players/mats-rots/830558/;2024-08-17;2;0.0;0.0;0.0;0.0;-0.0;-0.0;0.0;0.0;-0.0;-0.0;0.0;0.0;-0.0;0.0;0.0
J. Mesbahi;/players/julien-mesbahi/830556/;2024-08-17;2;0.0;0.0;0.0;0.0;-0.0;-0.0;0.0;0.0;-0.0;-0.0;0.0;0.0;-0.0;0.0;0.0
H. Kuster;/players/harrie-kuster/916880/;2024-08-17;2;0.0;0.0;0.0;0.0;-0.0;-0.0;0.0;0.0;0.0;-0.0;0.0;0.0;-0.0;0.0;0.0
P. Tytoń;/players/przemyslaw-tyton/17326/;2024-08-17;2;0.0;0.0;0.0;0.0;-0.0;-0.0;0.0;0.0;-0.0;-0.0;0.0;0.0;-0.0;0.0;0.0
N. Olij;/players/nick-olij/235322/;2024-08-17;2;3.0;0.0;1.0;0.0;-0.0;-0.0;0.0;0.0;-1.0;-0.0;0.0;0.0;-0.0;0.0;3.0
B. Reith;/players/boyd-reith/427038/;2024-08-17;2;3.0;0.0;1.0;0.0;-0.0;-0.0;0.0;0.0;-1.0;-0.0;0.0;0.0;-0.0;0.0;3.0
M. Eerdhuijzen;/players/mike--eerdhuijzen/537301/;2024-08-17;2;2.9;0.0;0.97;0.0;-0.0;-0.0;0.0;0.0;-0.0;-0.0;0.0;0.0;-0.0;0.0;3.87
T. Quintero;/players/teo-quintero/565562/;2024-08-17;2;3.0;0.0;1.0;0.0;-0.0;-0.0;0.0;0.0;-1.0;-0.0;0.0;0.0;-0.0;0.0;3.0
D. van der Kust;/players/djevencio-van-der-kust/569309/;2024-08-17;2;3.0;0.0;1.0;0.0;-0.0;-0.0;0.0;0.0;-1.0;-0.0;0.0;0.0;-0.0;0.0;3.0
A. Verschueren;/players/arno-vershueren/319385/;2024-08-17;2;2.9;0.0;0.97;0.0;-0.0;-0.0;0.0;0.0;0.0;-0.0;0.0;0.0;-0.0;0.0;3.87
P. Clement;/players/pelle-clement/379793/;2024-08-17;2;2.67;0.0;0.89;0.0;-0.0;-0.0;0.0;0.0;0.0;-0.0;0.0;0.0;-0.0;0.0;3.56
J. Baas;/players/julian-baas/663406/;2024-08-17;2;3.0;0.0;1.0;0.0;-0.0;-0.0;0.0;0.0;0.0;-0.0;0.0;0.0;-0.0;0.0;4.0
M. Nassoh;/players/mohamed-nassoh/680659/;2024-08-17;2;2.67;0.0;0.89;0.0;-0.0;-0.0;0.0;0.0;0.0;-0.0;0.0;0.0;-0.0;0.0;3.56
T. Lauritsen;/players/tobias-lauritsen/406745/;2024-08-17;2;3.0;0.0;1.0;0.0;-0.0;-0.0;8.0;0.0;0.0;-0.0;0.0;0.0;-0.0;0.0;12.0
C. Neghli;/players/camiel-neghli/680707/;2024-08-17;2;2.33;0.0;0.78;0.0;-0.0;-0.0;0.0;0.0;0.0;-0.0;0.0;0.0;-0.0;0.0;3.11
S. Mito;/players/shunsuke-mito/640252/;2024-08-17;2;0.67;0.0;0.22;0.0;-0.0;-0.0;0.0;0.0;0.0;-0.0;0.0;0.0;-0.0;0.0;0.89
C. Brym;/players/charles-andreas-brym/538704/;2024-08-17;2;0.33;0.0;0.11;0.0;-0.0;-0.0;0.0;0.0;0.0;-0.0;0.0;0.0;-0.0;0.0;0.44
A. Oufkir;/players/ayoub-oufkir/935867/;2024-08-17;2;0.33;0.0;0.11;0.0;-0.0;-0.0;0.0;4.0;0.0;-0.0;0.0;0.0;-0.0;0.0;4.44
Metinho;/players/abemly-meto-silu/691959/;2024-08-17;2;0.1;0.0;0.03;0.0;-0.0;-0.0;0.0;0.0;0.0;-0.0;0.0;0.0;-0.0;0.0;0.13
R. Meissen;/players/rick-meissen/571955/;2024-08-17;2;0.1;0.0;0.03;0.0;-0.0;-0.0;0.0;0.0;-1.0;-0.0;0.0;0.0;-0.0;0.0;-0.87
Y. Schoonderwaldt;/players/youri-youri-schoonderwaldt/537694/;2024-08-17;2;0.0;0.0;0.0;0.0;-0.0;-0.0;0.0;0.0;-0.0;-0.0;0.0;0.0;-0.0;0.0;0.0
M. Young;/players/marvin-young/890667/;2024-08-17;2;0.0;0.0;0.0;0.0;-0.0;-0.0;0.0;0.0;-0.0;-0.0;0.0;0.0;-0.0;0.0;0.0
K. Reitmaier;/players/kaylen-jermaine-danny-reitmaier/674708/;2024-08-17;2;0.0;0.0;0.0;0.0;-0.0;-0.0;0.0;0.0;-0.0;-0.0;0.0;0.0;-0.0;0.0;0.0
J. de Guzmán;/players/jonathan-alexander-de-guzman/2259/;2024-08-17;2;0.0;0.0;0.0;0.0;-0.0;-0.0;0.0;0.0;0.0;-0.0;0.0;0.0;-0.0;0.0;0.0
M. Kleijn;/players/mike-kleijn/778111/;2024-08-17;2;0.0;0.0;0.0;0.0;-0.0;-0.0;0.0;0.0;-0.0;-0.0;0.0;0.0;-0.0;0.0;0.0
S. Bakari;/players/said-bakari/325391/;2024-08-17;2;0.0;0.0;0.0;0.0;-0.0;-0.0;0.0;0.0;-0.0;-0.0;0.0;0.0;-0.0;0.0;0.0
H. El Dahri;/players/hamza-el-dahri/819347/;2024-08-17;2;0.0;0.0;0.0;0.0;-0.0;-0.0;0.0;0.0;0.0;-0.0;0.0;0.0;-0.0;0.0;0.0
J. Houwen;/players/jeroen-houwen/303254/;2024-08-17;2;3.0;0.0;0.0;0.0;-0.0;-0.0;0.0;0.0;-2.0;-0.0;0.0;0.0;-0.0;0.0;1.0
A. Meijers;/players/aaron-meijers/59081/;2024-08-17;2;2.63;0.0;0.0;0.0;-0.0;-0.0;0.0;0.0;-2.0;-0.0;0.0;0.0;-0.0;0.0;0.63
D. Van den Buijs;/players/dario-van-den-buijs/353273/;2024-08-17;2;2.63;0.0;0.0;0.0;-0.0;-0.0;0.0;0.0;-2.0;-0.0;0.0;0.0;-0.0;0.0;0.63
J. Lelieveld;/players/julian-lelieveld/407738/;2024-08-17;2;2.6;0.0;0.0;0.0;-0.0;-0.0;0.0;0.0;-2.0;-0.0;0.0;0.0;-0.0;0.0;0.6
R. van Eijma;/players/roshon-van-eijma/539577/;2024-08-17;2;3.0;0.0;0.0;0.0;-0.0;-0.0;0.0;0.0;-2.0;-0.0;0.0;0.0;-0.0;0.0;1.0
R. van der Venne;/players/richard-van-der-venne/261975/;2024-08-17;2;3.0;0.0;0.0;0.0;-2.0;-0.0;9.0;0.0;0.0;-0.0;0.0;0.0;-0.0;0.0;10.0
G. Roemeratoe;/players/godfried-roemeratoe/426582/;2024-08-17;2;2.8;0.0;0.0;0.0;-0.0;-0.0;0.0;0.0;0.0;-0.0;0.0;0.0;-0.0;0.0;2.8
Y. Oukili;/players/yassin-oukili/567948/;2024-08-17;2;3.0;0.0;0.0;0.0;-0.0;-0.0;0.0;0.0;0.0;-0.0;0.0;0.0;-0.0;0.0;3.0
C. Lokesa;/players/chris-lokesa/847737/;2024-08-17;2;3.0;0.0;0.0;0.0;-0.0;-0.0;0.0;0.0;0.0;-0.0;0.0;0.0;-0.0;0.0;3.0
O. Zawada;/players/oskar-zawada/289870/;2024-08-17;2;3.0;0.0;0.0;0.0;-0.0;-8.0;0.0;0.0;0.0;-0.0;0.0;0.0;-0.0;0.0;-5.0
D. Cleonise;/players/denilho-cleonise/642338/;2024-08-17;2;2.6;0.0;0.0;0.0;-2.0;-0.0;0.0;0.0;0.0;-0.0;0.0;0.0;-0.0;0.0;0.6
J. Familia-Castillo;/players/juan-familio-castillo/453849/;2024-08-17;2;0.4;0.0;0.0;0.0;-0.0;-0.0;0.0;0.0;-0.0;-0.0;0.0;0.0;-0.0;0.0;0.4
R. Margaret;/players/richonell-margaret/508815/;2024-08-17;2;0.4;0.0;0.0;0.0;-0.0;-0.0;0.0;0.0;0.0;-0.0;0.0;0.0;-0.0;0.0;0.4
M. Kramer;/players/michiel-kramer/19677/;2024-08-17;2;0.37;0.0;0.0;0.0;-0.0;-0.0;0.0;0.0;0.0;-0.0;0.0;0.0;-0.0;0.0;0.37
L. van Gelderen;/players/liam--van-gelderen/463011/;2024-08-17;2;0.37;0.0;0.0;0.0;-0.0;-0.0;0.0;0.0;-0.0;-0.0;0.0;0.0;-0.0;0.0;0.37
D. Weidmann;/players/daouda-weidmann/782160/;2024-08-17;2;0.2;0.0;0.0;0.0;-0.0;-0.0;0.0;0.0;0.0;-0.0;0.0;0.0;-0.0;0.0;0.2
J. Kesting;/players/joey-kesting/567938/;2024-08-17;2;0.0;0.0;0.0;0.0;-0.0;-0.0;0.0;0.0;-0.0;-0.0;0.0;0.0;-0.0;0.0;0.0
Y. van Osch;/players/van-yanick-osch/319269/;2024-08-17;2;0.0;0.0;0.0;0.0;-0.0;-0.0;0.0;0.0;-0.0;-0.0;0.0;0.0;-0.0;0.0;0.0
I. Takidine;/players/ilias-takidine/632532/;2024-08-17;2;0.0;0.0;0.0;0.0;-0.0;-0.0;0.0;0.0;0.0;-0.0;0.0;0.0;-0.0;0.0;0.0
P. Vroegh;/players/patrick-vroegh/457667/;2024-08-17;2;0.0;0.0;0.0;0.0;-0.0;-0.0;0.0;0.0;0.0;-0.0;0.0;0.0;-0.0;0.0;0.0
T. van de Loo;/players/tim-van-de-loo/813111/;2024-08-17;2;0.0;0.0;0.0;0.0;-0.0;-0.0;0.0;0.0;0.0;-0.0;0.0;0.0;-0.0;0.0;0.0
R. Niemeijer;/players/reuven-niemeijer/447106/;2024-08-17;2;0.0;0.0;0.0;0.0;-0.0;-0.0;0.0;0.0;0.0;-0.0;0.0;0.0;-0.0;0.0;0.0
E. Vaessen;/players/etienne-vaessen/408572/;2024-08-17;2;3.0;2.0;0.0;0.0;-0.0;-0.0;0.0;0.0;-1.0;-0.0;0.0;0.0;-0.0;0.0;4.0
L. Bacuna;/players/leandro-bacuna/88003/;2024-08-17;2;3.0;2.0;0.0;0.0;-2.0;-0.0;0.0;10.0;0.0;-0.0;0.0;0.0;-0.0;0.0;13.0
M. Peersman;/players/marvin-peersman/89988/;2024-08-17;2;3.0;2.0;0.0;0.0;-0.0;-0.0;0.0;0.0;-1.0;-0.0;0.0;0.0;-0.0;0.0;4.0
M. Rente;/players/marco-rente/450717/;2024-08-17;2;3.0;2.0;0.0;0.0;-0.0;-0.0;0.0;0.0;-1.0;-0.0;0.0;0.0;-0.0;0.0;4.0
F. Stam;/players/finn-stam/736439/;2024-08-17;2;3.0;2.0;0.0;0.0;-2.0;-0.0;0.0;0.0;-1.0;-0.0;0.0;0.0;-0.0;0.0;2.0
J. Hove;/players/johan-hove/444353/;2024-08-17;2;3.0;2.0;0.0;0.0;-0.0;-0.0;0.0;0.0;0.0;-0.0;0.0;0.0;-0.0;0.0;5.0
T. de Jonge;/players/tika-de-jonge/643975/;2024-08-17;2;3.0;2.0;0.0;0.0;-0.0;-0.0;0.0;0.0;0.0;-0.0;0.0;0.0;-0.0;0.0;5.0
L. Valente;/players/luciano-valente/703884/;2024-08-17;2;2.9;1.93;0.0;0.0;-0.0;-0.0;0.0;0.0;0.0;-0.0;0.0;0.0;-0.0;0.0;4.83
J. Schreuders;/players/jorg-schreuders/877779/;2024-08-17;2;3.0;2.0;0.0;0.0;-0.0;-0.0;9.0;0.0;0.0;-0.0;0.0;0.0;-0.0;0.0;14.0
Rui Mendes;/players/rui-jorge-monteiro-mendes/453390/;2024-08-17;2;2.43;1.62;0.0;0.0;-0.0;-0.0;0.0;0.0;0.0;-0.0;0.0;0.0;-0.0;0.0;4.06
T. van Bergen;/players/thom-van-bergen/873104/;2024-08-17;2;2.93;1.96;0.0;0.0;-0.0;-0.0;8.0;0.0;0.0;-0.0;0.0;0.0;-0.0;0.0;12.89
T. Oosting;/players/thijs-oosting/477591/;2024-08-17;2;0.57;0.38;0.0;0.0;-0.0;-0.0;0.0;0.0;0.0;-0.0;0.0;0.0;-0.0;0.0;0.94
B. Willumsson;/players/brynjolfur-darri-willumsson/463548/;2024-08-17;2;0.1;0.07;0.0;0.0;-0.0;-0.0;0.0;0.0;0.0;-0.0;0.0;0.0;-0.0;0.0;0.17
T. Blokzijl;/players/thijmen-blokzijl/703893/;2024-08-17;2;0.07;0.04;0.0;0.0;-0.0;-0.0;0.0;0.0;-1.0;-0.0;0.0;0.0;-0.0;0.0;-0.89
S. Bouland;/players/sven-bouland/948734/;2024-08-17;2;0.0;0.0;0.0;0.0;-0.0;-0.0;0.0;0.0;-0.0;-0.0;0.0;0.0;-0.0;0.0;0.0
J. Pelupessy;/players/joey-pelupessy/197572/;2024-08-17;2;0.0;0.0;0.0;0.0;-0.0;-0.0;0.0;0.0;0.0;-0.0;0.0;0.0;-0.0;0.0;0.0
D. Baron;/players/dirk-baron/821647/;2024-08-17;2;0.0;0.0;0.0;0.0;-0.0;-0.0;0.0;0.0;-0.0;-0.0;0.0;0.0;-0.0;0.0;0.0
H. Jurjus;/players/hidde-jurjus/301076/;2024-08-17;2;0.0;0.0;0.0;0.0;-0.0;-0.0;0.0;0.0;-0.0;-0.0;0.0;0.0;-0.0;0.0;0.0
N. Emeran;/players/noam-emeran/671004/;2024-08-17;2;0.0;0.0;0.0;0.0;-0.0;-0.0;0.0;0.0;0.0;-0.0;0.0;0.0;-0.0;0.0;0.0
W. Prins;/players/wouter-prins/930296/;2024-08-17;2;0.0;0.0;0.0;0.0;-0.0;-0.0;0.0;0.0;-0.0;-0.0;0.0;0.0;-0.0;0.0;0.0
F. de Keijzer;/players/fabian-de-keijzer/463695/;2024-08-18;2;3.0;0.0;0.0;0.0;-0.0;-0.0;0.0;0.0;-3.0;-0.0;0.0;0.0;-0.0;0.0;0.0
D. Mirani;/players/damon-mirani/289811/;2024-08-18;2;3.0;0.0;0.0;0.0;-0.0;-0.0;0.0;0.0;-3.0;-0.0;0.0;0.0;-0.0;0.0;0.0
I. Mesík;/players/ivan-mesik/513503/;2024-08-18;2;3.0;0.0;0.0;0.0;-2.0;-0.0;0.0;0.0;-3.0;-3.0;0.0;0.0;-0.0;0.0;-5.0
R. Roosken;/players/ruben-roosken/618143/;2024-08-18;2;2.0;0.0;0.0;0.0;-0.0;-0.0;0.0;0.0;-3.0;-0.0;0.0;0.0;-0.0;0.0;-1.0
M. Benita;/players/mimeirhel-benita/645525/;2024-08-18;2;2.83;0.0;0.0;0.0;-0.0;-0.0;0.0;0.0;-3.0;-0.0;0.0;0.0;-0.0;0.0;-0.17
M. Engels;/players/mario-engels/243044/;2024-08-18;2;3.0;0.0;0.0;0.0;-0.0;-0.0;0.0;0.0;0.0;-0.0;0.0;0.0;-0.0;0.0;3.0
D. van Kaam;/players/daniel-van-kaam/477595/;2024-08-18;2;2.83;0.0;0.0;0.0;-0.0;-0.0;0.0;0.0;0.0;-0.0;0.0;0.0;-0.0;0.0;2.83
B. De Keersmaecker;/players/brian-de-keersmaecker/605558/;2024-08-18;2;3.0;0.0;0.0;0.0;-0.0;-0.0;0.0;0.0;0.0;-0.0;0.0;3.0;-0.0;0.0;6.0
S. ’t Zand;/players/shiloh-t-zand/824640/;2024-08-18;2;3.0;0.0;0.0;0.0;-0.0;-0.0;0.0;0.0;0.0;-0.0;0.0;0.0;-0.0;0.0;3.0
B. Limbombe;/players/bryan-limbombe/632518/;2024-08-18;2;3.0;0.0;0.0;0.0;-0.0;-0.0;0.0;0.0;0.0;-0.0;0.0;0.0;-0.0;0.0;3.0
J. Talvitie;/players/juho-talvitie/701365/;2024-08-18;2;2.2;0.0;0.0;0.0;-0.0;-0.0;0.0;0.0;0.0;-0.0;0.0;0.0;-0.0;0.0;2.2
L. Milani;/players/lorenzo-milani/664147/;2024-08-18;2;1.0;0.0;0.0;0.0;-0.0;-0.0;0.0;0.0;-0.0;-0.0;0.0;0.0;-0.0;0.0;1.0
S. Scheperman for S. ’t Zand 66';/players/sem-scheperman/641190/;2024-08-18;2;0.0;0.0;0.0;0.0;-0.0;-0.0;0.0;0.0;0.0;-0.0;0.0;0.0;-0.0;0.0;0.0
J. Wieckhoff;/players/jannes-luca-wieckhoff/497167/;2024-08-18;2;0.8;0.0;0.0;0.0;-0.0;-0.0;0.0;0.0;-0.0;-0.0;0.0;0.0;-0.0;0.0;0.8
J. Bruijn;/players/jordy-bruijn/314251/;2024-08-18;2;0.17;0.0;0.0;0.0;-0.0;-0.0;0.0;0.0;0.0;-0.0;0.0;0.0;-0.0;0.0;0.17
G. Sambo;/players/giandro-alejandro-sambo/892464/;2024-08-18;2;0.17;0.0;0.0;0.0;-0.0;-0.0;0.0;0.0;0.0;-0.0;0.0;0.0;-0.0;0.0;0.17
K. Leerdam;/players/kelvin-leerdam/68354/;2024-08-18;2;0.0;0.0;0.0;0.0;-0.0;-0.0;0.0;0.0;-0.0;-0.0;0.0;0.0;-0.0;0.0;0.0
T. Codinha;/players/tiago-codinha/982441/;2024-08-18;2;0.0;0.0;0.0;0.0;-0.0;-0.0;0.0;0.0;0.0;-0.0;0.0;0.0;-0.0;0.0;0.0
T. Bruns;/players/thomas-bruns/168503/;2024-08-18;2;0.0;0.0;0.0;0.0;-0.0;-0.0;0.0;0.0;0.0;-0.0;0.0;0.0;-0.0;0.0;0.0
A. Satriano;/players/antonio-satriano/688357/;2024-08-18;2;0.0;0.0;0.0;0.0;-0.0;-0.0;0.0;0.0;0.0;-0.0;0.0;0.0;-0.0;0.0;0.0
R. Mantel;/players/robin-mantel/502712/;2024-08-18;2;0.0;0.0;0.0;0.0;-0.0;-0.0;0.0;0.0;-0.0;-0.0;0.0;0.0;-0.0;0.0;0.0
J. Tijink;/players/jop-tijink/970328/;2024-08-18;2;0.0;0.0;0.0;0.0;-0.0;-0.0;0.0;0.0;-0.0;-0.0;0.0;0.0;-0.0;0.0;0.0
T. Jansink;/players/timo-jansink/632823/;2024-08-18;2;0.0;0.0;0.0;0.0;-0.0;-0.0;0.0;0.0;-0.0;-0.0;0.0;0.0;-0.0;0.0;0.0
W. Benítez;/players/walter-benitez/210145/;2024-08-18;2;3.0;2.0;0.0;0.0;-0.0;-0.0;0.0;0.0;-1.0;-0.0;0.0;0.0;-0.0;0.0;4.0
O. Boscagli;/players/olivier-boscagli/329542/;2024-08-18;2;3.0;2.0;0.0;0.0;-0.0;-0.0;0.0;0.0;-1.0;-0.0;0.0;0.0;-0.0;0.0;4.0
F. Oppegård;/players/fredrik-oppegard/575059/;2024-08-18;2;2.2;1.47;0.0;0.0;-0.0;-0.0;0.0;0.0;-1.0;-0.0;0.0;0.0;-0.0;0.0;2.67
R. Flamingo;/players/ryan-flamingo/627724/;2024-08-18;2;3.0;2.0;0.0;0.0;-0.0;-0.0;0.0;0.0;-1.0;-0.0;0.0;0.0;-0.0;0.0;4.0
J. Schouten;/players/jerdy-schouten/448432/;2024-08-18;2;3.0;2.0;0.0;0.0;-0.0;-0.0;0.0;0.0;0.0;-0.0;0.0;0.0;-0.0;0.0;5.0
J. Veerman;/players/joey--veerman/459312/;2024-08-18;2;3.0;2.0;0.0;0.0;-0.0;-0.0;0.0;0.0;0.0;-0.0;0.0;0.0;-0.0;0.0;5.0
R. Ledezma;/players/richard-ledezma/512218/;2024-08-18;2;2.43;1.62;0.0;0.0;-0.0;-0.0;0.0;0.0;0.0;-0.0;0.0;0.0;-0.0;0.0;4.06
M. Tillman;/players/malik-tillman/561787/;2024-08-18;2;1.53;1.02;0.0;0.0;-0.0;-0.0;0.0;0.0;0.0;-0.0;0.0;0.0;-0.0;0.0;2.56
L. de Jong;/players/luuk-de-jong/65056/;2024-08-18;2;3.0;2.0;0.0;0.0;-0.0;-0.0;0.0;4.0;0.0;-0.0;0.0;0.0;-0.0;0.0;9.0
N. Lang;/players/noa-lang/463018/;2024-08-18;2;2.43;1.62;0.0;0.0;-0.0;-0.0;0.0;0.0;0.0;-0.0;0.0;0.0;-0.0;0.0;4.06
J. Bakayoko;/players/johan-bakayoko/638229/;2024-08-18;2;2.3;1.53;0.0;0.0;-0.0;-0.0;8.0;0.0;0.0;-0.0;0.0;0.0;-0.0;0.0;11.83
G. Til;/players/guus-til/451981/;2024-08-18;2;1.47;0.98;0.0;0.0;-0.0;-0.0;0.0;5.0;0.0;-0.0;0.0;0.0;-0.0;0.0;7.44
M. Dams;/players/matteo-dams/805736/;2024-08-18;2;0.8;0.53;0.0;0.0;-0.0;-0.0;0.0;0.0;-0.0;-0.0;0.0;0.0;-0.0;0.0;1.33
H. Lozano;/players/hirving-rodrigo-lozano-bahena/327531/;2024-08-18;2;0.7;0.47;0.0;0.0;-0.0;-0.0;0.0;0.0;0.0;-0.0;0.0;0.0;-0.0;0.0;1.17
J. Teze;/players/jordan-teze/426583/;2024-08-18;2;0.57;0.38;0.0;0.0;-0.0;-0.0;0.0;0.0;-0.0;-0.0;0.0;0.0;-0.0;0.0;0.94
C. Driouech;/players/couhaib-driouech/632812/;2024-08-18;2;0.57;0.38;0.0;0.0;-0.0;-0.0;8.0;0.0;0.0;-0.0;0.0;0.0;-0.0;0.0;8.94
N. Schiks;/players/niek-schiks/643502/;2024-08-18;2;0.0;0.0;0.0;0.0;-0.0;-0.0;0.0;0.0;-0.0;-0.0;0.0;0.0;-0.0;0.0;0.0
J. Drommel;/players/joel-drommel/355869/;2024-08-18;2;0.0;0.0;0.0;0.0;-0.0;-0.0;0.0;0.0;-0.0;-0.0;0.0;0.0;-0.0;0.0;0.0
T. Land;/players/tygo-land/830551/;2024-08-18;2;0.0;0.0;0.0;0.0;-0.0;-0.0;0.0;0.0;0.0;-0.0;0.0;0.0;-0.0;0.0;0.0
I. Babadi;/players/isaac-babadi/700867/;2024-08-18;2;0.0;0.0;0.0;0.0;-0.0;-0.0;0.0;0.0;0.0;-0.0;0.0;0.0;-0.0;0.0;0.0
R. Pepi;/players/ricardo-pepi/523964/;2024-08-18;2;0.0;0.0;0.0;0.0;-0.0;-0.0;0.0;0.0;0.0;-0.0;0.0;0.0;-0.0;0.0;0.0
D. Bielica;/players/daniel-bielica/555492/;2024-08-18;2;3.0;2.0;0.0;0.0;-0.0;-0.0;0.0;0.0;-1.0;-0.0;0.0;0.0;-0.0;0.0;4.0
J. Van den Bergh;/players/jan-van-den-bergh/354185/;2024-08-18;2;3.0;2.0;0.0;0.0;-0.0;-0.0;12.0;0.0;-1.0;-0.0;0.0;0.0;-0.0;0.0;16.0
B. Lucassen;/players/boyd-lucassen/453952/;2024-08-18;2;2.63;1.76;0.0;0.0;-0.0;-0.0;0.0;0.0;-1.0;-0.0;0.0;0.0;-0.0;0.0;3.39
B. Kemper;/players/boy-kemper/463009/;2024-08-18;2;3.0;2.0;0.0;0.0;-0.0;-0.0;0.0;0.0;-1.0;-0.0;0.0;0.0;-0.0;0.0;4.0
L. Greiml;/players/leo-greiml/517683/;2024-08-18;2;3.0;2.0;0.0;0.0;-0.0;-0.0;0.0;0.0;-1.0;-0.0;0.0;0.0;-0.0;0.0;4.0
C. Valerius;/players/cherrion-valerius/947863/;2024-08-18;2;2.2;1.47;0.0;0.0;-0.0;-0.0;0.0;0.0;-1.0;-0.0;0.0;0.0;-0.0;0.0;2.67
D. Janošek;/players/dominik-janosek/492661/;2024-08-18;2;2.97;1.98;0.0;0.0;-0.0;-0.0;0.0;0.0;0.0;-0.0;0.0;0.0;-0.0;0.0;4.94
M. Garbett;/players/matthew-garbett/577465/;2024-08-18;2;2.2;1.47;0.0;0.0;-0.0;-0.0;9.0;0.0;0.0;-0.0;0.0;0.0;-0.0;0.0;12.67
C. Staring;/players/casper-staring/628494/;2024-08-18;2;3.0;2.0;0.0;0.0;-0.0;-0.0;0.0;0.0;0.0;-0.0;0.0;0.0;-0.0;0.0;5.0
M. Balard;/players/maximilien-balard/643695/;2024-08-18;2;3.0;2.0;0.0;0.0;-0.0;-0.0;0.0;0.0;0.0;-0.0;0.0;0.0;-0.0;0.0;5.0
E. Ómarsson;/players/elias-mar-omarsson/213035/;2024-08-18;2;2.2;1.47;0.0;0.0;-0.0;-0.0;0.0;4.0;0.0;-0.0;0.0;0.0;-0.0;0.0;7.67
M. Koscelník;/players/martin-koscelnik/353345/;2024-08-18;2;0.8;0.53;0.0;0.0;-0.0;-0.0;0.0;0.0;-0.0;-0.0;0.0;0.0;-0.0;0.0;1.33
K. Kostorz;/players/kacper-kostorz/485378/;2024-08-18;2;0.8;0.53;0.0;0.0;-0.0;-0.0;0.0;0.0;0.0;-0.0;0.0;0.0;-0.0;0.0;1.33
R. Paula;/players/raul-paula/640610/;2024-08-18;2;0.8;0.53;0.0;0.0;-0.0;-0.0;0.0;5.0;0.0;-0.0;0.0;0.0;-0.0;0.0;6.33
R. Kuijpers;/players/roy-kuijpers/663306/;2024-08-18;2;0.37;0.24;0.0;0.0;-0.0;-0.0;0.0;0.0;0.0;-0.0;0.0;0.0;-0.0;0.0;0.61
L. Mol;/players/lars-mol/923583/;2024-08-18;2;0.03;0.02;0.0;0.0;-0.0;-0.0;0.0;0.0;-0.0;-0.0;0.0;0.0;-0.0;0.0;0.06
Manel Royo;/players/manel-royo-castell/354951/;2024-08-18;2;0.0;0.0;0.0;0.0;-0.0;-0.0;0.0;0.0;-0.0;-0.0;0.0;0.0;-0.0;0.0;0.0
D. van Reeuwijk;/players/daan-van-reeuwijk/980107/;2024-08-18;2;0.0;0.0;0.0;0.0;-0.0;-0.0;0.0;0.0;-0.0;-0.0;0.0;0.0;-0.0;0.0;0.0
A. Kaied;/players/adam-kaied/693342/;2024-08-18;2;0.0;0.0;0.0;0.0;-0.0;-0.0;0.0;0.0;0.0;-0.0;0.0;0.0;-0.0;0.0;0.0
Saná Fernandes;/players/sana-fernandes/926017/;2024-08-18;2;0.0;0.0;0.0;0.0;-0.0;-0.0;0.0;0.0;0.0;-0.0;0.0;0.0;-0.0;0.0;0.0
T. Troost;/players/tein-troost/525919/;2024-08-18;2;0.0;0.0;0.0;0.0;-0.0;-0.0;0.0;0.0;-0.0;-0.0;0.0;0.0;-0.0;0.0;0.0
R. Kortsmit;/players/roy-kortsmit/200996/;2024-08-18;2;0.0;0.0;0.0;0.0;-0.0;-0.0;0.0;0.0;-0.0;-0.0;0.0;0.0;-0.0;0.0;0.0
R. Pasveer;/players/remko-pasveer/49689/;2024-08-18;2;3.0;0.0;0.0;0.0;-0.0;-0.0;0.0;0.0;-2.0;-0.0;0.0;0.0;-0.0;0.0;1.0
J. Šutalo;/players/josip-utalo/460387/;2024-08-18;2;3.0;0.0;0.0;0.0;-0.0;-0.0;0.0;0.0;-2.0;-0.0;0.0;0.0;-0.0;0.0;1.0
A. Gaaei;/players/anton-gaaei/701784/;2024-08-18;2;3.0;0.0;0.0;0.0;-0.0;-0.0;0.0;0.0;-2.0;-0.0;0.0;0.0;-0.0;0.0;1.0
J. Hato;/players/jorrel-hato/783173/;2024-08-18;2;3.0;0.0;0.0;0.0;-0.0;-0.0;12.0;0.0;-2.0;-0.0;0.0;0.0;-0.0;0.0;13.0
D. Janse;/players/dies-janse/898585/;2024-08-18;2;3.0;0.0;0.0;0.0;-0.0;-0.0;0.0;0.0;-2.0;-0.0;0.0;0.0;-0.0;0.0;1.0
B. van den Boomen;/players/branco-van-den-boomen/215550/;2024-08-18;2;1.87;0.0;0.0;0.0;-0.0;-0.0;0.0;0.0;0.0;-0.0;0.0;0.0;-0.0;0.0;1.87
S. Mannsverk;/players/sivert-heggheim-mannsverk/600718/;2024-08-18;2;3.0;0.0;0.0;0.0;-2.0;-0.0;0.0;0.0;0.0;-0.0;0.0;0.0;-0.0;0.0;1.0
K. Hlynsson;/players/kristian-nokkvi-hlynsson/636342/;2024-08-18;2;1.87;0.0;0.0;0.0;-0.0;-0.0;0.0;0.0;0.0;-0.0;0.0;0.0;-0.0;0.0;1.87
B. Traoré;/players/bertrand-traore/102801/;2024-08-18;2;1.87;0.0;0.0;0.0;-0.0;-0.0;0.0;0.0;0.0;-0.0;0.0;0.0;-0.0;0.0;1.87
B. Brobbey;/players/brian-brobbey/520146/;2024-08-18;2;2.17;0.0;0.0;0.0;-0.0;-0.0;0.0;0.0;0.0;-0.0;0.0;0.0;-0.0;0.0;2.17
M. Godts;/players/mika-marcel-godts/790325/;2024-08-18;2;2.53;0.0;0.0;0.0;-0.0;-0.0;0.0;0.0;0.0;-0.0;0.0;0.0;-0.0;0.0;2.53
K. Taylor;/players/kenneth-taylor/508784/;2024-08-18;2;1.13;0.0;0.0;0.0;-0.0;-0.0;0.0;0.0;0.0;-0.0;0.0;0.0;-0.0;0.0;1.13
K. Fitz-Jim;/players/kian-fitz-jim/591724/;2024-08-18;2;1.13;0.0;0.0;0.0;-0.0;-0.0;0.0;0.0;0.0;-0.0;0.0;0.0;-0.0;0.0;1.13
S. Berghuis;/players/steven-berghuis/134080/;2024-08-18;2;1.13;0.0;0.0;0.0;-0.0;-0.0;0.0;4.0;0.0;-0.0;0.0;0.0;-0.0;0.0;5.13
C. Akpom;/players/chuba-akpom/215570/;2024-08-18;2;0.83;0.0;0.0;0.0;-0.0;-0.0;0.0;0.0;0.0;-0.0;0.0;0.0;-0.0;0.0;0.83
S. Bergwijn;/players/steven-bergwijn/319305/;2024-08-18;2;0.47;0.0;0.0;0.0;-0.0;-0.0;0.0;0.0;0.0;-0.0;0.0;0.0;-0.0;0.0;0.47
J. Gorter;/players/jay-gorter/477600/;2024-08-18;2;0.0;0.0;0.0;0.0;-0.0;-0.0;0.0;0.0;-0.0;-0.0;0.0;0.0;-0.0;0.0;0.0
J. Medić;/players/jakov-medi/475230/;2024-08-18;2;0.0;0.0;0.0;0.0;-0.0;-0.0;0.0;0.0;-0.0;-0.0;0.0;0.0;-0.0;0.0;0.0
Y. Baas;/players/youri-baas/638355/;2024-08-18;2;0.0;0.0;0.0;0.0;-0.0;-0.0;0.0;0.0;-0.0;-0.0;0.0;0.0;-0.0;0.0;0.0
D. Rensch;/players/devyne-rensch/601396/;2024-08-18;2;0.0;0.0;0.0;0.0;-0.0;-0.0;0.0;0.0;-0.0;-0.0;0.0;0.0;-0.0;0.0;0.0
D. Ramaj;/players/diant-ramaj/562543/;2024-08-18;2;0.0;0.0;0.0;0.0;-0.0;-0.0;0.0;0.0;-0.0;-0.0;0.0;0.0;-0.0;0.0;0.0
J. Henderson;/players/jordan-henderson/48010/;2024-08-18;2;0.0;0.0;0.0;0.0;-0.0;-0.0;0.0;0.0;0.0;-0.0;0.0;0.0;-0.0;0.0;0.0
Carlos Forbs;/players/carlos-borges/649886/;2024-08-18;2;0.0;0.0;0.0;0.0;-0.0;-0.0;0.0;0.0;0.0;-0.0;0.0;0.0;-0.0;0.0;0.0
T. Didillon-Hödl;/players/thomas-didillon/259971/;2024-08-18;2;3.0;2.0;0.0;0.0;-0.0;-0.0;0.0;0.0;-0.0;-0.0;12.0;0.0;-0.0;0.0;17.0
M. Tirpan;/players/mickael-tirpan/202469/;2024-08-18;2;2.93;1.96;0.0;0.0;-0.0;-0.0;0.0;0.0;-0.0;-0.0;9.78;0.0;-0.0;0.0;14.67
R. Behounek;/players/raffael-behounek/408747/;2024-08-18;2;3.0;2.0;0.0;0.0;-0.0;-0.0;0.0;0.0;-0.0;-0.0;10.0;0.0;-0.0;0.0;15.0
T. St. Jago;/players/tommy-st-jago/477596/;2024-08-18;2;3.0;2.0;0.0;0.0;-0.0;-0.0;0.0;0.0;-0.0;-0.0;10.0;0.0;-0.0;0.0;15.0
R. Sigurgeirsson;/players/runar-thor-sigurgeirsson/491746/;2024-08-18;2;3.0;2.0;0.0;0.0;-2.0;-0.0;0.0;0.0;-0.0;-0.0;10.0;0.0;-0.0;0.0;13.0
A. Lachkar;/players/amine-lachkar/876151/;2024-08-18;2;3.0;2.0;0.0;0.0;-0.0;-0.0;0.0;0.0;-0.0;-0.0;10.0;0.0;-0.0;0.0;15.0
J. Bosch;/players/jesse-bosch/621347/;2024-08-18;2;3.0;2.0;0.0;0.0;-0.0;-0.0;0.0;0.0;0.0;-0.0;3.0;0.0;-0.0;0.0;8.0
R. Meerveld;/players/ringo-meerveld/623815/;2024-08-18;2;3.0;2.0;0.0;0.0;-0.0;-0.0;9.0;0.0;0.0;-0.0;3.0;0.0;-0.0;0.0;17.0
C. Sandra;/players/cisse-sandra/638266/;2024-08-18;2;3.0;2.0;0.0;0.0;-2.0;-0.0;0.0;5.0;0.0;-0.0;3.0;0.0;-0.0;0.0;11.0
N. Doodeman;/players/nick-doodeman/454478/;2024-08-18;2;3.0;2.0;0.0;0.0;-0.0;-0.0;0.0;0.0;0.0;-0.0;1.0;0.0;-0.0;0.0;6.0
K. Vaesen;/players/kyan-vaesen/620620/;2024-08-18;2;2.6;1.73;0.0;0.0;-0.0;-0.0;0.0;0.0;0.0;-0.0;0.87;3.0;-0.0;0.0;8.2
J. Bokila;/players/jeremy-bokila/49538/;2024-08-18;2;0.4;0.27;0.0;0.0;-0.0;-0.0;0.0;0.0;0.0;-0.0;0.13;0.0;-0.0;0.0;0.8
V. Vermeulen;/players/valentino-vermeulen/523467/;2024-08-18;2;0.07;0.04;0.0;0.0;-0.0;-0.0;0.0;0.0;-0.0;-0.0;0.22;0.0;-0.0;0.0;0.33
J. Mathijsen;/players/jens-mathijsen/982233/;2024-08-18;2;0.0;0.0;0.0;0.0;-0.0;-0.0;0.0;0.0;-0.0;-0.0;0.0;0.0;-0.0;0.0;0.0
J. Smits;/players/joshua-smits/149369/;2024-08-18;2;0.0;0.0;0.0;0.0;-0.0;-0.0;0.0;0.0;-0.0;-0.0;0.0;0.0;-0.0;0.0;0.0
D. Mathieu;/players/dani-mathieu/567744/;2024-08-18;2;0.0;0.0;0.0;0.0;-0.0;-0.0;0.0;0.0;0.0;-0.0;0.0;0.0;-0.0;0.0;0.0
M. de Waal;/players/max-de-waal/632222/;2024-08-18;2;0.0;0.0;0.0;0.0;-0.0;-0.0;0.0;0.0;0.0;-0.0;0.0;0.0;-0.0;0.0;0.0
K. Razak;/players/khaled-razak/882843/;2024-08-18;2;0.0;0.0;0.0;0.0;-0.0;-0.0;0.0;0.0;0.0;-0.0;0.0;0.0;-0.0;0.0;0.0
P. van Loon;/players/per-van-loon/982232/;2024-08-18;2;;;;;;;;;;;;;;;0.0
P. Joosten;/players/patrick-joosten/394561/;2024-08-18;2;0.0;0.0;0.0;0.0;-0.0;-0.0;0.0;0.0;0.0;-0.0;0.0;0.0;-0.0;0.0;0.0
E. Kehrer;/players/emilio-kehrer/609627/;2024-08-18;2;0.0;0.0;0.0;0.0;-0.0;-0.0;0.0;0.0;0.0;-0.0;0.0;0.0;-0.0;0.0;0.0
R. Nizet;/players/rob-nizet/575071/;2024-08-18;2;0.0;0.0;0.0;0.0;-0.0;-0.0;0.0;0.0;-0.0;-0.0;0.0;0.0;-0.0;0.0;0.0
C. van den Berg;/players/connor-van-den-berg/569426/;2024-08-18;2;0.0;0.0;0.0;0.0;-0.0;-0.0;0.0;0.0;-0.0;-0.0;0.0;0.0;-0.0;0.0;0.0
L. Plogmann;/players/luca-plogmann/470121/;2024-08-18;2;3.0;0.0;0.0;0.0;-0.0;-0.0;0.0;0.0;-2.0;-0.0;0.0;0.0;-0.0;0.0;1.0
J. Kramer;/players/joris-kramer/402051/;2024-08-18;2;3.0;0.0;0.0;0.0;-0.0;-0.0;0.0;0.0;-2.0;-0.0;0.0;0.0;-0.0;0.0;1.0
M. Deijl;/players/mats-deijl/402457/;2024-08-18;2;3.0;0.0;0.0;0.0;-0.0;-0.0;0.0;0.0;-2.0;-0.0;0.0;0.0;-0.0;0.0;1.0
D. James;/players/dean-ruben--james/537308/;2024-08-18;2;3.0;0.0;0.0;0.0;-0.0;-0.0;0.0;0.0;-2.0;-0.0;0.0;0.0;-0.0;0.0;1.0
J. Amofa;/players/jamal-amofa/668121/;2024-08-18;2;2.7;0.0;0.0;0.0;-2.0;-0.0;0.0;0.0;-2.0;-0.0;0.0;0.0;-0.0;0.0;-1.3
E. Llansana;/players/enric-llansana/515466/;2024-08-18;2;3.0;0.0;0.0;0.0;-2.0;-0.0;0.0;0.0;0.0;-0.0;0.0;0.0;-0.0;0.0;1.0
E. Linthorst;/players/evert-linthorst/546756/;2024-08-18;2;1.53;0.0;0.0;0.0;-0.0;-0.0;0.0;0.0;0.0;-0.0;0.0;0.0;-0.0;0.0;1.53
V. Edvardsen;/players/victor-edvardsen/409168/;2024-08-18;2;2.0;0.0;0.0;0.0;-0.0;-0.0;0.0;0.0;0.0;-0.0;0.0;0.0;-0.0;0.0;2.0
B. Adekanye;/players/bobby-adekanye/427040/;2024-08-18;2;2.0;0.0;0.0;0.0;-0.0;-0.0;0.0;0.0;0.0;-0.0;0.0;0.0;-0.0;0.0;2.0
S. Tengstedt;/players/soren-tengstedt/615917/;2024-08-18;2;2.0;0.0;0.0;0.0;-0.0;-0.0;0.0;0.0;0.0;-0.0;0.0;0.0;-0.0;0.0;2.0
J. Breum;/players/jakob-breum/658739/;2024-08-18;2;3.0;0.0;0.0;0.0;-0.0;-0.0;0.0;0.0;0.0;-0.0;0.0;0.0;-0.0;0.0;3.0
C. Twigt;/players/calvin-twigt/669594/;2024-08-18;2;1.47;0.0;0.0;0.0;-0.0;-0.0;0.0;0.0;0.0;-0.0;0.0;0.0;-0.0;0.0;1.47
M. Suray;/players/mathis-suray/517358/;2024-08-18;2;1.0;0.0;0.0;0.0;-0.0;-0.0;0.0;0.0;0.0;-0.0;0.0;0.0;-0.0;0.0;1.0
O. Antman;/players/oliver-antman/547497/;2024-08-18;2;1.0;0.0;0.0;0.0;-0.0;-0.0;0.0;0.0;0.0;-0.0;0.0;0.0;-0.0;0.0;1.0
F. Stokkers;/players/finn-stokkers/319661/;2024-08-18;2;1.0;0.0;0.0;0.0;-0.0;-0.0;0.0;0.0;0.0;-0.0;0.0;0.0;-0.0;0.0;1.0
G. Nauber;/players/gerrit-nauber/102528/;2024-08-18;2;0.3;0.0;0.0;0.0;-0.0;-0.0;0.0;0.0;-0.0;-0.0;0.0;0.0;-0.0;0.0;0.3
L. Everink;/players/luca-everink/628510/;2024-08-18;2;0.0;0.0;0.0;0.0;-0.0;-0.0;0.0;0.0;-0.0;-0.0;0.0;0.0;-0.0;0.0;0.0
R. Weijenberg;/players/robbin-weijenberg/857132/;2024-08-18;2;0.0;0.0;0.0;0.0;-0.0;-0.0;0.0;0.0;0.0;-0.0;0.0;0.0;-0.0;0.0;0.0
N. Verdoni;/players/nando-verdoni/813110/;2024-08-18;2;0.0;0.0;0.0;0.0;-0.0;-0.0;0.0;0.0;-0.0;-0.0;0.0;0.0;-0.0;0.0;0.0
S. Jansen;/players/sven-jansen/421540/;2024-08-18;2;0.0;0.0;0.0;0.0;-0.0;-0.0;0.0;0.0;-0.0;-0.0;0.0;0.0;-0.0;0.0;0.0
T. Baeten;/players/thibo-baeten/571905/;2024-08-18;2;0.0;0.0;0.0;0.0;-0.0;-0.0;0.0;0.0;0.0;-0.0;0.0;0.0;-0.0;0.0;0.0
J. Schendelaar;/players/jasper-schendelaar/454473/;2024-08-18;2;3.0;0.0;0.0;0.0;-0.0;-0.0;0.0;0.0;-5.0;-0.0;0.0;0.0;-0.0;0.0;-2.0
T. Lutonda;/players/thierry-lutonda/462568/;2024-08-18;2;3.0;0.0;0.0;0.0;-0.0;-0.0;0.0;0.0;-5.0;-0.0;0.0;0.0;-0.0;0.0;-2.0
A. El Azzouzi;/players/anouar-el-azzouzi/567947/;2024-08-18;2;3.0;0.0;0.0;0.0;-0.0;-0.0;0.0;0.0;-5.0;-0.0;0.0;0.0;-0.0;0.0;-2.0
A. MacNulty;/players/anselmo-garcia-mcnulty/608607/;2024-08-18;2;3.0;0.0;0.0;0.0;-0.0;-0.0;0.0;0.0;-5.0;-0.0;0.0;0.0;-0.0;0.0;-2.0
O. Velanas;/players/odysseus-velanas/452059/;2024-08-18;2;3.0;0.0;0.0;0.0;-0.0;-0.0;0.0;0.0;0.0;-0.0;0.0;0.0;-0.0;0.0;3.0
D. van den Berg;/players/dave-van-den-berg-/475335/;2024-08-18;2;3.0;0.0;0.0;0.0;-0.0;-0.0;0.0;0.0;0.0;-0.0;0.0;0.0;-0.0;0.0;3.0
F. Krastev;/players/filip-yavorov-krastev/550509/;2024-08-18;2;3.0;0.0;0.0;0.0;-2.0;-0.0;9.0;0.0;0.0;-0.0;0.0;0.0;-0.0;0.0;10.0
E. Reijnders;/players/eliano-reijnders/577288/;2024-08-18;2;3.0;0.0;0.0;0.0;-0.0;-0.0;0.0;0.0;0.0;-0.0;0.0;0.0;-0.0;0.0;3.0
N. Fichtinger;/players/nick-fichtinger/914267/;2024-08-18;2;2.27;0.0;0.0;0.0;-0.0;-0.0;0.0;0.0;0.0;-0.0;0.0;0.0;-0.0;0.0;2.27
T. Buitink;/players/thomas-buitnik/457668/;2024-08-18;2;1.9;0.0;0.0;0.0;-0.0;-0.0;0.0;0.0;0.0;-0.0;0.0;0.0;-0.0;0.0;1.9
D. Mbayo;/players/dylan-mbayo/599681/;2024-08-18;2;1.9;0.0;0.0;0.0;-0.0;-0.0;0.0;0.0;0.0;-0.0;0.0;0.0;-0.0;0.0;1.9
K. de Rooij;/players/kaj-de-rooij/539368/;2024-08-18;2;1.1;0.0;0.0;0.0;-0.0;-0.0;0.0;0.0;0.0;-0.0;0.0;0.0;-0.0;0.0;1.1
D. Vente;/players/dylan-vente/426585/;2024-08-18;2;1.1;0.0;0.0;0.0;-0.0;-0.0;0.0;0.0;0.0;-0.0;0.0;0.0;-0.0;0.0;1.1
T. Gijselhart;/players/teun-gijselhart/789919/;2024-08-18;2;0.73;0.0;0.0;0.0;-0.0;-0.0;0.0;0.0;0.0;-0.0;0.0;0.0;-0.0;0.0;0.73
R. Thomas;/players/ryan-thomas/215382/;2024-08-18;2;0.0;0.0;0.0;0.0;-0.0;-0.0;0.0;0.0;0.0;-0.0;0.0;0.0;-0.0;0.0;0.0
M. Hauptmeijer;/players/mike-hauptmeijer/321048/;2024-08-18;2;0.0;0.0;0.0;0.0;-0.0;-0.0;0.0;0.0;-0.0;-0.0;0.0;0.0;-0.0;0.0;0.0
A. Vellios;/players/-vellios/77882/;2024-08-18;2;0.0;0.0;0.0;0.0;-0.0;-0.0;0.0;0.0;0.0;-0.0;0.0;0.0;-0.0;0.0;0.0
A. Fontana;/players/anthony-fontana/448317/;2024-08-18;2;0.0;0.0;0.0;0.0;-0.0;-0.0;0.0;0.0;0.0;-0.0;0.0;0.0;-0.0;0.0;0.0
D. van der Haar;/players/damian-van-der-haar/812205/;2024-08-18;2;0.0;0.0;0.0;0.0;-0.0;-0.0;0.0;0.0;-0.0;-0.0;0.0;0.0;-0.0;0.0;0.0
K. Vermeer;/players/kenneth-vermeer/2175/;2024-08-18;2;0.0;0.0;0.0;0.0;-0.0;-0.0;0.0;0.0;-0.0;-0.0;0.0;0.0;-0.0;0.0;0.0
M. Oukhattou;/players/mohamed-oukhattou/878072/;2024-08-18;2;0.0;0.0;0.0;0.0;-0.0;-0.0;0.0;0.0;0.0;-0.0;0.0;0.0;-0.0;0.0;0.0
T. Wellenreuther;/players/timon-wellenreuther/258964/;2024-08-18;2;3.0;2.0;0.0;0.0;-0.0;-0.0;0.0;0.0;-1.0;-0.0;0.0;0.0;-0.0;0.0;4.0
B. Nieuwkoop;/players/bart-nieuwkoop/275124/;2024-08-18;2;1.53;1.02;0.0;0.0;-0.0;-0.0;0.0;0.0;-0.0;-0.0;0.0;0.0;-0.0;0.0;2.56
D. Hancko;/players/david-hancko/391059/;2024-08-18;2;3.0;2.0;0.0;0.0;-2.0;-0.0;12.0;0.0;-1.0;-0.0;0.0;0.0;-0.0;0.0;14.0
L. Geertruida;/players/lutsharel-geertruida/463698/;2024-08-18;2;3.0;2.0;0.0;0.0;-0.0;-0.0;0.0;0.0;-1.0;-0.0;0.0;0.0;-0.0;0.0;4.0
Hugo Bueno;/players/hugo-bueno/624935/;2024-08-18;2;2.13;1.42;0.0;0.0;-0.0;-0.0;0.0;6.0;-0.0;-0.0;0.0;0.0;-0.0;0.0;9.56
C. Stengs;/players/calvin-stengs/458659/;2024-08-18;2;2.4;1.6;0.0;0.0;-0.0;-0.0;9.0;10.0;0.0;-0.0;0.0;0.0;-0.0;0.0;23.0
Q. Timber;/players/quinten-maduro/463017/;2024-08-18;2;2.13;1.42;0.0;0.0;-0.0;-0.0;0.0;0.0;0.0;-0.0;0.0;0.0;-0.0;0.0;3.56
R. Zerrouki;/players/ramiz-larbi-zerrouki/621348/;2024-08-18;2;3.0;2.0;0.0;0.0;-0.0;-0.0;0.0;0.0;0.0;-0.0;0.0;0.0;-0.0;0.0;5.0
A. Milambo;/players/antoni-djibu-milambo/736392/;2024-08-18;2;2.77;1.84;0.0;0.0;-0.0;-0.0;0.0;0.0;0.0;-0.0;0.0;0.0;-0.0;0.0;4.61
S. Giménez;/players/santiago-tomas-gimenez/494293/;2024-08-18;2;3.0;2.0;0.0;0.0;-0.0;-0.0;16.0;0.0;0.0;-0.0;0.0;0.0;-0.0;0.0;21.0
Igor Paixão;/players/igor-guilherme-barbosa-da-paixao/593041/;2024-08-18;2;3.0;2.0;0.0;0.0;-0.0;-0.0;8.0;4.0;0.0;-0.0;0.0;0.0;-0.0;0.0;17.0
T. Beelen;/players/thomas-beelen/760998/;2024-08-18;2;1.47;0.98;0.0;0.0;-0.0;-0.0;0.0;0.0;-1.0;-0.0;0.0;0.0;-0.0;0.0;1.44
G. Smal;/players/gijs-smal/508760/;2024-08-18;2;0.87;0.58;0.0;0.0;-0.0;-0.0;0.0;0.0;-1.0;-0.0;0.0;0.0;-0.0;0.0;0.44
G. Zechiël;/players/gjivai-zechiel/864326/;2024-08-18;2;0.87;0.58;0.0;0.0;-0.0;-0.0;0.0;5.0;0.0;-0.0;0.0;0.0;-0.0;0.0;6.44
L. Ivanušec;/players/luka-ivanuec/424605/;2024-08-18;2;0.6;0.4;0.0;0.0;-0.0;-0.0;0.0;0.0;0.0;-0.0;0.0;0.0;-0.0;0.0;1.0
A. Ueda;/players/ayase-ueda/551425/;2024-08-18;2;0.23;0.16;0.0;0.0;-0.0;-0.0;0.0;0.0;0.0;-0.0;0.0;0.0;-0.0;0.0;0.39
J. Bijlow;/players/justin-bijlow/340393/;2024-08-18;2;0.0;0.0;0.0;0.0;-0.0;-0.0;0.0;0.0;-0.0;-0.0;0.0;0.0;-0.0;0.0;0.0
C. Nadje;/players/chris-kevin-nadje/667108/;2024-08-18;2;0.0;0.0;0.0;0.0;-0.0;-0.0;0.0;0.0;0.0;-0.0;0.0;0.0;-0.0;0.0;0.0
M. Pedersen;/players/marcus-holmgren-pedersen/549159/;2024-08-18;2;0.0;0.0;0.0;0.0;-0.0;-0.0;0.0;0.0;-0.0;-0.0;0.0;0.0;-0.0;0.0;0.0
A. Hadj Moussa;/players/anis--hadj-moussa/755639/;2024-08-18;2;0.0;0.0;0.0;0.0;-0.0;-0.0;0.0;0.0;0.0;-0.0;0.0;0.0;-0.0;0.0;0.0
O. Lingr;/players/ondej-lingr/377533/;2024-08-18;2;0.0;0.0;0.0;0.0;-0.0;-0.0;0.0;0.0;0.0;-0.0;0.0;0.0;-0.0;0.0;0.0
M. van Sas;/players/mikki-van-sas/669604/;2024-08-18;2;0.0;0.0;0.0;0.0;-0.0;-0.0;0.0;0.0;-0.0;-0.0;0.0;0.0;-0.0;0.0;0.0
J. Carranza;/players/julian-carranza/475791/;2024-08-18;2;0.0;0.0;0.0;0.0;-0.0;-0.0;0.0;0.0;0.0;-0.0;0.0;0.0;-0.0;0.0;0.0
D. Bielica;/players/daniel-bielica/555492/;2024-08-24;3;3.0;0.0;0.0;0.0;-0.0;-0.0;0.0;0.0;-2.0;-0.0;0.0;0.0;-0.0;0.0;1.0
J. Van den Bergh;/players/jan-van-den-bergh/354185/;2024-08-24;3;3.0;0.0;0.0;0.0;-2.0;-0.0;0.0;0.0;-2.0;-0.0;0.0;0.0;-0.0;0.0;-1.0
B. Lucassen;/players/boyd-lucassen/453952/;2024-08-24;3;3.0;0.0;0.0;0.0;-0.0;-0.0;12.0;0.0;-2.0;-0.0;0.0;0.0;-0.0;0.0;13.0
B. Kemper;/players/boy-kemper/463009/;2024-08-24;3;3.0;0.0;0.0;0.0;-2.0;-0.0;0.0;0.0;-2.0;-0.0;0.0;0.0;-0.0;0.0;-1.0
L. Greiml;/players/leo-greiml/517683/;2024-08-24;3;3.0;0.0;0.0;0.0;-0.0;-0.0;0.0;0.0;-2.0;-0.0;0.0;0.0;-0.0;0.0;1.0
C. Valerius;/players/cherrion-valerius/947863/;2024-08-24;3;3.0;0.0;0.0;0.0;-0.0;-0.0;0.0;0.0;-2.0;-0.0;0.0;0.0;-0.0;0.0;1.0
D. Janošek;/players/dominik-janosek/492661/;2024-08-24;3;3.0;0.0;0.0;0.0;-0.0;-0.0;0.0;5.0;0.0;-0.0;0.0;0.0;-0.0;0.0;8.0
M. Garbett;/players/matthew-garbett/577465/;2024-08-24;3;2.5;0.0;0.0;0.0;-0.0;-0.0;0.0;0.0;0.0;-0.0;0.0;0.0;-0.0;0.0;2.5
R. Paula;/players/raul-paula/640610/;2024-08-24;3;3.0;0.0;0.0;0.0;-0.0;-0.0;0.0;0.0;0.0;-0.0;0.0;0.0;-0.0;0.0;3.0
M. Balard;/players/maximilien-balard/643695/;2024-08-24;3;3.0;0.0;0.0;0.0;-0.0;-0.0;0.0;0.0;0.0;-0.0;0.0;0.0;-0.0;0.0;3.0
E. Ómarsson;/players/elias-mar-omarsson/213035/;2024-08-24;3;2.27;0.0;0.0;0.0;-0.0;-0.0;0.0;0.0;0.0;-0.0;0.0;0.0;-0.0;0.0;2.27
K. Kostorz;/players/kacper-kostorz/485378/;2024-08-24;3;0.73;0.0;0.0;0.0;-2.0;-0.0;0.0;0.0;0.0;-0.0;0.0;0.0;-0.0;0.0;-1.27
L. Mol;/players/lars-mol/923583/;2024-08-24;3;0.5;0.0;0.0;0.0;-0.0;-8.0;0.0;0.0;-2.0;-0.0;0.0;0.0;-0.0;0.0;-9.5
M. Koscelník;/players/martin-koscelnik/353345/;2024-08-24;3;0.0;0.0;0.0;0.0;-0.0;-0.0;0.0;0.0;-0.0;-0.0;0.0;0.0;-0.0;0.0;0.0
Saná Fernandes;/players/sana-fernandes/926017/;2024-08-24;3;0.0;0.0;0.0;0.0;-0.0;-0.0;0.0;0.0;0.0;-0.0;0.0;0.0;-0.0;0.0;0.0
R. Kuijpers;/players/roy-kuijpers/663306/;2024-08-24;3;0.0;0.0;0.0;0.0;-0.0;-0.0;0.0;0.0;0.0;-0.0;0.0;0.0;-0.0;0.0;0.0
A. Kaied;/players/adam-kaied/693342/;2024-08-24;3;0.0;0.0;0.0;0.0;-0.0;-0.0;0.0;0.0;0.0;-0.0;0.0;0.0;-0.0;0.0;0.0
R. Kortsmit;/players/roy-kortsmit/200996/;2024-08-24;3;0.0;0.0;0.0;0.0;-0.0;-0.0;0.0;0.0;-0.0;-0.0;0.0;0.0;-0.0;0.0;0.0
E. Mahmutović;/players/enes-mahmutovic/347775/;2024-08-24;3;0.0;0.0;0.0;0.0;-0.0;-0.0;0.0;0.0;-0.0;-0.0;0.0;0.0;-0.0;0.0;0.0
T. Troost;/players/tein-troost/525919/;2024-08-24;3;0.0;0.0;0.0;0.0;-0.0;-0.0;0.0;0.0;-0.0;-0.0;0.0;0.0;-0.0;0.0;0.0
C. Staring;/players/casper-staring/628494/;2024-08-24;3;0.0;0.0;0.0;0.0;-0.0;-0.0;0.0;0.0;0.0;-0.0;0.0;0.0;-0.0;0.0;0.0
Manel Royo;/players/manel-royo-castell/354951/;2024-08-24;3;0.0;0.0;0.0;0.0;-0.0;-0.0;0.0;0.0;-0.0;-0.0;0.0;0.0;-0.0;0.0;0.0
V. Barkas;/players/vasileios-barkas/272919/;2024-08-24;3;3.0;2.0;0.0;0.0;-0.0;-0.0;0.0;0.0;-1.0;-0.0;0.0;0.0;-0.0;0.0;4.0
N. Viergever;/players/nick--viergever/78529/;2024-08-24;3;3.0;2.0;0.0;0.0;-0.0;-0.0;0.0;0.0;-1.0;-0.0;0.0;0.0;-0.0;0.0;4.0
M. van der Hoorn;/players/mike-van-der-hoorn/190540/;2024-08-24;3;3.0;2.0;0.0;0.0;-0.0;-0.0;0.0;6.0;-1.0;-0.0;0.0;0.0;-0.0;0.0;10.0
S. Horemans;/players/siebe-horemans/399758/;2024-08-24;3;3.0;2.0;0.0;0.0;-0.0;-0.0;0.0;0.0;-1.0;-0.0;0.0;0.0;-0.0;0.0;4.0
S. El Karouani;/players/souffian-elkarouani/537878/;2024-08-24;3;3.0;2.0;0.0;0.0;-2.0;-0.0;0.0;0.0;-1.0;-0.0;0.0;0.0;-0.0;0.0;2.0
J. Toornstra;/players/jens-toornstra/110217/;2024-08-24;3;1.53;1.02;0.0;0.0;-0.0;-0.0;0.0;0.0;0.0;-0.0;0.0;0.0;-0.0;0.0;2.56
P. Aaronson;/players/paxten-aaronson/576828/;2024-08-24;3;1.53;1.02;0.0;0.0;-0.0;-0.0;0.0;0.0;0.0;-0.0;0.0;0.0;-0.0;0.0;2.56
A. Engwanda;/players/alonzo-engwanda/638250/;2024-08-24;3;3.0;2.0;0.0;0.0;-0.0;-0.0;0.0;0.0;0.0;-0.0;0.0;0.0;-0.0;0.0;5.0
Zidane Iqbal;/players/zidane-iqbal/644834/;2024-08-24;3;1.53;1.02;0.0;0.0;-0.0;-0.0;0.0;0.0;0.0;-0.0;0.0;0.0;-0.0;0.0;2.56
O. Romeny;/players/ole-ter-haar-romeny/532140/;2024-08-24;3;2.6;1.73;0.0;0.0;-0.0;-0.0;0.0;0.0;0.0;-0.0;0.0;0.0;-0.0;0.0;4.33
D. Min;/players/david-min/587715/;2024-08-24;3;1.53;1.02;0.0;0.0;-0.0;-0.0;0.0;0.0;0.0;-0.0;0.0;0.0;-0.0;0.0;2.56
N. Ohio;/players/noah-ohio/571268/;2024-08-24;3;1.47;0.98;0.0;0.0;-2.0;-0.0;16.0;0.0;0.0;-0.0;0.0;0.0;-0.0;0.0;16.44
C. Bozdoğan;/players/can-bozdogan/529101/;2024-08-24;3;1.47;0.98;0.0;0.0;-0.0;-0.0;0.0;0.0;0.0;-0.0;0.0;0.0;-0.0;0.0;2.44
A. Blake;/players/adrian-blake/695557/;2024-08-24;3;1.47;0.98;0.0;0.0;-0.0;-0.0;0.0;0.0;0.0;-0.0;0.0;0.0;-0.0;0.0;2.44
V. Jensen;/players/victor-jensen/460509/;2024-08-24;3;1.47;0.98;0.0;0.0;-0.0;-0.0;0.0;0.0;0.0;-0.0;0.0;0.0;-0.0;0.0;2.44
Miguel Rodríguez;/players/miguel-rodriguez-vidal/576516/;2024-08-24;3;0.4;0.27;0.0;0.0;-0.0;-0.0;0.0;4.0;0.0;-0.0;0.0;0.0;-0.0;0.0;4.67
M. Didden;/players/matisse-didden/541794/;2024-08-24;3;0.0;0.0;0.0;0.0;-0.0;-0.0;0.0;0.0;-0.0;-0.0;0.0;0.0;-0.0;0.0;0.0
A. Descotte;/players/anthony-descotte/638248/;2024-08-24;3;0.0;0.0;0.0;0.0;-0.0;-0.0;0.0;0.0;0.0;-0.0;0.0;0.0;-0.0;0.0;0.0
M. Brouwer;/players/michael-brouwer/250395/;2024-08-24;3;0.0;0.0;0.0;0.0;-0.0;-0.0;0.0;0.0;-0.0;-0.0;0.0;0.0;-0.0;0.0;0.0
Y. Cathline;/players/yoann-cathline/660710/;2024-08-24;3;0.0;0.0;0.0;0.0;-0.0;-0.0;0.0;0.0;0.0;-0.0;0.0;0.0;-0.0;0.0;0.0
K. Finnsson;/players/kolbeinn-finnsson/384487/;2024-08-24;3;0.0;0.0;0.0;0.0;-0.0;-0.0;0.0;0.0;-0.0;-0.0;0.0;0.0;-0.0;0.0;0.0
T. de Graaff;/players/tom-gerard-de-graaff/783148/;2024-08-24;3;0.0;0.0;0.0;0.0;-0.0;-0.0;0.0;0.0;-0.0;-0.0;0.0;0.0;-0.0;0.0;0.0
R. Roefs;/players/robin-roefs/636190/;2024-08-24;3;3.0;2.0;0.0;0.0;-0.0;-0.0;0.0;0.0;-0.0;-0.0;12.0;0.0;-0.0;0.0;17.0
B. Nuytinck;/players/bram-nuytinck/86442/;2024-08-24;3;3.0;2.0;0.0;0.0;-0.0;-0.0;0.0;0.0;-0.0;-0.0;10.0;0.0;-0.0;0.0;15.0
C. Verdonk;/players/calvin-verdonk/319288/;2024-08-24;3;3.0;2.0;0.0;0.0;-0.0;-0.0;0.0;0.0;-0.0;-0.0;10.0;0.0;-0.0;0.0;15.0
Iván Márquez;/players/ivan-marquez-alvarez/352663/;2024-08-24;3;3.0;2.0;0.0;0.0;-0.0;-0.0;0.0;0.0;-0.0;-0.0;10.0;0.0;-0.0;0.0;15.0
B. Pereira;/players/brayann-pereira/640596/;2024-08-24;3;2.2;1.47;0.0;0.0;-2.0;-0.0;0.0;0.0;-0.0;-0.0;7.33;0.0;-0.0;0.0;9.0
M. Hoedemakers;/players/mees-hoedemakers/465082/;2024-08-24;3;1.97;1.31;0.0;0.0;-0.0;-0.0;0.0;0.0;0.0;-0.0;1.97;0.0;-0.0;0.0;5.24
Róber;/players/roberto-gonzalez-bayon/500171/;2024-08-24;3;3.0;2.0;0.0;0.0;-0.0;-0.0;9.0;0.0;0.0;-0.0;3.0;0.0;-0.0;0.0;17.0
D. Proper;/players/dirk-proper/525939/;2024-08-24;3;3.0;2.0;0.0;0.0;-0.0;-0.0;0.0;0.0;0.0;-0.0;3.0;0.0;-0.0;0.0;8.0
K. Sano;/players/kodai-sano/815318/;2024-08-24;3;3.0;2.0;0.0;0.0;-0.0;-0.0;0.0;0.0;0.0;-0.0;3.0;0.0;-0.0;0.0;8.0
K. Ogawa;/players/koki-ogawa/435835/;2024-08-24;3;3.0;2.0;0.0;0.0;-0.0;-0.0;0.0;0.0;0.0;-0.0;1.0;0.0;-0.0;0.0;6.0
B. Önal;/players/basar-onal/822550/;2024-08-24;3;2.67;1.78;0.0;0.0;-0.0;-0.0;0.0;0.0;0.0;-0.0;0.89;0.0;-0.0;0.0;5.33
S. Hansen;/players/sontje-hansen/508823/;2024-08-24;3;1.03;0.69;0.0;0.0;-0.0;-0.0;0.0;0.0;0.0;-0.0;0.34;0.0;-0.0;0.0;2.07
T. Ouwejan;/players/thomas-ouwejan/407740/;2024-08-24;3;0.8;0.53;0.0;0.0;-0.0;-0.0;0.0;0.0;-0.0;-0.0;2.67;0.0;-0.0;0.0;4.0
A. Darellas;/players/argyrios-darelas/637189/;2024-08-24;3;0.33;0.22;0.0;0.0;-0.0;-0.0;0.0;0.0;0.0;-0.0;0.33;0.0;-0.0;0.0;0.89
R. Janse;/players/rijk-janse/632550/;2024-08-24;3;0.0;0.0;0.0;0.0;-0.0;-0.0;0.0;0.0;-0.0;-0.0;0.0;0.0;-0.0;0.0;0.0
K. de Wit;/players/kas-de-wit/857092/;2024-08-24;3;0.0;0.0;0.0;0.0;-0.0;-0.0;0.0;0.0;0.0;-0.0;0.0;0.0;-0.0;0.0;0.0
L. Schöne;/players/lasse-schone/17366/;2024-08-24;3;0.0;0.0;0.0;0.0;-0.0;-0.0;0.0;0.0;0.0;-0.0;0.0;0.0;-0.0;0.0;0.0
S. van Gassel;/players/stijn-van-gassel/323665/;2024-08-24;3;0.0;0.0;0.0;0.0;-0.0;-0.0;0.0;0.0;-0.0;-0.0;0.0;0.0;-0.0;0.0;0.0
D. Arts;/players/dleanu-arts/643504/;2024-08-24;3;0.0;0.0;0.0;0.0;-0.0;-0.0;0.0;0.0;-0.0;-0.0;0.0;0.0;-0.0;0.0;0.0
J. Schendelaar;/players/jasper-schendelaar/454473/;2024-08-24;3;3.0;0.0;0.0;0.0;-0.0;-0.0;0.0;0.0;-1.0;-0.0;0.0;0.0;-0.0;0.0;2.0
T. Lutonda;/players/thierry-lutonda/462568/;2024-08-24;3;3.0;0.0;0.0;0.0;-0.0;-8.0;0.0;0.0;-1.0;-0.0;0.0;0.0;-0.0;0.0;-6.0
S. Graves;/players/simon-graves-jensen/538684/;2024-08-24;3;3.0;0.0;0.0;0.0;-0.0;-0.0;0.0;0.0;-1.0;-0.0;0.0;0.0;-0.0;0.0;2.0
A. El Azzouzi;/players/anouar-el-azzouzi/567947/;2024-08-24;3;3.0;0.0;0.0;0.0;-2.0;-0.0;0.0;0.0;-1.0;-0.0;0.0;0.0;-0.0;0.0;0.0
A. MacNulty;/players/anselmo-garcia-mcnulty/608607/;2024-08-24;3;3.0;0.0;0.0;0.0;-0.0;-0.0;0.0;0.0;-1.0;-0.0;0.0;0.0;-0.0;0.0;2.0
O. Velanas;/players/odysseus-velanas/452059/;2024-08-24;3;3.0;0.0;0.0;0.0;-0.0;-0.0;0.0;0.0;0.0;-0.0;0.0;0.0;-0.0;0.0;3.0
D. van den Berg;/players/dave-van-den-berg-/475335/;2024-08-24;3;3.0;0.0;0.0;0.0;-0.0;-0.0;0.0;0.0;0.0;-0.0;0.0;0.0;-0.0;0.0;3.0
F. Krastev;/players/filip-yavorov-krastev/550509/;2024-08-24;3;2.47;0.0;0.0;0.0;-0.0;-0.0;0.0;0.0;0.0;-0.0;0.0;0.0;-0.0;0.0;2.47
E. Reijnders;/players/eliano-reijnders/577288/;2024-08-24;3;3.0;0.0;0.0;0.0;-0.0;-0.0;0.0;0.0;0.0;-0.0;0.0;0.0;-0.0;0.0;3.0
N. Fichtinger;/players/nick-fichtinger/914267/;2024-08-24;3;3.0;0.0;0.0;0.0;-2.0;-0.0;0.0;0.0;0.0;-0.0;0.0;0.0;-0.0;0.0;1.0
D. Vente;/players/dylan-vente/426585/;2024-08-24;3;2.7;0.0;0.0;0.0;-0.0;-0.0;0.0;0.0;0.0;-0.0;0.0;0.0;-0.0;0.0;2.7
K. de Rooij;/players/kaj-de-rooij/539368/;2024-08-24;3;0.53;0.0;0.0;0.0;-0.0;-0.0;0.0;0.0;0.0;-0.0;0.0;0.0;-0.0;0.0;0.53
D. van der Haar;/players/damian-van-der-haar/812205/;2024-08-24;3;0.3;0.0;0.0;0.0;-0.0;-0.0;0.0;0.0;-1.0;-0.0;0.0;0.0;-0.0;0.0;-0.7
D. Mbayo;/players/dylan-mbayo/599681/;2024-08-24;3;0.0;0.0;0.0;0.0;-0.0;-0.0;0.0;0.0;0.0;-0.0;0.0;0.0;-0.0;0.0;0.0
T. Buitink;/players/thomas-buitnik/457668/;2024-08-24;3;0.0;0.0;0.0;0.0;-0.0;-0.0;0.0;0.0;0.0;-0.0;0.0;0.0;-0.0;0.0;0.0
R. Thomas;/players/ryan-thomas/215382/;2024-08-24;3;0.0;0.0;0.0;0.0;-0.0;-0.0;0.0;0.0;0.0;-0.0;0.0;0.0;-0.0;0.0;0.0
T. Gijselhart;/players/teun-gijselhart/789919/;2024-08-24;3;0.0;0.0;0.0;0.0;-0.0;-0.0;0.0;0.0;0.0;-0.0;0.0;0.0;-0.0;0.0;0.0
M. Oukhattou;/players/mohamed-oukhattou/878072/;2024-08-24;3;0.0;0.0;0.0;0.0;-0.0;-0.0;0.0;0.0;0.0;-0.0;0.0;0.0;-0.0;0.0;0.0
A. Fontana;/players/anthony-fontana/448317/;2024-08-24;3;0.0;0.0;0.0;0.0;-0.0;-0.0;0.0;0.0;0.0;-0.0;0.0;0.0;-0.0;0.0;0.0
K. Vermeer;/players/kenneth-vermeer/2175/;2024-08-24;3;0.0;0.0;0.0;0.0;-0.0;-0.0;0.0;0.0;-0.0;-0.0;0.0;0.0;-0.0;0.0;0.0
M. Hauptmeijer;/players/mike-hauptmeijer/321048/;2024-08-24;3;0.0;0.0;0.0;0.0;-0.0;-0.0;0.0;0.0;-0.0;-0.0;0.0;0.0;-0.0;0.0;0.0
N. Bakker;/players/nordin-bakker/563909/;2024-08-24;3;3.0;0.0;0.0;0.0;-0.0;-0.0;0.0;0.0;-7.0;-0.0;0.0;0.0;-0.0;0.0;-4.0
J. Jacobs;/players/joey-jacobs/537705/;2024-08-24;3;3.0;0.0;0.0;0.0;-0.0;-0.0;0.0;0.0;-7.0;-0.0;0.0;0.0;-0.0;0.0;-4.0
C. Mamengi;/players/christopher-mamengi/540620/;2024-08-24;3;2.5;0.0;0.0;0.0;-0.0;-0.0;0.0;0.0;-4.0;-0.0;0.0;0.0;-0.0;0.0;-1.5
H. Akujobi;/players/hamdi-akujobi/567599/;2024-08-24;3;3.0;0.0;0.0;0.0;-0.0;-0.0;0.0;0.0;-7.0;-0.0;0.0;0.0;-0.0;0.0;-4.0
V. Zagaritis;/players/vasilios-zagaritis/617928/;2024-08-24;3;3.0;0.0;0.0;0.0;-0.0;-0.0;0.0;0.0;-7.0;-0.0;0.0;0.0;-0.0;0.0;-4.0
Álex Balboa;/players/alex-balboa-bandeira/627655/;2024-08-24;3;2.5;0.0;0.0;0.0;-2.0;-0.0;0.0;0.0;0.0;-0.0;0.0;0.0;-0.0;0.0;0.5
S. Resink;/players/stije-resink/681459/;2024-08-24;3;3.0;0.0;0.0;0.0;-0.0;-0.0;0.0;0.0;0.0;-0.0;0.0;0.0;-0.0;0.0;3.0
J. Ritmeester van de Kamp;/players/jochem-ritmeester-van-de-kamp/801840/;2024-08-24;3;3.0;0.0;0.0;0.0;-0.0;-0.0;0.0;5.0;0.0;-0.0;0.0;0.0;-0.0;0.0;8.0
K. Hansen;/players/kornelius-normann-hansen/496125/;2024-08-24;3;3.0;0.0;0.0;0.0;-0.0;-0.0;8.0;0.0;0.0;-0.0;0.0;0.0;-0.0;0.0;11.0
F. Mattoir;/players/faiz-mattoir/547050/;2024-08-24;3;2.2;0.0;0.0;0.0;-0.0;-0.0;0.0;0.0;0.0;-0.0;0.0;0.0;-0.0;0.0;2.2
L. Delaurier-Chaubet;/players/logan-delaurier-chaubet/626512/;2024-08-24;3;2.2;0.0;0.0;0.0;-0.0;-0.0;0.0;0.0;0.0;-0.0;0.0;0.0;-0.0;0.0;2.2
E. Poku;/players/emanuel-poku/935872/;2024-08-24;3;0.8;0.0;0.0;0.0;-0.0;-0.0;0.0;0.0;0.0;-0.0;0.0;0.0;-0.0;0.0;0.8
J. Puriël;/players/germain-puriel/633104/;2024-08-24;3;0.8;0.0;0.0;0.0;-0.0;-0.0;0.0;0.0;0.0;-0.0;0.0;0.0;-0.0;0.0;0.8
T. Barbet;/players/theo-barbet/515917/;2024-08-24;3;0.5;0.0;0.0;0.0;-0.0;-0.0;0.0;0.0;-3.0;-3.0;0.0;0.0;-0.0;0.0;-5.5
A. Nalić;/players/adi-nalic/459631/;2024-08-24;3;0.5;0.0;0.0;0.0;-0.0;-0.0;0.0;0.0;0.0;-0.0;0.0;0.0;-0.0;0.0;0.5
M. Dors;/players/marley-dors/923158/;2024-08-24;3;0.0;0.0;0.0;0.0;-0.0;-0.0;0.0;0.0;0.0;-0.0;0.0;0.0;-0.0;0.0;0.0
J. Wendlinger;/players/jonas-wendlinger/469451/;2024-08-24;3;0.0;0.0;0.0;0.0;-0.0;-0.0;0.0;0.0;-0.0;-0.0;0.0;0.0;-0.0;0.0;0.0
J. Pinas;/players/jaden-pinas/845490/;2024-08-24;3;0.0;0.0;0.0;0.0;-0.0;-0.0;0.0;0.0;-0.0;-0.0;0.0;0.0;-0.0;0.0;0.0
J. van der Wilt;/players/joel-van-der-wilt/771874/;2024-08-24;3;0.0;0.0;0.0;0.0;-0.0;-0.0;0.0;0.0;-0.0;-0.0;0.0;0.0;-0.0;0.0;0.0
J. Kuiper;/players/jay-kuiper/963237/;2024-08-24;3;0.0;0.0;0.0;0.0;-0.0;-0.0;0.0;0.0;-0.0;-0.0;0.0;0.0;-0.0;0.0;0.0
W. Benítez;/players/walter-benitez/210145/;2024-08-24;3;3.0;2.0;0.0;0.0;-0.0;-0.0;0.0;0.0;-1.0;-0.0;0.0;0.0;-0.0;0.0;4.0
O. Boscagli;/players/olivier-boscagli/329542/;2024-08-24;3;3.0;2.0;0.0;0.0;-0.0;-0.0;0.0;0.0;-1.0;-0.0;0.0;0.0;-0.0;0.0;4.0
F. Oppegård;/players/fredrik-oppegard/575059/;2024-08-24;3;2.43;1.62;0.0;0.0;-0.0;-0.0;0.0;0.0;-1.0;-0.0;0.0;0.0;-0.0;0.0;3.06
R. Flamingo;/players/ryan-flamingo/627724/;2024-08-24;3;3.0;2.0;0.0;0.0;-0.0;-0.0;0.0;6.0;-1.0;-0.0;0.0;0.0;-0.0;0.0;10.0
G. Til;/players/guus-til/451981/;2024-08-24;3;3.0;2.0;0.0;0.0;-2.0;-0.0;9.0;0.0;0.0;-0.0;0.0;0.0;-0.0;0.0;12.0
J. Veerman;/players/joey--veerman/459312/;2024-08-24;3;3.0;2.0;0.0;0.0;-0.0;-0.0;0.0;10.0;0.0;-0.0;0.0;0.0;-0.0;0.0;15.0
R. Ledezma;/players/richard-ledezma/512218/;2024-08-24;3;2.93;1.96;0.0;0.0;-0.0;-0.0;0.0;0.0;0.0;-0.0;0.0;0.0;-0.0;0.0;4.89
M. Tillman;/players/malik-tillman/561787/;2024-08-24;3;3.0;2.0;0.0;0.0;-0.0;-0.0;9.0;0.0;0.0;-0.0;0.0;0.0;-0.0;0.0;14.0
L. de Jong;/players/luuk-de-jong/65056/;2024-08-24;3;2.43;1.62;0.0;0.0;-0.0;-0.0;8.0;0.0;0.0;-0.0;0.0;0.0;-0.0;0.0;12.06
H. Lozano;/players/hirving-rodrigo-lozano-bahena/327531/;2024-08-24;3;3.0;2.0;0.0;0.0;-0.0;-0.0;8.0;4.0;0.0;-0.0;0.0;0.0;-0.0;0.0;17.0
N. Lang;/players/noa-lang/463018/;2024-08-24;3;2.07;1.38;0.0;0.0;-0.0;-0.0;0.0;4.0;0.0;-0.0;0.0;0.0;-0.0;0.0;7.44
C. Driouech;/players/couhaib-driouech/632812/;2024-08-24;3;0.93;0.62;0.0;0.0;-0.0;-0.0;8.0;4.0;0.0;-0.0;0.0;0.0;-0.0;0.0;13.56
R. Pepi;/players/ricardo-pepi/523964/;2024-08-24;3;0.57;0.38;0.0;0.0;-0.0;-0.0;8.0;0.0;0.0;-0.0;0.0;0.0;-0.0;0.0;8.94
M. Dams;/players/matteo-dams/805736/;2024-08-24;3;0.57;0.38;0.0;0.0;-0.0;-0.0;0.0;0.0;-0.0;-0.0;0.0;0.0;-0.0;0.0;0.94
M. Bresser;/players/michael-bresser/937271/;2024-08-24;3;0.07;0.04;0.0;0.0;-0.0;-0.0;0.0;0.0;-0.0;-0.0;0.0;0.0;-0.0;0.0;0.11
J. Uneken;/players/jesper-uneken/896685/;2024-08-24;3;0.0;0.0;0.0;0.0;-0.0;-0.0;0.0;0.0;0.0;-0.0;0.0;0.0;-0.0;0.0;0.0
E. van de Blaak;/players/emmanuel-van-de-blaak/700542/;2024-08-24;3;0.0;0.0;0.0;0.0;-0.0;-0.0;0.0;0.0;-0.0;-0.0;0.0;0.0;-0.0;0.0;0.0
T. Land;/players/tygo-land/830551/;2024-08-24;3;0.0;0.0;0.0;0.0;-0.0;-0.0;0.0;0.0;0.0;-0.0;0.0;0.0;-0.0;0.0;0.0
I. Babadi;/players/isaac-babadi/700867/;2024-08-24;3;0.0;0.0;0.0;0.0;-0.0;-0.0;0.0;0.0;0.0;-0.0;0.0;0.0;-0.0;0.0;0.0
N. Schiks;/players/niek-schiks/643502/;2024-08-24;3;0.0;0.0;0.0;0.0;-0.0;-0.0;0.0;0.0;-0.0;-0.0;0.0;0.0;-0.0;0.0;0.0
J. Drommel;/players/joel-drommel/355869/;2024-08-24;3;0.0;0.0;0.0;0.0;-0.0;-0.0;0.0;0.0;-0.0;-0.0;0.0;0.0;-0.0;0.0;0.0
N. Olij;/players/nick-olij/235322/;2024-08-25;3;3.0;0.0;1.0;0.0;-0.0;-0.0;0.0;0.0;-1.0;-0.0;0.0;0.0;-0.0;0.0;3.0
B. Reith;/players/boyd-reith/427038/;2024-08-25;3;3.0;0.0;1.0;0.0;-0.0;-0.0;0.0;0.0;-1.0;-0.0;0.0;0.0;-0.0;0.0;3.0
M. Eerdhuijzen;/players/mike--eerdhuijzen/537301/;2024-08-25;3;3.0;0.0;1.0;0.0;-2.0;-0.0;0.0;0.0;-1.0;-0.0;0.0;0.0;-0.0;0.0;1.0
D. van der Kust;/players/djevencio-van-der-kust/569309/;2024-08-25;3;3.0;0.0;1.0;0.0;-2.0;-0.0;0.0;0.0;-1.0;-0.0;0.0;0.0;-0.0;0.0;1.0
R. Meissen;/players/rick-meissen/571955/;2024-08-25;3;3.0;0.0;1.0;0.0;-0.0;-0.0;0.0;0.0;-1.0;-0.0;0.0;0.0;-0.0;0.0;3.0
A. Verschueren;/players/arno-vershueren/319385/;2024-08-25;3;2.7;0.0;0.9;0.0;-0.0;-0.0;0.0;0.0;0.0;-0.0;0.0;0.0;-0.0;0.0;3.6
P. Clement;/players/pelle-clement/379793/;2024-08-25;3;2.17;0.0;0.72;0.0;-0.0;-0.0;0.0;0.0;0.0;-0.0;0.0;0.0;-0.0;0.0;2.89
J. Baas;/players/julian-baas/663406/;2024-08-25;3;3.0;0.0;1.0;0.0;-0.0;-0.0;0.0;0.0;0.0;-0.0;0.0;0.0;-0.0;0.0;4.0
M. Nassoh;/players/mohamed-nassoh/680659/;2024-08-25;3;3.0;0.0;1.0;0.0;-0.0;-0.0;0.0;0.0;0.0;-0.0;0.0;0.0;-0.0;0.0;4.0
T. Lauritsen;/players/tobias-lauritsen/406745/;2024-08-25;3;3.0;0.0;1.0;0.0;-0.0;-0.0;0.0;4.0;0.0;-0.0;0.0;0.0;-0.0;0.0;8.0
C. Neghli;/players/camiel-neghli/680707/;2024-08-25;3;2.73;0.0;0.91;0.0;-0.0;-0.0;8.0;0.0;0.0;-0.0;0.0;0.0;-0.0;0.0;11.64
J. Kitolano;/players/joshua-gaston-kitolano/517475/;2024-08-25;3;0.83;0.0;0.28;0.0;-0.0;-0.0;0.0;0.0;0.0;-0.0;0.0;0.0;-0.0;0.0;1.11
Metinho;/players/abemly-meto-silu/691959/;2024-08-25;3;0.3;0.0;0.1;0.0;-2.0;-0.0;0.0;0.0;0.0;-0.0;0.0;0.0;-0.0;0.0;-1.6
S. Mito;/players/shunsuke-mito/640252/;2024-08-25;3;0.27;0.0;0.09;0.0;-0.0;-0.0;0.0;0.0;0.0;-0.0;0.0;0.0;-0.0;0.0;0.36
A. Oufkir;/players/ayoub-oufkir/935867/;2024-08-25;3;0.0;0.0;0.0;0.0;-0.0;-0.0;0.0;0.0;0.0;-0.0;0.0;0.0;-0.0;0.0;0.0
C. Brym;/players/charles-andreas-brym/538704/;2024-08-25;3;0.0;0.0;0.0;0.0;-0.0;-0.0;0.0;0.0;0.0;-0.0;0.0;0.0;-0.0;0.0;0.0
M. Kleijn;/players/mike-kleijn/778111/;2024-08-25;3;0.0;0.0;0.0;0.0;-0.0;-0.0;0.0;0.0;-0.0;-0.0;0.0;0.0;-0.0;0.0;0.0
H. El Dahri;/players/hamza-el-dahri/819347/;2024-08-25;3;0.0;0.0;0.0;0.0;-0.0;-0.0;0.0;0.0;0.0;-0.0;0.0;0.0;-0.0;0.0;0.0
J. de Guzmán;/players/jonathan-alexander-de-guzman/2259/;2024-08-25;3;0.0;0.0;0.0;0.0;-0.0;-0.0;0.0;0.0;0.0;-0.0;0.0;0.0;-0.0;0.0;0.0
S. Bakari;/players/said-bakari/325391/;2024-08-25;3;0.0;0.0;0.0;0.0;-0.0;-0.0;0.0;0.0;-0.0;-0.0;0.0;0.0;-0.0;0.0;0.0
D. Tevreden;/players/dylan-tevreden/866324/;2024-08-25;3;0.0;0.0;0.0;0.0;-0.0;-0.0;0.0;0.0;-0.0;-0.0;0.0;0.0;-0.0;0.0;0.0
Y. Schoonderwaldt;/players/youri-youri-schoonderwaldt/537694/;2024-08-25;3;0.0;0.0;0.0;0.0;-0.0;-0.0;0.0;0.0;-0.0;-0.0;0.0;0.0;-0.0;0.0;0.0
M. Young;/players/marvin-young/890667/;2024-08-25;3;0.0;0.0;0.0;0.0;-0.0;-0.0;0.0;0.0;-0.0;-0.0;0.0;0.0;-0.0;0.0;0.0
T. Wellenreuther;/players/timon-wellenreuther/258964/;2024-08-25;3;3.0;0.0;1.0;0.0;-0.0;-0.0;0.0;0.0;-1.0;-0.0;0.0;0.0;-0.0;0.0;3.0
D. Hancko;/players/david-hancko/391059/;2024-08-25;3;3.0;0.0;1.0;0.0;-2.0;-0.0;0.0;0.0;-1.0;-0.0;0.0;0.0;-0.0;0.0;1.0
L. Geertruida;/players/lutsharel-geertruida/463698/;2024-08-25;3;3.0;0.0;1.0;0.0;-0.0;-0.0;0.0;0.0;-1.0;-0.0;0.0;0.0;-0.0;0.0;3.0
G. Smal;/players/gijs-smal/508760/;2024-08-25;3;2.27;0.0;0.76;0.0;-0.0;-0.0;0.0;0.0;-1.0;-0.0;0.0;0.0;-0.0;0.0;2.02
T. Beelen;/players/thomas-beelen/760998/;2024-08-25;3;3.0;0.0;1.0;0.0;-0.0;-0.0;0.0;0.0;-1.0;-0.0;0.0;0.0;-0.0;0.0;3.0
C. Stengs;/players/calvin-stengs/458659/;2024-08-25;3;3.0;0.0;1.0;0.0;-2.0;-0.0;0.0;0.0;0.0;-0.0;0.0;0.0;-0.0;0.0;2.0
Q. Timber;/players/quinten-maduro/463017/;2024-08-25;3;2.27;0.0;0.76;0.0;-2.0;-0.0;9.0;0.0;0.0;-0.0;0.0;0.0;-0.0;0.0;10.02
R. Zerrouki;/players/ramiz-larbi-zerrouki/621348/;2024-08-25;3;3.0;0.0;1.0;0.0;-0.0;-8.0;0.0;0.0;0.0;-0.0;0.0;0.0;-0.0;0.0;-4.0
G. Zechiël;/players/gjivai-zechiel/864326/;2024-08-25;3;1.53;0.0;0.51;0.0;-0.0;-0.0;0.0;0.0;0.0;-0.0;0.0;0.0;-0.0;0.0;2.04
S. Giménez;/players/santiago-tomas-gimenez/494293/;2024-08-25;3;2.6;0.0;0.87;0.0;-0.0;-0.0;0.0;0.0;0.0;-0.0;0.0;0.0;-0.0;0.0;3.47
Igor Paixão;/players/igor-guilherme-barbosa-da-paixao/593041/;2024-08-25;3;3.0;0.0;1.0;0.0;-0.0;-0.0;0.0;0.0;0.0;-0.0;0.0;0.0;-0.0;0.0;4.0
A. Hadj Moussa;/players/anis--hadj-moussa/755639/;2024-08-25;3;1.47;0.0;0.49;0.0;-0.0;-0.0;0.0;0.0;0.0;-0.0;0.0;0.0;-0.0;0.0;1.96
C. Nadje;/players/chris-kevin-nadje/667108/;2024-08-25;3;0.73;0.0;0.24;0.0;-0.0;-0.0;0.0;0.0;0.0;-0.0;0.0;0.0;-0.0;0.0;0.98
N. Kasanwirjo;/players/neraysho-kasanwirjo/525925/;2024-08-25;3;0.73;0.0;0.24;0.0;-0.0;-0.0;0.0;0.0;-0.0;-0.0;0.0;0.0;-0.0;0.0;0.98
A. Ueda;/players/ayase-ueda/551425/;2024-08-25;3;0.4;0.0;0.13;0.0;-0.0;-0.0;0.0;0.0;0.0;-0.0;0.0;0.0;-0.0;0.0;0.53
G. Read;/players/givairo-read/821635/;2024-08-25;3;0.0;0.0;0.0;0.0;-0.0;-0.0;0.0;0.0;-0.0;-0.0;0.0;0.0;-0.0;0.0;0.0
J. Carranza;/players/julian-carranza/475791/;2024-08-25;3;0.0;0.0;0.0;0.0;-0.0;-0.0;0.0;0.0;0.0;-0.0;0.0;0.0;-0.0;0.0;0.0
L. Ivanušec;/players/luka-ivanuec/424605/;2024-08-25;3;0.0;0.0;0.0;0.0;-0.0;-0.0;0.0;0.0;0.0;-0.0;0.0;0.0;-0.0;0.0;0.0
M. van Sas;/players/mikki-van-sas/669604/;2024-08-25;3;0.0;0.0;0.0;0.0;-0.0;-0.0;0.0;0.0;-0.0;-0.0;0.0;0.0;-0.0;0.0;0.0
J. Bijlow;/players/justin-bijlow/340393/;2024-08-25;3;0.0;0.0;0.0;0.0;-0.0;-0.0;0.0;0.0;-0.0;-0.0;0.0;0.0;-0.0;0.0;0.0
O. Lingr;/players/ondej-lingr/377533/;2024-08-25;3;0.0;0.0;0.0;0.0;-0.0;-0.0;0.0;0.0;0.0;-0.0;0.0;0.0;-0.0;0.0;0.0
J. Plug;/players/jan-plug/930803/;2024-08-25;3;0.0;0.0;0.0;0.0;-0.0;-0.0;0.0;0.0;-0.0;-0.0;0.0;0.0;-0.0;0.0;0.0
J. Mitchell;/players/jeyland-mitchell/687479/;2024-08-25;3;0.0;0.0;0.0;0.0;-0.0;-0.0;0.0;0.0;-0.0;-0.0;0.0;0.0;-0.0;0.0;0.0
E. Vaessen;/players/etienne-vaessen/408572/;2024-08-25;3;3.0;0.0;1.0;0.0;-0.0;-0.0;0.0;0.0;-0.0;-0.0;12.0;0.0;-0.0;0.0;16.0
L. Bacuna;/players/leandro-bacuna/88003/;2024-08-25;3;3.0;0.0;1.0;0.0;-2.0;-0.0;0.0;0.0;0.0;-0.0;3.0;0.0;-0.0;0.0;5.0
M. Peersman;/players/marvin-peersman/89988/;2024-08-25;3;2.87;0.0;0.96;0.0;-0.0;-0.0;0.0;0.0;-0.0;-0.0;9.56;0.0;-0.0;0.0;13.38
M. Rente;/players/marco-rente/450717/;2024-08-25;3;3.0;0.0;1.0;0.0;-0.0;-0.0;0.0;0.0;-0.0;-0.0;10.0;0.0;-0.0;0.0;14.0
F. Stam;/players/finn-stam/736439/;2024-08-25;3;2.57;0.0;0.86;0.0;-2.0;-0.0;0.0;0.0;-0.0;-0.0;8.56;0.0;-0.0;0.0;9.98
J. Hove;/players/johan-hove/444353/;2024-08-25;3;3.0;0.0;1.0;0.0;-0.0;-0.0;0.0;0.0;0.0;-0.0;3.0;0.0;-0.0;0.0;7.0
T. de Jonge;/players/tika-de-jonge/643975/;2024-08-25;3;3.0;0.0;1.0;0.0;-0.0;-0.0;0.0;0.0;0.0;-0.0;3.0;0.0;-0.0;0.0;7.0
L. Valente;/players/luciano-valente/703884/;2024-08-25;3;2.87;0.0;0.96;0.0;-0.0;-0.0;0.0;0.0;0.0;-0.0;2.87;0.0;-0.0;0.0;6.69
J. Schreuders;/players/jorg-schreuders/877779/;2024-08-25;3;3.0;0.0;1.0;0.0;-0.0;-0.0;0.0;0.0;0.0;-0.0;3.0;0.0;-0.0;0.0;7.0
R. Postema;/players/romano-postema/625358/;2024-08-25;3;2.57;0.0;0.86;0.0;-2.0;-0.0;0.0;0.0;0.0;-0.0;0.86;0.0;-0.0;0.0;2.28
T. van Bergen;/players/thom-van-bergen/873104/;2024-08-25;3;3.0;0.0;1.0;0.0;-0.0;-0.0;0.0;0.0;0.0;-0.0;1.0;0.0;-0.0;0.0;5.0
T. Oosting;/players/thijs-oosting/477591/;2024-08-25;3;0.43;0.0;0.14;0.0;-0.0;-0.0;0.0;0.0;0.0;-0.0;0.43;0.0;-0.0;0.0;1.01
W. Prins;/players/wouter-prins/930296/;2024-08-25;3;0.43;0.0;0.14;0.0;-0.0;-0.0;0.0;0.0;-0.0;-0.0;1.44;0.0;-0.0;0.0;2.02
Rui Mendes;/players/rui-jorge-monteiro-mendes/453390/;2024-08-25;3;0.13;0.0;0.04;0.0;-0.0;-0.0;0.0;0.0;0.0;-0.0;0.04;0.0;-0.0;0.0;0.22
T. Blokzijl;/players/thijmen-blokzijl/703893/;2024-08-25;3;0.13;0.0;0.04;0.0;-0.0;-0.0;0.0;0.0;-0.0;-0.0;0.44;0.0;-0.0;0.0;0.62
J. Pelupessy;/players/joey-pelupessy/197572/;2024-08-25;3;0.0;0.0;0.0;0.0;-0.0;-0.0;0.0;0.0;0.0;-0.0;0.0;0.0;-0.0;0.0;0.0
B. Willumsson;/players/brynjolfur-darri-willumsson/463548/;2024-08-25;3;0.0;0.0;0.0;0.0;-0.0;-0.0;0.0;0.0;0.0;-0.0;0.0;0.0;-0.0;0.0;0.0
H. Jurjus;/players/hidde-jurjus/301076/;2024-08-25;3;0.0;0.0;0.0;0.0;-0.0;-0.0;0.0;0.0;-0.0;-0.0;0.0;0.0;-0.0;0.0;0.0
S. Bouland;/players/sven-bouland/948734/;2024-08-25;3;0.0;0.0;0.0;0.0;-0.0;-0.0;0.0;0.0;-0.0;-0.0;0.0;0.0;-0.0;0.0;0.0
N. Emeran;/players/noam-emeran/671004/;2024-08-25;3;0.0;0.0;0.0;0.0;-0.0;-0.0;0.0;0.0;0.0;-0.0;0.0;0.0;-0.0;0.0;0.0
D. Baron;/players/dirk-baron/821647/;2024-08-25;3;0.0;0.0;0.0;0.0;-0.0;-0.0;0.0;0.0;-0.0;-0.0;0.0;0.0;-0.0;0.0;0.0
R. Owusu-Oduro;/players/rome-jayden-owusu-oduro/789860/;2024-08-25;3;3.0;0.0;1.0;0.0;-0.0;-0.0;0.0;0.0;-0.0;-0.0;12.0;0.0;-0.0;0.0;16.0
Alexandre Penetra;/players/alexandre-manuel-penetra-correia/572102/;2024-08-25;3;3.0;0.0;1.0;0.0;-0.0;-0.0;0.0;0.0;-0.0;-0.0;10.0;0.0;-0.0;0.0;14.0
D. Møller Wolfe;/players/david-moller-wolfe/603294/;2024-08-25;3;3.0;0.0;1.0;0.0;-0.0;-0.0;0.0;0.0;-0.0;-0.0;10.0;0.0;-0.0;0.0;14.0
S. Maikuma;/players/seiya-maikuma/651537/;2024-08-25;3;3.0;0.0;1.0;0.0;-0.0;-0.0;0.0;0.0;-0.0;-0.0;10.0;0.0;-0.0;0.0;14.0
W. Goes;/players/wouter-goes/777233/;2024-08-25;3;3.0;0.0;1.0;0.0;-2.0;-0.0;0.0;0.0;-0.0;-0.0;10.0;0.0;-0.0;0.0;12.0
J. Clasie;/players/jordy-clasie/134078/;2024-08-25;3;3.0;0.0;1.0;0.0;-0.0;-0.0;0.0;0.0;0.0;-0.0;3.0;0.0;-0.0;0.0;7.0
P. Koopmeiners;/players/peer-koopmeiners/533281/;2024-08-25;3;3.0;0.0;1.0;0.0;-0.0;-0.0;0.0;0.0;0.0;-0.0;3.0;0.0;-0.0;0.0;7.0
S. Mijnans;/players/sven-mijnans/566000/;2024-08-25;3;3.0;0.0;1.0;0.0;-0.0;-0.0;0.0;0.0;0.0;-0.0;3.0;0.0;-0.0;0.0;7.0
I. Sadiq;/players/ibrahim-sadiq/513977/;2024-08-25;3;2.23;0.0;0.74;0.0;-0.0;-0.0;0.0;0.0;0.0;-0.0;0.74;0.0;-0.0;0.0;3.72
T. Parrott;/players/troy-parrot/515624/;2024-08-25;3;2.8;0.0;0.93;0.0;-0.0;-0.0;0.0;0.0;0.0;-0.0;0.93;0.0;-0.0;0.0;4.67
R. van Bommel;/players/ruben-van-bommel/834074/;2024-08-25;3;2.23;0.0;0.74;0.0;-0.0;-0.0;0.0;0.0;0.0;-0.0;0.74;0.0;-0.0;0.0;3.72
J. Addai;/players/jayden-addai/789997/;2024-08-25;3;0.77;0.0;0.26;0.0;-0.0;-0.0;0.0;0.0;0.0;-0.0;0.26;0.0;-0.0;0.0;1.28
M. van Brederode;/players/myron-van-brederode/638358/;2024-08-25;3;0.77;0.0;0.26;0.0;-0.0;-0.0;0.0;0.0;0.0;-0.0;0.26;0.0;-0.0;0.0;1.28
M. Meerdink;/players/mexx-meerdink/796451/;2024-08-25;3;0.2;0.0;0.07;0.0;-0.0;-0.0;0.0;0.0;0.0;-0.0;0.07;0.0;-0.0;0.0;0.33
Z. Buurmeester;/players/zico-buurmeester/627669/;2024-08-25;3;0.0;0.0;0.0;0.0;-0.0;-0.0;0.0;0.0;0.0;-0.0;0.0;0.0;-0.0;0.0;0.0
K. Belić;/players/kristijan-belic/453868/;2024-08-25;3;0.0;0.0;0.0;0.0;-0.0;-0.0;0.0;0.0;0.0;-0.0;0.0;0.0;-0.0;0.0;0.0
R. Bazoer;/players/riechedly-bazoer/218161/;2024-08-25;3;0.0;0.0;0.0;0.0;-0.0;-0.0;0.0;0.0;-0.0;-0.0;0.0;0.0;-0.0;0.0;0.0
H. Verhulst;/players/hobie-verhulst/138446/;2024-08-25;3;0.0;0.0;0.0;0.0;-0.0;-0.0;0.0;0.0;-0.0;-0.0;0.0;0.0;-0.0;0.0;0.0
D. Deen;/players/daniel-deen/670179/;2024-08-25;3;0.0;0.0;0.0;0.0;-0.0;-0.0;0.0;0.0;-0.0;-0.0;0.0;0.0;-0.0;0.0;0.0
D. Kasius;/players/denso-kasius/569311/;2024-08-25;3;0.0;0.0;0.0;0.0;-0.0;-0.0;0.0;0.0;-0.0;-0.0;0.0;0.0;-0.0;0.0;0.0
L. Zeefuik;/players/lequincio-zeefuik/699766/;2024-08-25;3;0.0;0.0;0.0;0.0;-0.0;-0.0;0.0;0.0;0.0;-0.0;0.0;0.0;-0.0;0.0;0.0
K. Smit;/players/kees-smit/789945/;2024-08-25;3;0.0;0.0;0.0;0.0;-0.0;-0.0;0.0;0.0;0.0;-0.0;0.0;0.0;-0.0;0.0;0.0
L. Plogmann;/players/luca-plogmann/470121/;2024-08-25;3;3.0;2.0;0.0;0.0;-0.0;-0.0;0.0;0.0;-0.0;-0.0;12.0;0.0;-0.0;0.0;17.0
G. Nauber;/players/gerrit-nauber/102528/;2024-08-25;3;3.0;2.0;0.0;0.0;-2.0;-0.0;0.0;0.0;-0.0;-0.0;10.0;0.0;-0.0;0.0;13.0
J. Kramer;/players/joris-kramer/402051/;2024-08-25;3;3.0;2.0;0.0;0.0;-2.0;-0.0;0.0;0.0;-0.0;-0.0;10.0;0.0;-0.0;0.0;13.0
M. Deijl;/players/mats-deijl/402457/;2024-08-25;3;3.0;2.0;0.0;0.0;-0.0;-0.0;0.0;0.0;-0.0;-0.0;10.0;0.0;-0.0;0.0;15.0
D. James;/players/dean-ruben--james/537308/;2024-08-25;3;3.0;2.0;0.0;0.0;-2.0;-0.0;0.0;0.0;-0.0;-0.0;10.0;0.0;-0.0;0.0;13.0
E. Llansana;/players/enric-llansana/515466/;2024-08-25;3;2.53;1.69;0.0;0.0;-0.0;-0.0;0.0;0.0;0.0;-0.0;2.53;0.0;-0.0;0.0;6.76
C. Twigt;/players/calvin-twigt/669594/;2024-08-25;3;2.1;1.4;0.0;0.0;-0.0;-0.0;0.0;0.0;0.0;-0.0;2.1;0.0;-0.0;0.0;5.6
F. Stokkers;/players/finn-stokkers/319661/;2024-08-25;3;2.1;1.4;0.0;0.0;-0.0;-0.0;8.0;4.0;0.0;-0.0;0.7;0.0;-0.0;0.0;16.2
B. Adekanye;/players/bobby-adekanye/427040/;2024-08-25;3;2.1;1.4;0.0;0.0;-0.0;-0.0;8.0;0.0;0.0;-0.0;0.7;0.0;-0.0;0.0;12.2
S. Tengstedt;/players/soren-tengstedt/615917/;2024-08-25;3;2.8;1.87;0.0;0.0;-0.0;-0.0;0.0;0.0;0.0;-0.0;0.93;0.0;-0.0;0.0;5.6
J. Breum;/players/jakob-breum/658739/;2024-08-25;3;3.0;2.0;0.0;0.0;-0.0;-0.0;0.0;0.0;0.0;-0.0;1.0;0.0;-0.0;0.0;6.0
O. Antman;/players/oliver-antman/547497/;2024-08-25;3;0.9;0.6;0.0;0.0;-0.0;-0.0;0.0;0.0;0.0;-0.0;0.3;0.0;-0.0;0.0;1.8
V. Edvardsen;/players/victor-edvardsen/409168/;2024-08-25;3;0.9;0.6;0.0;0.0;-0.0;-0.0;0.0;0.0;0.0;-0.0;0.3;0.0;-0.0;0.0;1.8
M. Suray;/players/mathis-suray/517358/;2024-08-25;3;0.9;0.6;0.0;0.0;-0.0;-0.0;0.0;0.0;0.0;-0.0;0.9;0.0;-0.0;0.0;2.4
E. Linthorst;/players/evert-linthorst/546756/;2024-08-25;3;0.47;0.31;0.0;0.0;-0.0;-0.0;0.0;0.0;0.0;-0.0;0.47;0.0;-0.0;0.0;1.24
R. Weijenberg;/players/robbin-weijenberg/857132/;2024-08-25;3;0.2;0.13;0.0;0.0;-0.0;-0.0;0.0;0.0;0.0;-0.0;0.2;0.0;-0.0;0.0;0.53
J. De Busser;/players/jari-de-busser/451008/;2024-08-25;3;0.0;0.0;0.0;0.0;-0.0;-0.0;0.0;0.0;-0.0;-0.0;0.0;0.0;-0.0;0.0;0.0
L. Everink;/players/luca-everink/628510/;2024-08-25;3;0.0;0.0;0.0;0.0;-0.0;-0.0;0.0;0.0;-0.0;-0.0;0.0;0.0;-0.0;0.0;0.0
J. Amofa;/players/jamal-amofa/668121/;2024-08-25;3;0.0;0.0;0.0;0.0;-0.0;-0.0;0.0;0.0;-0.0;-0.0;0.0;0.0;-0.0;0.0;0.0
A. Adelgaard;/players/aske-adelgaard/857149/;2024-08-25;3;0.0;0.0;0.0;0.0;-0.0;-0.0;0.0;0.0;-0.0;-0.0;0.0;0.0;-0.0;0.0;0.0
S. Jansen;/players/sven-jansen/421540/;2024-08-25;3;0.0;0.0;0.0;0.0;-0.0;-0.0;0.0;0.0;-0.0;-0.0;0.0;0.0;-0.0;0.0;0.0
T. Baeten;/players/thibo-baeten/571905/;2024-08-25;3;0.0;0.0;0.0;0.0;-0.0;-0.0;0.0;0.0;0.0;-0.0;0.0;0.0;-0.0;0.0;0.0
P. Saathof;/players/pim-saathof/857131/;2024-08-25;3;0.0;0.0;0.0;0.0;-0.0;-0.0;0.0;0.0;-0.0;-0.0;0.0;0.0;-0.0;0.0;0.0
J. Houwen;/players/jeroen-houwen/303254/;2024-08-25;3;3.0;0.0;0.0;0.0;-0.0;-0.0;0.0;0.0;-2.0;-0.0;0.0;0.0;-0.0;0.0;1.0
A. Meijers;/players/aaron-meijers/59081/;2024-08-25;3;2.7;0.0;0.0;0.0;-0.0;-0.0;0.0;0.0;-2.0;-0.0;0.0;0.0;-0.0;0.0;0.7
D. Van den Buijs;/players/dario-van-den-buijs/353273/;2024-08-25;3;3.0;0.0;0.0;0.0;-0.0;-0.0;0.0;0.0;-2.0;-0.0;0.0;0.0;-0.0;0.0;1.0
J. Lelieveld;/players/julian-lelieveld/407738/;2024-08-25;3;3.0;0.0;0.0;0.0;-0.0;-0.0;0.0;0.0;-2.0;-0.0;0.0;0.0;-0.0;0.0;1.0
R. van Eijma;/players/roshon-van-eijma/539577/;2024-08-25;3;3.0;0.0;0.0;0.0;-0.0;-0.0;0.0;0.0;-2.0;-0.0;0.0;0.0;-0.0;0.0;1.0
R. van der Venne;/players/richard-van-der-venne/261975/;2024-08-25;3;1.0;0.0;0.0;0.0;-0.0;-0.0;0.0;0.0;0.0;-0.0;0.0;0.0;-0.0;0.0;1.0
G. Roemeratoe;/players/godfried-roemeratoe/426582/;2024-08-25;3;2.7;0.0;0.0;0.0;-0.0;-0.0;0.0;0.0;0.0;-0.0;0.0;0.0;-0.0;0.0;2.7
Y. Oukili;/players/yassin-oukili/567948/;2024-08-25;3;3.0;0.0;0.0;0.0;-0.0;-8.0;0.0;0.0;0.0;-0.0;0.0;0.0;-0.0;0.0;-5.0
C. Lokesa;/players/chris-lokesa/847737/;2024-08-25;3;2.7;0.0;0.0;0.0;-0.0;-0.0;0.0;0.0;0.0;-0.0;0.0;0.0;-0.0;0.0;2.7
R. Margaret;/players/richonell-margaret/508815/;2024-08-25;3;3.0;0.0;0.0;0.0;-0.0;-0.0;0.0;0.0;0.0;-0.0;0.0;0.0;-0.0;0.0;3.0
D. Cleonise;/players/denilho-cleonise/642338/;2024-08-25;3;2.03;0.0;0.0;0.0;-0.0;-0.0;0.0;0.0;0.0;-0.0;0.0;0.0;-0.0;0.0;2.03
D. Weidmann;/players/daouda-weidmann/782160/;2024-08-25;3;2.0;0.0;0.0;0.0;-0.0;-0.0;0.0;0.0;0.0;-0.0;0.0;0.0;-0.0;0.0;2.0
J. Familia-Castillo;/players/juan-familio-castillo/453849/;2024-08-25;3;0.97;0.0;0.0;0.0;-0.0;-0.0;0.0;0.0;-0.0;-0.0;0.0;0.0;-0.0;0.0;0.97
P. Vroegh;/players/patrick-vroegh/457667/;2024-08-25;3;0.3;0.0;0.0;0.0;-0.0;-0.0;0.0;0.0;0.0;-0.0;0.0;0.0;-0.0;0.0;0.3
A. Jakobsen;/players/alexander-jakobsen/218149/;2024-08-25;3;0.3;0.0;0.0;0.0;-0.0;-0.0;0.0;0.0;0.0;-0.0;0.0;0.0;-0.0;0.0;0.3
R. Niemeijer;/players/reuven-niemeijer/447106/;2024-08-25;3;0.3;0.0;0.0;0.0;-0.0;-0.0;0.0;0.0;0.0;-0.0;0.0;0.0;-0.0;0.0;0.3
J. Kesting;/players/joey-kesting/567938/;2024-08-25;3;0.0;0.0;0.0;0.0;-0.0;-0.0;0.0;0.0;-0.0;-0.0;0.0;0.0;-0.0;0.0;0.0
Y. van Osch;/players/van-yanick-osch/319269/;2024-08-25;3;0.0;0.0;0.0;0.0;-0.0;-0.0;0.0;0.0;-0.0;-0.0;0.0;0.0;-0.0;0.0;0.0
T. van de Loo;/players/tim-van-de-loo/813111/;2024-08-25;3;0.0;0.0;0.0;0.0;-0.0;-0.0;0.0;0.0;0.0;-0.0;0.0;0.0;-0.0;0.0;0.0
L. van Gelderen;/players/liam--van-gelderen/463011/;2024-08-25;3;0.0;0.0;0.0;0.0;-0.0;-0.0;0.0;0.0;-0.0;-0.0;0.0;0.0;-0.0;0.0;0.0
F. de Keijzer;/players/fabian-de-keijzer/463695/;2024-08-25;3;3.0;0.0;1.0;0.0;-0.0;-0.0;0.0;0.0;-1.0;-0.0;0.0;0.0;-0.0;0.0;3.0
D. Mirani;/players/damon-mirani/289811/;2024-08-25;3;3.0;0.0;1.0;0.0;-0.0;-0.0;0.0;0.0;-1.0;-0.0;0.0;0.0;-0.0;0.0;3.0
I. Mesík;/players/ivan-mesik/513503/;2024-08-25;3;3.0;0.0;1.0;0.0;-0.0;-0.0;0.0;0.0;-1.0;-0.0;0.0;0.0;-0.0;0.0;3.0
R. Roosken;/players/ruben-roosken/618143/;2024-08-25;3;3.0;0.0;1.0;0.0;-2.0;-0.0;0.0;0.0;-1.0;-0.0;0.0;0.0;-0.0;0.0;1.0
M. Benita;/players/mimeirhel-benita/645525/;2024-08-25;3;3.0;0.0;1.0;0.0;-0.0;-0.0;0.0;0.0;-1.0;-0.0;0.0;0.0;-0.0;0.0;3.0
M. Engels;/players/mario-engels/243044/;2024-08-25;3;3.0;0.0;1.0;0.0;-2.0;-0.0;0.0;5.0;0.0;-0.0;0.0;0.0;-0.0;0.0;7.0
D. van Kaam;/players/daniel-van-kaam/477595/;2024-08-25;3;1.93;0.0;0.64;0.0;-0.0;-0.0;0.0;0.0;0.0;-0.0;0.0;0.0;-0.0;0.0;2.58
B. De Keersmaecker;/players/brian-de-keersmaecker/605558/;2024-08-25;3;3.0;0.0;1.0;0.0;-0.0;-0.0;0.0;0.0;0.0;-0.0;0.0;0.0;-0.0;0.0;4.0
S. ’t Zand;/players/shiloh-t-zand/824640/;2024-08-25;3;3.0;0.0;1.0;0.0;-0.0;-0.0;0.0;0.0;0.0;-0.0;0.0;0.0;-0.0;0.0;4.0
B. Limbombe;/players/bryan-limbombe/632518/;2024-08-25;3;1.93;0.0;0.64;0.0;-0.0;-0.0;0.0;0.0;0.0;-0.0;0.0;0.0;-0.0;0.0;2.58
J. Talvitie;/players/juho-talvitie/701365/;2024-08-25;3;3.0;0.0;1.0;0.0;-0.0;-0.0;8.0;0.0;0.0;-0.0;0.0;0.0;-0.0;0.0;12.0
S. Podgoreanu;/players/suf-podgoreanu/509673/;2024-08-25;3;1.07;0.0;0.36;0.0;-0.0;-0.0;0.0;0.0;0.0;-0.0;0.0;0.0;-0.0;0.0;1.42
S. Scheperman;/players/sem-scheperman/641190/;2024-08-25;3;1.07;0.0;0.36;0.0;-0.0;-0.0;0.0;0.0;0.0;-0.0;0.0;0.0;-0.0;0.0;1.42
K. Leerdam;/players/kelvin-leerdam/68354/;2024-08-25;3;0.0;0.0;0.0;0.0;-0.0;-0.0;0.0;0.0;-0.0;-0.0;0.0;0.0;-0.0;0.0;0.0
L. Milani;/players/lorenzo-milani/664147/;2024-08-25;3;0.0;0.0;0.0;0.0;-0.0;-0.0;0.0;0.0;-0.0;-0.0;0.0;0.0;-0.0;0.0;0.0
J. Bruijn;/players/jordy-bruijn/314251/;2024-08-25;3;0.0;0.0;0.0;0.0;-0.0;-0.0;0.0;0.0;0.0;-0.0;0.0;0.0;-0.0;0.0;0.0
J. Wieckhoff;/players/jannes-luca-wieckhoff/497167/;2024-08-25;3;0.0;0.0;0.0;0.0;-0.0;-0.0;0.0;0.0;-0.0;-0.0;0.0;0.0;-0.0;0.0;0.0
G. Sambo;/players/giandro-alejandro-sambo/892464/;2024-08-25;3;0.0;0.0;0.0;0.0;-0.0;-0.0;0.0;0.0;0.0;-0.0;0.0;0.0;-0.0;0.0;0.0
T. Jansink;/players/timo-jansink/632823/;2024-08-25;3;0.0;0.0;0.0;0.0;-0.0;-0.0;0.0;0.0;-0.0;-0.0;0.0;0.0;-0.0;0.0;0.0
R. Mantel;/players/robin-mantel/502712/;2024-08-25;3;0.0;0.0;0.0;0.0;-0.0;-0.0;0.0;0.0;-0.0;-0.0;0.0;0.0;-0.0;0.0;0.0
T. Codinha;/players/tiago-codinha/982441/;2024-08-25;3;0.0;0.0;0.0;0.0;-0.0;-0.0;0.0;0.0;0.0;-0.0;0.0;0.0;-0.0;0.0;0.0
J. Tijink;/players/jop-tijink/970328/;2024-08-25;3;0.0;0.0;0.0;0.0;-0.0;-0.0;0.0;0.0;-0.0;-0.0;0.0;0.0;-0.0;0.0;0.0
T. Bruns;/players/thomas-bruns/168503/;2024-08-25;3;0.0;0.0;0.0;0.0;-0.0;-0.0;0.0;0.0;0.0;-0.0;0.0;0.0;-0.0;0.0;0.0
T. Didillon-Hödl;/players/thomas-didillon/259971/;2024-08-25;3;3.0;0.0;1.0;0.0;-0.0;-0.0;0.0;0.0;-1.0;-0.0;0.0;0.0;-0.0;0.0;3.0
M. Tirpan;/players/mickael-tirpan/202469/;2024-08-25;3;3.0;0.0;1.0;0.0;-0.0;-0.0;0.0;0.0;-1.0;-0.0;0.0;0.0;-0.0;0.0;3.0
R. Behounek;/players/raffael-behounek/408747/;2024-08-25;3;3.0;0.0;1.0;0.0;-0.0;-0.0;0.0;0.0;-1.0;-0.0;0.0;0.0;-0.0;0.0;3.0
T. St. Jago;/players/tommy-st-jago/477596/;2024-08-25;3;3.0;0.0;1.0;0.0;-0.0;-0.0;0.0;0.0;-1.0;-0.0;0.0;0.0;-0.0;0.0;3.0
R. Sigurgeirsson;/players/runar-thor-sigurgeirsson/491746/;2024-08-25;3;3.0;0.0;1.0;0.0;-2.0;-0.0;0.0;0.0;-1.0;-0.0;0.0;0.0;-0.0;0.0;1.0
A. Lachkar;/players/amine-lachkar/876151/;2024-08-25;3;3.0;0.0;1.0;0.0;-2.0;-0.0;0.0;0.0;-1.0;-0.0;0.0;0.0;-0.0;0.0;1.0
J. Bosch;/players/jesse-bosch/621347/;2024-08-25;3;3.0;0.0;1.0;0.0;-2.0;-0.0;9.0;0.0;0.0;-0.0;0.0;0.0;-0.0;0.0;11.0
R. Meerveld;/players/ringo-meerveld/623815/;2024-08-25;3;3.0;0.0;1.0;0.0;-0.0;-0.0;0.0;0.0;0.0;-0.0;0.0;0.0;-0.0;0.0;4.0
C. Sandra;/players/cisse-sandra/638266/;2024-08-25;3;3.0;0.0;1.0;0.0;-0.0;-0.0;0.0;0.0;0.0;-0.0;0.0;0.0;-0.0;0.0;4.0
N. Doodeman;/players/nick-doodeman/454478/;2024-08-25;3;2.63;0.0;0.88;0.0;-0.0;-0.0;0.0;0.0;0.0;-0.0;0.0;0.0;-0.0;0.0;3.51
K. Vaesen;/players/kyan-vaesen/620620/;2024-08-25;3;2.63;0.0;0.88;0.0;-0.0;-0.0;0.0;4.0;0.0;-0.0;0.0;0.0;-0.0;0.0;7.51
V. Vermeulen;/players/valentino-vermeulen/523467/;2024-08-25;3;0.37;0.0;0.12;0.0;-0.0;-0.0;0.0;0.0;-0.0;-0.0;0.0;0.0;-0.0;0.0;0.49
J. Bokila;/players/jeremy-bokila/49538/;2024-08-25;3;0.37;0.0;0.12;0.0;-0.0;-0.0;0.0;0.0;0.0;-0.0;0.0;0.0;-0.0;0.0;0.49
R. Nizet;/players/rob-nizet/575071/;2024-08-25;3;0.0;0.0;0.0;0.0;-0.0;-0.0;0.0;0.0;-0.0;-0.0;0.0;0.0;-0.0;0.0;0.0
P. Joosten;/players/patrick-joosten/394561/;2024-08-25;3;0.0;0.0;0.0;0.0;-0.0;-0.0;0.0;0.0;0.0;-0.0;0.0;0.0;-0.0;0.0;0.0
E. Kehrer;/players/emilio-kehrer/609627/;2024-08-25;3;0.0;0.0;0.0;0.0;-0.0;-0.0;0.0;0.0;0.0;-0.0;0.0;0.0;-0.0;0.0;0.0
J. Mathijsen;/players/jens-mathijsen/982233/;2024-08-25;3;0.0;0.0;0.0;0.0;-0.0;-0.0;0.0;0.0;-0.0;-0.0;0.0;0.0;-0.0;0.0;0.0
C. van den Berg;/players/connor-van-den-berg/569426/;2024-08-25;3;0.0;0.0;0.0;0.0;-0.0;-0.0;0.0;0.0;-0.0;-0.0;0.0;0.0;-0.0;0.0;0.0
P. van Loon;/players/per-van-loon/982232/;2024-08-25;3;;;;;;;;;;;;;;;0.0
M. Schut;/players/maarten-schut/680846/;2024-08-25;3;0.0;0.0;0.0;0.0;-0.0;-0.0;0.0;0.0;-0.0;-0.0;0.0;0.0;-0.0;0.0;0.0
M. de Waal;/players/max-de-waal/632222/;2024-08-25;3;0.0;0.0;0.0;0.0;-0.0;-0.0;0.0;0.0;0.0;-0.0;0.0;0.0;-0.0;0.0;0.0
K. Razak;/players/khaled-razak/882843/;2024-08-25;3;0.0;0.0;0.0;0.0;-0.0;-0.0;0.0;0.0;0.0;-0.0;0.0;0.0;-0.0;0.0;0.0
J. Houwen;/players/jeroen-houwen/303254/;2024-08-30;4;3.0;0.0;0.0;0.0;-0.0;-0.0;0.0;0.0;-3.0;-0.0;0.0;0.0;-0.0;0.0;0.0
A. Meijers;/players/aaron-meijers/59081/;2024-08-30;4;3.0;0.0;0.0;0.0;-0.0;-0.0;0.0;0.0;-3.0;-0.0;0.0;0.0;-0.0;0.0;0.0
D. Van den Buijs;/players/dario-van-den-buijs/353273/;2024-08-30;4;3.0;0.0;0.0;0.0;-2.0;-0.0;0.0;0.0;-3.0;-0.0;0.0;0.0;-0.0;0.0;-2.0
J. Lelieveld;/players/julian-lelieveld/407738/;2024-08-30;4;1.53;0.0;0.0;0.0;-0.0;-0.0;0.0;0.0;-2.0;-0.0;0.0;0.0;-0.0;0.0;-0.47
R. van Eijma;/players/roshon-van-eijma/539577/;2024-08-30;4;3.0;0.0;0.0;0.0;-0.0;-0.0;0.0;0.0;-3.0;-0.0;0.0;0.0;-0.0;0.0;0.0
G. Roemeratoe;/players/godfried-roemeratoe/426582/;2024-08-30;4;3.0;0.0;0.0;0.0;-0.0;-0.0;0.0;0.0;0.0;-0.0;0.0;0.0;-0.0;0.0;3.0
D. Weidmann;/players/daouda-weidmann/782160/;2024-08-30;4;2.43;0.0;0.0;0.0;-2.0;-0.0;0.0;0.0;0.0;-0.0;0.0;0.0;-0.0;0.0;0.43
C. Lokesa;/players/chris-lokesa/847737/;2024-08-30;4;3.0;0.0;0.0;0.0;-2.0;-0.0;0.0;0.0;0.0;-0.0;0.0;0.0;-0.0;0.0;1.0
R. Niemeijer;/players/reuven-niemeijer/447106/;2024-08-30;4;2.47;0.0;0.0;0.0;-2.0;-0.0;0.0;0.0;0.0;-0.0;0.0;0.0;-0.0;0.0;0.47
R. Margaret;/players/richonell-margaret/508815/;2024-08-30;4;3.0;0.0;0.0;0.0;-0.0;-0.0;0.0;0.0;0.0;-0.0;0.0;0.0;-0.0;0.0;3.0
D. Cleonise;/players/denilho-cleonise/642338/;2024-08-30;4;1.53;0.0;0.0;0.0;-0.0;-0.0;0.0;0.0;0.0;-0.0;0.0;0.0;-0.0;0.0;1.53
M. Kramer;/players/michiel-kramer/19677/;2024-08-30;4;3.0;0.0;0.0;0.0;-0.0;-8.0;0.0;0.0;0.0;-0.0;0.0;0.0;-0.0;0.0;-5.0
L. van Gelderen;/players/liam--van-gelderen/463011/;2024-08-30;4;1.47;0.0;0.0;0.0;-0.0;-0.0;0.0;0.0;-1.0;-0.0;0.0;0.0;-0.0;0.0;0.47
A. Jakobsen;/players/alexander-jakobsen/218149/;2024-08-30;4;0.57;0.0;0.0;0.0;-0.0;-0.0;0.0;0.0;0.0;-0.0;0.0;0.0;-0.0;0.0;0.57
T. van de Loo;/players/tim-van-de-loo/813111/;2024-08-30;4;0.53;0.0;0.0;0.0;-0.0;-0.0;0.0;0.0;0.0;-0.0;0.0;0.0;-0.0;0.0;0.53
Y. van Osch;/players/van-yanick-osch/319269/;2024-08-30;4;0.0;0.0;0.0;0.0;-0.0;-0.0;0.0;0.0;-0.0;-0.0;0.0;0.0;-0.0;0.0;0.0
J. Familia-Castillo;/players/juan-familio-castillo/453849/;2024-08-30;4;0.0;0.0;0.0;0.0;-0.0;-0.0;0.0;0.0;-0.0;-0.0;0.0;0.0;-0.0;0.0;0.0
J. Kesting;/players/joey-kesting/567938/;2024-08-30;4;0.0;0.0;0.0;0.0;-0.0;-0.0;0.0;0.0;-0.0;-0.0;0.0;0.0;-0.0;0.0;0.0
I. Takidine;/players/ilias-takidine/632532/;2024-08-30;4;0.0;0.0;0.0;0.0;-0.0;-0.0;0.0;0.0;0.0;-0.0;0.0;0.0;-0.0;0.0;0.0
P. Vroegh;/players/patrick-vroegh/457667/;2024-08-30;4;0.0;0.0;0.0;0.0;-0.0;-0.0;0.0;0.0;0.0;-0.0;0.0;0.0;-0.0;0.0;0.0
R. Owusu-Oduro;/players/rome-jayden-owusu-oduro/789860/;2024-08-30;4;3.0;2.0;0.0;0.0;-0.0;-0.0;0.0;0.0;-0.0;-0.0;12.0;0.0;-0.0;0.0;17.0
Alexandre Penetra;/players/alexandre-manuel-penetra-correia/572102/;2024-08-30;4;3.0;2.0;0.0;0.0;-0.0;-0.0;0.0;0.0;-0.0;-0.0;10.0;0.0;-0.0;0.0;15.0
D. Møller Wolfe;/players/david-moller-wolfe/603294/;2024-08-30;4;2.6;1.73;0.0;0.0;-0.0;-0.0;0.0;0.0;-0.0;-0.0;8.67;0.0;-0.0;0.0;13.0
S. Maikuma;/players/seiya-maikuma/651537/;2024-08-30;4;3.0;2.0;0.0;0.0;-0.0;-0.0;0.0;0.0;-0.0;-0.0;10.0;0.0;-0.0;0.0;15.0
W. Goes;/players/wouter-goes/777233/;2024-08-30;4;2.6;1.73;0.0;0.0;-2.0;-0.0;0.0;0.0;-0.0;-0.0;8.67;0.0;-0.0;0.0;11.0
J. Clasie;/players/jordy-clasie/134078/;2024-08-30;4;3.0;2.0;0.0;0.0;-0.0;-0.0;0.0;5.0;0.0;-0.0;3.0;0.0;-0.0;0.0;13.0
P. Koopmeiners;/players/peer-koopmeiners/533281/;2024-08-30;4;3.0;2.0;0.0;0.0;-0.0;-0.0;0.0;0.0;0.0;-0.0;3.0;0.0;-0.0;0.0;8.0
S. Mijnans;/players/sven-mijnans/566000/;2024-08-30;4;2.63;1.76;0.0;0.0;-0.0;-0.0;0.0;0.0;0.0;-0.0;2.63;0.0;-0.0;0.0;7.02
I. Sadiq;/players/ibrahim-sadiq/513977/;2024-08-30;4;3.0;2.0;0.0;0.0;-0.0;-0.0;0.0;4.0;0.0;-0.0;1.0;0.0;-0.0;0.0;10.0
T. Parrott;/players/troy-parrot/515624/;2024-08-30;4;2.83;1.89;0.0;0.0;-0.0;-0.0;0.0;0.0;0.0;-0.0;0.94;0.0;-0.0;0.0;5.67
R. van Bommel;/players/ruben-van-bommel/834074/;2024-08-30;4;2.83;1.89;0.0;0.0;-2.0;-0.0;16.0;0.0;0.0;-0.0;0.94;0.0;-0.0;0.0;19.67
K. Belić;/players/kristijan-belic/453868/;2024-08-30;4;0.4;0.27;0.0;0.0;-2.0;-0.0;0.0;0.0;0.0;-0.0;0.4;0.0;-0.0;0.0;-0.93
D. Kasius;/players/denso-kasius/569311/;2024-08-30;4;0.4;0.27;0.0;0.0;-0.0;-0.0;0.0;6.0;-0.0;-0.0;1.33;0.0;-0.0;0.0;8.0
Z. Buurmeester;/players/zico-buurmeester/627669/;2024-08-30;4;0.37;0.24;0.0;0.0;-0.0;-0.0;0.0;0.0;0.0;-0.0;0.37;0.0;-0.0;0.0;0.98
M. Meerdink;/players/mexx-meerdink/796451/;2024-08-30;4;0.17;0.11;0.0;0.0;-0.0;-0.0;8.0;0.0;0.0;-0.0;0.06;0.0;-0.0;0.0;8.33
J. Addai;/players/jayden-addai/789997/;2024-08-30;4;0.17;0.11;0.0;0.0;-0.0;-0.0;0.0;0.0;0.0;-0.0;0.06;0.0;-0.0;0.0;0.33
D. Deen;/players/daniel-deen/670179/;2024-08-30;4;0.0;0.0;0.0;0.0;-0.0;-0.0;0.0;0.0;-0.0;-0.0;0.0;0.0;-0.0;0.0;0.0
K. Smit;/players/kees-smit/789945/;2024-08-30;4;0.0;0.0;0.0;0.0;-0.0;-0.0;0.0;0.0;0.0;-0.0;0.0;0.0;-0.0;0.0;0.0
H. Verhulst;/players/hobie-verhulst/138446/;2024-08-30;4;0.0;0.0;0.0;0.0;-0.0;-0.0;0.0;0.0;-0.0;-0.0;0.0;0.0;-0.0;0.0;0.0
R. Bazoer;/players/riechedly-bazoer/218161/;2024-08-30;4;0.0;0.0;0.0;0.0;-0.0;-0.0;0.0;0.0;-0.0;-0.0;0.0;0.0;-0.0;0.0;0.0
T. Didillon-Hödl;/players/thomas-didillon/259971/;2024-08-31;4;3.0;0.0;0.0;0.0;-0.0;-0.0;0.0;0.0;-2.0;-0.0;0.0;0.0;-0.0;0.0;1.0
M. Tirpan;/players/mickael-tirpan/202469/;2024-08-31;4;3.0;0.0;0.0;0.0;-0.0;-0.0;0.0;0.0;-2.0;-0.0;0.0;0.0;-0.0;0.0;1.0
R. Behounek;/players/raffael-behounek/408747/;2024-08-31;4;3.0;0.0;0.0;0.0;-0.0;-0.0;0.0;0.0;-2.0;-0.0;0.0;0.0;-0.0;0.0;1.0
T. St. Jago;/players/tommy-st-jago/477596/;2024-08-31;4;3.0;0.0;0.0;0.0;-0.0;-0.0;0.0;0.0;-2.0;-0.0;0.0;0.0;-0.0;0.0;1.0
R. Sigurgeirsson;/players/runar-thor-sigurgeirsson/491746/;2024-08-31;4;2.4;0.0;0.0;0.0;-0.0;-0.0;0.0;0.0;-1.0;-0.0;0.0;0.0;-0.0;0.0;1.4
A. Lachkar;/players/amine-lachkar/876151/;2024-08-31;4;2.4;0.0;0.0;0.0;-0.0;-0.0;0.0;0.0;-1.0;-0.0;0.0;0.0;-0.0;0.0;1.4
J. Bosch;/players/jesse-bosch/621347/;2024-08-31;4;2.67;0.0;0.0;0.0;-2.0;-0.0;0.0;0.0;0.0;-0.0;0.0;0.0;-0.0;0.0;0.67
R. Meerveld;/players/ringo-meerveld/623815/;2024-08-31;4;3.0;0.0;0.0;0.0;-0.0;-0.0;0.0;0.0;0.0;-0.0;0.0;0.0;-0.0;0.0;3.0
C. Sandra;/players/cisse-sandra/638266/;2024-08-31;4;3.0;0.0;0.0;0.0;-0.0;-0.0;9.0;0.0;0.0;-0.0;0.0;0.0;-0.0;0.0;12.0
N. Doodeman;/players/nick-doodeman/454478/;2024-08-31;4;2.4;0.0;0.0;0.0;-0.0;-0.0;0.0;0.0;0.0;-0.0;0.0;0.0;-0.0;0.0;2.4
K. Vaesen;/players/kyan-vaesen/620620/;2024-08-31;4;3.0;0.0;0.0;0.0;-0.0;-0.0;0.0;0.0;0.0;-0.0;0.0;0.0;-0.0;0.0;3.0
R. Nizet;/players/rob-nizet/575071/;2024-08-31;4;0.6;0.0;0.0;0.0;-0.0;-0.0;0.0;0.0;-1.0;-0.0;0.0;0.0;-0.0;0.0;-0.4
B. Lambert;/players/lambert-boris/551151/;2024-08-31;4;0.6;0.0;0.0;0.0;-0.0;-0.0;0.0;0.0;-1.0;-0.0;0.0;0.0;-0.0;0.0;-0.4
A. Fatah;/players/amar-abdirahman-ahmed/801857/;2024-08-31;4;0.6;0.0;0.0;0.0;-0.0;-0.0;0.0;0.0;0.0;-0.0;0.0;0.0;-0.0;0.0;0.6
J. Bokila;/players/jeremy-bokila/49538/;2024-08-31;4;0.33;0.0;0.0;0.0;-0.0;-0.0;0.0;0.0;0.0;-0.0;0.0;0.0;-0.0;0.0;0.33
J. Mathijsen;/players/jens-mathijsen/982233/;2024-08-31;4;0.0;0.0;0.0;0.0;-0.0;-0.0;0.0;0.0;-0.0;-0.0;0.0;0.0;-0.0;0.0;0.0
P. Joosten;/players/patrick-joosten/394561/;2024-08-31;4;0.0;0.0;0.0;0.0;-0.0;-0.0;0.0;0.0;0.0;-0.0;0.0;0.0;-0.0;0.0;0.0
M. Schut;/players/maarten-schut/680846/;2024-08-31;4;0.0;0.0;0.0;0.0;-0.0;-0.0;0.0;0.0;-0.0;-0.0;0.0;0.0;-0.0;0.0;0.0
K. Razak;/players/khaled-razak/882843/;2024-08-31;4;0.0;0.0;0.0;0.0;-0.0;-0.0;0.0;0.0;0.0;-0.0;0.0;0.0;-0.0;0.0;0.0
V. Vermeulen;/players/valentino-vermeulen/523467/;2024-08-31;4;0.0;0.0;0.0;0.0;-0.0;-0.0;0.0;0.0;-0.0;-0.0;0.0;0.0;-0.0;0.0;0.0
P. van Loon;/players/per-van-loon/982232/;2024-08-31;4;;;;;;;;;;;;;;;0.0
C. van den Berg;/players/connor-van-den-berg/569426/;2024-08-31;4;0.0;0.0;0.0;0.0;-0.0;-0.0;0.0;0.0;-0.0;-0.0;0.0;0.0;-0.0;0.0;0.0
E. Kehrer;/players/emilio-kehrer/609627/;2024-08-31;4;0.0;0.0;0.0;0.0;-0.0;-0.0;0.0;0.0;0.0;-0.0;0.0;0.0;-0.0;0.0;0.0
N. Olij;/players/nick-olij/235322/;2024-08-31;4;3.0;2.0;0.0;0.0;-0.0;-0.0;0.0;0.0;-1.0;-0.0;0.0;0.0;-0.0;0.0;4.0
B. Reith;/players/boyd-reith/427038/;2024-08-31;4;3.0;2.0;0.0;0.0;-2.0;-0.0;0.0;0.0;-1.0;-0.0;0.0;0.0;-0.0;0.0;2.0
M. Eerdhuijzen;/players/mike--eerdhuijzen/537301/;2024-08-31;4;3.0;2.0;0.0;0.0;-0.0;-0.0;0.0;0.0;-1.0;-0.0;0.0;0.0;-0.0;0.0;4.0
D. van der Kust;/players/djevencio-van-der-kust/569309/;2024-08-31;4;3.0;2.0;0.0;0.0;-2.0;-0.0;0.0;0.0;-1.0;-0.0;0.0;0.0;-0.0;0.0;2.0
R. Meissen;/players/rick-meissen/571955/;2024-08-31;4;3.0;2.0;0.0;0.0;-2.0;-0.0;0.0;0.0;-1.0;-0.0;0.0;0.0;-0.0;0.0;2.0
A. Verschueren;/players/arno-vershueren/319385/;2024-08-31;4;2.67;1.78;0.0;0.0;-0.0;-0.0;0.0;0.0;0.0;-0.0;0.0;0.0;-0.0;0.0;4.44
P. Clement;/players/pelle-clement/379793/;2024-08-31;4;3.0;2.0;0.0;0.0;-0.0;-0.0;9.0;0.0;0.0;-0.0;0.0;0.0;-0.0;0.0;14.0
J. Baas;/players/julian-baas/663406/;2024-08-31;4;3.0;2.0;0.0;0.0;-0.0;-0.0;0.0;5.0;0.0;-0.0;0.0;0.0;-0.0;0.0;10.0
M. Nassoh;/players/mohamed-nassoh/680659/;2024-08-31;4;3.0;2.0;0.0;0.0;-0.0;-0.0;0.0;0.0;0.0;-0.0;0.0;0.0;-0.0;0.0;5.0
T. Lauritsen;/players/tobias-lauritsen/406745/;2024-08-31;4;3.0;2.0;0.0;0.0;-0.0;-0.0;0.0;0.0;0.0;-0.0;0.0;0.0;-0.0;0.0;5.0
C. Neghli;/players/camiel-neghli/680707/;2024-08-31;4;3.0;2.0;0.0;0.0;-0.0;-0.0;8.0;0.0;0.0;-0.0;0.0;0.0;-0.0;0.0;13.0
J. Kitolano;/players/joshua-gaston-kitolano/517475/;2024-08-31;4;0.33;0.22;0.0;0.0;-0.0;-0.0;0.0;0.0;0.0;-0.0;0.0;0.0;-0.0;0.0;0.56
M. Young;/players/marvin-young/890667/;2024-08-31;4;0.0;0.0;0.0;0.0;-0.0;-0.0;0.0;0.0;-0.0;-0.0;0.0;0.0;-0.0;0.0;0.0
S. Bakari;/players/said-bakari/325391/;2024-08-31;4;0.0;0.0;0.0;0.0;-0.0;-0.0;0.0;0.0;-0.0;-0.0;0.0;0.0;-0.0;0.0;0.0
D. Tevreden;/players/dylan-tevreden/866324/;2024-08-31;4;0.0;0.0;0.0;0.0;-0.0;-0.0;0.0;0.0;-0.0;-0.0;0.0;0.0;-0.0;0.0;0.0
M. Kleijn;/players/mike-kleijn/778111/;2024-08-31;4;0.0;0.0;0.0;0.0;-0.0;-0.0;0.0;0.0;-0.0;-0.0;0.0;0.0;-0.0;0.0;0.0
Metinho;/players/abemly-meto-silu/691959/;2024-08-31;4;0.0;0.0;0.0;0.0;-0.0;-0.0;0.0;0.0;0.0;-0.0;0.0;0.0;-0.0;0.0;0.0
S. Mito;/players/shunsuke-mito/640252/;2024-08-31;4;0.0;0.0;0.0;0.0;-0.0;-0.0;0.0;0.0;0.0;-0.0;0.0;0.0;-0.0;0.0;0.0
C. Brym;/players/charles-andreas-brym/538704/;2024-08-31;4;0.0;0.0;0.0;0.0;-0.0;-0.0;0.0;0.0;0.0;-0.0;0.0;0.0;-0.0;0.0;0.0
A. Oufkir;/players/ayoub-oufkir/935867/;2024-08-31;4;0.0;0.0;0.0;0.0;-0.0;-0.0;0.0;0.0;0.0;-0.0;0.0;0.0;-0.0;0.0;0.0
H. El Dahri;/players/hamza-el-dahri/819347/;2024-08-31;4;0.0;0.0;0.0;0.0;-0.0;-0.0;0.0;0.0;0.0;-0.0;0.0;0.0;-0.0;0.0;0.0
Y. Schoonderwaldt;/players/youri-youri-schoonderwaldt/537694/;2024-08-31;4;0.0;0.0;0.0;0.0;-0.0;-0.0;0.0;0.0;-0.0;-0.0;0.0;0.0;-0.0;0.0;0.0
J. de Guzmán;/players/jonathan-alexander-de-guzman/2259/;2024-08-31;4;0.0;0.0;0.0;0.0;-2.0;-0.0;0.0;0.0;0.0;-0.0;0.0;0.0;-0.0;0.0;-2.0
N. Bakker;/players/nordin-bakker/563909/;2024-08-31;4;3.0;0.0;1.0;0.0;-0.0;-0.0;0.0;0.0;-1.0;-0.0;0.0;0.0;-0.0;0.0;3.0
J. Jacobs;/players/joey-jacobs/537705/;2024-08-31;4;3.0;0.0;1.0;0.0;-0.0;-0.0;0.0;0.0;-1.0;-0.0;0.0;0.0;-0.0;0.0;3.0
H. Akujobi;/players/hamdi-akujobi/567599/;2024-08-31;4;3.0;0.0;1.0;0.0;-2.0;-0.0;0.0;0.0;-1.0;-0.0;0.0;0.0;-0.0;0.0;1.0
V. Zagaritis;/players/vasilios-zagaritis/617928/;2024-08-31;4;2.83;0.0;0.94;0.0;-0.0;-0.0;0.0;0.0;-1.0;-0.0;0.0;0.0;-0.0;0.0;2.78
Visus;/players/ricardo-visus-contreras/642402/;2024-08-31;4;3.0;0.0;1.0;0.0;-0.0;-0.0;0.0;0.0;-1.0;-0.0;0.0;0.0;-0.0;0.0;3.0
Álex Balboa;/players/alex-balboa-bandeira/627655/;2024-08-31;4;2.8;0.0;0.93;0.0;-0.0;-0.0;0.0;0.0;0.0;-0.0;0.0;0.0;-0.0;0.0;3.73
J. Ritmeester van de Kamp;/players/jochem-ritmeester-van-de-kamp/801840/;2024-08-31;4;3.0;0.0;1.0;0.0;-0.0;-0.0;0.0;0.0;0.0;-0.0;0.0;0.0;-0.0;0.0;4.0
B. Guillaume;/players/baptiste-guillaume/285403/;2024-08-31;4;2.23;0.0;0.74;0.0;-0.0;-0.0;8.0;0.0;0.0;-0.0;0.0;0.0;-0.0;0.0;10.98
T. Robinet;/players/thomas-robinet/312659/;2024-08-31;4;1.53;0.0;0.51;0.0;-0.0;-0.0;0.0;4.0;0.0;-0.0;0.0;0.0;-0.0;0.0;6.04
K. Hansen;/players/kornelius-normann-hansen/496125/;2024-08-31;4;3.0;0.0;1.0;0.0;-0.0;-0.0;0.0;0.0;0.0;-0.0;0.0;0.0;-0.0;0.0;4.0
F. Mattoir;/players/faiz-mattoir/547050/;2024-08-31;4;2.37;0.0;0.79;0.0;-0.0;-0.0;0.0;0.0;0.0;-0.0;0.0;0.0;-0.0;0.0;3.16
J. Kadile;/players/junior-morau-kadile-/590286/;2024-08-31;4;1.47;0.0;0.49;0.0;-0.0;-0.0;0.0;0.0;0.0;-0.0;0.0;0.0;-0.0;0.0;1.96
R. Providence;/players/ruben-providence/509854/;2024-08-31;4;0.77;0.0;0.26;0.0;-0.0;-0.0;0.0;0.0;0.0;-0.0;0.0;0.0;-0.0;0.0;1.02
D. Dankerlui;/players/damil-dankerlui/314252/;2024-08-31;4;0.63;0.0;0.21;0.0;-0.0;-0.0;0.0;0.0;-0.0;-0.0;0.0;0.0;-0.0;0.0;0.84
G. Beaumont;/players/guus-beaumont/628831/;2024-08-31;4;0.2;0.0;0.07;0.0;-0.0;-0.0;0.0;0.0;0.0;-0.0;0.0;0.0;-0.0;0.0;0.27
L. Delaurier-Chaubet;/players/logan-delaurier-chaubet/626512/;2024-08-31;4;0.17;0.0;0.06;0.0;-0.0;-0.0;0.0;0.0;0.0;-0.0;0.0;0.0;-0.0;0.0;0.22
J. Wendlinger;/players/jonas-wendlinger/469451/;2024-08-31;4;0.0;0.0;0.0;0.0;-0.0;-0.0;0.0;0.0;-0.0;-0.0;0.0;0.0;-0.0;0.0;0.0
A. Nalić;/players/adi-nalic/459631/;2024-08-31;4;0.0;0.0;0.0;0.0;-0.0;-0.0;0.0;0.0;0.0;-0.0;0.0;0.0;-0.0;0.0;0.0
T. Barbet;/players/theo-barbet/515917/;2024-08-31;4;0.0;0.0;0.0;0.0;-0.0;-0.0;0.0;0.0;-0.0;-0.0;0.0;0.0;-0.0;0.0;0.0
J. van der Wilt;/players/joel-van-der-wilt/771874/;2024-08-31;4;0.0;0.0;0.0;0.0;-0.0;-0.0;0.0;0.0;-0.0;-0.0;0.0;0.0;-0.0;0.0;0.0
C. Mamengi;/players/christopher-mamengi/540620/;2024-08-31;4;0.0;0.0;0.0;0.0;-0.0;-0.0;0.0;0.0;-0.0;-0.0;0.0;0.0;-0.0;0.0;0.0
J. Lawrence;/players/jamie-lawrence/216767/;2024-08-31;4;0.0;0.0;0.0;0.0;-0.0;-0.0;0.0;0.0;-0.0;-0.0;0.0;0.0;-0.0;0.0;0.0
E. Vaessen;/players/etienne-vaessen/408572/;2024-08-31;4;3.0;0.0;1.0;0.0;-0.0;-0.0;0.0;0.0;-1.0;-0.0;0.0;0.0;-0.0;0.0;3.0
L. Bacuna;/players/leandro-bacuna/88003/;2024-08-31;4;3.0;0.0;1.0;0.0;-0.0;-0.0;9.0;0.0;0.0;-0.0;0.0;0.0;-0.0;0.0;13.0
M. Peersman;/players/marvin-peersman/89988/;2024-08-31;4;3.0;0.0;1.0;0.0;-2.0;-0.0;0.0;6.0;-1.0;-0.0;0.0;0.0;-0.0;0.0;7.0
M. Rente;/players/marco-rente/450717/;2024-08-31;4;3.0;0.0;1.0;0.0;-0.0;-0.0;0.0;0.0;-1.0;-0.0;0.0;0.0;-0.0;0.0;3.0
F. Stam;/players/finn-stam/736439/;2024-08-31;4;2.17;0.0;0.72;0.0;-2.0;-0.0;0.0;0.0;-1.0;-0.0;0.0;0.0;-0.0;0.0;-0.11
J. Hove;/players/johan-hove/444353/;2024-08-31;4;3.0;0.0;1.0;0.0;-0.0;-0.0;0.0;0.0;0.0;-0.0;0.0;0.0;-0.0;0.0;4.0
T. de Jonge;/players/tika-de-jonge/643975/;2024-08-31;4;3.0;0.0;1.0;0.0;-0.0;-0.0;0.0;0.0;0.0;-0.0;0.0;0.0;-0.0;0.0;4.0
L. Valente;/players/luciano-valente/703884/;2024-08-31;4;3.0;0.0;1.0;0.0;-0.0;-0.0;0.0;0.0;0.0;-0.0;0.0;0.0;-0.0;0.0;4.0
J. Schreuders;/players/jorg-schreuders/877779/;2024-08-31;4;3.0;0.0;1.0;0.0;-0.0;-0.0;0.0;0.0;0.0;-0.0;0.0;0.0;-0.0;0.0;4.0
R. Postema;/players/romano-postema/625358/;2024-08-31;4;2.17;0.0;0.72;0.0;-0.0;-0.0;0.0;0.0;0.0;-0.0;0.0;0.0;-0.0;0.0;2.89
T. van Bergen;/players/thom-van-bergen/873104/;2024-08-31;4;2.83;0.0;0.94;0.0;-0.0;-0.0;0.0;0.0;0.0;-0.0;0.0;0.0;-0.0;0.0;3.78
W. Prins;/players/wouter-prins/930296/;2024-08-31;4;0.83;0.0;0.28;0.0;-0.0;-0.0;0.0;0.0;-0.0;-0.0;0.0;0.0;-0.0;0.0;1.11
B. Willumsson;/players/brynjolfur-darri-willumsson/463548/;2024-08-31;4;0.83;0.0;0.28;0.0;-0.0;-0.0;0.0;0.0;0.0;-0.0;0.0;0.0;-0.0;0.0;1.11
T. Oosting;/players/thijs-oosting/477591/;2024-08-31;4;0.17;0.0;0.06;0.0;-0.0;-0.0;0.0;0.0;0.0;-0.0;0.0;0.0;-0.0;0.0;0.22
N. Emeran;/players/noam-emeran/671004/;2024-08-31;4;0.0;0.0;0.0;0.0;-0.0;-0.0;0.0;0.0;0.0;-0.0;0.0;0.0;-0.0;0.0;0.0
T. Blokzijl;/players/thijmen-blokzijl/703893/;2024-08-31;4;0.0;0.0;0.0;0.0;-0.0;-0.0;0.0;0.0;-0.0;-0.0;0.0;0.0;-0.0;0.0;0.0
H. Jurjus;/players/hidde-jurjus/301076/;2024-08-31;4;0.0;0.0;0.0;0.0;-0.0;-0.0;0.0;0.0;-0.0;-0.0;0.0;0.0;-0.0;0.0;0.0
Rui Mendes;/players/rui-jorge-monteiro-mendes/453390/;2024-08-31;4;0.0;0.0;0.0;0.0;-0.0;-0.0;0.0;0.0;0.0;-0.0;0.0;0.0;-0.0;0.0;0.0
D. Baron;/players/dirk-baron/821647/;2024-08-31;4;0.0;0.0;0.0;0.0;-0.0;-0.0;0.0;0.0;-0.0;-0.0;0.0;0.0;-0.0;0.0;0.0
J. Pelupessy;/players/joey-pelupessy/197572/;2024-08-31;4;0.0;0.0;0.0;0.0;-0.0;-0.0;0.0;0.0;0.0;-0.0;0.0;0.0;-0.0;0.0;0.0
F. Turay;/players/fofin-turay/909656/;2024-08-31;4;0.0;0.0;0.0;0.0;-0.0;-0.0;0.0;0.0;0.0;-0.0;0.0;0.0;-0.0;0.0;0.0
M. Branderhorst;/players/mathijs-branderhorst/175358/;2024-08-31;4;3.0;0.0;0.0;0.0;-0.0;-0.0;0.0;0.0;-3.0;-0.0;0.0;0.0;-0.0;0.0;0.0
Ivo Pinto;/players/ivo-pinto/86672/;2024-08-31;4;3.0;0.0;0.0;0.0;-0.0;-0.0;0.0;0.0;-3.0;-0.0;0.0;0.0;-0.0;0.0;0.0
M. Dijks;/players/mitchel-dijks/219029/;2024-08-31;4;2.73;0.0;0.0;0.0;-0.0;-0.0;0.0;0.0;-2.0;-0.0;0.0;0.0;-0.0;0.0;0.73
Rodrigo Guth;/players/rodrigo-guth/475116/;2024-08-31;4;3.0;0.0;0.0;0.0;-0.0;-0.0;0.0;0.0;-3.0;-0.0;0.0;0.0;-0.0;0.0;0.0
S. Adewoye;/players/shawn-adewoye/618207/;2024-08-31;4;1.53;0.0;0.0;0.0;-0.0;-0.0;0.0;0.0;-2.0;-0.0;0.0;0.0;-0.0;0.0;-0.47
A. Halilović;/players/alen-halilovi/270136/;2024-08-31;4;2.73;0.0;0.0;0.0;-0.0;-0.0;0.0;0.0;0.0;-0.0;0.0;0.0;-0.0;0.0;2.73
L. Rosier;/players/lorentz-rosier/456607/;2024-08-31;4;2.27;0.0;0.0;0.0;-0.0;-0.0;0.0;0.0;0.0;-0.0;0.0;0.0;-0.0;0.0;2.27
M. Aïko;/players/makan-aiko/608125/;2024-08-31;4;3.0;0.0;0.0;0.0;-2.0;-0.0;0.0;0.0;0.0;-0.0;0.0;0.0;-0.0;0.0;1.0
R. Fosso;/players/ryan-fosso/637283/;2024-08-31;4;3.0;0.0;0.0;0.0;-0.0;-0.0;0.0;0.0;0.0;-0.0;0.0;0.0;-0.0;0.0;3.0
K. Peterson;/players/kristoffer-peterson/218002/;2024-08-31;4;3.0;0.0;0.0;0.0;-0.0;-0.0;0.0;0.0;0.0;-0.0;0.0;0.0;-0.0;0.0;3.0
J. Mitrović;/players/josip-mitrovi/482602/;2024-08-31;4;1.53;0.0;0.0;0.0;-0.0;-0.0;0.0;0.0;0.0;-0.0;0.0;0.0;-0.0;0.0;1.53
S. van Ottele;/players/syb-van-ottele/525930/;2024-08-31;4;1.47;0.0;0.0;0.0;-0.0;-0.0;0.0;0.0;-1.0;-0.0;0.0;0.0;-0.0;0.0;0.47
S. Bastien;/players/samuel-bastien/314097/;2024-08-31;4;1.47;0.0;0.0;0.0;-0.0;-0.0;0.0;0.0;0.0;-0.0;0.0;0.0;-0.0;0.0;1.47
A. Erceg;/players/ante-erceg/137741/;2024-08-31;4;0.73;0.0;0.0;0.0;-0.0;-0.0;0.0;0.0;0.0;-0.0;0.0;0.0;-0.0;0.0;0.73
J. Dahlhaus;/players/jasper-dahlhaus/567944/;2024-08-31;4;0.27;0.0;0.0;0.0;-0.0;-0.0;0.0;0.0;-1.0;-0.0;0.0;0.0;-0.0;0.0;-0.73
M. Robberechts;/players/milan-robberechts/789504/;2024-08-31;4;0.27;0.0;0.0;0.0;-0.0;-0.0;0.0;0.0;0.0;-0.0;0.0;0.0;-0.0;0.0;0.27
D. Grujčić;/players/darijo-grujcic/478384/;2024-08-31;4;0.0;0.0;0.0;0.0;-0.0;-0.0;0.0;0.0;-0.0;-0.0;0.0;0.0;-0.0;0.0;0.0
R. Bayram;/players/ramazan-bayram/965960/;2024-08-31;4;0.0;0.0;0.0;0.0;-0.0;-0.0;0.0;0.0;-0.0;-0.0;0.0;0.0;-0.0;0.0;0.0
L. Koopmans;/players/luuk-koopmans/149059/;2024-08-31;4;0.0;0.0;0.0;0.0;-0.0;-0.0;0.0;0.0;-0.0;-0.0;0.0;0.0;-0.0;0.0;0.0
L. Tunjić;/players/luka-tunjic/759911/;2024-08-31;4;0.0;0.0;0.0;0.0;-0.0;-0.0;0.0;0.0;0.0;-0.0;0.0;0.0;-0.0;0.0;0.0
R. Roefs;/players/robin-roefs/636190/;2024-08-31;4;3.0;2.0;0.0;0.0;-0.0;-0.0;0.0;0.0;-0.0;-0.0;12.0;0.0;-0.0;0.0;17.0
B. Nuytinck;/players/bram-nuytinck/86442/;2024-08-31;4;3.0;2.0;0.0;0.0;-0.0;-0.0;0.0;0.0;-0.0;-0.0;10.0;0.0;-0.0;0.0;15.0
C. Verdonk;/players/calvin-verdonk/319288/;2024-08-31;4;3.0;2.0;0.0;0.0;-0.0;-0.0;0.0;0.0;-0.0;-0.0;10.0;0.0;-0.0;0.0;15.0
Iván Márquez;/players/ivan-marquez-alvarez/352663/;2024-08-31;4;3.0;2.0;0.0;0.0;-0.0;-0.0;0.0;0.0;-0.0;-0.0;10.0;0.0;-0.0;0.0;15.0
T. Ouwejan;/players/thomas-ouwejan/407740/;2024-08-31;4;2.1;1.4;0.0;0.0;-0.0;-0.0;0.0;6.0;-0.0;-0.0;7.0;0.0;-0.0;0.0;16.5
B. Pereira;/players/brayann-pereira/640596/;2024-08-31;4;3.0;2.0;0.0;0.0;-0.0;-0.0;0.0;6.0;-0.0;-0.0;10.0;0.0;-0.0;0.0;21.0
Róber;/players/roberto-gonzalez-bayon/500171/;2024-08-31;4;2.6;1.73;0.0;0.0;-0.0;-0.0;9.0;0.0;0.0;-0.0;2.6;0.0;-0.0;0.0;15.93
D. Proper;/players/dirk-proper/525939/;2024-08-31;4;3.0;2.0;0.0;0.0;-0.0;-0.0;0.0;0.0;0.0;-0.0;3.0;0.0;-0.0;0.0;8.0
K. Sano;/players/kodai-sano/815318/;2024-08-31;4;3.0;2.0;0.0;0.0;-0.0;-0.0;0.0;0.0;0.0;-0.0;3.0;0.0;-0.0;0.0;8.0
K. Ogawa;/players/koki-ogawa/435835/;2024-08-31;4;2.6;1.73;0.0;0.0;-0.0;-0.0;8.0;0.0;0.0;-0.0;0.87;0.0;-0.0;0.0;13.2
B. Önal;/players/basar-onal/822550/;2024-08-31;4;2.57;1.71;0.0;0.0;-0.0;-0.0;0.0;0.0;0.0;-0.0;0.86;0.0;-0.0;0.0;5.13
M. Hoedemakers;/players/mees-hoedemakers/465082/;2024-08-31;4;0.9;0.6;0.0;0.0;-0.0;-0.0;0.0;5.0;0.0;-0.0;0.9;0.0;-0.0;0.0;7.4
S. Ouaissa;/players/sami-ouaissa/856399/;2024-08-31;4;0.43;0.29;0.0;0.0;-0.0;-0.0;9.0;0.0;0.0;-0.0;0.43;0.0;-0.0;0.0;10.16
L. Schöne;/players/lasse-schone/17366/;2024-08-31;4;0.4;0.27;0.0;0.0;-0.0;-0.0;0.0;0.0;0.0;-0.0;0.4;0.0;-0.0;0.0;1.07
S. Hansen;/players/sontje-hansen/508823/;2024-08-31;4;0.4;0.27;0.0;0.0;-0.0;-0.0;0.0;0.0;0.0;-0.0;0.13;0.0;-0.0;0.0;0.8
A. Darellas;/players/argyrios-darelas/637189/;2024-08-31;4;0.0;0.0;0.0;0.0;-0.0;-0.0;0.0;0.0;0.0;-0.0;0.0;0.0;-0.0;0.0;0.0
S. van Gassel;/players/stijn-van-gassel/323665/;2024-08-31;4;0.0;0.0;0.0;0.0;-0.0;-0.0;0.0;0.0;-0.0;-0.0;0.0;0.0;-0.0;0.0;0.0
K. de Wit;/players/kas-de-wit/857092/;2024-08-31;4;0.0;0.0;0.0;0.0;-0.0;-0.0;0.0;0.0;0.0;-0.0;0.0;0.0;-0.0;0.0;0.0
D. Arts;/players/dleanu-arts/643504/;2024-08-31;4;0.0;0.0;0.0;0.0;-0.0;-0.0;0.0;0.0;-0.0;-0.0;0.0;0.0;-0.0;0.0;0.0
R. Janse;/players/rijk-janse/632550/;2024-08-31;4;0.0;0.0;0.0;0.0;-0.0;-0.0;0.0;0.0;-0.0;-0.0;0.0;0.0;-0.0;0.0;0.0
M. van der Hart;/players/mickey-van-der-hart/218009/;2024-08-31;4;3.0;2.0;0.0;0.0;-0.0;-0.0;0.0;0.0;-0.0;-0.0;12.0;0.0;-0.0;0.0;17.0
P. Bochniewicz;/players/pawe-bochniewicz/273911/;2024-08-31;4;3.0;2.0;0.0;0.0;-0.0;-0.0;0.0;0.0;-0.0;-0.0;10.0;0.0;-0.0;0.0;15.0
M. Köhlert;/players/mats-kohlert/400423/;2024-08-31;4;3.0;2.0;0.0;0.0;-0.0;-0.0;0.0;6.0;-0.0;-0.0;10.0;0.0;-0.0;0.0;21.0
S. Kersten;/players/sam-kersten/453644/;2024-08-31;4;3.0;2.0;0.0;0.0;-0.0;-0.0;0.0;6.0;-0.0;-0.0;10.0;0.0;-0.0;0.0;21.0
O. Braude;/players/oliver-johansen-braude/794018/;2024-08-31;4;2.2;1.47;0.0;0.0;-0.0;-0.0;0.0;0.0;-0.0;-0.0;7.33;0.0;-0.0;0.0;11.0
L. Brouwers;/players/luuk-brouwers/402458/;2024-08-31;4;1.83;1.22;0.0;0.0;-0.0;-0.0;9.0;0.0;0.0;-0.0;1.83;0.0;-0.0;0.0;13.89
S. Olsson;/players/simon-olsson/423888/;2024-08-31;4;3.0;2.0;0.0;0.0;-0.0;-0.0;9.0;5.0;0.0;-0.0;3.0;0.0;-0.0;0.0;22.0
E. van Ee;/players/espen-van-ee/921919/;2024-08-31;4;2.73;1.82;0.0;0.0;-0.0;-0.0;0.0;0.0;0.0;-0.0;2.73;0.0;-0.0;0.0;7.29
D. Karlsbakk;/players/daniel-seland-karlsbakk/629619/;2024-08-31;4;2.2;1.47;0.0;0.0;-0.0;-0.0;0.0;0.0;0.0;-0.0;0.73;0.0;-0.0;0.0;4.4
J. Trenskow;/players/jacob-trenskow/672937/;2024-08-31;4;3.0;2.0;0.0;0.0;-0.0;-0.0;0.0;0.0;0.0;-0.0;1.0;0.0;-0.0;0.0;6.0
I. Sebaoui;/players/ilias-sebaoui/797954/;2024-08-31;4;2.73;1.82;0.0;0.0;-0.0;-0.0;0.0;0.0;0.0;-0.0;0.91;0.0;-0.0;0.0;5.47
L. Smans;/players/levi-smans/757104/;2024-08-31;4;1.17;0.78;0.0;0.0;-0.0;-0.0;0.0;0.0;0.0;-0.0;1.17;0.0;-0.0;0.0;3.11
D. Hall;/players/denzel-hall/508910/;2024-08-31;4;0.8;0.53;0.0;0.0;-0.0;-0.0;0.0;0.0;-0.0;-0.0;2.67;0.0;-0.0;0.0;4.0
I. Nicolăescu;/players/ion-nicolescu/446191/;2024-08-31;4;0.8;0.53;0.0;0.0;-0.0;-0.0;16.0;0.0;0.0;-0.0;0.27;0.0;-0.0;0.0;17.6
C. Nunnely;/players/che-nunnely/423827/;2024-08-31;4;0.27;0.18;0.0;0.0;-0.0;-0.0;0.0;4.0;0.0;-0.0;0.09;0.0;-0.0;0.0;4.53
I. Ahmed;/players/isaiah-ahmed/982466/;2024-08-31;4;0.27;0.18;0.0;0.0;-0.0;-0.0;0.0;0.0;0.0;-0.0;0.27;0.0;-0.0;0.0;0.71
Danilo Al Saed;/players/danilo-al-saed/530444/;2024-08-31;4;0.0;0.0;0.0;0.0;-0.0;-0.0;0.0;0.0;0.0;-0.0;0.0;0.0;-0.0;0.0;0.0
Hussein Ali;/players/hussein-ali/573309/;2024-08-31;4;0.0;0.0;0.0;0.0;-0.0;-0.0;0.0;0.0;-0.0;-0.0;0.0;0.0;-0.0;0.0;0.0
T. Oostra;/players/ties-oostra/982465/;2024-08-31;4;;;;;;;;;;;;;;;0.0
J. Bekkema;/players/jan-bekkema/452051/;2024-08-31;4;0.0;0.0;0.0;0.0;-0.0;-0.0;0.0;0.0;-0.0;-0.0;0.0;0.0;-0.0;0.0;0.0
D. Rallis;/players/dimitris-rallis/982464/;2024-08-31;4;;;;;;;;;;;;;;;0.0
A. Noppert;/players/andries-noppert/300862/;2024-08-31;4;0.0;0.0;0.0;0.0;-0.0;-0.0;0.0;0.0;-0.0;-0.0;0.0;0.0;-0.0;0.0;0.0
D. Bielica;/players/daniel-bielica/555492/;2024-08-31;4;3.0;0.0;0.0;0.0;-0.0;-0.0;0.0;0.0;-4.0;-0.0;0.0;0.0;-0.0;0.0;-1.0
J. Van den Bergh;/players/jan-van-den-bergh/354185/;2024-08-31;4;3.0;0.0;0.0;0.0;-0.0;-0.0;0.0;0.0;-4.0;-0.0;0.0;0.0;-0.0;0.0;-1.0
B. Lucassen;/players/boyd-lucassen/453952/;2024-08-31;4;2.43;0.0;0.0;0.0;-0.0;-0.0;0.0;0.0;-3.0;-0.0;0.0;0.0;-0.0;0.0;-0.57
B. Kemper;/players/boy-kemper/463009/;2024-08-31;4;3.0;0.0;0.0;0.0;-0.0;-0.0;0.0;0.0;-4.0;-0.0;0.0;0.0;-0.0;0.0;-1.0
L. Greiml;/players/leo-greiml/517683/;2024-08-31;4;3.0;0.0;0.0;0.0;-0.0;-0.0;0.0;0.0;-4.0;-0.0;0.0;0.0;-0.0;0.0;-1.0
C. Valerius;/players/cherrion-valerius/947863/;2024-08-31;4;3.0;0.0;0.0;0.0;-0.0;-0.0;0.0;0.0;-4.0;-0.0;0.0;0.0;-0.0;0.0;-1.0
D. Janošek;/players/dominik-janosek/492661/;2024-08-31;4;1.0;0.0;0.0;0.0;-0.0;-0.0;0.0;0.0;0.0;-0.0;0.0;0.0;-0.0;0.0;1.0
M. Garbett;/players/matthew-garbett/577465/;2024-08-31;4;2.47;0.0;0.0;0.0;-0.0;-0.0;0.0;0.0;0.0;-0.0;0.0;0.0;-0.0;0.0;2.47
R. Paula;/players/raul-paula/640610/;2024-08-31;4;1.33;0.0;0.0;0.0;-0.0;-0.0;0.0;0.0;0.0;-0.0;0.0;0.0;-0.0;0.0;1.33
M. Balard;/players/maximilien-balard/643695/;2024-08-31;4;3.0;0.0;0.0;0.0;-2.0;-0.0;0.0;0.0;0.0;-0.0;0.0;0.0;-0.0;0.0;1.0
E. Ómarsson;/players/elias-mar-omarsson/213035/;2024-08-31;4;2.47;0.0;0.0;0.0;-0.0;-0.0;0.0;0.0;0.0;-0.0;0.0;0.0;-0.0;0.0;2.47
L. Sauer;/players/leo-sauer/790415/;2024-08-31;4;2.0;0.0;0.0;0.0;-0.0;-0.0;0.0;0.0;0.0;-0.0;0.0;0.0;-0.0;0.0;2.0
K. Kostorz;/players/kacper-kostorz/485378/;2024-08-31;4;1.67;0.0;0.0;0.0;-0.0;-0.0;0.0;0.0;0.0;-0.0;0.0;0.0;-0.0;0.0;1.67
R. Kuijpers;/players/roy-kuijpers/663306/;2024-08-31;4;0.57;0.0;0.0;0.0;-0.0;-0.0;0.0;0.0;0.0;-0.0;0.0;0.0;-0.0;0.0;0.57
Saná Fernandes;/players/sana-fernandes/926017/;2024-08-31;4;0.53;0.0;0.0;0.0;-0.0;-0.0;0.0;0.0;0.0;-0.0;0.0;0.0;-0.0;0.0;0.53
C. Staring;/players/casper-staring/628494/;2024-08-31;4;0.53;0.0;0.0;0.0;-0.0;-0.0;0.0;0.0;0.0;-0.0;0.0;0.0;-0.0;0.0;0.53
Manel Royo;/players/manel-royo-castell/354951/;2024-08-31;4;0.0;0.0;0.0;0.0;-0.0;-0.0;0.0;0.0;-0.0;-0.0;0.0;0.0;-0.0;0.0;0.0
R. Kortsmit;/players/roy-kortsmit/200996/;2024-08-31;4;0.0;0.0;0.0;0.0;-0.0;-0.0;0.0;0.0;-0.0;-0.0;0.0;0.0;-0.0;0.0;0.0
T. Troost;/players/tein-troost/525919/;2024-08-31;4;0.0;0.0;0.0;0.0;-0.0;-0.0;0.0;0.0;-0.0;-0.0;0.0;0.0;-0.0;0.0;0.0
A. Kaied;/players/adam-kaied/693342/;2024-08-31;4;0.0;0.0;0.0;0.0;-0.0;-0.0;0.0;0.0;0.0;-0.0;0.0;0.0;-0.0;0.0;0.0
M. Koscelník;/players/martin-koscelnik/353345/;2024-08-31;4;0.0;0.0;0.0;0.0;-0.0;-0.0;0.0;0.0;-0.0;-0.0;0.0;0.0;-0.0;0.0;0.0
E. Mahmutović;/players/enes-mahmutovic/347775/;2024-08-31;4;0.0;0.0;0.0;0.0;-0.0;-0.0;0.0;0.0;-0.0;-0.0;0.0;0.0;-0.0;0.0;0.0
W. Benítez;/players/walter-benitez/210145/;2024-09-01;4;3.0;2.0;0.0;0.0;-0.0;-0.0;0.0;0.0;-0.0;-0.0;12.0;0.0;-0.0;0.0;17.0
O. Boscagli;/players/olivier-boscagli/329542/;2024-09-01;4;3.0;2.0;0.0;0.0;-0.0;-0.0;0.0;0.0;-0.0;-0.0;10.0;0.0;-0.0;0.0;15.0
R. Flamingo;/players/ryan-flamingo/627724/;2024-09-01;4;3.0;2.0;0.0;0.0;-0.0;-0.0;0.0;0.0;-0.0;-0.0;10.0;0.0;-0.0;0.0;15.0
M. Dams;/players/matteo-dams/805736/;2024-09-01;4;3.0;2.0;0.0;0.0;-0.0;-0.0;0.0;0.0;-0.0;-0.0;10.0;0.0;-0.0;0.0;15.0
G. Til;/players/guus-til/451981/;2024-09-01;4;2.87;1.91;0.0;0.0;-0.0;-0.0;9.0;0.0;0.0;-0.0;2.87;0.0;-0.0;0.0;16.64
J. Veerman;/players/joey--veerman/459312/;2024-09-01;4;2.17;1.44;0.0;0.0;-0.0;-0.0;9.0;0.0;0.0;-0.0;2.17;0.0;-0.0;0.0;14.78
R. Ledezma;/players/richard-ledezma/512218/;2024-09-01;4;3.0;2.0;0.0;0.0;-0.0;-0.0;0.0;0.0;0.0;-0.0;3.0;0.0;-0.0;0.0;8.0
M. Tillman;/players/malik-tillman/561787/;2024-09-01;4;2.87;1.91;0.0;0.0;-0.0;-0.0;0.0;5.0;0.0;-0.0;2.87;0.0;-0.0;0.0;12.64
L. de Jong;/players/luuk-de-jong/65056/;2024-09-01;4;1.17;0.78;0.0;0.0;-0.0;-0.0;0.0;8.0;0.0;-0.0;0.39;0.0;-0.0;0.0;10.33
H. Lozano;/players/hirving-rodrigo-lozano-bahena/327531/;2024-09-01;4;3.0;2.0;0.0;0.0;-0.0;-0.0;8.0;0.0;0.0;-0.0;1.0;0.0;-0.0;0.0;14.0
J. Bakayoko;/players/johan-bakayoko/638229/;2024-09-01;4;2.17;1.44;0.0;0.0;-0.0;-0.0;0.0;0.0;0.0;-0.0;0.72;0.0;-0.0;0.0;4.33
R. Pepi;/players/ricardo-pepi/523964/;2024-09-01;4;1.83;1.22;0.0;0.0;-0.0;-0.0;0.0;0.0;0.0;-0.0;0.61;0.0;-0.0;0.0;3.67
J. Schouten;/players/jerdy-schouten/448432/;2024-09-01;4;0.83;0.56;0.0;0.0;-0.0;-0.0;0.0;0.0;0.0;-0.0;0.83;0.0;-0.0;0.0;2.22
C. Driouech;/players/couhaib-driouech/632812/;2024-09-01;4;0.83;0.56;0.0;0.0;-0.0;-0.0;0.0;0.0;0.0;-0.0;0.28;0.0;-0.0;0.0;1.67
T. Land;/players/tygo-land/830551/;2024-09-01;4;0.13;0.09;0.0;0.0;-0.0;-0.0;0.0;0.0;0.0;-0.0;0.13;0.0;-0.0;0.0;0.36
I. Babadi;/players/isaac-babadi/700867/;2024-09-01;4;0.13;0.09;0.0;0.0;-0.0;-0.0;0.0;0.0;0.0;-0.0;0.13;0.0;-0.0;0.0;0.36
N. Schiks;/players/niek-schiks/643502/;2024-09-01;4;0.0;0.0;0.0;0.0;-0.0;-0.0;0.0;0.0;-0.0;-0.0;0.0;0.0;-0.0;0.0;0.0
M. Bresser;/players/michael-bresser/937271/;2024-09-01;4;0.0;0.0;0.0;0.0;-0.0;-0.0;0.0;0.0;-0.0;-0.0;0.0;0.0;-0.0;0.0;0.0
J. Drommel;/players/joel-drommel/355869/;2024-09-01;4;0.0;0.0;0.0;0.0;-0.0;-0.0;0.0;0.0;-0.0;-0.0;0.0;0.0;-0.0;0.0;0.0
W. Kuhn;/players/wessel-kuhn/898594/;2024-09-01;4;0.0;0.0;0.0;0.0;-0.0;-0.0;0.0;0.0;-0.0;-0.0;0.0;0.0;-0.0;0.0;0.0
L. Plogmann;/players/luca-plogmann/470121/;2024-09-01;4;3.0;0.0;0.0;0.0;-0.0;-0.0;0.0;0.0;-3.0;-0.0;0.0;0.0;-0.0;0.0;0.0
G. Nauber;/players/gerrit-nauber/102528/;2024-09-01;4;3.0;0.0;0.0;0.0;-2.0;-0.0;0.0;0.0;-3.0;-0.0;0.0;0.0;-0.0;0.0;-2.0
J. Kramer;/players/joris-kramer/402051/;2024-09-01;4;3.0;0.0;0.0;0.0;-2.0;-0.0;0.0;0.0;-3.0;-0.0;0.0;0.0;-0.0;0.0;-2.0
M. Deijl;/players/mats-deijl/402457/;2024-09-01;4;3.0;0.0;0.0;0.0;-2.0;-0.0;0.0;0.0;-3.0;-0.0;0.0;0.0;-0.0;0.0;-2.0
D. James;/players/dean-ruben--james/537308/;2024-09-01;4;2.47;0.0;0.0;0.0;-0.0;-0.0;0.0;0.0;-3.0;-0.0;0.0;0.0;-0.0;0.0;-0.53
E. Llansana;/players/enric-llansana/515466/;2024-09-01;4;3.0;0.0;0.0;0.0;-0.0;-0.0;0.0;0.0;0.0;-0.0;0.0;0.0;-0.0;0.0;3.0
M. Suray;/players/mathis-suray/517358/;2024-09-01;4;2.17;0.0;0.0;0.0;-0.0;-0.0;0.0;0.0;0.0;-0.0;0.0;0.0;-0.0;0.0;2.17
C. Twigt;/players/calvin-twigt/669594/;2024-09-01;4;2.13;0.0;0.0;0.0;-0.0;-0.0;0.0;0.0;0.0;-0.0;0.0;0.0;-0.0;0.0;2.13
F. Stokkers;/players/finn-stokkers/319661/;2024-09-01;4;2.17;0.0;0.0;0.0;-0.0;-0.0;0.0;0.0;0.0;-0.0;0.0;0.0;-0.0;0.0;2.17
O. Antman;/players/oliver-antman/547497/;2024-09-01;4;2.73;0.0;0.0;0.0;-0.0;-0.0;0.0;0.0;0.0;-0.0;0.0;0.0;-0.0;0.0;2.73
J. Breum;/players/jakob-breum/658739/;2024-09-01;4;3.0;0.0;0.0;0.0;-0.0;-0.0;0.0;0.0;0.0;-0.0;0.0;0.0;-0.0;0.0;3.0
V. Edvardsen;/players/victor-edvardsen/409168/;2024-09-01;4;0.87;0.0;0.0;0.0;-0.0;-0.0;0.0;0.0;0.0;-0.0;0.0;0.0;-0.0;0.0;0.87
B. Adekanye;/players/bobby-adekanye/427040/;2024-09-01;4;0.83;0.0;0.0;0.0;-0.0;-0.0;0.0;0.0;0.0;-0.0;0.0;0.0;-0.0;0.0;0.83
E. Linthorst;/players/evert-linthorst/546756/;2024-09-01;4;0.83;0.0;0.0;0.0;-0.0;-0.0;0.0;0.0;0.0;-0.0;0.0;0.0;-0.0;0.0;0.83
A. Adelgaard;/players/aske-adelgaard/857149/;2024-09-01;4;0.53;0.0;0.0;0.0;-0.0;-0.0;0.0;0.0;-0.0;-0.0;0.0;0.0;-0.0;0.0;0.53
R. Weijenberg;/players/robbin-weijenberg/857132/;2024-09-01;4;0.27;0.0;0.0;0.0;-0.0;-0.0;0.0;0.0;0.0;-0.0;0.0;0.0;-0.0;0.0;0.27
L. Everink;/players/luca-everink/628510/;2024-09-01;4;0.0;0.0;0.0;0.0;-0.0;-0.0;0.0;0.0;-0.0;-0.0;0.0;0.0;-0.0;0.0;0.0
P. Saathof;/players/pim-saathof/857131/;2024-09-01;4;0.0;0.0;0.0;0.0;-0.0;-0.0;0.0;0.0;-0.0;-0.0;0.0;0.0;-0.0;0.0;0.0
J. De Busser;/players/jari-de-busser/451008/;2024-09-01;4;0.0;0.0;0.0;0.0;-0.0;-0.0;0.0;0.0;-0.0;-0.0;0.0;0.0;-0.0;0.0;0.0
M. Smit;/players/milan-smit/828395/;2024-09-01;4;0.0;0.0;0.0;0.0;-0.0;-0.0;0.0;0.0;0.0;-0.0;0.0;0.0;-0.0;0.0;0.0
N. Verdoni;/players/nando-verdoni/813110/;2024-09-01;4;0.0;0.0;0.0;0.0;-0.0;-0.0;0.0;0.0;-0.0;-0.0;0.0;0.0;-0.0;0.0;0.0
J. Schendelaar;/players/jasper-schendelaar/454473/;2024-09-01;4;3.0;2.0;0.0;0.0;-0.0;-0.0;0.0;0.0;-0.0;-0.0;12.0;0.0;-0.0;0.0;17.0
S. Floranus;/players/sherel-floranus/385271/;2024-09-01;4;3.0;2.0;0.0;0.0;-0.0;-0.0;0.0;0.0;-0.0;-0.0;10.0;0.0;-0.0;0.0;15.0
S. Graves;/players/simon-graves-jensen/538684/;2024-09-01;4;3.0;2.0;0.0;0.0;-0.0;-0.0;0.0;0.0;-0.0;-0.0;10.0;0.0;-0.0;0.0;15.0
A. El Azzouzi;/players/anouar-el-azzouzi/567947/;2024-09-01;4;2.7;1.8;0.0;0.0;-0.0;-0.0;0.0;0.0;-0.0;-0.0;9.0;0.0;-0.0;0.0;13.5
A. MacNulty;/players/anselmo-garcia-mcnulty/608607/;2024-09-01;4;3.0;2.0;0.0;0.0;-0.0;-0.0;0.0;0.0;-0.0;-0.0;10.0;0.0;-0.0;0.0;15.0
D. van der Haar;/players/damian-van-der-haar/812205/;2024-09-01;4;2.7;1.8;0.0;0.0;-0.0;-0.0;0.0;0.0;-0.0;-0.0;9.0;0.0;-0.0;0.0;13.5
O. Velanas;/players/odysseus-velanas/452059/;2024-09-01;4;3.0;2.0;0.0;0.0;-0.0;-0.0;0.0;0.0;0.0;-0.0;3.0;0.0;-0.0;0.0;8.0
D. van den Berg;/players/dave-van-den-berg-/475335/;2024-09-01;4;3.0;2.0;0.0;0.0;-0.0;-0.0;0.0;5.0;0.0;-0.0;3.0;0.0;-0.0;0.0;13.0
F. Krastev;/players/filip-yavorov-krastev/550509/;2024-09-01;4;3.0;2.0;0.0;0.0;-0.0;-0.0;9.0;0.0;0.0;-0.0;3.0;0.0;-0.0;0.0;17.0
N. Fichtinger;/players/nick-fichtinger/914267/;2024-09-01;4;2.13;1.42;0.0;0.0;-2.0;-0.0;0.0;0.0;0.0;-0.0;2.13;0.0;-0.0;0.0;3.69
D. Vente;/players/dylan-vente/426585/;2024-09-01;4;2.43;1.62;0.0;0.0;-0.0;-0.0;8.0;0.0;0.0;-0.0;0.81;0.0;-0.0;0.0;12.87
D. Mbayo;/players/dylan-mbayo/599681/;2024-09-01;4;0.87;0.58;0.0;0.0;-0.0;-0.0;8.0;4.0;0.0;-0.0;0.29;0.0;-0.0;0.0;13.73
T. Buitink;/players/thomas-buitnik/457668/;2024-09-01;4;0.57;0.38;0.0;0.0;-0.0;-0.0;0.0;0.0;0.0;-0.0;0.19;0.0;-0.0;0.0;1.13
O. Aertssen;/players/olivier-aertssen/664645/;2024-09-01;4;0.3;0.2;0.0;0.0;-0.0;-0.0;0.0;0.0;-0.0;-0.0;1.0;0.0;-0.0;0.0;1.5
E. Reijnders;/players/eliano-reijnders/577288/;2024-09-01;4;0.3;0.2;0.0;0.0;-0.0;-0.0;0.0;0.0;0.0;-0.0;0.3;0.0;-0.0;0.0;0.8
M. Hauptmeijer;/players/mike-hauptmeijer/321048/;2024-09-01;4;0.0;0.0;0.0;0.0;-0.0;-0.0;0.0;0.0;-0.0;-0.0;0.0;0.0;-0.0;0.0;0.0
K. Vermeer;/players/kenneth-vermeer/2175/;2024-09-01;4;0.0;0.0;0.0;0.0;-0.0;-0.0;0.0;0.0;-0.0;-0.0;0.0;0.0;-0.0;0.0;0.0
R. Thomas;/players/ryan-thomas/215382/;2024-09-01;4;0.0;0.0;0.0;0.0;-0.0;-0.0;0.0;0.0;0.0;-0.0;0.0;0.0;-0.0;0.0;0.0
K. de Rooij;/players/kaj-de-rooij/539368/;2024-09-01;4;0.0;0.0;0.0;0.0;-0.0;-0.0;0.0;0.0;0.0;-0.0;0.0;0.0;-0.0;0.0;0.0
M. Oukhattou;/players/mohamed-oukhattou/878072/;2024-09-01;4;0.0;0.0;0.0;0.0;-0.0;-0.0;0.0;0.0;0.0;-0.0;0.0;0.0;-0.0;0.0;0.0
A. Fontana;/players/anthony-fontana/448317/;2024-09-01;4;0.0;0.0;0.0;0.0;-0.0;-0.0;0.0;0.0;0.0;-0.0;0.0;0.0;-0.0;0.0;0.0
T. Gijselhart;/players/teun-gijselhart/789919/;2024-09-01;4;0.0;0.0;0.0;0.0;-0.0;-0.0;0.0;0.0;0.0;-0.0;0.0;0.0;-0.0;0.0;0.0
F. de Keijzer;/players/fabian-de-keijzer/463695/;2024-09-01;4;3.0;0.0;0.0;0.0;-0.0;-0.0;0.0;0.0;-3.0;-0.0;0.0;0.0;-0.0;0.0;0.0
D. Mirani;/players/damon-mirani/289811/;2024-09-01;4;2.7;0.0;0.0;0.0;-0.0;-0.0;0.0;0.0;-2.0;-0.0;0.0;0.0;-0.0;0.0;0.7
I. Mesík;/players/ivan-mesik/513503/;2024-09-01;4;3.0;0.0;0.0;0.0;-2.0;-0.0;0.0;0.0;-3.0;-0.0;0.0;0.0;-0.0;0.0;-2.0
R. Roosken;/players/ruben-roosken/618143/;2024-09-01;4;3.0;0.0;0.0;0.0;-0.0;-0.0;0.0;0.0;-3.0;-0.0;0.0;0.0;-0.0;0.0;0.0
M. Benita;/players/mimeirhel-benita/645525/;2024-09-01;4;2.7;0.0;0.0;0.0;-0.0;-0.0;0.0;0.0;-2.0;-0.0;0.0;0.0;-0.0;0.0;0.7
M. Engels;/players/mario-engels/243044/;2024-09-01;4;3.0;0.0;0.0;0.0;-0.0;-0.0;0.0;0.0;0.0;-0.0;0.0;0.0;-0.0;0.0;3.0
D. van Kaam;/players/daniel-van-kaam/477595/;2024-09-01;4;1.53;0.0;0.0;0.0;-0.0;-0.0;0.0;0.0;0.0;-0.0;0.0;0.0;-0.0;0.0;1.53
B. De Keersmaecker;/players/brian-de-keersmaecker/605558/;2024-09-01;4;3.0;0.0;0.0;0.0;-0.0;-0.0;0.0;0.0;0.0;-0.0;0.0;0.0;-0.0;0.0;3.0
S. ’t Zand;/players/shiloh-t-zand/824640/;2024-09-01;4;3.0;0.0;0.0;0.0;-0.0;-0.0;0.0;0.0;0.0;-0.0;0.0;0.0;-0.0;0.0;3.0
S. Podgoreanu;/players/suf-podgoreanu/509673/;2024-09-01;4;3.0;0.0;0.0;0.0;-0.0;-0.0;0.0;0.0;0.0;-0.0;0.0;0.0;-0.0;0.0;3.0
J. Talvitie;/players/juho-talvitie/701365/;2024-09-01;4;2.4;0.0;0.0;0.0;-0.0;-0.0;0.0;0.0;0.0;-0.0;0.0;0.0;-0.0;0.0;2.4
S. Scheperman;/players/sem-scheperman/641190/;2024-09-01;4;1.47;0.0;0.0;0.0;-2.0;-0.0;0.0;0.0;0.0;-0.0;0.0;0.0;-0.0;0.0;-0.53
L. Kulenović;/players/luka-kulenovi/631882/;2024-09-01;4;0.6;0.0;0.0;0.0;-0.0;-0.0;0.0;0.0;0.0;-0.0;0.0;0.0;-0.0;0.0;0.6
B. Limbombe;/players/bryan-limbombe/632518/;2024-09-01;4;0.3;0.0;0.0;0.0;-0.0;-0.0;0.0;0.0;0.0;-0.0;0.0;0.0;-0.0;0.0;0.3
J. Wieckhoff;/players/jannes-luca-wieckhoff/497167/;2024-09-01;4;0.3;0.0;0.0;0.0;-0.0;-0.0;0.0;0.0;-1.0;-0.0;0.0;0.0;-0.0;0.0;-0.7
T. Bruns;/players/thomas-bruns/168503/;2024-09-01;4;0.0;0.0;0.0;0.0;-0.0;-0.0;0.0;0.0;0.0;-0.0;0.0;0.0;-0.0;0.0;0.0
J. te Fruchte;/players/jonah-te-fruchte/933369/;2024-09-01;4;0.0;0.0;0.0;0.0;-0.0;-0.0;0.0;0.0;-0.0;-0.0;0.0;0.0;-0.0;0.0;0.0
K. Leerdam;/players/kelvin-leerdam/68354/;2024-09-01;4;0.0;0.0;0.0;0.0;-0.0;-0.0;0.0;0.0;-0.0;-0.0;0.0;0.0;-0.0;0.0;0.0
L. Milani;/players/lorenzo-milani/664147/;2024-09-01;4;0.0;0.0;0.0;0.0;-0.0;-0.0;0.0;0.0;-0.0;-0.0;0.0;0.0;-0.0;0.0;0.0
J. Hoogma;/players/justin-hoogma/432697/;2024-09-01;4;0.0;0.0;0.0;0.0;-0.0;-0.0;0.0;0.0;-0.0;-0.0;0.0;0.0;-0.0;0.0;0.0
G. Sambo;/players/giandro-alejandro-sambo/892464/;2024-09-01;4;0.0;0.0;0.0;0.0;-0.0;-0.0;0.0;0.0;0.0;-0.0;0.0;0.0;-0.0;0.0;0.0
J. Bruijn;/players/jordy-bruijn/314251/;2024-09-01;4;0.0;0.0;0.0;0.0;-0.0;-0.0;0.0;0.0;0.0;-0.0;0.0;0.0;-0.0;0.0;0.0
T. Jansink;/players/timo-jansink/632823/;2024-09-01;4;0.0;0.0;0.0;0.0;-0.0;-0.0;0.0;0.0;-0.0;-0.0;0.0;0.0;-0.0;0.0;0.0
V. Barkas;/players/vasileios-barkas/272919/;2024-09-01;4;3.0;2.0;0.0;0.0;-0.0;-0.0;0.0;0.0;-1.0;-0.0;0.0;0.0;-0.0;0.0;4.0
N. Viergever;/players/nick--viergever/78529/;2024-09-01;4;3.0;2.0;0.0;0.0;-0.0;-0.0;0.0;0.0;-1.0;-0.0;0.0;0.0;-0.0;0.0;4.0
M. van der Hoorn;/players/mike-van-der-hoorn/190540/;2024-09-01;4;3.0;2.0;0.0;0.0;-0.0;-0.0;0.0;0.0;-1.0;-0.0;0.0;0.0;-0.0;0.0;4.0
S. Horemans;/players/siebe-horemans/399758/;2024-09-01;4;2.57;1.71;0.0;0.0;-0.0;-0.0;0.0;0.0;-1.0;-0.0;0.0;0.0;-0.0;0.0;3.28
S. El Karouani;/players/souffian-elkarouani/537878/;2024-09-01;4;3.0;2.0;0.0;0.0;-0.0;-0.0;0.0;6.0;-1.0;-0.0;0.0;0.0;-0.0;0.0;10.0
J. Toornstra;/players/jens-toornstra/110217/;2024-09-01;4;2.57;1.71;0.0;0.0;-0.0;-0.0;9.0;0.0;0.0;-0.0;0.0;0.0;-0.0;0.0;13.28
C. Bozdoğan;/players/can-bozdogan/529101/;2024-09-01;4;3.0;2.0;0.0;0.0;-0.0;-0.0;9.0;0.0;0.0;-0.0;0.0;0.0;-0.0;0.0;14.0
P. Aaronson;/players/paxten-aaronson/576828/;2024-09-01;4;2.97;1.98;0.0;0.0;-0.0;-0.0;0.0;0.0;0.0;-0.0;0.0;0.0;-0.0;0.0;4.94
A. Engwanda;/players/alonzo-engwanda/638250/;2024-09-01;4;3.0;2.0;0.0;0.0;-0.0;-0.0;0.0;0.0;0.0;-0.0;0.0;0.0;-0.0;0.0;5.0
O. Romeny;/players/ole-ter-haar-romeny/532140/;2024-09-01;4;2.97;1.98;0.0;0.0;-0.0;-0.0;0.0;0.0;0.0;-0.0;0.0;0.0;-0.0;0.0;4.94
N. Ohio;/players/noah-ohio/571268/;2024-09-01;4;2.17;1.44;0.0;0.0;-0.0;-0.0;0.0;0.0;0.0;-0.0;0.0;0.0;-0.0;0.0;3.61
A. Descotte;/players/anthony-descotte/638248/;2024-09-01;4;0.83;0.56;0.0;0.0;-0.0;-0.0;0.0;0.0;0.0;-0.0;0.0;0.0;-0.0;0.0;1.39
K. Finnsson;/players/kolbeinn-finnsson/384487/;2024-09-01;4;0.43;0.29;0.0;0.0;-0.0;-0.0;0.0;0.0;-0.0;-0.0;0.0;0.0;-0.0;0.0;0.72
Y. Cathline;/players/yoann-cathline/660710/;2024-09-01;4;0.43;0.29;0.0;0.0;-0.0;-0.0;0.0;0.0;0.0;-0.0;0.0;0.0;-0.0;0.0;0.72
V. Jensen;/players/victor-jensen/460509/;2024-09-01;4;0.03;0.02;0.0;0.0;-0.0;-0.0;0.0;0.0;0.0;-0.0;0.0;0.0;-0.0;0.0;0.06
O. Fraulo;/players/oscar-fraulo/637161/;2024-09-01;4;0.03;0.02;0.0;0.0;-0.0;-0.0;0.0;0.0;0.0;-0.0;0.0;0.0;-0.0;0.0;0.06
Miguel Rodríguez;/players/miguel-rodriguez-vidal/576516/;2024-09-01;4;0.0;0.0;0.0;0.0;-0.0;-0.0;0.0;0.0;0.0;-0.0;0.0;0.0;-0.0;0.0;0.0
M. Didden;/players/matisse-didden/541794/;2024-09-01;4;0.0;0.0;0.0;0.0;-0.0;-0.0;0.0;0.0;-0.0;-0.0;0.0;0.0;-0.0;0.0;0.0
T. Booth;/players/taylor-booth/441556/;2024-09-01;4;0.0;0.0;0.0;0.0;-0.0;-0.0;0.0;0.0;0.0;-0.0;0.0;0.0;-0.0;0.0;0.0
Zidane Iqbal;/players/zidane-iqbal/644834/;2024-09-01;4;0.0;0.0;0.0;0.0;-0.0;-0.0;0.0;0.0;0.0;-0.0;0.0;0.0;-0.0;0.0;0.0
T. de Graaff;/players/tom-gerard-de-graaff/783148/;2024-09-01;4;0.0;0.0;0.0;0.0;-0.0;-0.0;0.0;0.0;-0.0;-0.0;0.0;0.0;-0.0;0.0;0.0
D. Min;/players/david-min/587715/;2024-09-01;4;0.0;0.0;0.0;0.0;-0.0;-0.0;0.0;0.0;0.0;-0.0;0.0;0.0;-0.0;0.0;0.0
M. Brouwer;/players/michael-brouwer/250395/;2024-09-01;4;0.0;0.0;0.0;0.0;-0.0;-0.0;0.0;0.0;-0.0;-0.0;0.0;0.0;-0.0;0.0;0.0
L. Unnerstall;/players/lars-unnerstall/81320/;2024-09-01;4;3.0;0.0;0.0;0.0;-0.0;-0.0;0.0;0.0;-2.0;-0.0;0.0;0.0;-0.0;0.0;1.0
A. Salah-Eddine;/players/anass-salah-eddine/525927/;2024-09-01;4;2.73;0.0;0.0;0.0;-0.0;-0.0;0.0;0.0;-2.0;-0.0;0.0;0.0;-0.0;0.0;0.73
B. van Rooij;/players/bart-van-rooij/557859/;2024-09-01;4;3.0;0.0;0.0;0.0;-0.0;-0.0;0.0;0.0;-2.0;-0.0;0.0;0.0;-0.0;0.0;1.0
M. Hilgers;/players/mees-hilgers/627701/;2024-09-01;4;3.0;0.0;0.0;0.0;-0.0;-0.0;0.0;0.0;-2.0;-0.0;0.0;0.0;-0.0;0.0;1.0
M. Vlap;/players/michel-vlap/407742/;2024-09-01;4;2.73;0.0;0.0;0.0;-0.0;-0.0;0.0;0.0;0.0;-0.0;0.0;0.0;-0.0;0.0;2.73
M. Kjølø;/players/mathias-ullereng-kjolo/517477/;2024-09-01;4;2.0;0.0;0.0;0.0;-0.0;-0.0;0.0;0.0;0.0;-0.0;0.0;0.0;-0.0;0.0;2.0
S. Steijn;/players/sem-steijn/560623/;2024-09-01;4;3.0;0.0;0.0;0.0;-0.0;-0.0;0.0;5.0;0.0;-0.0;0.0;0.0;-0.0;0.0;8.0
M. Bruns;/players/max-bruns/628828/;2024-09-01;4;3.0;0.0;0.0;0.0;-2.0;-0.0;0.0;0.0;0.0;-0.0;0.0;0.0;-0.0;0.0;1.0
S. Lammers;/players/sam-lammers/407736/;2024-09-01;4;3.0;0.0;0.0;0.0;-0.0;-0.0;8.0;0.0;0.0;-0.0;0.0;0.0;-0.0;0.0;11.0
M. van Bergen;/players/mitchell-van-bergen/426574/;2024-09-01;4;2.37;0.0;0.0;0.0;-0.0;-0.0;0.0;0.0;0.0;-0.0;0.0;0.0;-0.0;0.0;2.37
D. Rots;/players/daan-rots/628516/;2024-09-01;4;2.0;0.0;0.0;0.0;-0.0;-0.0;0.0;0.0;0.0;-0.0;0.0;0.0;-0.0;0.0;2.0
Y. Taha;/players/younes-taha-el-idrissi/755774/;2024-09-01;4;1.0;0.0;0.0;0.0;-2.0;-0.0;0.0;0.0;0.0;-0.0;0.0;0.0;-0.0;0.0;-1.0
Y. Regeer;/players/youri-regeer/632221/;2024-09-01;4;1.0;0.0;0.0;0.0;-0.0;-0.0;0.0;0.0;0.0;-0.0;0.0;0.0;-0.0;0.0;1.0
S. Ltaief;/players/sayfallah-ltaief/659735/;2024-09-01;4;0.63;0.0;0.0;0.0;-0.0;-0.0;0.0;0.0;0.0;-0.0;0.0;0.0;-0.0;0.0;0.63
R. van Wolfswinkel;/players/ricky-van-wolfswinkel/59407/;2024-09-01;4;0.27;0.0;0.0;0.0;-0.0;-0.0;0.0;0.0;0.0;-0.0;0.0;0.0;-0.0;0.0;0.27
B. Kuipers;/players/bas-edo-kuipers/274649/;2024-09-01;4;0.27;0.0;0.0;0.0;-0.0;-0.0;0.0;0.0;-0.0;-0.0;0.0;0.0;-0.0;0.0;0.27
G. Lagerbielke;/players/gustaf-lagerbielke/500894/;2024-09-01;4;0.0;0.0;0.0;0.0;-0.0;-0.0;0.0;0.0;-0.0;-0.0;0.0;0.0;-0.0;0.0;0.0
M. Rots;/players/mats-rots/830558/;2024-09-01;4;0.0;0.0;0.0;0.0;-0.0;-0.0;0.0;0.0;-0.0;-0.0;0.0;0.0;-0.0;0.0;0.0
P. Tytoń;/players/przemyslaw-tyton/17326/;2024-09-01;4;0.0;0.0;0.0;0.0;-0.0;-0.0;0.0;0.0;-0.0;-0.0;0.0;0.0;-0.0;0.0;0.0
I. El Maach;/players/issam-el-maach/506880/;2024-09-01;4;0.0;0.0;0.0;0.0;-0.0;-0.0;0.0;0.0;-0.0;-0.0;0.0;0.0;-0.0;0.0;0.0
A. Van Hoorenbeeck;/players/alec-van-hoorenbeeck/593523/;2024-09-01;4;0.0;0.0;0.0;0.0;-0.0;-0.0;0.0;0.0;-0.0;-0.0;0.0;0.0;-0.0;0.0;0.0
G. Besselink;/players/gijs-besselink/895383/;2024-09-01;4;0.0;0.0;0.0;0.0;-0.0;-0.0;0.0;0.0;0.0;-0.0;0.0;0.0;-0.0;0.0;0.0
C. Eiting;/players/carel-eiting/379791/;2024-09-01;4;0.0;0.0;0.0;0.0;-0.0;-0.0;0.0;0.0;0.0;-0.0;0.0;0.0;-0.0;0.0;0.0
D. Bielica;/players/daniel-bielica/555492/;2024-09-14;5;3.0;2.0;0.0;0.0;-0.0;-0.0;0.0;0.0;-0.0;-0.0;12.0;0.0;-0.0;0.0;17.0
J. Van den Bergh;/players/jan-van-den-bergh/354185/;2024-09-14;5;3.0;2.0;0.0;0.0;-2.0;-0.0;0.0;0.0;-0.0;-0.0;10.0;0.0;-0.0;0.0;13.0
B. Kemper;/players/boy-kemper/463009/;2024-09-14;5;3.0;2.0;0.0;0.0;-2.0;-0.0;0.0;0.0;-0.0;-0.0;10.0;0.0;-0.0;0.0;13.0
L. Greiml;/players/leo-greiml/517683/;2024-09-14;5;3.0;2.0;0.0;0.0;-0.0;-0.0;0.0;0.0;-0.0;-0.0;10.0;0.0;-0.0;0.0;15.0
C. Valerius;/players/cherrion-valerius/947863/;2024-09-14;5;3.0;2.0;0.0;0.0;-0.0;-0.0;0.0;0.0;-0.0;-0.0;10.0;0.0;-0.0;0.0;15.0
F. Oldrup Jensen;/players/fredrik-oldrup-jensen/231672/;2024-09-14;5;2.63;1.76;0.0;0.0;-0.0;-0.0;0.0;0.0;0.0;-0.0;2.63;0.0;-0.0;0.0;7.02
D. Janošek;/players/dominik-janosek/492661/;2024-09-14;5;3.0;2.0;0.0;0.0;-0.0;-0.0;0.0;5.0;0.0;-0.0;3.0;0.0;-0.0;0.0;13.0
M. Garbett;/players/matthew-garbett/577465/;2024-09-14;5;2.2;1.47;0.0;0.0;-0.0;-0.0;0.0;0.0;0.0;-0.0;2.2;0.0;-0.0;0.0;5.87
M. Balard;/players/maximilien-balard/643695/;2024-09-14;5;3.0;2.0;0.0;0.0;-0.0;-0.0;0.0;0.0;0.0;-0.0;3.0;0.0;-0.0;0.0;8.0
E. Ómarsson;/players/elias-mar-omarsson/213035/;2024-09-14;5;2.6;1.73;0.0;0.0;-0.0;-0.0;0.0;0.0;0.0;-0.0;0.87;0.0;-0.0;0.0;5.2
L. Sauer;/players/leo-sauer/790415/;2024-09-14;5;2.2;1.47;0.0;0.0;-0.0;-0.0;0.0;0.0;0.0;-0.0;0.73;0.0;-0.0;0.0;4.4
R. Kuijpers;/players/roy-kuijpers/663306/;2024-09-14;5;0.8;0.53;0.0;0.0;-0.0;-0.0;0.0;0.0;0.0;-0.0;0.27;0.0;-0.0;0.0;1.6
A. Kaied;/players/adam-kaied/693342/;2024-09-14;5;0.8;0.53;0.0;0.0;-0.0;-0.0;0.0;0.0;0.0;-0.0;0.27;0.0;-0.0;0.0;1.6
K. Kostorz;/players/kacper-kostorz/485378/;2024-09-14;5;0.4;0.27;0.0;0.0;-0.0;-0.0;8.0;0.0;0.0;-0.0;0.13;0.0;-0.0;0.0;8.8
C. Leemans;/players/clint-leemans/264397/;2024-09-14;5;0.37;0.24;0.0;0.0;-0.0;-0.0;0.0;0.0;0.0;-0.0;0.37;0.0;-0.0;0.0;0.98
M. Koscelník;/players/martin-koscelnik/353345/;2024-09-14;5;0.0;0.0;0.0;0.0;-0.0;-0.0;0.0;0.0;-0.0;-0.0;0.0;0.0;-0.0;0.0;0.0
T. Kongolo;/players/terence-kongolo/161296/;2024-09-14;5;0.0;0.0;0.0;0.0;-0.0;-0.0;0.0;0.0;-0.0;-0.0;0.0;0.0;-0.0;0.0;0.0
E. Mahmutović;/players/enes-mahmutovic/347775/;2024-09-14;5;0.0;0.0;0.0;0.0;-0.0;-0.0;0.0;0.0;-0.0;-0.0;0.0;0.0;-0.0;0.0;0.0
Saná Fernandes;/players/sana-fernandes/926017/;2024-09-14;5;0.0;0.0;0.0;0.0;-0.0;-0.0;0.0;0.0;0.0;-0.0;0.0;0.0;-0.0;0.0;0.0
C. Staring;/players/casper-staring/628494/;2024-09-14;5;0.0;0.0;0.0;0.0;-0.0;-0.0;0.0;0.0;0.0;-0.0;0.0;0.0;-0.0;0.0;0.0
R. Kortsmit;/players/roy-kortsmit/200996/;2024-09-14;5;0.0;0.0;0.0;0.0;-0.0;-0.0;0.0;0.0;-0.0;-0.0;0.0;0.0;-0.0;0.0;0.0
B. Lucassen;/players/boyd-lucassen/453952/;2024-09-14;5;0.0;0.0;0.0;0.0;-0.0;-0.0;0.0;0.0;-0.0;-0.0;0.0;0.0;-0.0;0.0;0.0
Manel Royo;/players/manel-royo-castell/354951/;2024-09-14;5;0.0;0.0;0.0;0.0;-0.0;-0.0;0.0;0.0;-0.0;-0.0;0.0;0.0;-0.0;0.0;0.0
M. Branderhorst;/players/mathijs-branderhorst/175358/;2024-09-14;5;3.0;0.0;0.0;0.0;-0.0;-0.0;0.0;0.0;-1.0;-0.0;0.0;0.0;-0.0;0.0;2.0
Ivo Pinto;/players/ivo-pinto/86672/;2024-09-14;5;2.97;0.0;0.0;0.0;-0.0;-0.0;0.0;0.0;-1.0;-0.0;0.0;0.0;-0.0;0.0;1.97
M. Dijks;/players/mitchel-dijks/219029/;2024-09-14;5;2.77;0.0;0.0;0.0;-0.0;-0.0;0.0;0.0;-0.0;-0.0;0.0;0.0;-0.0;0.0;2.77
Rodrigo Guth;/players/rodrigo-guth/475116/;2024-09-14;5;3.0;0.0;0.0;0.0;-0.0;-0.0;0.0;0.0;-1.0;-0.0;0.0;0.0;-0.0;0.0;2.0
S. Adewoye;/players/shawn-adewoye/618207/;2024-09-14;5;3.0;0.0;0.0;0.0;-0.0;-0.0;0.0;0.0;-1.0;-0.0;0.0;0.0;-0.0;0.0;2.0
A. Halilović;/players/alen-halilovi/270136/;2024-09-14;5;3.0;0.0;0.0;0.0;-0.0;-0.0;0.0;0.0;0.0;-0.0;0.0;0.0;-0.0;0.0;3.0
L. Rosier;/players/lorentz-rosier/456607/;2024-09-14;5;3.0;0.0;0.0;0.0;-0.0;-0.0;0.0;0.0;0.0;-0.0;0.0;0.0;-0.0;0.0;3.0
E. Bullaude;/players/ezequiel-eduardo-bullaude/577164/;2024-09-14;5;1.53;0.0;0.0;0.0;-0.0;-0.0;0.0;0.0;0.0;-0.0;0.0;0.0;-0.0;0.0;1.53
R. Fosso;/players/ryan-fosso/637283/;2024-09-14;5;3.0;0.0;0.0;0.0;-2.0;-0.0;0.0;0.0;0.0;-0.0;0.0;0.0;-0.0;0.0;1.0
A. Erceg;/players/ante-erceg/137741/;2024-09-14;5;2.37;0.0;0.0;0.0;-0.0;-0.0;0.0;0.0;0.0;-0.0;0.0;0.0;-0.0;0.0;2.37
K. Peterson;/players/kristoffer-peterson/218002/;2024-09-14;5;2.77;0.0;0.0;0.0;-0.0;-0.0;0.0;0.0;0.0;-0.0;0.0;0.0;-0.0;0.0;2.77
S. Bastien;/players/samuel-bastien/314097/;2024-09-14;5;1.47;0.0;0.0;0.0;-0.0;-0.0;0.0;0.0;0.0;-0.0;0.0;0.0;-0.0;0.0;1.47
J. Mitrović;/players/josip-mitrovi/482602/;2024-09-14;5;0.63;0.0;0.0;0.0;-0.0;-0.0;0.0;0.0;0.0;-0.0;0.0;0.0;-0.0;0.0;0.63
J. Dahlhaus;/players/jasper-dahlhaus/567944/;2024-09-14;5;0.23;0.0;0.0;0.0;-0.0;-0.0;0.0;0.0;-1.0;-0.0;0.0;0.0;-0.0;0.0;-0.77
D. Grujčić;/players/darijo-grujcic/478384/;2024-09-14;5;0.23;0.0;0.0;0.0;-0.0;-0.0;0.0;0.0;-1.0;-0.0;0.0;0.0;-0.0;0.0;-0.77
L. Tunjić;/players/luka-tunjic/759911/;2024-09-14;5;0.03;0.0;0.0;0.0;-0.0;-0.0;0.0;0.0;0.0;-0.0;0.0;0.0;-0.0;0.0;0.03
R. Bayram;/players/ramazan-bayram/965960/;2024-09-14;5;0.0;0.0;0.0;0.0;-0.0;-0.0;0.0;0.0;-0.0;-0.0;0.0;0.0;-0.0;0.0;0.0
S. van Ottele;/players/syb-van-ottele/525930/;2024-09-14;5;0.0;0.0;0.0;0.0;-0.0;-0.0;0.0;0.0;-0.0;-0.0;0.0;0.0;-0.0;0.0;0.0
L. Koopmans;/players/luuk-koopmans/149059/;2024-09-14;5;0.0;0.0;0.0;0.0;-0.0;-0.0;0.0;0.0;-0.0;-0.0;0.0;0.0;-0.0;0.0;0.0
E. Vaessen;/players/etienne-vaessen/408572/;2024-09-14;5;3.0;0.0;1.0;0.0;-0.0;-0.0;0.0;0.0;-2.0;-0.0;0.0;0.0;-0.0;0.0;2.0
L. Bacuna;/players/leandro-bacuna/88003/;2024-09-14;5;3.0;0.0;1.0;0.0;-2.0;-0.0;0.0;0.0;0.0;-0.0;0.0;0.0;-0.0;0.0;2.0
M. Peersman;/players/marvin-peersman/89988/;2024-09-14;5;3.0;0.0;1.0;0.0;-0.0;-0.0;0.0;0.0;-2.0;-0.0;0.0;0.0;-0.0;0.0;2.0
T. Blokzijl;/players/thijmen-blokzijl/703893/;2024-09-14;5;3.0;0.0;1.0;0.0;-0.0;-0.0;0.0;0.0;-2.0;-0.0;0.0;0.0;-0.0;0.0;2.0
F. Stam;/players/finn-stam/736439/;2024-09-14;5;3.0;0.0;1.0;0.0;-0.0;-0.0;0.0;6.0;-2.0;-0.0;0.0;0.0;-0.0;0.0;8.0
J. Hove;/players/johan-hove/444353/;2024-09-14;5;3.0;0.0;1.0;0.0;-0.0;-0.0;0.0;0.0;0.0;-0.0;0.0;0.0;-0.0;0.0;4.0
S. Resink;/players/stije-resink/681459/;2024-09-14;5;2.57;0.0;0.86;0.0;-2.0;-0.0;0.0;0.0;0.0;-0.0;0.0;0.0;-0.0;0.0;1.42
L. Valente;/players/luciano-valente/703884/;2024-09-14;5;2.27;0.0;0.76;0.0;-0.0;-0.0;0.0;0.0;0.0;-0.0;0.0;0.0;-0.0;0.0;3.02
J. Schreuders;/players/jorg-schreuders/877779/;2024-09-14;5;2.73;0.0;0.91;0.0;-0.0;-0.0;0.0;0.0;0.0;-0.0;0.0;0.0;-0.0;0.0;3.64
R. Postema;/players/romano-postema/625358/;2024-09-14;5;2.57;0.0;0.86;0.0;-0.0;-0.0;0.0;0.0;0.0;-0.0;0.0;0.0;-0.0;0.0;3.42
T. van Bergen;/players/thom-van-bergen/873104/;2024-09-14;5;2.27;0.0;0.76;0.0;-2.0;-0.0;0.0;0.0;0.0;-3.0;0.0;0.0;-0.0;0.0;-1.98
B. Willumsson;/players/brynjolfur-darri-willumsson/463548/;2024-09-14;5;0.73;0.0;0.24;0.0;-0.0;-0.0;16.0;0.0;0.0;-0.0;0.0;0.0;-0.0;0.0;16.98
Rui Mendes;/players/rui-jorge-monteiro-mendes/453390/;2024-09-14;5;0.73;0.0;0.24;0.0;-0.0;-0.0;0.0;0.0;0.0;-0.0;0.0;0.0;-0.0;0.0;0.98
J. Pelupessy;/players/joey-pelupessy/197572/;2024-09-14;5;0.43;0.0;0.14;0.0;-0.0;-0.0;0.0;5.0;0.0;-0.0;0.0;0.0;-0.0;0.0;5.58
T. Oosting;/players/thijs-oosting/477591/;2024-09-14;5;0.43;0.0;0.14;0.0;-0.0;-0.0;0.0;0.0;0.0;-0.0;0.0;0.0;-0.0;0.0;0.58
N. Emeran;/players/noam-emeran/671004/;2024-09-14;5;0.27;0.0;0.09;0.0;-0.0;-0.0;0.0;0.0;0.0;-0.0;0.0;0.0;-0.0;0.0;0.36
H. Jurjus;/players/hidde-jurjus/301076/;2024-09-14;5;0.0;0.0;0.0;0.0;-0.0;-0.0;0.0;0.0;-0.0;-0.0;0.0;0.0;-0.0;0.0;0.0
F. Turay;/players/fofin-turay/909656/;2024-09-14;5;0.0;0.0;0.0;0.0;-0.0;-0.0;0.0;0.0;0.0;-0.0;0.0;0.0;-0.0;0.0;0.0
W. Prins;/players/wouter-prins/930296/;2024-09-14;5;0.0;0.0;0.0;0.0;-0.0;-0.0;0.0;0.0;-0.0;-0.0;0.0;0.0;-0.0;0.0;0.0
D. Baron;/players/dirk-baron/821647/;2024-09-14;5;0.0;0.0;0.0;0.0;-0.0;-0.0;0.0;0.0;-0.0;-0.0;0.0;0.0;-0.0;0.0;0.0
M. Mariani;/players/maxim-mariani/888265/;2024-09-14;5;0.0;0.0;0.0;0.0;-0.0;-0.0;0.0;0.0;-0.0;-0.0;0.0;0.0;-0.0;0.0;0.0
T. Wellenreuther;/players/timon-wellenreuther/258964/;2024-09-14;5;3.0;0.0;1.0;0.0;-0.0;-0.0;0.0;0.0;-2.0;-0.0;0.0;0.0;-0.0;0.0;2.0
B. Nieuwkoop;/players/bart-nieuwkoop/275124/;2024-09-14;5;2.07;0.0;0.69;0.0;-0.0;-0.0;0.0;0.0;-0.0;-0.0;0.0;0.0;-0.0;0.0;2.76
D. Hancko;/players/david-hancko/391059/;2024-09-14;5;3.0;0.0;1.0;0.0;-0.0;-0.0;0.0;0.0;-2.0;-0.0;0.0;0.0;-0.0;0.0;2.0
J. Lotomba;/players/jordan-lotomba/405870/;2024-09-14;5;3.0;0.0;1.0;0.0;-0.0;-0.0;0.0;6.0;-2.0;-0.0;0.0;0.0;-0.0;0.0;8.0
G. Smal;/players/gijs-smal/508760/;2024-09-14;5;3.0;0.0;1.0;0.0;-0.0;-0.0;0.0;0.0;-2.0;-0.0;0.0;0.0;-0.0;0.0;2.0
T. Beelen;/players/thomas-beelen/760998/;2024-09-14;5;1.53;0.0;0.51;0.0;-0.0;-0.0;0.0;0.0;-0.0;-0.0;0.0;0.0;-0.0;0.0;2.04
Q. Timber;/players/quinten-maduro/463017/;2024-09-14;5;3.0;0.0;1.0;0.0;-0.0;-0.0;0.0;0.0;0.0;-0.0;0.0;0.0;-0.0;0.0;4.0
C. Nadje;/players/chris-kevin-nadje/667108/;2024-09-14;5;2.1;0.0;0.7;0.0;-2.0;-0.0;0.0;0.0;0.0;-0.0;0.0;0.0;-0.0;0.0;0.8
G. Zechiël;/players/gjivai-zechiel/864326/;2024-09-14;5;2.6;0.0;0.87;0.0;-2.0;-0.0;0.0;0.0;0.0;-0.0;0.0;0.0;-0.0;0.0;1.47
S. Giménez;/players/santiago-tomas-gimenez/494293/;2024-09-14;5;2.27;0.0;0.76;0.0;-0.0;-0.0;0.0;0.0;0.0;-0.0;0.0;0.0;-0.0;0.0;3.02
Igor Paixão;/players/igor-guilherme-barbosa-da-paixao/593041/;2024-09-14;5;3.0;0.0;1.0;0.0;-0.0;-0.0;8.0;0.0;0.0;-0.0;0.0;0.0;-0.0;0.0;12.0
G. Trauner;/players/gernot-trauner/135546/;2024-09-14;5;1.47;0.0;0.49;0.0;-0.0;-0.0;0.0;0.0;-2.0;-0.0;0.0;0.0;-0.0;0.0;-0.04
I. Osman;/players/ibrahim-osman/682733/;2024-09-14;5;0.93;0.0;0.31;0.0;-0.0;-0.0;0.0;0.0;0.0;-0.0;0.0;0.0;-0.0;0.0;1.24
A. Milambo;/players/antoni-djibu-milambo/736392/;2024-09-14;5;0.9;0.0;0.3;0.0;-0.0;-0.0;0.0;0.0;0.0;-0.0;0.0;0.0;-0.0;0.0;1.2
A. Ueda;/players/ayase-ueda/551425/;2024-09-14;5;0.73;0.0;0.24;0.0;-0.0;-0.0;0.0;0.0;0.0;-0.0;0.0;0.0;-0.0;0.0;0.98
J. Carranza;/players/julian-carranza/475791/;2024-09-14;5;0.4;0.0;0.13;0.0;-0.0;-0.0;0.0;0.0;0.0;-0.0;0.0;0.0;-0.0;0.0;0.53
G. Read;/players/givairo-read/821635/;2024-09-14;5;0.0;0.0;0.0;0.0;-0.0;-0.0;0.0;0.0;-0.0;-0.0;0.0;0.0;-0.0;0.0;0.0
J. Mitchell;/players/jeyland-mitchell/687479/;2024-09-14;5;0.0;0.0;0.0;0.0;-0.0;-0.0;0.0;0.0;-0.0;-0.0;0.0;0.0;-0.0;0.0;0.0
P. Andreev;/players/plamen-andreev/708730/;2024-09-14;5;0.0;0.0;0.0;0.0;-0.0;-0.0;0.0;0.0;-0.0;-0.0;0.0;0.0;-0.0;0.0;0.0
F. González;/players/facundo-gonzalez-molino/673756/;2024-09-14;5;0.0;0.0;0.0;0.0;-0.0;-0.0;0.0;0.0;-0.0;-0.0;0.0;0.0;-0.0;0.0;0.0
L. Ivanušec;/players/luka-ivanuec/424605/;2024-09-14;5;0.0;0.0;0.0;0.0;-0.0;-0.0;0.0;0.0;0.0;-0.0;0.0;0.0;-0.0;0.0;0.0
J. Bijlow;/players/justin-bijlow/340393/;2024-09-14;5;0.0;0.0;0.0;0.0;-0.0;-0.0;0.0;0.0;-0.0;-0.0;0.0;0.0;-0.0;0.0;0.0
W. Benítez;/players/walter-benitez/210145/;2024-09-14;5;3.0;2.0;0.0;0.0;-0.0;-0.0;0.0;0.0;-0.0;-0.0;12.0;0.0;-0.0;0.0;17.0
O. Boscagli;/players/olivier-boscagli/329542/;2024-09-14;5;3.0;2.0;0.0;0.0;-0.0;-0.0;0.0;6.0;-0.0;-0.0;10.0;0.0;-0.0;0.0;21.0
R. Flamingo;/players/ryan-flamingo/627724/;2024-09-14;5;2.9;1.93;0.0;0.0;-0.0;-0.0;0.0;0.0;-0.0;-0.0;9.67;0.0;-0.0;0.0;14.5
M. Dams;/players/matteo-dams/805736/;2024-09-14;5;3.0;2.0;0.0;0.0;-0.0;-0.0;0.0;0.0;-0.0;-0.0;10.0;0.0;-0.0;0.0;15.0
J. Schouten;/players/jerdy-schouten/448432/;2024-09-14;5;2.23;1.49;0.0;0.0;-0.0;-0.0;0.0;0.0;0.0;-0.0;2.23;0.0;-0.0;0.0;5.96
G. Til;/players/guus-til/451981/;2024-09-14;5;2.9;1.93;0.0;0.0;-0.0;-0.0;9.0;0.0;0.0;-0.0;2.9;0.0;-0.0;0.0;16.73
J. Veerman;/players/joey--veerman/459312/;2024-09-14;5;3.0;2.0;0.0;0.0;-0.0;-0.0;0.0;0.0;0.0;-0.0;3.0;0.0;-0.0;0.0;8.0
R. Ledezma;/players/richard-ledezma/512218/;2024-09-14;5;3.0;2.0;0.0;0.0;-0.0;-0.0;0.0;0.0;0.0;-0.0;3.0;0.0;-0.0;0.0;8.0
M. Tillman;/players/malik-tillman/561787/;2024-09-14;5;2.23;1.49;0.0;0.0;-0.0;-0.0;0.0;0.0;0.0;-0.0;2.23;0.0;-0.0;0.0;5.96
L. de Jong;/players/luuk-de-jong/65056/;2024-09-14;5;2.23;1.49;0.0;0.0;-0.0;-0.0;0.0;0.0;0.0;-0.0;0.74;3.0;-0.0;0.0;7.47
J. Bakayoko;/players/johan-bakayoko/638229/;2024-09-14;5;3.0;2.0;0.0;0.0;-0.0;-0.0;0.0;0.0;0.0;-0.0;1.0;0.0;-0.0;0.0;6.0
R. Pepi;/players/ricardo-pepi/523964/;2024-09-14;5;0.77;0.51;0.0;0.0;-0.0;-0.0;0.0;0.0;0.0;-0.0;0.26;0.0;-0.0;0.0;1.53
C. Driouech;/players/couhaib-driouech/632812/;2024-09-14;5;0.77;0.51;0.0;0.0;-0.0;-0.0;0.0;0.0;0.0;-0.0;0.26;0.0;-0.0;0.0;1.53
I. Saibari;/players/ismael-saibari/632481/;2024-09-14;5;0.77;0.51;0.0;0.0;-0.0;-0.0;0.0;0.0;0.0;-0.0;0.77;0.0;-0.0;0.0;2.04
A. Nagalo;/players/adamo-nagalo/694208/;2024-09-14;5;0.1;0.07;0.0;0.0;-0.0;-0.0;0.0;0.0;-0.0;-0.0;0.33;0.0;-0.0;0.0;0.5
T. Land;/players/tygo-land/830551/;2024-09-14;5;0.1;0.07;0.0;0.0;-0.0;-0.0;0.0;0.0;0.0;-0.0;0.1;0.0;-0.0;0.0;0.27
N. Schiks;/players/niek-schiks/643502/;2024-09-14;5;0.0;0.0;0.0;0.0;-0.0;-0.0;0.0;0.0;-0.0;-0.0;0.0;0.0;-0.0;0.0;0.0
J. Drommel;/players/joel-drommel/355869/;2024-09-14;5;0.0;0.0;0.0;0.0;-0.0;-0.0;0.0;0.0;-0.0;-0.0;0.0;0.0;-0.0;0.0;0.0
M. Bresser;/players/michael-bresser/937271/;2024-09-14;5;0.0;0.0;0.0;0.0;-0.0;-0.0;0.0;0.0;-0.0;-0.0;0.0;0.0;-0.0;0.0;0.0
S. van Gassel;/players/stijn-van-gassel/323665/;2024-09-14;5;3.0;0.0;0.0;0.0;-0.0;-0.0;0.0;0.0;-2.0;-0.0;0.0;0.0;-0.0;0.0;1.0
B. Nuytinck;/players/bram-nuytinck/86442/;2024-09-14;5;3.0;0.0;0.0;0.0;-0.0;-0.0;0.0;0.0;-2.0;-0.0;0.0;0.0;-0.0;0.0;1.0
C. Verdonk;/players/calvin-verdonk/319288/;2024-09-14;5;3.0;0.0;0.0;0.0;-0.0;-0.0;0.0;0.0;-2.0;-0.0;0.0;0.0;-0.0;0.0;1.0
P. Sandler;/players/philippe-sandler/381097/;2024-09-14;5;1.97;0.0;0.0;0.0;-0.0;-0.0;0.0;0.0;-2.0;-0.0;0.0;0.0;-0.0;0.0;-0.03
T. Ouwejan;/players/thomas-ouwejan/407740/;2024-09-14;5;2.53;0.0;0.0;0.0;-0.0;-0.0;0.0;0.0;-2.0;-0.0;0.0;0.0;-0.0;0.0;0.53
B. Pereira;/players/brayann-pereira/640596/;2024-09-14;5;3.0;0.0;0.0;0.0;-0.0;-0.0;0.0;0.0;-2.0;-0.0;0.0;0.0;-0.0;0.0;1.0
Róber;/players/roberto-gonzalez-bayon/500171/;2024-09-14;5;2.0;0.0;0.0;0.0;-0.0;-0.0;0.0;0.0;0.0;-0.0;0.0;0.0;-0.0;0.0;2.0
D. Proper;/players/dirk-proper/525939/;2024-09-14;5;3.0;0.0;0.0;0.0;-2.0;-0.0;0.0;0.0;0.0;-0.0;0.0;0.0;-0.0;0.0;1.0
K. Sano;/players/kodai-sano/815318/;2024-09-14;5;3.0;0.0;0.0;0.0;-0.0;-8.0;0.0;0.0;0.0;-0.0;0.0;0.0;-0.0;0.0;-5.0
K. Ogawa;/players/koki-ogawa/435835/;2024-09-14;5;0.43;0.0;0.0;0.0;-0.0;-0.0;0.0;0.0;0.0;-0.0;0.0;0.0;-0.0;0.0;0.43
B. Önal;/players/basar-onal/822550/;2024-09-14;5;2.0;0.0;0.0;0.0;-0.0;-0.0;0.0;0.0;0.0;-0.0;0.0;0.0;-0.0;0.0;2.0
M. Hoedemakers;/players/mees-hoedemakers/465082/;2024-09-14;5;2.57;0.0;0.0;0.0;-0.0;-0.0;0.0;0.0;0.0;-0.0;0.0;0.0;-0.0;0.0;2.57
Iván Márquez;/players/ivan-marquez-alvarez/352663/;2024-09-14;5;1.03;0.0;0.0;0.0;-0.0;-0.0;0.0;0.0;-0.0;-0.0;0.0;0.0;-0.0;0.0;1.03
S. Ouaissa;/players/sami-ouaissa/856399/;2024-09-14;5;1.0;0.0;0.0;0.0;-0.0;-0.0;0.0;0.0;0.0;-0.0;0.0;0.0;-0.0;0.0;1.0
S. Hansen;/players/sontje-hansen/508823/;2024-09-14;5;1.0;0.0;0.0;0.0;-0.0;-0.0;0.0;0.0;0.0;-0.0;0.0;0.0;-0.0;0.0;1.0
L. Lyratzis;/players/eleutherios-lyratzis/463371/;2024-09-14;5;0.47;0.0;0.0;0.0;-0.0;-0.0;0.0;0.0;-0.0;-0.0;0.0;0.0;-0.0;0.0;0.47
R. Janse;/players/rijk-janse/632550/;2024-09-14;5;0.0;0.0;0.0;0.0;-0.0;-0.0;0.0;0.0;-0.0;-0.0;0.0;0.0;-0.0;0.0;0.0
K. Shiogai;/players/kento-shiogai/910330/;2024-09-14;5;0.0;0.0;0.0;0.0;-0.0;-0.0;0.0;0.0;0.0;-0.0;0.0;0.0;-0.0;0.0;0.0
L. Schöne;/players/lasse-schone/17366/;2024-09-14;5;0.0;0.0;0.0;0.0;-0.0;-0.0;0.0;0.0;0.0;-0.0;0.0;0.0;-0.0;0.0;0.0
A. Darellas;/players/argyrios-darelas/637189/;2024-09-14;5;0.0;0.0;0.0;0.0;-0.0;-0.0;0.0;0.0;0.0;-0.0;0.0;0.0;-0.0;0.0;0.0
R. Owusu-Oduro;/players/rome-jayden-owusu-oduro/789860/;2024-09-14;5;3.0;2.0;0.0;0.0;-0.0;-0.0;0.0;0.0;-1.0;-0.0;0.0;0.0;-0.0;0.0;4.0
Alexandre Penetra;/players/alexandre-manuel-penetra-correia/572102/;2024-09-14;5;3.0;2.0;0.0;0.0;-0.0;-0.0;0.0;0.0;-1.0;-0.0;0.0;0.0;-0.0;0.0;4.0
D. Møller Wolfe;/players/david-moller-wolfe/603294/;2024-09-14;5;2.3;1.53;0.0;0.0;-0.0;-0.0;0.0;6.0;-1.0;-0.0;0.0;0.0;-0.0;0.0;8.83
S. Maikuma;/players/seiya-maikuma/651537/;2024-09-14;5;3.0;2.0;0.0;0.0;-0.0;-0.0;0.0;0.0;-1.0;-0.0;0.0;0.0;-0.0;0.0;4.0
W. Goes;/players/wouter-goes/777233/;2024-09-14;5;3.0;2.0;0.0;0.0;-0.0;-0.0;0.0;6.0;-1.0;-0.0;0.0;0.0;-0.0;0.0;10.0
J. Clasie;/players/jordy-clasie/134078/;2024-09-14;5;3.0;2.0;0.0;0.0;-0.0;-0.0;0.0;5.0;0.0;-0.0;0.0;0.0;-0.0;0.0;10.0
P. Koopmeiners;/players/peer-koopmeiners/533281/;2024-09-14;5;2.3;1.53;0.0;0.0;-0.0;-0.0;0.0;0.0;0.0;-0.0;0.0;0.0;-0.0;0.0;3.83
S. Mijnans;/players/sven-mijnans/566000/;2024-09-14;5;3.0;2.0;0.0;0.0;-0.0;-0.0;9.0;5.0;0.0;-0.0;0.0;0.0;-0.0;0.0;19.0
I. Sadiq;/players/ibrahim-sadiq/513977/;2024-09-14;5;2.47;1.64;0.0;0.0;-0.0;-0.0;8.0;8.0;0.0;-0.0;0.0;0.0;-0.0;0.0;20.11
T. Parrott;/players/troy-parrot/515624/;2024-09-14;5;2.47;1.64;0.0;0.0;-0.0;-0.0;32.0;0.0;0.0;-0.0;0.0;0.0;-0.0;0.0;36.11
R. van Bommel;/players/ruben-van-bommel/834074/;2024-09-14;5;2.67;1.78;0.0;0.0;-0.0;-0.0;0.0;4.0;0.0;-0.0;0.0;0.0;-0.0;0.0;8.44
K. Belić;/players/kristijan-belic/453868/;2024-09-14;5;0.7;0.47;0.0;0.0;-0.0;-0.0;9.0;0.0;0.0;-0.0;0.0;0.0;-0.0;0.0;10.17
D. Kasius;/players/denso-kasius/569311/;2024-09-14;5;0.7;0.47;0.0;0.0;-0.0;-0.0;0.0;6.0;-0.0;-0.0;0.0;0.0;-0.0;0.0;7.17
J. Addai;/players/jayden-addai/789997/;2024-09-14;5;0.53;0.36;0.0;0.0;-0.0;-0.0;0.0;0.0;0.0;-0.0;0.0;0.0;-0.0;0.0;0.89
M. Meerdink;/players/mexx-meerdink/796451/;2024-09-14;5;0.53;0.36;0.0;0.0;-0.0;-0.0;8.0;0.0;0.0;-0.0;0.0;0.0;-0.0;0.0;8.89
Z. Buurmeester;/players/zico-buurmeester/627669/;2024-09-14;5;0.33;0.22;0.0;0.0;-0.0;-0.0;9.0;5.0;0.0;-0.0;0.0;0.0;-0.0;0.0;14.56
E. Poku;/players/ernest-poku/700544/;2024-09-14;5;0.0;0.0;0.0;0.0;-0.0;-0.0;0.0;0.0;0.0;-0.0;0.0;0.0;-0.0;0.0;0.0
J. Zoet;/players/jeroen-zoet/61206/;2024-09-14;5;0.0;0.0;0.0;0.0;-0.0;-0.0;0.0;0.0;-0.0;-0.0;0.0;0.0;-0.0;0.0;0.0
H. Verhulst;/players/hobie-verhulst/138446/;2024-09-14;5;0.0;0.0;0.0;0.0;-0.0;-0.0;0.0;0.0;-0.0;-0.0;0.0;0.0;-0.0;0.0;0.0
L. Zeefuik;/players/lequincio-zeefuik/699766/;2024-09-14;5;0.0;0.0;0.0;0.0;-0.0;-0.0;0.0;0.0;0.0;-0.0;0.0;0.0;-0.0;0.0;0.0
M. Dekker;/players/maxim-dekker/700543/;2024-09-14;5;0.0;0.0;0.0;0.0;-0.0;-0.0;0.0;0.0;-0.0;-0.0;0.0;0.0;-0.0;0.0;0.0
M. Lahdo;/players/mayckel-lahdo/660897/;2024-09-14;5;0.0;0.0;0.0;0.0;-0.0;-0.0;0.0;0.0;0.0;-0.0;0.0;0.0;-0.0;0.0;0.0
M. van der Hart;/players/mickey-van-der-hart/218009/;2024-09-14;5;3.0;0.0;0.0;0.0;-0.0;-0.0;0.0;0.0;-9.0;-0.0;0.0;0.0;-0.0;0.0;-6.0
P. Bochniewicz;/players/pawe-bochniewicz/273911/;2024-09-14;5;3.0;0.0;0.0;0.0;-0.0;-0.0;0.0;0.0;-9.0;-0.0;0.0;0.0;-0.0;0.0;-6.0
M. Köhlert;/players/mats-kohlert/400423/;2024-09-14;5;3.0;0.0;0.0;0.0;-0.0;-0.0;0.0;6.0;-9.0;-0.0;0.0;0.0;-0.0;0.0;0.0
S. Kersten;/players/sam-kersten/453644/;2024-09-14;5;3.0;0.0;0.0;0.0;-0.0;-0.0;0.0;0.0;-9.0;-0.0;0.0;0.0;-0.0;0.0;-6.0
O. Braude;/players/oliver-johansen-braude/794018/;2024-09-14;5;2.33;0.0;0.0;0.0;-0.0;-0.0;0.0;0.0;-5.0;-0.0;0.0;0.0;-0.0;0.0;-2.67
L. Brouwers;/players/luuk-brouwers/402458/;2024-09-14;5;3.0;0.0;0.0;0.0;-0.0;-0.0;9.0;0.0;0.0;-0.0;0.0;0.0;-0.0;0.0;12.0
S. Olsson;/players/simon-olsson/423888/;2024-09-14;5;3.0;0.0;0.0;0.0;-0.0;-0.0;0.0;0.0;0.0;-0.0;0.0;0.0;-0.0;0.0;3.0
E. van Ee;/players/espen-van-ee/921919/;2024-09-14;5;1.53;0.0;0.0;0.0;-0.0;-0.0;0.0;0.0;0.0;-0.0;0.0;0.0;-0.0;0.0;1.53
I. Nicolăescu;/players/ion-nicolescu/446191/;2024-09-14;5;2.33;0.0;0.0;0.0;-0.0;-0.0;0.0;0.0;0.0;-0.0;0.0;0.0;-0.0;0.0;2.33
J. Trenskow;/players/jacob-trenskow/672937/;2024-09-14;5;3.0;0.0;0.0;0.0;-0.0;-0.0;0.0;0.0;0.0;-0.0;0.0;0.0;-0.0;0.0;3.0
I. Sebaoui;/players/ilias-sebaoui/797954/;2024-09-14;5;2.33;0.0;0.0;0.0;-0.0;-0.0;0.0;0.0;0.0;-0.0;0.0;0.0;-0.0;0.0;2.33
L. Smans;/players/levi-smans/757104/;2024-09-14;5;1.47;0.0;0.0;0.0;-0.0;-0.0;0.0;0.0;0.0;-0.0;0.0;0.0;-0.0;0.0;1.47
D. Karlsbakk;/players/daniel-seland-karlsbakk/629619/;2024-09-14;5;0.67;0.0;0.0;0.0;-2.0;-0.0;0.0;0.0;0.0;-0.0;0.0;0.0;-0.0;0.0;-1.33
C. Nunnely;/players/che-nunnely/423827/;2024-09-14;5;0.67;0.0;0.0;0.0;-0.0;-0.0;0.0;0.0;0.0;-0.0;0.0;0.0;-0.0;0.0;0.67
D. Hall;/players/denzel-hall/508910/;2024-09-14;5;0.67;0.0;0.0;0.0;-0.0;-0.0;0.0;0.0;-4.0;-0.0;0.0;0.0;-0.0;0.0;-3.33
Hussein Ali;/players/hussein-ali/573309/;2024-09-14;5;0.0;0.0;0.0;0.0;-0.0;-0.0;0.0;0.0;-0.0;-0.0;0.0;0.0;-0.0;0.0;0.0
D. Rallis;/players/dimitris-rallis/982464/;2024-09-14;5;;;;;;;;;;;;;;;0.0
I. Ahmed;/players/isaiah-ahmed/982466/;2024-09-14;5;0.0;0.0;0.0;0.0;-0.0;-0.0;0.0;0.0;0.0;-0.0;0.0;0.0;-0.0;0.0;0.0
Danilo Al Saed;/players/danilo-al-saed/530444/;2024-09-14;5;0.0;0.0;0.0;0.0;-0.0;-0.0;0.0;0.0;0.0;-0.0;0.0;0.0;-0.0;0.0;0.0
A. Noppert;/players/andries-noppert/300862/;2024-09-14;5;0.0;0.0;0.0;0.0;-0.0;-0.0;0.0;0.0;-0.0;-0.0;0.0;0.0;-0.0;0.0;0.0
J. Bekkema;/players/jan-bekkema/452051/;2024-09-14;5;0.0;0.0;0.0;0.0;-0.0;-0.0;0.0;0.0;-0.0;-0.0;0.0;0.0;-0.0;0.0;0.0
N. Hopland;/players/nikolai-soyset-hopland/703339/;2024-09-14;5;0.0;0.0;0.0;0.0;-0.0;-0.0;0.0;0.0;-0.0;-0.0;0.0;0.0;-0.0;0.0;0.0
L. Unnerstall;/players/lars-unnerstall/81320/;2024-09-14;5;3.0;0.0;1.0;0.0;-0.0;-0.0;0.0;0.0;-1.0;-0.0;0.0;0.0;-0.0;0.0;3.0
A. Salah-Eddine;/players/anass-salah-eddine/525927/;2024-09-14;5;3.0;0.0;1.0;0.0;-0.0;-0.0;0.0;0.0;-1.0;-0.0;0.0;0.0;-0.0;0.0;3.0
B. van Rooij;/players/bart-van-rooij/557859/;2024-09-14;5;3.0;0.0;1.0;0.0;-0.0;-0.0;0.0;0.0;-1.0;-0.0;0.0;0.0;-0.0;0.0;3.0
M. Hilgers;/players/mees-hilgers/627701/;2024-09-14;5;3.0;0.0;1.0;0.0;-0.0;-0.0;0.0;0.0;-1.0;-0.0;0.0;0.0;-0.0;0.0;3.0
C. Eiting;/players/carel-eiting/379791/;2024-09-14;5;3.0;0.0;1.0;0.0;-0.0;-0.0;0.0;0.0;0.0;-0.0;0.0;0.0;-0.0;0.0;4.0
S. Steijn;/players/sem-steijn/560623/;2024-09-14;5;3.0;0.0;1.0;0.0;-2.0;-0.0;9.0;0.0;0.0;-0.0;0.0;0.0;-0.0;0.0;11.0
M. Bruns;/players/max-bruns/628828/;2024-09-14;5;2.03;0.0;0.68;0.0;-0.0;-0.0;0.0;0.0;0.0;-0.0;0.0;0.0;-0.0;0.0;2.71
Y. Regeer;/players/youri-regeer/632221/;2024-09-14;5;3.0;0.0;1.0;0.0;-0.0;-0.0;0.0;0.0;0.0;-0.0;0.0;0.0;-0.0;0.0;4.0
S. Lammers;/players/sam-lammers/407736/;2024-09-14;5;2.03;0.0;0.68;0.0;-0.0;-0.0;0.0;0.0;0.0;-0.0;0.0;0.0;-0.0;0.0;2.71
M. van Bergen;/players/mitchell-van-bergen/426574/;2024-09-14;5;2.63;0.0;0.88;0.0;-0.0;-0.0;0.0;0.0;0.0;-0.0;0.0;0.0;-0.0;0.0;3.51
D. Rots;/players/daan-rots/628516/;2024-09-14;5;2.33;0.0;0.78;0.0;-0.0;-0.0;0.0;0.0;0.0;-0.0;0.0;0.0;-0.0;0.0;3.11
M. Vlap;/players/michel-vlap/407742/;2024-09-14;5;0.97;0.0;0.32;0.0;-0.0;-0.0;0.0;0.0;0.0;-0.0;0.0;0.0;-0.0;0.0;1.29
R. van Wolfswinkel;/players/ricky-van-wolfswinkel/59407/;2024-09-14;5;0.97;0.0;0.32;0.0;-0.0;-0.0;0.0;0.0;0.0;-0.0;0.0;0.0;-0.0;0.0;1.29
S. Ltaief;/players/sayfallah-ltaief/659735/;2024-09-14;5;0.67;0.0;0.22;0.0;-0.0;-0.0;0.0;0.0;0.0;-0.0;0.0;0.0;-0.0;0.0;0.89
Y. Taha;/players/younes-taha-el-idrissi/755774/;2024-09-14;5;0.37;0.0;0.12;0.0;-0.0;-0.0;0.0;0.0;0.0;-0.0;0.0;0.0;-0.0;0.0;0.49
M. Kjølø;/players/mathias-ullereng-kjolo/517477/;2024-09-14;5;0.0;0.0;0.0;0.0;-0.0;-0.0;0.0;0.0;0.0;-0.0;0.0;0.0;-0.0;0.0;0.0
G. Lagerbielke;/players/gustaf-lagerbielke/500894/;2024-09-14;5;0.0;0.0;0.0;0.0;-0.0;-0.0;0.0;0.0;-0.0;-0.0;0.0;0.0;-0.0;0.0;0.0
B. Kuipers;/players/bas-edo-kuipers/274649/;2024-09-14;5;0.0;0.0;0.0;0.0;-0.0;-0.0;0.0;0.0;-0.0;-0.0;0.0;0.0;-0.0;0.0;0.0
S. Karssies;/players/sam-luca-karssies/637401/;2024-09-14;5;0.0;0.0;0.0;0.0;-0.0;-0.0;0.0;0.0;-0.0;-0.0;0.0;0.0;-0.0;0.0;0.0
G. Besselink;/players/gijs-besselink/895383/;2024-09-14;5;0.0;0.0;0.0;0.0;-0.0;-0.0;0.0;0.0;0.0;-0.0;0.0;0.0;-0.0;0.0;0.0
I. El Maach;/players/issam-el-maach/506880/;2024-09-14;5;0.0;0.0;0.0;0.0;-0.0;-0.0;0.0;0.0;-0.0;-0.0;0.0;0.0;-0.0;0.0;0.0
A. Van Hoorenbeeck;/players/alec-van-hoorenbeeck/593523/;2024-09-14;5;0.0;0.0;0.0;0.0;-0.0;-0.0;0.0;0.0;-0.0;-0.0;0.0;0.0;-0.0;0.0;0.0
M. Rots;/players/mats-rots/830558/;2024-09-14;5;0.0;0.0;0.0;0.0;-0.0;-0.0;0.0;0.0;-0.0;-0.0;0.0;0.0;-0.0;0.0;0.0
J. Schendelaar;/players/jasper-schendelaar/454473/;2024-09-14;5;3.0;0.0;1.0;0.0;-0.0;-0.0;0.0;0.0;-1.0;-0.0;0.0;0.0;-0.0;0.0;3.0
S. Floranus;/players/sherel-floranus/385271/;2024-09-14;5;3.0;0.0;1.0;0.0;-0.0;-0.0;0.0;6.0;-1.0;-0.0;0.0;0.0;-0.0;0.0;9.0
S. Graves;/players/simon-graves-jensen/538684/;2024-09-14;5;3.0;0.0;1.0;0.0;-0.0;-0.0;0.0;0.0;-1.0;-0.0;0.0;0.0;-0.0;0.0;3.0
A. El Azzouzi;/players/anouar-el-azzouzi/567947/;2024-09-14;5;3.0;0.0;1.0;0.0;-2.0;-0.0;0.0;0.0;-1.0;-0.0;0.0;0.0;-0.0;0.0;1.0
A. MacNulty;/players/anselmo-garcia-mcnulty/608607/;2024-09-14;5;3.0;0.0;1.0;0.0;-0.0;-0.0;0.0;0.0;-1.0;-0.0;0.0;0.0;-0.0;0.0;3.0
D. van der Haar;/players/damian-van-der-haar/812205/;2024-09-14;5;2.23;0.0;0.74;0.0;-0.0;-0.0;0.0;0.0;-1.0;-0.0;0.0;0.0;-0.0;0.0;1.98
Jamiro Monteiro;/players/jamiro-gregory-monteiro-alvarenga/421293/;2024-09-14;5;2.23;0.0;0.74;0.0;-0.0;-0.0;0.0;0.0;0.0;-0.0;0.0;0.0;-0.0;0.0;2.98
O. Velanas;/players/odysseus-velanas/452059/;2024-09-14;5;2.5;0.0;0.83;0.0;-0.0;-0.0;0.0;0.0;0.0;-0.0;0.0;0.0;-0.0;0.0;3.33
D. van den Berg;/players/dave-van-den-berg-/475335/;2024-09-14;5;3.0;0.0;1.0;0.0;-0.0;-0.0;0.0;0.0;0.0;-0.0;0.0;0.0;-0.0;0.0;4.0
F. Krastev;/players/filip-yavorov-krastev/550509/;2024-09-14;5;2.9;0.0;0.97;0.0;-0.0;-0.0;0.0;0.0;0.0;-0.0;0.0;0.0;-0.0;0.0;3.87
D. Vente;/players/dylan-vente/426585/;2024-09-14;5;2.5;0.0;0.83;0.0;-0.0;-0.0;8.0;0.0;0.0;-0.0;0.0;0.0;-0.0;0.0;11.33
N. Fichtinger;/players/nick-fichtinger/914267/;2024-09-14;5;0.77;0.0;0.26;0.0;-0.0;-0.0;0.0;0.0;0.0;-0.0;0.0;0.0;-0.0;0.0;1.02
T. Lutonda;/players/thierry-lutonda/462568/;2024-09-14;5;0.77;0.0;0.26;0.0;-0.0;-0.0;0.0;0.0;-0.0;-0.0;0.0;0.0;-0.0;0.0;1.02
D. Mbayo;/players/dylan-mbayo/599681/;2024-09-14;5;0.5;0.0;0.17;0.0;-0.0;-0.0;0.0;0.0;0.0;-0.0;0.0;0.0;-0.0;0.0;0.67
Y. Namli;/players/younes-namli/291585/;2024-09-14;5;0.5;0.0;0.17;0.0;-0.0;-0.0;0.0;0.0;0.0;-0.0;0.0;0.0;-0.0;0.0;0.67
E. Reijnders;/players/eliano-reijnders/577288/;2024-09-14;5;0.1;0.0;0.03;0.0;-0.0;-0.0;0.0;0.0;0.0;-0.0;0.0;0.0;-0.0;0.0;0.13
K. de Rooij;/players/kaj-de-rooij/539368/;2024-09-14;5;0.0;0.0;0.0;0.0;-0.0;-0.0;0.0;0.0;0.0;-0.0;0.0;0.0;-0.0;0.0;0.0
M. Oukhattou;/players/mohamed-oukhattou/878072/;2024-09-14;5;0.0;0.0;0.0;0.0;-0.0;-0.0;0.0;0.0;0.0;-0.0;0.0;0.0;-0.0;0.0;0.0
R. Thomas;/players/ryan-thomas/215382/;2024-09-14;5;0.0;0.0;0.0;0.0;-0.0;-0.0;0.0;0.0;0.0;-0.0;0.0;0.0;-0.0;0.0;0.0
K. Vermeer;/players/kenneth-vermeer/2175/;2024-09-14;5;0.0;0.0;0.0;0.0;-0.0;-0.0;0.0;0.0;-0.0;-0.0;0.0;0.0;-0.0;0.0;0.0
T. Gijselhart;/players/teun-gijselhart/789919/;2024-09-14;5;0.0;0.0;0.0;0.0;-0.0;-0.0;0.0;0.0;0.0;-0.0;0.0;0.0;-0.0;0.0;0.0
T. Buitink;/players/thomas-buitnik/457668/;2024-09-14;5;0.0;0.0;0.0;0.0;-0.0;-0.0;0.0;0.0;0.0;-0.0;0.0;0.0;-0.0;0.0;0.0
M. Hauptmeijer;/players/mike-hauptmeijer/321048/;2024-09-14;5;0.0;0.0;0.0;0.0;-0.0;-0.0;0.0;0.0;-0.0;-0.0;0.0;0.0;-0.0;0.0;0.0
T. Didillon-Hödl;/players/thomas-didillon/259971/;2024-09-15;5;3.0;2.0;0.0;0.0;-0.0;-0.0;0.0;0.0;-0.0;-0.0;12.0;0.0;-0.0;0.0;17.0
M. Tirpan;/players/mickael-tirpan/202469/;2024-09-15;5;2.17;1.44;0.0;0.0;-0.0;-0.0;0.0;0.0;-0.0;-0.0;7.22;0.0;-0.0;0.0;10.83
R. Behounek;/players/raffael-behounek/408747/;2024-09-15;5;3.0;2.0;0.0;0.0;-2.0;-0.0;0.0;0.0;-0.0;-0.0;10.0;0.0;-0.0;0.0;13.0
T. St. Jago;/players/tommy-st-jago/477596/;2024-09-15;5;3.0;2.0;0.0;0.0;-0.0;-0.0;0.0;0.0;-0.0;-0.0;10.0;0.0;-0.0;0.0;15.0
R. Sigurgeirsson;/players/runar-thor-sigurgeirsson/491746/;2024-09-15;5;3.0;2.0;0.0;0.0;-0.0;-0.0;0.0;0.0;-0.0;-0.0;10.0;0.0;-0.0;0.0;15.0
A. Lachkar;/players/amine-lachkar/876151/;2024-09-15;5;3.0;2.0;0.0;0.0;-0.0;-0.0;0.0;0.0;-0.0;-0.0;10.0;0.0;-0.0;0.0;15.0
J. Bosch;/players/jesse-bosch/621347/;2024-09-15;5;3.0;2.0;0.0;0.0;-0.0;-0.0;0.0;0.0;0.0;-0.0;3.0;0.0;-0.0;0.0;8.0
R. Meerveld;/players/ringo-meerveld/623815/;2024-09-15;5;3.0;2.0;0.0;0.0;-0.0;-0.0;9.0;0.0;0.0;-0.0;3.0;0.0;-0.0;0.0;17.0
C. Sandra;/players/cisse-sandra/638266/;2024-09-15;5;2.67;1.78;0.0;0.0;-0.0;-0.0;0.0;0.0;0.0;-0.0;2.67;0.0;-0.0;0.0;7.11
N. Doodeman;/players/nick-doodeman/454478/;2024-09-15;5;2.53;1.69;0.0;0.0;-0.0;-0.0;0.0;0.0;0.0;-0.0;0.84;0.0;-0.0;0.0;5.07
K. Vaesen;/players/kyan-vaesen/620620/;2024-09-15;5;2.67;1.78;0.0;0.0;-0.0;-0.0;0.0;0.0;0.0;-0.0;0.89;3.0;-0.0;0.0;8.33
B. Lambert;/players/lambert-boris/551151/;2024-09-15;5;0.83;0.56;0.0;0.0;-0.0;-0.0;0.0;0.0;-0.0;-0.0;2.78;0.0;-0.0;0.0;4.17
A. Fatah;/players/amar-abdirahman-ahmed/801857/;2024-09-15;5;0.47;0.31;0.0;0.0;-0.0;-0.0;0.0;0.0;0.0;-0.0;0.16;0.0;-0.0;0.0;0.93
E. Kehrer;/players/emilio-kehrer/609627/;2024-09-15;5;0.33;0.22;0.0;0.0;-2.0;-0.0;0.0;0.0;0.0;-0.0;0.11;0.0;-0.0;0.0;-1.33
J. Bokila;/players/jeremy-bokila/49538/;2024-09-15;5;0.33;0.22;0.0;0.0;-0.0;-0.0;0.0;0.0;0.0;-0.0;0.11;0.0;-0.0;0.0;0.67
C. van den Berg;/players/connor-van-den-berg/569426/;2024-09-15;5;0.0;0.0;0.0;0.0;-0.0;-0.0;0.0;0.0;-0.0;-0.0;0.0;0.0;-0.0;0.0;0.0
R. Nizet;/players/rob-nizet/575071/;2024-09-15;5;0.0;0.0;0.0;0.0;-0.0;-0.0;0.0;0.0;-0.0;-0.0;0.0;0.0;-0.0;0.0;0.0
P. Joosten;/players/patrick-joosten/394561/;2024-09-15;5;0.0;0.0;0.0;0.0;-0.0;-0.0;0.0;0.0;0.0;-0.0;0.0;0.0;-0.0;0.0;0.0
M. Schut;/players/maarten-schut/680846/;2024-09-15;5;0.0;0.0;0.0;0.0;-0.0;-0.0;0.0;0.0;-0.0;-0.0;0.0;0.0;-0.0;0.0;0.0
K. Razak;/players/khaled-razak/882843/;2024-09-15;5;0.0;0.0;0.0;0.0;-0.0;-0.0;0.0;0.0;0.0;-0.0;0.0;0.0;-0.0;0.0;0.0
J. Mathijsen;/players/jens-mathijsen/982233/;2024-09-15;5;0.0;0.0;0.0;0.0;-0.0;-0.0;0.0;0.0;-0.0;-0.0;0.0;0.0;-0.0;0.0;0.0
P. van Loon;/players/per-van-loon/982232/;2024-09-15;5;;;;;;;;;;;;;;;0.0
V. Vermeulen;/players/valentino-vermeulen/523467/;2024-09-15;5;0.0;0.0;0.0;0.0;-0.0;-0.0;0.0;0.0;-0.0;-0.0;0.0;0.0;-0.0;0.0;0.0
J. Houwen;/players/jeroen-houwen/303254/;2024-09-15;5;3.0;0.0;0.0;0.0;-0.0;-0.0;0.0;0.0;-3.0;-0.0;0.0;0.0;-0.0;0.0;0.0
A. Meijers;/players/aaron-meijers/59081/;2024-09-15;5;1.53;0.0;0.0;0.0;-0.0;-0.0;0.0;0.0;-2.0;-0.0;0.0;0.0;-0.0;0.0;-0.47
D. Van den Buijs;/players/dario-van-den-buijs/353273/;2024-09-15;5;3.0;0.0;0.0;0.0;-0.0;-0.0;0.0;0.0;-3.0;-0.0;0.0;0.0;-0.0;0.0;0.0
J. Lelieveld;/players/julian-lelieveld/407738/;2024-09-15;5;1.53;0.0;0.0;0.0;-0.0;-0.0;0.0;0.0;-2.0;-0.0;0.0;0.0;-0.0;0.0;-0.47
R. van Eijma;/players/roshon-van-eijma/539577/;2024-09-15;5;3.0;0.0;0.0;0.0;-0.0;-0.0;0.0;0.0;-3.0;-3.0;0.0;0.0;-0.0;0.0;-3.0
G. Roemeratoe;/players/godfried-roemeratoe/426582/;2024-09-15;5;2.63;0.0;0.0;0.0;-0.0;-0.0;0.0;0.0;0.0;-0.0;0.0;0.0;-0.0;0.0;2.63
Y. Oukili;/players/yassin-oukili/567948/;2024-09-15;5;1.53;0.0;0.0;0.0;-0.0;-0.0;0.0;0.0;0.0;-0.0;0.0;0.0;-0.0;0.0;1.53
C. Lokesa;/players/chris-lokesa/847737/;2024-09-15;5;3.0;0.0;0.0;0.0;-0.0;-0.0;0.0;0.0;0.0;-0.0;0.0;0.0;-0.0;0.0;3.0
O. Zawada;/players/oskar-zawada/289870/;2024-09-15;5;3.0;0.0;0.0;0.0;-0.0;-0.0;0.0;0.0;0.0;-0.0;0.0;0.0;-0.0;0.0;3.0
R. Margaret;/players/richonell-margaret/508815/;2024-09-15;5;2.17;0.0;0.0;0.0;-0.0;-0.0;0.0;0.0;0.0;-0.0;0.0;0.0;-0.0;0.0;2.17
D. Cleonise;/players/denilho-cleonise/642338/;2024-09-15;5;3.0;0.0;0.0;0.0;-0.0;-0.0;0.0;0.0;0.0;-0.0;0.0;0.0;-0.0;0.0;3.0
J. Familia-Castillo;/players/juan-familio-castillo/453849/;2024-09-15;5;1.47;0.0;0.0;0.0;-0.0;-0.0;0.0;0.0;-1.0;-0.0;0.0;0.0;-0.0;0.0;0.47
D. Weidmann;/players/daouda-weidmann/782160/;2024-09-15;5;1.47;0.0;0.0;0.0;-0.0;-0.0;0.0;0.0;0.0;-0.0;0.0;0.0;-0.0;0.0;1.47
L. van Gelderen;/players/liam--van-gelderen/463011/;2024-09-15;5;1.47;0.0;0.0;0.0;-2.0;-0.0;0.0;0.0;-1.0;-0.0;0.0;0.0;-0.0;0.0;-1.53
R. Niemeijer;/players/reuven-niemeijer/447106/;2024-09-15;5;0.83;0.0;0.0;0.0;-0.0;-0.0;0.0;0.0;0.0;-0.0;0.0;0.0;-0.0;0.0;0.83
P. Vroegh;/players/patrick-vroegh/457667/;2024-09-15;5;0.37;0.0;0.0;0.0;-0.0;-0.0;0.0;0.0;0.0;-0.0;0.0;0.0;-0.0;0.0;0.37
K. Felida;/players/kevin--felida/501817/;2024-09-15;5;0.0;0.0;0.0;0.0;-0.0;-0.0;0.0;0.0;0.0;-0.0;0.0;0.0;-0.0;0.0;0.0
A. Jakobsen;/players/alexander-jakobsen/218149/;2024-09-15;5;0.0;0.0;0.0;0.0;-0.0;-0.0;0.0;0.0;0.0;-0.0;0.0;0.0;-0.0;0.0;0.0
I. Takidine;/players/ilias-takidine/632532/;2024-09-15;5;0.0;0.0;0.0;0.0;-0.0;-0.0;0.0;0.0;0.0;-0.0;0.0;0.0;-0.0;0.0;0.0
T. van de Loo;/players/tim-van-de-loo/813111/;2024-09-15;5;0.0;0.0;0.0;0.0;-0.0;-0.0;0.0;0.0;0.0;-0.0;0.0;0.0;-0.0;0.0;0.0
Y. van Osch;/players/van-yanick-osch/319269/;2024-09-15;5;0.0;0.0;0.0;0.0;-0.0;-0.0;0.0;0.0;-0.0;-0.0;0.0;0.0;-0.0;0.0;0.0
J. Kesting;/players/joey-kesting/567938/;2024-09-15;5;0.0;0.0;0.0;0.0;-0.0;-0.0;0.0;0.0;-0.0;-0.0;0.0;0.0;-0.0;0.0;0.0
N. Olij;/players/nick-olij/235322/;2024-09-15;5;3.0;0.0;0.0;0.0;-0.0;-0.0;0.0;0.0;-2.0;-0.0;0.0;0.0;-0.0;0.0;1.0
B. Reith;/players/boyd-reith/427038/;2024-09-15;5;3.0;0.0;0.0;0.0;-0.0;-0.0;0.0;0.0;-2.0;-0.0;0.0;0.0;-0.0;0.0;1.0
M. Eerdhuijzen;/players/mike--eerdhuijzen/537301/;2024-09-15;5;3.0;0.0;0.0;0.0;-2.0;-0.0;0.0;0.0;-2.0;-0.0;0.0;0.0;-0.0;0.0;-1.0
D. van der Kust;/players/djevencio-van-der-kust/569309/;2024-09-15;5;2.23;0.0;0.0;0.0;-0.0;-0.0;0.0;0.0;-2.0;-0.0;0.0;0.0;-0.0;0.0;0.23
R. Meissen;/players/rick-meissen/571955/;2024-09-15;5;3.0;0.0;0.0;0.0;-0.0;-0.0;0.0;0.0;-2.0;-0.0;0.0;0.0;-0.0;0.0;1.0
A. Verschueren;/players/arno-vershueren/319385/;2024-09-15;5;1.53;0.0;0.0;0.0;-0.0;-0.0;0.0;0.0;0.0;-0.0;0.0;0.0;-0.0;0.0;1.53
P. Clement;/players/pelle-clement/379793/;2024-09-15;5;1.53;0.0;0.0;0.0;-0.0;-0.0;0.0;0.0;0.0;-0.0;0.0;0.0;-0.0;0.0;1.53
J. Baas;/players/julian-baas/663406/;2024-09-15;5;3.0;0.0;0.0;0.0;-0.0;-0.0;0.0;5.0;0.0;-0.0;0.0;0.0;-0.0;0.0;8.0
M. Nassoh;/players/mohamed-nassoh/680659/;2024-09-15;5;2.6;0.0;0.0;0.0;-0.0;-0.0;0.0;0.0;0.0;-0.0;0.0;0.0;-0.0;0.0;2.6
T. Lauritsen;/players/tobias-lauritsen/406745/;2024-09-15;5;1.53;0.0;0.0;0.0;-0.0;-0.0;0.0;0.0;0.0;-0.0;0.0;0.0;-0.0;0.0;1.53
C. Neghli;/players/camiel-neghli/680707/;2024-09-15;5;3.0;0.0;0.0;0.0;-0.0;-0.0;0.0;0.0;0.0;-0.0;0.0;0.0;-0.0;0.0;3.0
C. Brym;/players/charles-andreas-brym/538704/;2024-09-15;5;1.47;0.0;0.0;0.0;-0.0;-0.0;0.0;0.0;0.0;-0.0;0.0;0.0;-0.0;0.0;1.47
J. Kitolano;/players/joshua-gaston-kitolano/517475/;2024-09-15;5;1.47;0.0;0.0;0.0;-0.0;-0.0;0.0;0.0;0.0;-0.0;0.0;0.0;-0.0;0.0;1.47
Metinho;/players/abemly-meto-silu/691959/;2024-09-15;5;1.47;0.0;0.0;0.0;-0.0;-0.0;0.0;0.0;0.0;-0.0;0.0;0.0;-0.0;0.0;1.47
M. Kleijn;/players/mike-kleijn/778111/;2024-09-15;5;0.77;0.0;0.0;0.0;-0.0;-0.0;0.0;0.0;-0.0;-0.0;0.0;0.0;-0.0;0.0;0.77
S. Mito;/players/shunsuke-mito/640252/;2024-09-15;5;0.4;0.0;0.0;0.0;-0.0;-0.0;8.0;0.0;0.0;-0.0;0.0;0.0;-0.0;0.0;8.4
Y. Schoonderwaldt;/players/youri-youri-schoonderwaldt/537694/;2024-09-15;5;0.0;0.0;0.0;0.0;-0.0;-0.0;0.0;0.0;-0.0;-0.0;0.0;0.0;-0.0;0.0;0.0
T. Quintero;/players/teo-quintero/565562/;2024-09-15;5;0.0;0.0;0.0;0.0;-0.0;-0.0;0.0;0.0;-0.0;-0.0;0.0;0.0;-0.0;0.0;0.0
S. Bakari;/players/said-bakari/325391/;2024-09-15;5;0.0;0.0;0.0;0.0;-0.0;-0.0;0.0;0.0;-0.0;-0.0;0.0;0.0;-0.0;0.0;0.0
H. El Dahri;/players/hamza-el-dahri/819347/;2024-09-15;5;0.0;0.0;0.0;0.0;-0.0;-0.0;0.0;0.0;0.0;-0.0;0.0;0.0;-0.0;0.0;0.0
D. Tevreden;/players/dylan-tevreden/866324/;2024-09-15;5;0.0;0.0;0.0;0.0;-0.0;-0.0;0.0;0.0;-0.0;-0.0;0.0;0.0;-0.0;0.0;0.0
A. Oufkir;/players/ayoub-oufkir/935867/;2024-09-15;5;0.0;0.0;0.0;0.0;-0.0;-0.0;0.0;0.0;0.0;-0.0;0.0;0.0;-0.0;0.0;0.0
M. Young;/players/marvin-young/890667/;2024-09-15;5;0.0;0.0;0.0;0.0;-0.0;-0.0;0.0;0.0;-0.0;-0.0;0.0;0.0;-0.0;0.0;0.0
L. Plogmann;/players/luca-plogmann/470121/;2024-09-15;5;3.0;2.0;0.0;0.0;-0.0;-0.0;0.0;0.0;-1.0;-0.0;0.0;0.0;-0.0;0.0;4.0
G. Nauber;/players/gerrit-nauber/102528/;2024-09-15;5;3.0;2.0;0.0;0.0;-0.0;-0.0;0.0;0.0;-1.0;-0.0;0.0;0.0;-0.0;0.0;4.0
J. Kramer;/players/joris-kramer/402051/;2024-09-15;5;3.0;2.0;0.0;0.0;-0.0;-0.0;0.0;0.0;-1.0;-0.0;0.0;0.0;-0.0;0.0;4.0
M. Deijl;/players/mats-deijl/402457/;2024-09-15;5;3.0;2.0;0.0;0.0;-0.0;-0.0;0.0;0.0;-1.0;-0.0;0.0;0.0;-0.0;0.0;4.0
A. Adelgaard;/players/aske-adelgaard/857149/;2024-09-15;5;2.3;1.53;0.0;0.0;-2.0;-0.0;0.0;6.0;-0.0;-0.0;0.0;0.0;-0.0;0.0;7.83
E. Llansana;/players/enric-llansana/515466/;2024-09-15;5;3.0;2.0;0.0;0.0;-0.0;-0.0;0.0;0.0;0.0;-0.0;0.0;0.0;-0.0;0.0;5.0
E. Linthorst;/players/evert-linthorst/546756/;2024-09-15;5;3.0;2.0;0.0;0.0;-0.0;-0.0;0.0;0.0;0.0;-0.0;0.0;0.0;-0.0;0.0;5.0
V. Edvardsen;/players/victor-edvardsen/409168/;2024-09-15;5;2.6;1.73;0.0;0.0;-0.0;-0.0;8.0;0.0;0.0;-0.0;0.0;0.0;-0.0;0.0;12.33
B. Adekanye;/players/bobby-adekanye/427040/;2024-09-15;5;2.3;1.53;0.0;0.0;-0.0;-0.0;0.0;0.0;0.0;-0.0;0.0;0.0;-0.0;0.0;3.83
O. Antman;/players/oliver-antman/547497/;2024-09-15;5;2.6;1.73;0.0;0.0;-0.0;-0.0;0.0;0.0;0.0;-0.0;0.0;0.0;-0.0;0.0;4.33
J. Breum;/players/jakob-breum/658739/;2024-09-15;5;1.93;1.29;0.0;0.0;-0.0;-0.0;8.0;0.0;0.0;-0.0;0.0;0.0;-0.0;0.0;11.22
M. Suray;/players/mathis-suray/517358/;2024-09-15;5;1.07;0.71;0.0;0.0;-0.0;-0.0;0.0;0.0;0.0;-0.0;0.0;0.0;-0.0;0.0;1.78
J. Dirksen;/players/julius-dirksen/632220/;2024-09-15;5;0.7;0.47;0.0;0.0;-0.0;-0.0;0.0;0.0;-1.0;-0.0;0.0;0.0;-0.0;0.0;0.17
S. Tengstedt;/players/soren-tengstedt/615917/;2024-09-15;5;0.7;0.47;0.0;0.0;-0.0;-0.0;0.0;0.0;0.0;-0.0;0.0;0.0;-0.0;0.0;1.17
M. Smit;/players/milan-smit/828395/;2024-09-15;5;0.4;0.27;0.0;0.0;-0.0;-0.0;0.0;0.0;0.0;-0.0;0.0;0.0;-0.0;0.0;0.67
R. Weijenberg;/players/robbin-weijenberg/857132/;2024-09-15;5;0.4;0.27;0.0;0.0;-0.0;-0.0;0.0;0.0;0.0;-0.0;0.0;0.0;-0.0;0.0;0.67
C. Twigt;/players/calvin-twigt/669594/;2024-09-15;5;0.0;0.0;0.0;0.0;-0.0;-0.0;0.0;0.0;0.0;-0.0;0.0;0.0;-0.0;0.0;0.0
L. Everink;/players/luca-everink/628510/;2024-09-15;5;0.0;0.0;0.0;0.0;-0.0;-0.0;0.0;0.0;-0.0;-0.0;0.0;0.0;-0.0;0.0;0.0
J. Amofa;/players/jamal-amofa/668121/;2024-09-15;5;0.0;0.0;0.0;0.0;-0.0;-0.0;0.0;0.0;-0.0;-0.0;0.0;0.0;-0.0;0.0;0.0
J. De Busser;/players/jari-de-busser/451008/;2024-09-15;5;0.0;0.0;0.0;0.0;-0.0;-0.0;0.0;0.0;-0.0;-0.0;0.0;0.0;-0.0;0.0;0.0
S. Jansen;/players/sven-jansen/421540/;2024-09-15;5;0.0;0.0;0.0;0.0;-0.0;-0.0;0.0;0.0;-0.0;-0.0;0.0;0.0;-0.0;0.0;0.0
D. James;/players/dean-ruben--james/537308/;2024-09-15;5;0.0;0.0;0.0;0.0;-0.0;-0.0;0.0;0.0;-0.0;-0.0;0.0;0.0;-0.0;0.0;0.0
F. de Keijzer;/players/fabian-de-keijzer/463695/;2024-09-15;5;3.0;0.0;1.0;0.0;-0.0;-0.0;0.0;0.0;-0.0;-0.0;12.0;0.0;-0.0;0.0;16.0
D. Mirani;/players/damon-mirani/289811/;2024-09-15;5;3.0;0.0;1.0;0.0;-0.0;-0.0;0.0;0.0;-0.0;-0.0;10.0;0.0;-0.0;0.0;14.0
I. Mesík;/players/ivan-mesik/513503/;2024-09-15;5;3.0;0.0;1.0;0.0;-0.0;-0.0;0.0;0.0;-0.0;-0.0;10.0;0.0;-0.0;0.0;14.0
R. Roosken;/players/ruben-roosken/618143/;2024-09-15;5;3.0;0.0;1.0;0.0;-0.0;-0.0;0.0;0.0;-0.0;-0.0;10.0;0.0;-0.0;0.0;14.0
M. Benita;/players/mimeirhel-benita/645525/;2024-09-15;5;3.0;0.0;1.0;0.0;-2.0;-0.0;0.0;0.0;-0.0;-0.0;10.0;0.0;-0.0;0.0;12.0
M. Engels;/players/mario-engels/243044/;2024-09-15;5;3.0;0.0;1.0;0.0;-0.0;-0.0;0.0;0.0;0.0;-0.0;3.0;0.0;-0.0;0.0;7.0
B. De Keersmaecker;/players/brian-de-keersmaecker/605558/;2024-09-15;5;3.0;0.0;1.0;0.0;-0.0;-0.0;0.0;0.0;0.0;-0.0;3.0;0.0;-0.0;0.0;7.0
S. Scheperman;/players/sem-scheperman/641190/;2024-09-15;5;2.23;0.0;0.74;0.0;-0.0;-0.0;0.0;0.0;0.0;-0.0;2.23;0.0;-0.0;0.0;5.21
S. ’t Zand;/players/shiloh-t-zand/824640/;2024-09-15;5;3.0;0.0;1.0;0.0;-0.0;-0.0;0.0;0.0;0.0;-0.0;3.0;0.0;-0.0;0.0;7.0
S. Podgoreanu;/players/suf-podgoreanu/509673/;2024-09-15;5;2.3;0.0;0.77;0.0;-0.0;-0.0;0.0;0.0;0.0;-0.0;0.77;0.0;-0.0;0.0;3.83
L. Kulenović;/players/luka-kulenovi/631882/;2024-09-15;5;2.57;0.0;0.86;0.0;-0.0;-0.0;0.0;0.0;0.0;-0.0;0.86;0.0;-0.0;0.0;4.28
D. van Kaam;/players/daniel-van-kaam/477595/;2024-09-15;5;0.77;0.0;0.26;0.0;-0.0;-0.0;0.0;0.0;0.0;-0.0;0.77;0.0;-0.0;0.0;1.79
T. Bruns;/players/thomas-bruns/168503/;2024-09-15;5;0.7;0.0;0.23;0.0;-0.0;-0.0;0.0;0.0;0.0;-0.0;0.7;0.0;-0.0;0.0;1.63
J. Bruijn;/players/jordy-bruijn/314251/;2024-09-15;5;0.43;0.0;0.14;0.0;-0.0;-0.0;0.0;0.0;0.0;-0.0;0.43;0.0;-0.0;0.0;1.01
T. Jansink;/players/timo-jansink/632823/;2024-09-15;5;0.0;0.0;0.0;0.0;-0.0;-0.0;0.0;0.0;-0.0;-0.0;0.0;0.0;-0.0;0.0;0.0
J. Hoogma;/players/justin-hoogma/432697/;2024-09-15;5;0.0;0.0;0.0;0.0;-0.0;-0.0;0.0;0.0;-0.0;-0.0;0.0;0.0;-0.0;0.0;0.0
K. Leerdam;/players/kelvin-leerdam/68354/;2024-09-15;5;0.0;0.0;0.0;0.0;-0.0;-0.0;0.0;0.0;-0.0;-0.0;0.0;0.0;-0.0;0.0;0.0
G. Sambo;/players/giandro-alejandro-sambo/892464/;2024-09-15;5;0.0;0.0;0.0;0.0;-0.0;-0.0;0.0;0.0;0.0;-0.0;0.0;0.0;-0.0;0.0;0.0
L. Milani;/players/lorenzo-milani/664147/;2024-09-15;5;0.0;0.0;0.0;0.0;-0.0;-0.0;0.0;0.0;-0.0;-0.0;0.0;0.0;-0.0;0.0;0.0
R. Mantel;/players/robin-mantel/502712/;2024-09-15;5;0.0;0.0;0.0;0.0;-0.0;-0.0;0.0;0.0;-0.0;-0.0;0.0;0.0;-0.0;0.0;0.0
N. Bakker;/players/nordin-bakker/563909/;2024-09-15;5;3.0;0.0;1.0;0.0;-0.0;-0.0;0.0;0.0;-0.0;-0.0;12.0;0.0;-0.0;0.0;16.0
J. Lawrence;/players/jamie-lawrence/216767/;2024-09-15;5;2.13;0.0;0.71;0.0;-0.0;-0.0;0.0;0.0;-0.0;-0.0;7.11;0.0;-0.0;0.0;9.96
H. Akujobi;/players/hamdi-akujobi/567599/;2024-09-15;5;3.0;0.0;1.0;0.0;-0.0;-0.0;0.0;0.0;-0.0;-0.0;10.0;0.0;-0.0;0.0;14.0
V. Zagaritis;/players/vasilios-zagaritis/617928/;2024-09-15;5;3.0;0.0;1.0;0.0;-0.0;-0.0;0.0;0.0;-0.0;-0.0;10.0;0.0;-0.0;0.0;14.0
Visus;/players/ricardo-visus-contreras/642402/;2024-09-15;5;3.0;0.0;1.0;0.0;-0.0;-0.0;0.0;0.0;-0.0;-0.0;10.0;0.0;-0.0;0.0;14.0
A. Tahiri;/players/anas-tahiri/323282/;2024-09-15;5;2.13;0.0;0.71;0.0;-2.0;-0.0;0.0;0.0;0.0;-0.0;2.13;0.0;-0.0;0.0;2.98
J. Ritmeester van de Kamp;/players/jochem-ritmeester-van-de-kamp/801840/;2024-09-15;5;3.0;0.0;1.0;0.0;-0.0;-0.0;0.0;0.0;0.0;-0.0;3.0;0.0;-0.0;0.0;7.0
B. Guillaume;/players/baptiste-guillaume/285403/;2024-09-15;5;2.6;0.0;0.87;0.0;-0.0;-0.0;0.0;0.0;0.0;-0.0;0.87;0.0;-0.0;0.0;4.33
T. Robinet;/players/thomas-robinet/312659/;2024-09-15;5;3.0;0.0;1.0;0.0;-0.0;-0.0;0.0;0.0;0.0;-0.0;1.0;0.0;-0.0;0.0;5.0
K. Hansen;/players/kornelius-normann-hansen/496125/;2024-09-15;5;3.0;0.0;1.0;0.0;-0.0;-0.0;0.0;0.0;0.0;-0.0;1.0;0.0;-0.0;0.0;5.0
J. Kadile;/players/junior-morau-kadile-/590286/;2024-09-15;5;2.97;0.0;0.99;0.0;-0.0;-0.0;0.0;0.0;0.0;-0.0;0.99;0.0;-0.0;0.0;4.94
T. Haye;/players/thom-haye/182931/;2024-09-15;5;0.87;0.0;0.29;0.0;-0.0;-0.0;0.0;0.0;0.0;-0.0;0.87;0.0;-0.0;0.0;2.02
J. Jacobs;/players/joey-jacobs/537705/;2024-09-15;5;0.87;0.0;0.29;0.0;-0.0;-0.0;0.0;0.0;-0.0;-0.0;2.89;0.0;-0.0;0.0;4.04
R. Providence;/players/ruben-providence/509854/;2024-09-15;5;0.4;0.0;0.13;0.0;-0.0;-0.0;0.0;0.0;0.0;-0.0;0.13;0.0;-0.0;0.0;0.67
L. Delaurier-Chaubet;/players/logan-delaurier-chaubet/626512/;2024-09-15;5;0.03;0.0;0.01;0.0;-2.0;-0.0;0.0;0.0;0.0;-0.0;0.01;0.0;-0.0;0.0;-1.94
Àlex Carbonell;/players/alejandro-carbonell/316438/;2024-09-15;5;0.0;0.0;0.0;0.0;-0.0;-0.0;0.0;0.0;0.0;-0.0;0.0;0.0;-0.0;0.0;0.0
Álex Balboa;/players/alex-balboa-bandeira/627655/;2024-09-15;5;0.0;0.0;0.0;0.0;-0.0;-0.0;0.0;0.0;0.0;-0.0;0.0;0.0;-0.0;0.0;0.0
A. Nalić;/players/adi-nalic/459631/;2024-09-15;5;0.0;0.0;0.0;0.0;-0.0;-0.0;0.0;0.0;0.0;-0.0;0.0;0.0;-0.0;0.0;0.0
F. Mattoir;/players/faiz-mattoir/547050/;2024-09-15;5;0.0;0.0;0.0;0.0;-0.0;-0.0;0.0;0.0;0.0;-0.0;0.0;0.0;-0.0;0.0;0.0
J. Wendlinger;/players/jonas-wendlinger/469451/;2024-09-15;5;0.0;0.0;0.0;0.0;-0.0;-0.0;0.0;0.0;-0.0;-0.0;0.0;0.0;-0.0;0.0;0.0
C. Mamengi;/players/christopher-mamengi/540620/;2024-09-15;5;0.0;0.0;0.0;0.0;-0.0;-0.0;0.0;0.0;-0.0;-0.0;0.0;0.0;-0.0;0.0;0.0
D. Dankerlui;/players/damil-dankerlui/314252/;2024-09-15;5;0.0;0.0;0.0;0.0;-0.0;-0.0;0.0;0.0;-0.0;-0.0;0.0;0.0;-0.0;0.0;0.0
J. van der Wilt;/players/joel-van-der-wilt/771874/;2024-09-15;5;0.0;0.0;0.0;0.0;-0.0;-0.0;0.0;0.0;-0.0;-0.0;0.0;0.0;-0.0;0.0;0.0
L. Unnerstall;/players/lars-unnerstall/81320/;2024-09-17;6;3.0;2.0;0.0;0.0;-0.0;-0.0;0.0;0.0;-0.0;-0.0;12.0;0.0;-0.0;0.0;17.0
A. Salah-Eddine;/players/anass-salah-eddine/525927/;2024-09-17;6;2.27;1.51;0.0;0.0;-2.0;-0.0;0.0;0.0;-0.0;-0.0;7.56;0.0;-0.0;0.0;9.33
B. van Rooij;/players/bart-van-rooij/557859/;2024-09-17;6;3.0;2.0;0.0;0.0;-0.0;-0.0;0.0;0.0;-0.0;-0.0;10.0;0.0;-0.0;0.0;15.0
M. Hilgers;/players/mees-hilgers/627701/;2024-09-17;6;3.0;2.0;0.0;0.0;-0.0;-0.0;0.0;0.0;-0.0;-0.0;10.0;0.0;-0.0;0.0;15.0
C. Eiting;/players/carel-eiting/379791/;2024-09-17;6;1.87;1.24;0.0;0.0;-0.0;-0.0;0.0;0.0;0.0;-0.0;1.87;0.0;-0.0;0.0;4.98
S. Steijn;/players/sem-steijn/560623/;2024-09-17;6;2.7;1.8;0.0;0.0;-0.0;-0.0;9.0;0.0;0.0;-0.0;2.7;3.0;-0.0;0.0;19.2
M. Bruns;/players/max-bruns/628828/;2024-09-17;6;3.0;2.0;0.0;0.0;-0.0;-0.0;0.0;0.0;0.0;-0.0;3.0;0.0;-0.0;0.0;8.0
Y. Regeer;/players/youri-regeer/632221/;2024-09-17;6;3.0;2.0;0.0;0.0;-2.0;-0.0;0.0;0.0;0.0;-0.0;3.0;0.0;-0.0;0.0;6.0
S. Lammers;/players/sam-lammers/407736/;2024-09-17;6;1.87;1.24;0.0;0.0;-0.0;-0.0;0.0;0.0;0.0;-0.0;0.62;0.0;-0.0;0.0;3.73
M. van Bergen;/players/mitchell-van-bergen/426574/;2024-09-17;6;2.3;1.53;0.0;0.0;-0.0;-0.0;0.0;0.0;0.0;-0.0;0.77;0.0;-0.0;0.0;4.6
D. Rots;/players/daan-rots/628516/;2024-09-17;6;3.0;2.0;0.0;0.0;-0.0;-0.0;0.0;0.0;0.0;-0.0;1.0;0.0;-0.0;0.0;6.0
R. van Wolfswinkel;/players/ricky-van-wolfswinkel/59407/;2024-09-17;6;1.13;0.76;0.0;0.0;-0.0;-0.0;0.0;0.0;0.0;-0.0;0.38;0.0;-0.0;0.0;2.27
M. Vlap;/players/michel-vlap/407742/;2024-09-17;6;1.13;0.76;0.0;0.0;-0.0;-0.0;0.0;0.0;0.0;-0.0;1.13;0.0;-0.0;0.0;3.02
B. Kuipers;/players/bas-edo-kuipers/274649/;2024-09-17;6;0.73;0.49;0.0;0.0;-0.0;-0.0;0.0;0.0;-0.0;-0.0;2.44;0.0;-0.0;0.0;3.67
S. Ltaief;/players/sayfallah-ltaief/659735/;2024-09-17;6;0.7;0.47;0.0;0.0;-0.0;-0.0;0.0;0.0;0.0;-0.0;0.7;0.0;-0.0;0.0;1.87
G. Besselink;/players/gijs-besselink/895383/;2024-09-17;6;0.3;0.2;0.0;0.0;-0.0;-0.0;0.0;0.0;0.0;-0.0;0.3;0.0;-0.0;0.0;0.8
I. El Maach;/players/issam-el-maach/506880/;2024-09-17;6;0.0;0.0;0.0;0.0;-0.0;-0.0;0.0;0.0;-0.0;-0.0;0.0;0.0;-0.0;0.0;0.0
J. Mesbahi;/players/julien-mesbahi/830556/;2024-09-17;6;0.0;0.0;0.0;0.0;-0.0;-0.0;0.0;0.0;-0.0;-0.0;0.0;0.0;-0.0;0.0;0.0
A. Van Hoorenbeeck;/players/alec-van-hoorenbeeck/593523/;2024-09-17;6;0.0;0.0;0.0;0.0;-0.0;-0.0;0.0;0.0;-0.0;-0.0;0.0;0.0;-0.0;0.0;0.0
M. Kjølø;/players/mathias-ullereng-kjolo/517477/;2024-09-17;6;0.0;0.0;0.0;0.0;-0.0;-0.0;0.0;0.0;0.0;-0.0;0.0;0.0;-0.0;0.0;0.0
M. Rots;/players/mats-rots/830558/;2024-09-17;6;0.0;0.0;0.0;0.0;-0.0;-0.0;0.0;0.0;-0.0;-0.0;0.0;0.0;-0.0;0.0;0.0
S. Karssies;/players/sam-luca-karssies/637401/;2024-09-17;6;0.0;0.0;0.0;0.0;-0.0;-0.0;0.0;0.0;-0.0;-0.0;0.0;0.0;-0.0;0.0;0.0
G. Lagerbielke;/players/gustaf-lagerbielke/500894/;2024-09-17;6;0.0;0.0;0.0;0.0;-0.0;-0.0;0.0;0.0;-0.0;-0.0;0.0;0.0;-0.0;0.0;0.0
M. van der Hart;/players/mickey-van-der-hart/218009/;2024-09-17;6;3.0;0.0;0.0;0.0;-2.0;-0.0;0.0;0.0;-2.0;-0.0;0.0;0.0;-0.0;0.0;-1.0
P. Bochniewicz;/players/pawe-bochniewicz/273911/;2024-09-17;6;2.07;0.0;0.0;0.0;-0.0;-0.0;0.0;0.0;-2.0;-0.0;0.0;0.0;-0.0;0.0;0.07
M. Köhlert;/players/mats-kohlert/400423/;2024-09-17;6;3.0;0.0;0.0;0.0;-2.0;-0.0;0.0;0.0;-2.0;-0.0;0.0;0.0;-0.0;0.0;-1.0
S. Kersten;/players/sam-kersten/453644/;2024-09-17;6;3.0;0.0;0.0;0.0;-0.0;-0.0;0.0;0.0;-2.0;-0.0;0.0;0.0;-0.0;0.0;1.0
O. Braude;/players/oliver-johansen-braude/794018/;2024-09-17;6;2.47;0.0;0.0;0.0;-0.0;-0.0;0.0;0.0;-2.0;-0.0;0.0;0.0;-0.0;0.0;0.47
L. Brouwers;/players/luuk-brouwers/402458/;2024-09-17;6;3.0;0.0;0.0;0.0;-0.0;-0.0;0.0;0.0;0.0;-0.0;0.0;0.0;-0.0;0.0;3.0
S. Olsson;/players/simon-olsson/423888/;2024-09-17;6;2.67;0.0;0.0;0.0;-0.0;-0.0;0.0;0.0;0.0;-0.0;0.0;0.0;-0.0;0.0;2.67
E. van Ee;/players/espen-van-ee/921919/;2024-09-17;6;3.0;0.0;0.0;0.0;-0.0;-0.0;0.0;0.0;0.0;-0.0;0.0;0.0;-0.0;0.0;3.0
I. Nicolăescu;/players/ion-nicolescu/446191/;2024-09-17;6;3.0;0.0;0.0;0.0;-0.0;-0.0;0.0;0.0;0.0;-0.0;0.0;0.0;-0.0;0.0;3.0
J. Trenskow;/players/jacob-trenskow/672937/;2024-09-17;6;3.0;0.0;0.0;0.0;-0.0;-0.0;0.0;0.0;0.0;-0.0;0.0;0.0;-0.0;0.0;3.0
I. Sebaoui;/players/ilias-sebaoui/797954/;2024-09-17;6;2.47;0.0;0.0;0.0;-0.0;-0.0;0.0;0.0;0.0;-0.0;0.0;0.0;-0.0;0.0;2.47
N. Hopland;/players/nikolai-soyset-hopland/703339/;2024-09-17;6;0.93;0.0;0.0;0.0;-0.0;-0.0;0.0;0.0;-0.0;-0.0;0.0;0.0;-0.0;0.0;0.93
D. Hall;/players/denzel-hall/508910/;2024-09-17;6;0.53;0.0;0.0;0.0;-0.0;-0.0;0.0;0.0;-0.0;-0.0;0.0;0.0;-0.0;0.0;0.53
Danilo Al Saed;/players/danilo-al-saed/530444/;2024-09-17;6;0.53;0.0;0.0;0.0;-0.0;-0.0;0.0;0.0;0.0;-0.0;0.0;0.0;-0.0;0.0;0.53
L. Smans;/players/levi-smans/757104/;2024-09-17;6;0.33;0.0;0.0;0.0;-0.0;-0.0;0.0;0.0;0.0;-0.0;0.0;0.0;-0.0;0.0;0.33
M. Milovanović;/players/mateja-milovanovic/783196/;2024-09-17;6;0.0;0.0;0.0;0.0;-0.0;-0.0;0.0;0.0;-0.0;-0.0;0.0;0.0;-0.0;0.0;0.0
A. Noppert;/players/andries-noppert/300862/;2024-09-17;6;0.0;0.0;0.0;0.0;-0.0;-0.0;0.0;0.0;-0.0;-0.0;0.0;0.0;-0.0;0.0;0.0
B. Klaverboer;/players/bernt-klaverboer/645513/;2024-09-17;6;0.0;0.0;0.0;0.0;-0.0;-0.0;0.0;0.0;-0.0;-0.0;0.0;0.0;-0.0;0.0;0.0
I. Ahmed;/players/isaiah-ahmed/982466/;2024-09-17;6;0.0;0.0;0.0;0.0;-0.0;-0.0;0.0;0.0;0.0;-0.0;0.0;0.0;-0.0;0.0;0.0
D. Karlsbakk;/players/daniel-seland-karlsbakk/629619/;2024-09-17;6;0.0;0.0;0.0;0.0;-0.0;-0.0;0.0;0.0;0.0;-0.0;0.0;0.0;-0.0;0.0;0.0
C. Nunnely;/players/che-nunnely/423827/;2024-09-17;6;0.0;0.0;0.0;0.0;-0.0;-0.0;0.0;0.0;0.0;-0.0;0.0;0.0;-0.0;0.0;0.0
D. Rallis;/players/dimitris-rallis/982464/;2024-09-17;6;;;;;;;;;;;;;;;0.0
Hussein Ali;/players/hussein-ali/573309/;2024-09-17;6;0.0;0.0;0.0;0.0;-0.0;-0.0;0.0;0.0;-0.0;-0.0;0.0;0.0;-0.0;0.0;0.0
R. Pasveer;/players/remko-pasveer/49689/;2024-09-18;6;3.0;2.0;0.0;0.0;-0.0;-0.0;0.0;0.0;-0.0;-0.0;12.0;0.0;-0.0;0.0;17.0
J. Šutalo;/players/josip-utalo/460387/;2024-09-18;6;1.53;1.02;0.0;0.0;-0.0;-0.0;0.0;0.0;-0.0;-0.0;5.11;0.0;-0.0;0.0;7.67
D. Rensch;/players/devyne-rensch/601396/;2024-09-18;6;3.0;2.0;0.0;0.0;-0.0;-0.0;12.0;0.0;-0.0;-0.0;10.0;0.0;-0.0;0.0;27.0
Y. Baas;/players/youri-baas/638355/;2024-09-18;6;3.0;2.0;0.0;0.0;-0.0;-0.0;12.0;0.0;-0.0;-0.0;10.0;0.0;-0.0;0.0;27.0
J. Hato;/players/jorrel-hato/783173/;2024-09-18;6;3.0;2.0;0.0;0.0;-0.0;-0.0;0.0;12.0;-0.0;-0.0;10.0;0.0;-0.0;0.0;27.0
J. Henderson;/players/jordan-henderson/48010/;2024-09-18;6;2.0;1.33;0.0;0.0;-0.0;-0.0;0.0;0.0;0.0;-0.0;2.0;0.0;-0.0;0.0;5.33
K. Taylor;/players/kenneth-taylor/508784/;2024-09-18;6;3.0;2.0;0.0;0.0;-0.0;-0.0;9.0;0.0;0.0;-0.0;3.0;0.0;-0.0;0.0;17.0
K. Fitz-Jim;/players/kian-fitz-jim/591724/;2024-09-18;6;2.0;1.33;0.0;0.0;-0.0;-0.0;0.0;0.0;0.0;-0.0;2.0;0.0;-0.0;0.0;5.33
B. Traoré;/players/bertrand-traore/102801/;2024-09-18;6;2.2;1.47;0.0;0.0;-0.0;-0.0;8.0;4.0;0.0;-0.0;0.73;0.0;-0.0;0.0;16.4
C. Akpom;/players/chuba-akpom/215570/;2024-09-18;6;3.0;2.0;0.0;0.0;-0.0;-0.0;8.0;4.0;0.0;-0.0;1.0;0.0;-0.0;0.0;18.0
M. Godts;/players/mika-marcel-godts/790325/;2024-09-18;6;2.4;1.6;0.0;0.0;-0.0;-0.0;0.0;0.0;0.0;-0.0;0.8;0.0;-0.0;0.0;4.8
D. Rugani;/players/daniele-rugani/162676/;2024-09-18;6;1.47;0.98;0.0;0.0;-0.0;-0.0;0.0;0.0;-0.0;-0.0;4.89;0.0;-0.0;0.0;7.33
B. van den Boomen;/players/branco-van-den-boomen/215550/;2024-09-18;6;1.0;0.67;0.0;0.0;-0.0;-0.0;0.0;0.0;0.0;-0.0;1.0;0.0;-0.0;0.0;2.67
D. Klaassen;/players/davy-klaassen/158581/;2024-09-18;6;1.0;0.67;0.0;0.0;-0.0;-0.0;0.0;5.0;0.0;-0.0;1.0;0.0;-0.0;0.0;7.67
W. Weghorst;/players/wout-weghorst/255205/;2024-09-18;6;0.8;0.53;0.0;0.0;-0.0;-0.0;0.0;0.0;0.0;-0.0;0.27;0.0;-0.0;0.0;1.6
C. Rasmussen;/players/christian-theodor-kjelder-rasmussen/632224/;2024-09-18;6;0.6;0.4;0.0;0.0;-0.0;-0.0;0.0;0.0;0.0;-0.0;0.2;0.0;-0.0;0.0;1.2
A. Gaaei;/players/anton-gaaei/701784/;2024-09-18;6;0.0;0.0;0.0;0.0;-0.0;-0.0;0.0;0.0;-0.0;-0.0;0.0;0.0;-0.0;0.0;0.0
D. Ramaj;/players/diant-ramaj/562543/;2024-09-18;6;0.0;0.0;0.0;0.0;-0.0;-0.0;0.0;0.0;-0.0;-0.0;0.0;0.0;-0.0;0.0;0.0
O. Wijndal;/players/owen-wijndal/440858/;2024-09-18;6;0.0;0.0;0.0;0.0;-0.0;-0.0;0.0;0.0;-0.0;-0.0;0.0;0.0;-0.0;0.0;0.0
J. Banel;/players/jaydon-amauri-banel/783280/;2024-09-18;6;0.0;0.0;0.0;0.0;-0.0;-0.0;0.0;0.0;0.0;-0.0;0.0;0.0;-0.0;0.0;0.0
J. Gorter;/players/jay-gorter/477600/;2024-09-18;6;0.0;0.0;0.0;0.0;-0.0;-0.0;0.0;0.0;-0.0;-0.0;0.0;0.0;-0.0;0.0;0.0
B. Tahirović;/players/benjamin-tahirovic/659484/;2024-09-18;6;0.0;0.0;0.0;0.0;-0.0;-0.0;0.0;0.0;0.0;-0.0;0.0;0.0;-0.0;0.0;0.0
D. Janse;/players/dies-janse/898585/;2024-09-18;6;0.0;0.0;0.0;0.0;-0.0;-0.0;0.0;0.0;-0.0;-0.0;0.0;0.0;-0.0;0.0;0.0
M. Branderhorst;/players/mathijs-branderhorst/175358/;2024-09-18;6;3.0;0.0;0.0;0.0;-0.0;-0.0;0.0;0.0;-5.0;-0.0;0.0;0.0;-0.0;0.0;-2.0
Ivo Pinto;/players/ivo-pinto/86672/;2024-09-18;6;3.0;0.0;0.0;0.0;-0.0;-0.0;0.0;0.0;-5.0;-0.0;0.0;0.0;-0.0;0.0;-2.0
Rodrigo Guth;/players/rodrigo-guth/475116/;2024-09-18;6;3.0;0.0;0.0;0.0;-0.0;-8.0;0.0;0.0;-5.0;-0.0;0.0;0.0;-0.0;0.0;-10.0
D. Grujčić;/players/darijo-grujcic/478384/;2024-09-18;6;3.0;0.0;0.0;0.0;-0.0;-0.0;0.0;0.0;-5.0;-0.0;0.0;0.0;-0.0;0.0;-2.0
S. van Ottele;/players/syb-van-ottele/525930/;2024-09-18;6;3.0;0.0;0.0;0.0;-0.0;-0.0;0.0;0.0;-5.0;-0.0;0.0;0.0;-0.0;0.0;-2.0
A. Halilović;/players/alen-halilovi/270136/;2024-09-18;6;2.73;0.0;0.0;0.0;-0.0;-0.0;0.0;0.0;0.0;-0.0;0.0;0.0;-0.0;0.0;2.73
S. Bastien;/players/samuel-bastien/314097/;2024-09-18;6;2.33;0.0;0.0;0.0;-0.0;-0.0;0.0;0.0;0.0;-0.0;0.0;0.0;-0.0;0.0;2.33
L. Rosier;/players/lorentz-rosier/456607/;2024-09-18;6;1.53;0.0;0.0;0.0;-0.0;-0.0;0.0;0.0;0.0;-0.0;0.0;0.0;-0.0;0.0;1.53
E. Bullaude;/players/ezequiel-eduardo-bullaude/577164/;2024-09-18;6;1.53;0.0;0.0;0.0;-0.0;-0.0;0.0;0.0;0.0;-0.0;0.0;0.0;-0.0;0.0;1.53
R. Fosso;/players/ryan-fosso/637283/;2024-09-18;6;3.0;0.0;0.0;0.0;-0.0;-0.0;0.0;0.0;0.0;-0.0;0.0;0.0;-0.0;0.0;3.0
K. Peterson;/players/kristoffer-peterson/218002/;2024-09-18;6;1.37;0.0;0.0;0.0;-2.0;-0.0;0.0;0.0;0.0;-0.0;0.0;0.0;-0.0;0.0;-0.63
J. Dahlhaus;/players/jasper-dahlhaus/567944/;2024-09-18;6;1.63;0.0;0.0;0.0;-0.0;-0.0;0.0;0.0;-3.0;-0.0;0.0;0.0;-0.0;0.0;-1.37
M. Aïko;/players/makan-aiko/608125/;2024-09-18;6;1.47;0.0;0.0;0.0;-0.0;-0.0;0.0;0.0;0.0;-0.0;0.0;0.0;-0.0;0.0;1.47
S. Adewoye;/players/shawn-adewoye/618207/;2024-09-18;6;1.47;0.0;0.0;0.0;-0.0;-0.0;0.0;0.0;-3.0;-0.0;0.0;0.0;-0.0;0.0;-1.53
J. Mitrović;/players/josip-mitrovi/482602/;2024-09-18;6;0.67;0.0;0.0;0.0;-0.0;-0.0;0.0;0.0;0.0;-0.0;0.0;0.0;-0.0;0.0;0.67
A. Erceg;/players/ante-erceg/137741/;2024-09-18;6;0.27;0.0;0.0;0.0;-0.0;-0.0;0.0;0.0;0.0;-0.0;0.0;0.0;-0.0;0.0;0.27
R. Bayram;/players/ramazan-bayram/965960/;2024-09-18;6;0.0;0.0;0.0;0.0;-0.0;-0.0;0.0;0.0;-0.0;-0.0;0.0;0.0;-0.0;0.0;0.0
L. Koopmans;/players/luuk-koopmans/149059/;2024-09-18;6;0.0;0.0;0.0;0.0;-0.0;-0.0;0.0;0.0;-0.0;-0.0;0.0;0.0;-0.0;0.0;0.0
L. Tunjić;/players/luka-tunjic/759911/;2024-09-18;6;0.0;0.0;0.0;0.0;-0.0;-0.0;0.0;0.0;0.0;-0.0;0.0;0.0;-0.0;0.0;0.0
T. Schenkhuizen;/players/tristan-schenkhuizen/970333/;2024-09-18;6;0.0;0.0;0.0;0.0;-0.0;-0.0;0.0;0.0;0.0;-0.0;0.0;0.0;-0.0;0.0;0.0
J. Schendelaar;/players/jasper-schendelaar/454473/;2024-09-20;7;3.0;0.0;0.0;0.0;-0.0;-0.0;0.0;0.0;-2.0;-0.0;0.0;0.0;-0.0;0.0;1.0
S. Floranus;/players/sherel-floranus/385271/;2024-09-20;7;3.0;0.0;0.0;0.0;-0.0;-0.0;0.0;0.0;-2.0;-0.0;0.0;0.0;-0.0;0.0;1.0
S. Graves;/players/simon-graves-jensen/538684/;2024-09-20;7;3.0;0.0;0.0;0.0;-0.0;-0.0;0.0;0.0;-2.0;-0.0;0.0;0.0;-0.0;0.0;1.0
A. El Azzouzi;/players/anouar-el-azzouzi/567947/;2024-09-20;7;3.0;0.0;0.0;0.0;-0.0;-0.0;0.0;0.0;-2.0;-0.0;0.0;0.0;-0.0;0.0;1.0
A. MacNulty;/players/anselmo-garcia-mcnulty/608607/;2024-09-20;7;3.0;0.0;0.0;0.0;-0.0;-0.0;0.0;0.0;-2.0;-0.0;0.0;0.0;-0.0;0.0;1.0
D. van der Haar;/players/damian-van-der-haar/812205/;2024-09-20;7;1.9;0.0;0.0;0.0;-0.0;-0.0;0.0;0.0;-2.0;-0.0;0.0;0.0;-0.0;0.0;-0.1
Jamiro Monteiro;/players/jamiro-gregory-monteiro-alvarenga/421293/;2024-09-20;7;3.0;0.0;0.0;0.0;-0.0;-0.0;0.0;0.0;0.0;-0.0;0.0;0.0;-0.0;0.0;3.0
D. van den Berg;/players/dave-van-den-berg-/475335/;2024-09-20;7;1.9;0.0;0.0;0.0;-2.0;-0.0;0.0;0.0;0.0;-0.0;0.0;0.0;-0.0;0.0;-0.1
F. Krastev;/players/filip-yavorov-krastev/550509/;2024-09-20;7;2.83;0.0;0.0;0.0;-0.0;-0.0;0.0;0.0;0.0;-0.0;0.0;0.0;-0.0;0.0;2.83
D. Vente;/players/dylan-vente/426585/;2024-09-20;7;3.0;0.0;0.0;0.0;-0.0;-0.0;8.0;0.0;0.0;-0.0;0.0;0.0;-0.0;0.0;11.0
D. Mbayo;/players/dylan-mbayo/599681/;2024-09-20;7;2.57;0.0;0.0;0.0;-0.0;-0.0;0.0;0.0;0.0;-0.0;0.0;0.0;-0.0;0.0;2.57
T. Lutonda;/players/thierry-lutonda/462568/;2024-09-20;7;1.1;0.0;0.0;0.0;-0.0;-0.0;0.0;0.0;-0.0;-0.0;0.0;0.0;-0.0;0.0;1.1
Y. Namli;/players/younes-namli/291585/;2024-09-20;7;1.1;0.0;0.0;0.0;-2.0;-0.0;0.0;5.0;0.0;-0.0;0.0;0.0;-0.0;0.0;4.1
K. de Rooij;/players/kaj-de-rooij/539368/;2024-09-20;7;0.43;0.0;0.0;0.0;-0.0;-0.0;0.0;0.0;0.0;-0.0;0.0;0.0;-0.0;0.0;0.43
T. Buitink;/players/thomas-buitnik/457668/;2024-09-20;7;0.17;0.0;0.0;0.0;-0.0;-0.0;0.0;0.0;0.0;-0.0;0.0;0.0;-0.0;0.0;0.17
M. Hauptmeijer;/players/mike-hauptmeijer/321048/;2024-09-20;7;0.0;0.0;0.0;0.0;-0.0;-0.0;0.0;0.0;-0.0;-0.0;0.0;0.0;-0.0;0.0;0.0
R. Thomas;/players/ryan-thomas/215382/;2024-09-20;7;0.0;0.0;0.0;0.0;-0.0;-0.0;0.0;0.0;0.0;-0.0;0.0;0.0;-0.0;0.0;0.0
N. Fichtinger;/players/nick-fichtinger/914267/;2024-09-20;7;0.0;0.0;0.0;0.0;-0.0;-0.0;0.0;0.0;0.0;-0.0;0.0;0.0;-0.0;0.0;0.0
T. Gijselhart;/players/teun-gijselhart/789919/;2024-09-20;7;0.0;0.0;0.0;0.0;-0.0;-0.0;0.0;0.0;0.0;-0.0;0.0;0.0;-0.0;0.0;0.0
E. Reijnders;/players/eliano-reijnders/577288/;2024-09-20;7;0.0;0.0;0.0;0.0;-0.0;-0.0;0.0;0.0;0.0;-0.0;0.0;0.0;-0.0;0.0;0.0
K. Vermeer;/players/kenneth-vermeer/2175/;2024-09-20;7;0.0;0.0;0.0;0.0;-0.0;-0.0;0.0;0.0;-0.0;-0.0;0.0;0.0;-0.0;0.0;0.0
R. Owusu-Oduro;/players/rome-jayden-owusu-oduro/789860/;2024-09-20;7;3.0;2.0;0.0;0.0;-0.0;-0.0;0.0;0.0;-1.0;-0.0;0.0;0.0;-0.0;0.0;4.0
Alexandre Penetra;/players/alexandre-manuel-penetra-correia/572102/;2024-09-20;7;3.0;2.0;0.0;0.0;-0.0;-0.0;0.0;0.0;-1.0;-0.0;0.0;0.0;-0.0;0.0;4.0
D. Møller Wolfe;/players/david-moller-wolfe/603294/;2024-09-20;7;3.0;2.0;0.0;0.0;-2.0;-0.0;0.0;0.0;-1.0;-0.0;0.0;0.0;-0.0;0.0;2.0
S. Maikuma;/players/seiya-maikuma/651537/;2024-09-20;7;3.0;2.0;0.0;0.0;-2.0;-0.0;0.0;0.0;-1.0;-0.0;0.0;0.0;-0.0;0.0;2.0
W. Goes;/players/wouter-goes/777233/;2024-09-20;7;3.0;2.0;0.0;0.0;-0.0;-0.0;0.0;0.0;-1.0;-0.0;0.0;0.0;-0.0;0.0;4.0
J. Clasie;/players/jordy-clasie/134078/;2024-09-20;7;3.0;2.0;0.0;0.0;-0.0;-0.0;0.0;0.0;0.0;-0.0;0.0;0.0;-0.0;0.0;5.0
P. Koopmeiners;/players/peer-koopmeiners/533281/;2024-09-20;7;2.53;1.69;0.0;0.0;-0.0;-0.0;0.0;0.0;0.0;-0.0;0.0;0.0;-0.0;0.0;4.22
S. Mijnans;/players/sven-mijnans/566000/;2024-09-20;7;3.0;2.0;0.0;0.0;-2.0;-0.0;0.0;0.0;0.0;-0.0;0.0;0.0;-0.0;0.0;3.0
I. Sadiq;/players/ibrahim-sadiq/513977/;2024-09-20;7;2.83;1.89;0.0;0.0;-0.0;-0.0;16.0;0.0;0.0;-0.0;0.0;0.0;-0.0;0.0;20.72
T. Parrott;/players/troy-parrot/515624/;2024-09-20;7;2.53;1.69;0.0;0.0;-0.0;-0.0;0.0;0.0;0.0;-0.0;0.0;0.0;-0.0;0.0;4.22
R. van Bommel;/players/ruben-van-bommel/834074/;2024-09-20;7;2.83;1.89;0.0;0.0;-0.0;-0.0;0.0;4.0;0.0;-0.0;0.0;0.0;-0.0;0.0;8.72
K. Belić;/players/kristijan-belic/453868/;2024-09-20;7;0.47;0.31;0.0;0.0;-0.0;-0.0;0.0;0.0;0.0;-0.0;0.0;0.0;-0.0;0.0;0.78
M. Meerdink;/players/mexx-meerdink/796451/;2024-09-20;7;0.47;0.31;0.0;0.0;-2.0;-0.0;0.0;0.0;0.0;-0.0;0.0;0.0;-0.0;0.0;-1.22
M. Lahdo;/players/mayckel-lahdo/660897/;2024-09-20;7;0.17;0.11;0.0;0.0;-0.0;-0.0;0.0;0.0;0.0;-0.0;0.0;0.0;-0.0;0.0;0.28
Z. Buurmeester;/players/zico-buurmeester/627669/;2024-09-20;7;0.17;0.11;0.0;0.0;-0.0;-0.0;0.0;0.0;0.0;-0.0;0.0;0.0;-0.0;0.0;0.28
D. Kwakman;/players/dave-kwakman/777219/;2024-09-20;7;0.0;0.0;0.0;0.0;-0.0;-0.0;0.0;0.0;0.0;-0.0;0.0;0.0;-0.0;0.0;0.0
M. Dekker;/players/maxim-dekker/700543/;2024-09-20;7;0.0;0.0;0.0;0.0;-0.0;-0.0;0.0;0.0;-0.0;-0.0;0.0;0.0;-0.0;0.0;0.0
J. Zoet;/players/jeroen-zoet/61206/;2024-09-20;7;0.0;0.0;0.0;0.0;-0.0;-0.0;0.0;0.0;-0.0;-0.0;0.0;0.0;-0.0;0.0;0.0
H. Verhulst;/players/hobie-verhulst/138446/;2024-09-20;7;0.0;0.0;0.0;0.0;-0.0;-0.0;0.0;0.0;-0.0;-0.0;0.0;0.0;-0.0;0.0;0.0
D. Kasius;/players/denso-kasius/569311/;2024-09-20;7;0.0;0.0;0.0;0.0;-0.0;-0.0;0.0;0.0;-0.0;-0.0;0.0;0.0;-0.0;0.0;0.0
L. Zeefuik;/players/lequincio-zeefuik/699766/;2024-09-20;7;0.0;0.0;0.0;0.0;-0.0;-0.0;0.0;0.0;0.0;-0.0;0.0;0.0;-0.0;0.0;0.0
E. Poku;/players/ernest-poku/700544/;2024-09-20;7;0.0;0.0;0.0;0.0;-0.0;-0.0;0.0;0.0;0.0;-0.0;0.0;0.0;-0.0;0.0;0.0
J. Addai;/players/jayden-addai/789997/;2024-09-20;7;0.0;0.0;0.0;0.0;-0.0;-0.0;0.0;0.0;0.0;-0.0;0.0;0.0;-0.0;0.0;0.0
S. van Gassel;/players/stijn-van-gassel/323665/;2024-09-21;7;3.0;0.0;0.0;0.0;-0.0;-0.0;0.0;0.0;-2.0;-0.0;0.0;0.0;-0.0;0.0;1.0
B. Nuytinck;/players/bram-nuytinck/86442/;2024-09-21;7;1.53;0.0;0.0;0.0;-2.0;-0.0;0.0;0.0;-2.0;-0.0;0.0;0.0;-0.0;0.0;-2.47
C. Verdonk;/players/calvin-verdonk/319288/;2024-09-21;7;3.0;0.0;0.0;0.0;-0.0;-0.0;0.0;0.0;-2.0;-0.0;0.0;0.0;-0.0;0.0;1.0
Iván Márquez;/players/ivan-marquez-alvarez/352663/;2024-09-21;7;3.0;0.0;0.0;0.0;-2.0;-0.0;0.0;0.0;-2.0;-0.0;0.0;0.0;-0.0;0.0;-1.0
B. Pereira;/players/brayann-pereira/640596/;2024-09-21;7;3.0;0.0;0.0;0.0;-0.0;-0.0;0.0;0.0;-2.0;-0.0;0.0;0.0;-0.0;0.0;1.0
M. Hoedemakers;/players/mees-hoedemakers/465082/;2024-09-21;7;2.6;0.0;0.0;0.0;-0.0;-0.0;0.0;0.0;0.0;-0.0;0.0;0.0;-0.0;0.0;2.6
Róber;/players/roberto-gonzalez-bayon/500171/;2024-09-21;7;1.53;0.0;0.0;0.0;-0.0;-0.0;0.0;5.0;0.0;-0.0;0.0;0.0;-0.0;0.0;6.53
D. Proper;/players/dirk-proper/525939/;2024-09-21;7;3.0;0.0;0.0;0.0;-2.0;-0.0;0.0;0.0;0.0;-0.0;0.0;0.0;-0.0;0.0;1.0
K. Ogawa;/players/koki-ogawa/435835/;2024-09-21;7;3.0;0.0;0.0;0.0;-0.0;-0.0;8.0;0.0;0.0;-0.0;0.0;0.0;-0.0;0.0;11.0
S. Hansen;/players/sontje-hansen/508823/;2024-09-21;7;2.27;0.0;0.0;0.0;-0.0;-0.0;0.0;0.0;0.0;-0.0;0.0;0.0;-0.0;0.0;2.27
B. Önal;/players/basar-onal/822550/;2024-09-21;7;3.0;0.0;0.0;0.0;-0.0;-0.0;0.0;0.0;0.0;-0.0;0.0;0.0;-0.0;0.0;3.0
T. Ouwejan;/players/thomas-ouwejan/407740/;2024-09-21;7;1.47;0.0;0.0;0.0;-0.0;-0.0;0.0;0.0;-0.0;-0.0;0.0;0.0;-0.0;0.0;1.47
S. Ouaissa;/players/sami-ouaissa/856399/;2024-09-21;7;1.47;0.0;0.0;0.0;-0.0;-0.0;0.0;0.0;0.0;-0.0;0.0;0.0;-0.0;0.0;1.47
K. Shiogai;/players/kento-shiogai/910330/;2024-09-21;7;0.73;0.0;0.0;0.0;-0.0;-0.0;0.0;0.0;0.0;-0.0;0.0;0.0;-0.0;0.0;0.73
L. Schöne;/players/lasse-schone/17366/;2024-09-21;7;0.4;0.0;0.0;0.0;-0.0;-0.0;0.0;0.0;0.0;-0.0;0.0;0.0;-0.0;0.0;0.4
R. Janse;/players/rijk-janse/632550/;2024-09-21;7;0.0;0.0;0.0;0.0;-0.0;-0.0;0.0;0.0;-0.0;-0.0;0.0;0.0;-0.0;0.0;0.0
K. de Wit;/players/kas-de-wit/857092/;2024-09-21;7;0.0;0.0;0.0;0.0;-0.0;-0.0;0.0;0.0;0.0;-0.0;0.0;0.0;-0.0;0.0;0.0
L. Lyratzis;/players/eleutherios-lyratzis/463371/;2024-09-21;7;0.0;0.0;0.0;0.0;-0.0;-0.0;0.0;0.0;-0.0;-0.0;0.0;0.0;-0.0;0.0;0.0
A. Darellas;/players/argyrios-darelas/637189/;2024-09-21;7;0.0;0.0;0.0;0.0;-0.0;-0.0;0.0;0.0;0.0;-0.0;0.0;0.0;-0.0;0.0;0.0
F. de Keijzer;/players/fabian-de-keijzer/463695/;2024-09-21;7;3.0;2.0;0.0;0.0;-0.0;-0.0;0.0;0.0;-1.0;-0.0;0.0;0.0;-0.0;0.0;4.0
D. Mirani;/players/damon-mirani/289811/;2024-09-21;7;3.0;2.0;0.0;0.0;-0.0;-0.0;0.0;0.0;-1.0;-0.0;0.0;0.0;-0.0;0.0;4.0
I. Mesík;/players/ivan-mesik/513503/;2024-09-21;7;1.53;1.02;0.0;0.0;-2.0;-0.0;0.0;0.0;-1.0;-0.0;0.0;0.0;-0.0;0.0;-0.44
R. Roosken;/players/ruben-roosken/618143/;2024-09-21;7;1.53;1.02;0.0;0.0;-2.0;-0.0;0.0;0.0;-1.0;-0.0;0.0;0.0;-0.0;0.0;-0.44
M. Benita;/players/mimeirhel-benita/645525/;2024-09-21;7;3.0;2.0;0.0;0.0;-0.0;-0.0;0.0;0.0;-1.0;-0.0;0.0;0.0;-0.0;0.0;4.0
M. Engels;/players/mario-engels/243044/;2024-09-21;7;2.83;1.89;0.0;0.0;-2.0;-0.0;9.0;0.0;0.0;-0.0;0.0;0.0;-0.0;0.0;11.72
D. van Kaam;/players/daniel-van-kaam/477595/;2024-09-21;7;3.0;2.0;0.0;0.0;-2.0;-0.0;0.0;0.0;0.0;-0.0;0.0;0.0;-0.0;0.0;3.0
B. De Keersmaecker;/players/brian-de-keersmaecker/605558/;2024-09-21;7;3.0;2.0;0.0;0.0;-0.0;-0.0;0.0;5.0;0.0;-0.0;0.0;0.0;-0.0;0.0;10.0
S. ’t Zand;/players/shiloh-t-zand/824640/;2024-09-21;7;3.0;2.0;0.0;0.0;-0.0;-0.0;0.0;0.0;0.0;-0.0;0.0;0.0;-0.0;0.0;5.0
S. Podgoreanu;/players/suf-podgoreanu/509673/;2024-09-21;7;2.33;1.56;0.0;0.0;-0.0;-0.0;0.0;0.0;0.0;-0.0;0.0;0.0;-0.0;0.0;3.89
L. Kulenović;/players/luka-kulenovi/631882/;2024-09-21;7;2.53;1.69;0.0;0.0;-0.0;-0.0;8.0;0.0;0.0;-0.0;0.0;0.0;-0.0;0.0;12.22
J. Hoogma;/players/justin-hoogma/432697/;2024-09-21;7;1.47;0.98;0.0;0.0;-0.0;-0.0;0.0;0.0;-0.0;-0.0;0.0;0.0;-0.0;0.0;2.44
L. Milani;/players/lorenzo-milani/664147/;2024-09-21;7;1.47;0.98;0.0;0.0;-0.0;-0.0;0.0;0.0;-0.0;-0.0;0.0;0.0;-0.0;0.0;2.44
J. Talvitie;/players/juho-talvitie/701365/;2024-09-21;7;0.67;0.44;0.0;0.0;-0.0;-0.0;0.0;0.0;0.0;-0.0;0.0;0.0;-0.0;0.0;1.11
J. Hornkamp;/players/jizz-hornkamp/526566/;2024-09-21;7;0.47;0.31;0.0;0.0;-0.0;-0.0;0.0;0.0;0.0;-0.0;0.0;0.0;-0.0;0.0;0.78
J. Bruijn;/players/jordy-bruijn/314251/;2024-09-21;7;0.17;0.11;0.0;0.0;-0.0;-0.0;0.0;0.0;0.0;-0.0;0.0;0.0;-0.0;0.0;0.28
K. Leerdam;/players/kelvin-leerdam/68354/;2024-09-21;7;0.0;0.0;0.0;0.0;-0.0;-0.0;0.0;0.0;-0.0;-0.0;0.0;0.0;-0.0;0.0;0.0
T. Jansink;/players/timo-jansink/632823/;2024-09-21;7;0.0;0.0;0.0;0.0;-0.0;-0.0;0.0;0.0;-0.0;-0.0;0.0;0.0;-0.0;0.0;0.0
R. Mantel;/players/robin-mantel/502712/;2024-09-21;7;0.0;0.0;0.0;0.0;-0.0;-0.0;0.0;0.0;-0.0;-0.0;0.0;0.0;-0.0;0.0;0.0
J. Wieckhoff;/players/jannes-luca-wieckhoff/497167/;2024-09-21;7;0.0;0.0;0.0;0.0;-0.0;-0.0;0.0;0.0;-0.0;-0.0;0.0;0.0;-0.0;0.0;0.0
T. Bruns;/players/thomas-bruns/168503/;2024-09-21;7;0.0;0.0;0.0;0.0;-0.0;-0.0;0.0;0.0;0.0;-0.0;0.0;0.0;-0.0;0.0;0.0
L. Plogmann;/players/luca-plogmann/470121/;2024-09-21;7;3.0;0.0;1.0;0.0;-0.0;-0.0;0.0;0.0;-1.0;-0.0;0.0;0.0;-0.0;0.0;3.0
G. Nauber;/players/gerrit-nauber/102528/;2024-09-21;7;3.0;0.0;1.0;0.0;-2.0;-0.0;0.0;0.0;-1.0;-0.0;0.0;0.0;-0.0;0.0;1.0
J. Kramer;/players/joris-kramer/402051/;2024-09-21;7;3.0;0.0;1.0;0.0;-0.0;-0.0;0.0;0.0;-1.0;-0.0;0.0;0.0;-0.0;0.0;3.0
M. Deijl;/players/mats-deijl/402457/;2024-09-21;7;3.0;0.0;1.0;0.0;-0.0;-0.0;0.0;0.0;-1.0;-0.0;0.0;0.0;-0.0;0.0;3.0
A. Adelgaard;/players/aske-adelgaard/857149/;2024-09-21;7;2.83;0.0;0.94;0.0;-0.0;-0.0;0.0;0.0;-1.0;-0.0;0.0;0.0;-0.0;0.0;2.78
E. Llansana;/players/enric-llansana/515466/;2024-09-21;7;3.0;0.0;1.0;0.0;-0.0;-0.0;9.0;0.0;0.0;-0.0;0.0;0.0;-0.0;0.0;13.0
E. Linthorst;/players/evert-linthorst/546756/;2024-09-21;7;3.0;0.0;1.0;0.0;-2.0;-0.0;0.0;0.0;0.0;-0.0;0.0;0.0;-0.0;0.0;2.0
V. Edvardsen;/players/victor-edvardsen/409168/;2024-09-21;7;3.0;0.0;1.0;0.0;-0.0;-0.0;0.0;0.0;0.0;-0.0;0.0;0.0;-0.0;0.0;4.0
B. Adekanye;/players/bobby-adekanye/427040/;2024-09-21;7;3.0;0.0;1.0;0.0;-0.0;-0.0;0.0;0.0;0.0;-0.0;0.0;0.0;-0.0;0.0;4.0
O. Antman;/players/oliver-antman/547497/;2024-09-21;7;2.33;0.0;0.78;0.0;-0.0;-0.0;0.0;0.0;0.0;-0.0;0.0;0.0;-0.0;0.0;3.11
J. Breum;/players/jakob-breum/658739/;2024-09-21;7;3.0;0.0;1.0;0.0;-0.0;-0.0;0.0;4.0;0.0;-0.0;0.0;0.0;-0.0;0.0;8.0
O. Edvardsen;/players/oliver-valaker-edvardsen/545481/;2024-09-21;7;0.67;0.0;0.22;0.0;-0.0;-0.0;0.0;0.0;0.0;-0.0;0.0;0.0;-0.0;0.0;0.89
L. Everink;/players/luca-everink/628510/;2024-09-21;7;0.17;0.0;0.06;0.0;-0.0;-0.0;0.0;0.0;-0.0;-0.0;0.0;0.0;-0.0;0.0;0.22
J. Amofa;/players/jamal-amofa/668121/;2024-09-21;7;0.0;0.0;0.0;0.0;-0.0;-0.0;0.0;0.0;-0.0;-0.0;0.0;0.0;-0.0;0.0;0.0
J. Dirksen;/players/julius-dirksen/632220/;2024-09-21;7;0.0;0.0;0.0;0.0;-0.0;-0.0;0.0;0.0;-0.0;-0.0;0.0;0.0;-0.0;0.0;0.0
C. Twigt;/players/calvin-twigt/669594/;2024-09-21;7;0.0;0.0;0.0;0.0;-0.0;-0.0;0.0;0.0;0.0;-0.0;0.0;0.0;-0.0;0.0;0.0
S. Jansen;/players/sven-jansen/421540/;2024-09-21;7;0.0;0.0;0.0;0.0;-0.0;-0.0;0.0;0.0;-0.0;-0.0;0.0;0.0;-0.0;0.0;0.0
M. Suray;/players/mathis-suray/517358/;2024-09-21;7;0.0;0.0;0.0;0.0;-0.0;-0.0;0.0;0.0;0.0;-0.0;0.0;0.0;-0.0;0.0;0.0
M. Smit;/players/milan-smit/828395/;2024-09-21;7;0.0;0.0;0.0;0.0;-0.0;-0.0;0.0;0.0;0.0;-0.0;0.0;0.0;-0.0;0.0;0.0
J. De Busser;/players/jari-de-busser/451008/;2024-09-21;7;0.0;0.0;0.0;0.0;-0.0;-0.0;0.0;0.0;-0.0;-0.0;0.0;0.0;-0.0;0.0;0.0
P. Saathof;/players/pim-saathof/857131/;2024-09-21;7;0.0;0.0;0.0;0.0;-0.0;-0.0;0.0;0.0;-0.0;-0.0;0.0;0.0;-0.0;0.0;0.0
F. Stokkers;/players/finn-stokkers/319661/;2024-09-21;7;0.0;0.0;0.0;0.0;-0.0;-0.0;0.0;0.0;0.0;-0.0;0.0;0.0;-0.0;0.0;0.0
R. Pasveer;/players/remko-pasveer/49689/;2024-09-21;7;3.0;0.0;1.0;0.0;-0.0;-0.0;0.0;0.0;-1.0;-0.0;0.0;0.0;-0.0;0.0;3.0
J. Šutalo;/players/josip-utalo/460387/;2024-09-21;7;3.0;0.0;1.0;0.0;-0.0;-0.0;0.0;0.0;-1.0;-0.0;0.0;0.0;-0.0;0.0;3.0
D. Rensch;/players/devyne-rensch/601396/;2024-09-21;7;3.0;0.0;1.0;0.0;-0.0;-0.0;0.0;0.0;-1.0;-0.0;0.0;0.0;-0.0;0.0;3.0
A. Kaplan;/players/ahmetcan-kaplan/641115/;2024-09-21;7;2.03;0.0;0.68;0.0;-0.0;-0.0;0.0;0.0;-0.0;-0.0;0.0;0.0;-0.0;0.0;2.71
J. Hato;/players/jorrel-hato/783173/;2024-09-21;7;3.0;0.0;1.0;0.0;-0.0;-0.0;0.0;0.0;-1.0;-0.0;0.0;0.0;-0.0;0.0;3.0
J. Henderson;/players/jordan-henderson/48010/;2024-09-21;7;3.0;0.0;1.0;0.0;-0.0;-0.0;0.0;5.0;0.0;-0.0;0.0;0.0;-0.0;0.0;9.0
K. Taylor;/players/kenneth-taylor/508784/;2024-09-21;7;2.03;0.0;0.68;0.0;-0.0;-0.0;0.0;0.0;0.0;-0.0;0.0;0.0;-0.0;0.0;2.71
K. Fitz-Jim;/players/kian-fitz-jim/591724/;2024-09-21;7;3.0;0.0;1.0;0.0;-0.0;-0.0;0.0;0.0;0.0;-0.0;0.0;0.0;-0.0;0.0;4.0
B. Traoré;/players/bertrand-traore/102801/;2024-09-21;7;1.53;0.0;0.51;0.0;-0.0;-0.0;0.0;0.0;0.0;-0.0;0.0;0.0;-0.0;0.0;2.04
W. Weghorst;/players/wout-weghorst/255205/;2024-09-21;7;2.37;0.0;0.79;0.0;-0.0;-0.0;0.0;0.0;0.0;-0.0;0.0;0.0;-0.0;0.0;3.16
M. Godts;/players/mika-marcel-godts/790325/;2024-09-21;7;2.67;0.0;0.89;0.0;-0.0;-0.0;0.0;0.0;0.0;-0.0;0.0;0.0;-0.0;0.0;3.56
A. Gaaei;/players/anton-gaaei/701784/;2024-09-21;7;1.47;0.0;0.49;0.0;-2.0;-0.0;0.0;0.0;-1.0;-0.0;0.0;0.0;-0.0;0.0;-1.04
D. Klaassen;/players/davy-klaassen/158581/;2024-09-21;7;0.97;0.0;0.32;0.0;-0.0;-0.0;9.0;0.0;0.0;-0.0;0.0;0.0;-0.0;0.0;10.29
O. Wijndal;/players/owen-wijndal/440858/;2024-09-21;7;0.97;0.0;0.32;0.0;-0.0;-0.0;0.0;0.0;-1.0;-0.0;0.0;0.0;-0.0;0.0;0.29
B. Brobbey;/players/brian-brobbey/520146/;2024-09-21;7;0.63;0.0;0.21;0.0;-2.0;-0.0;0.0;0.0;0.0;-0.0;0.0;0.0;-0.0;0.0;-1.16
C. Rasmussen;/players/christian-theodor-kjelder-rasmussen/632224/;2024-09-21;7;0.33;0.0;0.11;0.0;-0.0;-0.0;0.0;0.0;0.0;-0.0;0.0;0.0;-0.0;0.0;0.44
B. van den Boomen;/players/branco-van-den-boomen/215550/;2024-09-21;7;0.0;0.0;0.0;0.0;-0.0;-0.0;0.0;0.0;0.0;-0.0;0.0;0.0;-0.0;0.0;0.0
C. Akpom;/players/chuba-akpom/215570/;2024-09-21;7;0.0;0.0;0.0;0.0;-0.0;-0.0;0.0;0.0;0.0;-0.0;0.0;0.0;-0.0;0.0;0.0
B. Tahirović;/players/benjamin-tahirovic/659484/;2024-09-21;7;0.0;0.0;0.0;0.0;-0.0;-0.0;0.0;0.0;0.0;-0.0;0.0;0.0;-0.0;0.0;0.0
D. Ramaj;/players/diant-ramaj/562543/;2024-09-21;7;0.0;0.0;0.0;0.0;-0.0;-0.0;0.0;0.0;-0.0;-0.0;0.0;0.0;-0.0;0.0;0.0
J. Banel;/players/jaydon-amauri-banel/783280/;2024-09-21;7;0.0;0.0;0.0;0.0;-0.0;-0.0;0.0;0.0;0.0;-0.0;0.0;0.0;-0.0;0.0;0.0
D. Rugani;/players/daniele-rugani/162676/;2024-09-21;7;0.0;0.0;0.0;0.0;-0.0;-0.0;0.0;0.0;-0.0;-0.0;0.0;0.0;-0.0;0.0;0.0
J. Gorter;/players/jay-gorter/477600/;2024-09-21;7;0.0;0.0;0.0;0.0;-0.0;-0.0;0.0;0.0;-0.0;-0.0;0.0;0.0;-0.0;0.0;0.0
J. Houwen;/players/jeroen-houwen/303254/;2024-09-21;7;3.0;0.0;0.0;0.0;-0.0;-0.0;0.0;0.0;-2.0;-0.0;0.0;0.0;-0.0;0.0;1.0
A. Meijers;/players/aaron-meijers/59081/;2024-09-21;7;2.6;0.0;0.0;0.0;-0.0;-0.0;0.0;0.0;-2.0;-0.0;0.0;0.0;-0.0;0.0;0.6
D. Van den Buijs;/players/dario-van-den-buijs/353273/;2024-09-21;7;3.0;0.0;0.0;0.0;-0.0;-0.0;0.0;0.0;-2.0;-0.0;0.0;0.0;-0.0;0.0;1.0
L. van Gelderen;/players/liam--van-gelderen/463011/;2024-09-21;7;3.0;0.0;0.0;0.0;-0.0;-0.0;0.0;0.0;-2.0;-0.0;0.0;0.0;-0.0;0.0;1.0
R. van Eijma;/players/roshon-van-eijma/539577/;2024-09-21;7;1.73;0.0;0.0;0.0;-0.0;-0.0;0.0;0.0;-1.0;-0.0;0.0;0.0;-0.0;0.0;0.73
G. Roemeratoe;/players/godfried-roemeratoe/426582/;2024-09-21;7;2.83;0.0;0.0;0.0;-0.0;-0.0;0.0;5.0;0.0;-0.0;0.0;0.0;-0.0;0.0;7.83
D. Weidmann;/players/daouda-weidmann/782160/;2024-09-21;7;3.0;0.0;0.0;0.0;-0.0;-0.0;0.0;0.0;0.0;-0.0;0.0;0.0;-0.0;0.0;3.0
C. Lokesa;/players/chris-lokesa/847737/;2024-09-21;7;1.53;0.0;0.0;0.0;-0.0;-0.0;0.0;0.0;0.0;-0.0;0.0;0.0;-0.0;0.0;1.53
O. Zawada;/players/oskar-zawada/289870/;2024-09-21;7;3.0;0.0;0.0;0.0;-0.0;-0.0;0.0;0.0;0.0;-0.0;0.0;0.0;-0.0;0.0;3.0
R. Niemeijer;/players/reuven-niemeijer/447106/;2024-09-21;7;1.53;0.0;0.0;0.0;-0.0;-0.0;0.0;0.0;0.0;-0.0;0.0;0.0;-0.0;0.0;1.53
D. Cleonise;/players/denilho-cleonise/642338/;2024-09-21;7;3.0;0.0;0.0;0.0;-0.0;-0.0;0.0;0.0;0.0;-0.0;0.0;0.0;-0.0;0.0;3.0
T. van de Loo;/players/tim-van-de-loo/813111/;2024-09-21;7;1.47;0.0;0.0;0.0;-0.0;-0.0;0.0;0.0;0.0;-0.0;0.0;0.0;-0.0;0.0;1.47
R. Margaret;/players/richonell-margaret/508815/;2024-09-21;7;1.47;0.0;0.0;0.0;-0.0;-0.0;8.0;0.0;0.0;-0.0;0.0;0.0;-0.0;0.0;9.47
J. Lelieveld;/players/julian-lelieveld/407738/;2024-09-21;7;1.27;0.0;0.0;0.0;-0.0;-0.0;0.0;0.0;-1.0;-0.0;0.0;0.0;-0.0;0.0;0.27
J. Familia-Castillo;/players/juan-familio-castillo/453849/;2024-09-21;7;0.4;0.0;0.0;0.0;-0.0;-0.0;0.0;0.0;-0.0;-0.0;0.0;0.0;-0.0;0.0;0.4
Y. Oukili;/players/yassin-oukili/567948/;2024-09-21;7;0.17;0.0;0.0;0.0;-0.0;-0.0;0.0;0.0;0.0;-0.0;0.0;0.0;-0.0;0.0;0.17
A. Jakobsen;/players/alexander-jakobsen/218149/;2024-09-21;7;0.0;0.0;0.0;0.0;-0.0;-0.0;0.0;0.0;0.0;-0.0;0.0;0.0;-0.0;0.0;0.0
K. Felida;/players/kevin--felida/501817/;2024-09-21;7;0.0;0.0;0.0;0.0;-0.0;-0.0;0.0;0.0;0.0;-0.0;0.0;0.0;-0.0;0.0;0.0
P. Vroegh;/players/patrick-vroegh/457667/;2024-09-21;7;0.0;0.0;0.0;0.0;-0.0;-0.0;0.0;0.0;0.0;-0.0;0.0;0.0;-0.0;0.0;0.0
I. Takidine;/players/ilias-takidine/632532/;2024-09-21;7;0.0;0.0;0.0;0.0;-0.0;-0.0;0.0;0.0;0.0;-0.0;0.0;0.0;-0.0;0.0;0.0
Y. van Osch;/players/van-yanick-osch/319269/;2024-09-21;7;0.0;0.0;0.0;0.0;-0.0;-0.0;0.0;0.0;-0.0;-0.0;0.0;0.0;-0.0;0.0;0.0
J. Kesting;/players/joey-kesting/567938/;2024-09-21;7;0.0;0.0;0.0;0.0;-0.0;-0.0;0.0;0.0;-0.0;-0.0;0.0;0.0;-0.0;0.0;0.0
N. Olij;/players/nick-olij/235322/;2024-09-21;7;3.0;2.0;0.0;0.0;-0.0;-0.0;0.0;0.0;-1.0;-0.0;0.0;0.0;-0.0;0.0;4.0
B. Reith;/players/boyd-reith/427038/;2024-09-21;7;3.0;2.0;0.0;0.0;-0.0;-0.0;0.0;0.0;-1.0;-0.0;0.0;0.0;-0.0;0.0;4.0
M. Eerdhuijzen;/players/mike--eerdhuijzen/537301/;2024-09-21;7;3.0;2.0;0.0;0.0;-0.0;-0.0;0.0;0.0;-1.0;-0.0;0.0;0.0;-0.0;0.0;4.0
T. Quintero;/players/teo-quintero/565562/;2024-09-21;7;2.1;1.4;0.0;0.0;-0.0;-0.0;0.0;0.0;-0.0;-0.0;0.0;0.0;-0.0;0.0;3.5
D. van der Kust;/players/djevencio-van-der-kust/569309/;2024-09-21;7;3.0;2.0;0.0;0.0;-0.0;-0.0;0.0;0.0;-1.0;-0.0;0.0;0.0;-0.0;0.0;4.0
A. Verschueren;/players/arno-vershueren/319385/;2024-09-21;7;3.0;2.0;0.0;0.0;-2.0;-0.0;0.0;0.0;0.0;-0.0;0.0;0.0;-0.0;0.0;3.0
P. Clement;/players/pelle-clement/379793/;2024-09-21;7;2.6;1.73;0.0;0.0;-0.0;-0.0;0.0;0.0;0.0;-0.0;0.0;0.0;-0.0;0.0;4.33
J. Kitolano;/players/joshua-gaston-kitolano/517475/;2024-09-21;7;1.53;1.02;0.0;0.0;-0.0;-0.0;0.0;0.0;0.0;-0.0;0.0;0.0;-0.0;0.0;2.56
M. Nassoh;/players/mohamed-nassoh/680659/;2024-09-21;7;3.0;2.0;0.0;0.0;-0.0;-0.0;9.0;5.0;0.0;-0.0;0.0;0.0;-0.0;0.0;19.0
T. Lauritsen;/players/tobias-lauritsen/406745/;2024-09-21;7;2.6;1.73;0.0;0.0;-0.0;-0.0;0.0;0.0;0.0;-0.0;0.0;0.0;-0.0;0.0;4.33
C. Neghli;/players/camiel-neghli/680707/;2024-09-21;7;2.83;1.89;0.0;0.0;-0.0;-0.0;8.0;0.0;0.0;-0.0;0.0;0.0;-0.0;0.0;12.72
J. Baas;/players/julian-baas/663406/;2024-09-21;7;1.47;0.98;0.0;0.0;-0.0;-0.0;0.0;0.0;0.0;-0.0;0.0;0.0;-0.0;0.0;2.44
R. Meissen;/players/rick-meissen/571955/;2024-09-21;7;0.9;0.6;0.0;0.0;-0.0;-0.0;0.0;0.0;-1.0;-0.0;0.0;0.0;-0.0;0.0;0.5
C. Brym;/players/charles-andreas-brym/538704/;2024-09-21;7;0.4;0.27;0.0;0.0;-0.0;-0.0;0.0;0.0;0.0;-0.0;0.0;0.0;-0.0;0.0;0.67
Metinho;/players/abemly-meto-silu/691959/;2024-09-21;7;0.4;0.27;0.0;0.0;-0.0;-0.0;0.0;0.0;0.0;-0.0;0.0;0.0;-0.0;0.0;0.67
S. Mito;/players/shunsuke-mito/640252/;2024-09-21;7;0.17;0.11;0.0;0.0;-0.0;-0.0;0.0;0.0;0.0;-0.0;0.0;0.0;-0.0;0.0;0.28
M. Kleijn;/players/mike-kleijn/778111/;2024-09-21;7;0.0;0.0;0.0;0.0;-0.0;-0.0;0.0;0.0;-0.0;-0.0;0.0;0.0;-0.0;0.0;0.0
D. Tevreden;/players/dylan-tevreden/866324/;2024-09-21;7;0.0;0.0;0.0;0.0;-0.0;-0.0;0.0;0.0;-0.0;-0.0;0.0;0.0;-0.0;0.0;0.0
S. Bakari;/players/said-bakari/325391/;2024-09-21;7;0.0;0.0;0.0;0.0;-0.0;-0.0;0.0;0.0;-0.0;-0.0;0.0;0.0;-0.0;0.0;0.0
J. de Guzmán;/players/jonathan-alexander-de-guzman/2259/;2024-09-21;7;0.0;0.0;0.0;0.0;-0.0;-0.0;0.0;0.0;0.0;-0.0;0.0;0.0;-0.0;0.0;0.0
M. Young;/players/marvin-young/890667/;2024-09-21;7;0.0;0.0;0.0;0.0;-0.0;-0.0;0.0;0.0;-0.0;-0.0;0.0;0.0;-0.0;0.0;0.0
A. Oufkir;/players/ayoub-oufkir/935867/;2024-09-21;7;0.0;0.0;0.0;0.0;-0.0;-0.0;0.0;0.0;0.0;-0.0;0.0;0.0;-0.0;0.0;0.0
Y. Schoonderwaldt;/players/youri-youri-schoonderwaldt/537694/;2024-09-21;7;0.0;0.0;0.0;0.0;-0.0;-0.0;0.0;0.0;-0.0;-0.0;0.0;0.0;-0.0;0.0;0.0
V. Barkas;/players/vasileios-barkas/272919/;2024-09-21;7;3.0;2.0;0.0;0.0;-0.0;-0.0;0.0;0.0;-2.0;-0.0;0.0;0.0;-0.0;0.0;3.0
N. Viergever;/players/nick--viergever/78529/;2024-09-21;7;3.0;2.0;0.0;0.0;-0.0;-0.0;0.0;0.0;-2.0;-0.0;0.0;0.0;-0.0;0.0;3.0
M. van der Hoorn;/players/mike-van-der-hoorn/190540/;2024-09-21;7;2.5;1.67;0.0;0.0;-0.0;-0.0;0.0;0.0;-2.0;-0.0;0.0;0.0;-0.0;0.0;2.17
S. Horemans;/players/siebe-horemans/399758/;2024-09-21;7;3.0;2.0;0.0;0.0;-0.0;-0.0;0.0;0.0;-2.0;-0.0;0.0;0.0;-0.0;0.0;3.0
S. El Karouani;/players/souffian-elkarouani/537878/;2024-09-21;7;3.0;2.0;0.0;0.0;-2.0;-0.0;0.0;0.0;-2.0;-0.0;0.0;0.0;-0.0;0.0;1.0
J. Toornstra;/players/jens-toornstra/110217/;2024-09-21;7;2.0;1.33;0.0;0.0;-0.0;-0.0;0.0;0.0;0.0;-0.0;0.0;0.0;-0.0;0.0;3.33
C. Bozdoğan;/players/can-bozdogan/529101/;2024-09-21;7;3.0;2.0;0.0;0.0;-0.0;-0.0;0.0;0.0;0.0;-0.0;0.0;0.0;-0.0;0.0;5.0
A. Engwanda;/players/alonzo-engwanda/638250/;2024-09-21;7;3.0;2.0;0.0;0.0;-0.0;-0.0;0.0;0.0;0.0;-0.0;0.0;0.0;-0.0;0.0;5.0
O. Romeny;/players/ole-ter-haar-romeny/532140/;2024-09-21;7;2.5;1.67;0.0;0.0;-0.0;-0.0;0.0;0.0;0.0;-0.0;0.0;0.0;-0.0;0.0;4.17
N. Ohio;/players/noah-ohio/571268/;2024-09-21;7;2.0;1.33;0.0;0.0;-0.0;-0.0;0.0;0.0;0.0;-0.0;0.0;3.0;-0.0;0.0;6.33
Y. Cathline;/players/yoann-cathline/660710/;2024-09-21;7;2.97;1.98;0.0;0.0;-0.0;-0.0;0.0;0.0;0.0;-0.0;0.0;0.0;-0.0;0.0;4.94
V. Jensen;/players/victor-jensen/460509/;2024-09-21;7;1.0;0.67;0.0;0.0;-0.0;-0.0;0.0;0.0;0.0;-0.0;0.0;0.0;-0.0;0.0;1.67
D. Min;/players/david-min/587715/;2024-09-21;7;1.0;0.67;0.0;0.0;-0.0;-0.0;0.0;0.0;0.0;-0.0;0.0;0.0;-0.0;0.0;1.67
M. Didden;/players/matisse-didden/541794/;2024-09-21;7;0.5;0.33;0.0;0.0;-0.0;-0.0;0.0;0.0;-0.0;-0.0;0.0;0.0;-0.0;0.0;0.83
Miguel Rodríguez;/players/miguel-rodriguez-vidal/576516/;2024-09-21;7;0.5;0.33;0.0;0.0;-0.0;-0.0;0.0;0.0;0.0;-0.0;0.0;0.0;-0.0;0.0;0.83
P. Aaronson;/players/paxten-aaronson/576828/;2024-09-21;7;0.03;0.02;0.0;0.0;-2.0;-0.0;0.0;0.0;0.0;-0.0;0.0;0.0;-0.0;0.0;-1.94
O. Fraulo;/players/oscar-fraulo/637161/;2024-09-21;7;0.0;0.0;0.0;0.0;-0.0;-0.0;0.0;0.0;0.0;-0.0;0.0;0.0;-0.0;0.0;0.0
A. Descotte;/players/anthony-descotte/638248/;2024-09-21;7;0.0;0.0;0.0;0.0;-0.0;-0.0;0.0;0.0;0.0;-0.0;0.0;0.0;-0.0;0.0;0.0
T. Booth;/players/taylor-booth/441556/;2024-09-21;7;0.0;0.0;0.0;0.0;-0.0;-0.0;0.0;0.0;0.0;-0.0;0.0;0.0;-0.0;0.0;0.0
K. Finnsson;/players/kolbeinn-finnsson/384487/;2024-09-21;7;0.0;0.0;0.0;0.0;-0.0;-0.0;0.0;0.0;-0.0;-0.0;0.0;0.0;-0.0;0.0;0.0
M. Brouwer;/players/michael-brouwer/250395/;2024-09-21;7;0.0;0.0;0.0;0.0;-0.0;-0.0;0.0;0.0;-0.0;-0.0;0.0;0.0;-0.0;0.0;0.0
A. Blake;/players/adrian-blake/695557/;2024-09-21;7;0.0;0.0;0.0;0.0;-0.0;-0.0;0.0;0.0;0.0;-0.0;0.0;0.0;-0.0;0.0;0.0
T. de Graaff;/players/tom-gerard-de-graaff/783148/;2024-09-21;7;0.0;0.0;0.0;0.0;-0.0;-0.0;0.0;0.0;-0.0;-0.0;0.0;0.0;-0.0;0.0;0.0
T. Didillon-Hödl;/players/thomas-didillon/259971/;2024-09-21;7;3.0;0.0;0.0;0.0;-0.0;-0.0;0.0;0.0;-3.0;-0.0;0.0;0.0;-0.0;0.0;0.0
M. Tirpan;/players/mickael-tirpan/202469/;2024-09-21;7;3.0;0.0;0.0;0.0;-0.0;-0.0;0.0;0.0;-3.0;-0.0;0.0;0.0;-0.0;0.0;0.0
R. Behounek;/players/raffael-behounek/408747/;2024-09-21;7;3.0;0.0;0.0;0.0;-0.0;-0.0;0.0;0.0;-3.0;-3.0;0.0;0.0;-0.0;0.0;-3.0
T. St. Jago;/players/tommy-st-jago/477596/;2024-09-21;7;3.0;0.0;0.0;0.0;-0.0;-0.0;0.0;0.0;-3.0;-0.0;0.0;0.0;-0.0;0.0;0.0
R. Sigurgeirsson;/players/runar-thor-sigurgeirsson/491746/;2024-09-21;7;2.93;0.0;0.0;0.0;-0.0;-0.0;0.0;6.0;-3.0;-3.0;0.0;0.0;-0.0;0.0;2.93
A. Lachkar;/players/amine-lachkar/876151/;2024-09-21;7;2.2;0.0;0.0;0.0;-0.0;-0.0;0.0;0.0;-3.0;-0.0;0.0;0.0;-0.0;0.0;-0.8
J. Bosch;/players/jesse-bosch/621347/;2024-09-21;7;2.17;0.0;0.0;0.0;-2.0;-0.0;0.0;0.0;0.0;-0.0;0.0;0.0;-0.0;0.0;0.17
R. Meerveld;/players/ringo-meerveld/623815/;2024-09-21;7;3.0;0.0;0.0;0.0;-2.0;-0.0;0.0;0.0;0.0;-0.0;0.0;0.0;-0.0;0.0;1.0
C. Sandra;/players/cisse-sandra/638266/;2024-09-21;7;3.0;0.0;0.0;0.0;-0.0;-0.0;18.0;0.0;0.0;-0.0;0.0;0.0;-0.0;0.0;21.0
N. Doodeman;/players/nick-doodeman/454478/;2024-09-21;7;2.2;0.0;0.0;0.0;-0.0;-0.0;0.0;0.0;0.0;-0.0;0.0;0.0;-0.0;0.0;2.2
K. Vaesen;/players/kyan-vaesen/620620/;2024-09-21;7;2.57;0.0;0.0;0.0;-0.0;-0.0;0.0;0.0;0.0;-0.0;0.0;0.0;-0.0;0.0;2.57
E. Kehrer;/players/emilio-kehrer/609627/;2024-09-21;7;0.83;0.0;0.0;0.0;-0.0;-0.0;0.0;0.0;0.0;-0.0;0.0;0.0;-0.0;0.0;0.83
B. Lambert;/players/lambert-boris/551151/;2024-09-21;7;0.8;0.0;0.0;0.0;-0.0;-0.0;0.0;0.0;-0.0;-0.0;0.0;0.0;-0.0;0.0;0.8
A. Fatah;/players/amar-abdirahman-ahmed/801857/;2024-09-21;7;0.8;0.0;0.0;0.0;-2.0;-0.0;0.0;0.0;0.0;-0.0;0.0;0.0;-0.0;0.0;-1.2
J. Bokila;/players/jeremy-bokila/49538/;2024-09-21;7;0.43;0.0;0.0;0.0;-0.0;-0.0;0.0;0.0;0.0;-0.0;0.0;0.0;-0.0;0.0;0.43
R. Nizet;/players/rob-nizet/575071/;2024-09-21;7;0.07;0.0;0.0;0.0;-0.0;-0.0;0.0;0.0;-0.0;-0.0;0.0;0.0;-0.0;0.0;0.07
P. Joosten;/players/patrick-joosten/394561/;2024-09-21;7;0.0;0.0;0.0;0.0;-0.0;-0.0;0.0;0.0;0.0;-0.0;0.0;0.0;-0.0;0.0;0.0
M. Schut;/players/maarten-schut/680846/;2024-09-21;7;0.0;0.0;0.0;0.0;-0.0;-0.0;0.0;0.0;-0.0;-0.0;0.0;0.0;-0.0;0.0;0.0
K. Razak;/players/khaled-razak/882843/;2024-09-21;7;0.0;0.0;0.0;0.0;-0.0;-0.0;0.0;0.0;0.0;-0.0;0.0;0.0;-0.0;0.0;0.0
V. Vermeulen;/players/valentino-vermeulen/523467/;2024-09-21;7;0.0;0.0;0.0;0.0;-0.0;-0.0;0.0;0.0;-0.0;-0.0;0.0;0.0;-0.0;0.0;0.0
J. Mathijsen;/players/jens-mathijsen/982233/;2024-09-21;7;0.0;0.0;0.0;0.0;-0.0;-0.0;0.0;0.0;-0.0;-0.0;0.0;0.0;-0.0;0.0;0.0
C. van den Berg;/players/connor-van-den-berg/569426/;2024-09-21;7;0.0;0.0;0.0;0.0;-0.0;-0.0;0.0;0.0;-0.0;-0.0;0.0;0.0;-0.0;0.0;0.0
N. Bakker;/players/nordin-bakker/563909/;2024-09-22;7;3.0;0.0;0.0;0.0;-0.0;-0.0;0.0;0.0;-5.0;-0.0;0.0;0.0;-0.0;0.0;-2.0
J. Lawrence;/players/jamie-lawrence/216767/;2024-09-22;7;3.0;0.0;0.0;0.0;-0.0;-0.0;0.0;0.0;-5.0;-0.0;0.0;0.0;-0.0;0.0;-2.0
H. Akujobi;/players/hamdi-akujobi/567599/;2024-09-22;7;3.0;0.0;0.0;0.0;-0.0;-0.0;0.0;0.0;-5.0;-0.0;0.0;0.0;-0.0;0.0;-2.0
V. Zagaritis;/players/vasilios-zagaritis/617928/;2024-09-22;7;2.87;0.0;0.0;0.0;-0.0;-0.0;0.0;0.0;-5.0;-0.0;0.0;0.0;-0.0;0.0;-2.13
Visus;/players/ricardo-visus-contreras/642402/;2024-09-22;7;3.0;0.0;0.0;0.0;-0.0;-0.0;0.0;0.0;-5.0;-0.0;0.0;0.0;-0.0;0.0;-2.0
T. Haye;/players/thom-haye/182931/;2024-09-22;7;1.9;0.0;0.0;0.0;-2.0;-0.0;0.0;0.0;0.0;-0.0;0.0;0.0;-0.0;0.0;-0.1
A. Tahiri;/players/anas-tahiri/323282/;2024-09-22;7;2.53;0.0;0.0;0.0;-0.0;-0.0;0.0;0.0;0.0;-0.0;0.0;0.0;-0.0;0.0;2.53
B. Guillaume;/players/baptiste-guillaume/285403/;2024-09-22;7;1.9;0.0;0.0;0.0;-0.0;-0.0;0.0;0.0;0.0;-0.0;0.0;0.0;-0.0;0.0;1.9
T. Robinet;/players/thomas-robinet/312659/;2024-09-22;7;3.0;0.0;0.0;0.0;-0.0;-0.0;0.0;0.0;0.0;-0.0;0.0;0.0;-0.0;0.0;3.0
K. Hansen;/players/kornelius-normann-hansen/496125/;2024-09-22;7;2.53;0.0;0.0;0.0;-0.0;-0.0;0.0;0.0;0.0;-0.0;0.0;0.0;-0.0;0.0;2.53
J. Kadile;/players/junior-morau-kadile-/590286/;2024-09-22;7;3.0;0.0;0.0;0.0;-0.0;-0.0;0.0;0.0;0.0;-0.0;0.0;0.0;-0.0;0.0;3.0
L. Delaurier-Chaubet;/players/logan-delaurier-chaubet/626512/;2024-09-22;7;1.1;0.0;0.0;0.0;-0.0;-0.0;0.0;0.0;0.0;-0.0;0.0;0.0;-0.0;0.0;1.1
J. Ritmeester van de Kamp;/players/jochem-ritmeester-van-de-kamp/801840/;2024-09-22;7;1.1;0.0;0.0;0.0;-0.0;-0.0;0.0;0.0;0.0;-0.0;0.0;0.0;-0.0;0.0;1.1
F. Mattoir;/players/faiz-mattoir/547050/;2024-09-22;7;0.47;0.0;0.0;0.0;-0.0;-0.0;0.0;0.0;0.0;-0.0;0.0;0.0;-0.0;0.0;0.47
Àlex Carbonell;/players/alejandro-carbonell/316438/;2024-09-22;7;0.47;0.0;0.0;0.0;-0.0;-0.0;0.0;0.0;0.0;-0.0;0.0;0.0;-0.0;0.0;0.47
D. Dankerlui;/players/damil-dankerlui/314252/;2024-09-22;7;0.13;0.0;0.0;0.0;-0.0;-0.0;0.0;0.0;-0.0;-0.0;0.0;0.0;-0.0;0.0;0.13
A. Nalić;/players/adi-nalic/459631/;2024-09-22;7;0.0;0.0;0.0;0.0;-0.0;-0.0;0.0;0.0;0.0;-0.0;0.0;0.0;-0.0;0.0;0.0
J. van der Wilt;/players/joel-van-der-wilt/771874/;2024-09-22;7;0.0;0.0;0.0;0.0;-0.0;-0.0;0.0;0.0;-0.0;-0.0;0.0;0.0;-0.0;0.0;0.0
R. Providence;/players/ruben-providence/509854/;2024-09-22;7;0.0;0.0;0.0;0.0;-0.0;-0.0;0.0;0.0;0.0;-0.0;0.0;0.0;-0.0;0.0;0.0
J. Jacobs;/players/joey-jacobs/537705/;2024-09-22;7;0.0;0.0;0.0;0.0;-0.0;-0.0;0.0;0.0;-0.0;-0.0;0.0;0.0;-0.0;0.0;0.0
J. Wendlinger;/players/jonas-wendlinger/469451/;2024-09-22;7;0.0;0.0;0.0;0.0;-0.0;-0.0;0.0;0.0;-0.0;-0.0;0.0;0.0;-0.0;0.0;0.0
Álex Balboa;/players/alex-balboa-bandeira/627655/;2024-09-22;7;0.0;0.0;0.0;0.0;-0.0;-0.0;0.0;0.0;0.0;-0.0;0.0;0.0;-0.0;0.0;0.0
T. Barbet;/players/theo-barbet/515917/;2024-09-22;7;0.0;0.0;0.0;0.0;-0.0;-0.0;0.0;0.0;-0.0;-0.0;0.0;0.0;-0.0;0.0;0.0
L. Unnerstall;/players/lars-unnerstall/81320/;2024-09-22;7;3.0;2.0;0.0;0.0;-0.0;-0.0;0.0;0.0;-0.0;-0.0;12.0;0.0;-0.0;0.0;17.0
A. Salah-Eddine;/players/anass-salah-eddine/525927/;2024-09-22;7;3.0;2.0;0.0;0.0;-0.0;-0.0;12.0;6.0;-0.0;-0.0;10.0;0.0;-0.0;0.0;33.0
B. van Rooij;/players/bart-van-rooij/557859/;2024-09-22;7;2.4;1.6;0.0;0.0;-0.0;-0.0;0.0;6.0;-0.0;-0.0;8.0;0.0;-0.0;0.0;18.0
M. Hilgers;/players/mees-hilgers/627701/;2024-09-22;7;3.0;2.0;0.0;0.0;-0.0;-0.0;0.0;6.0;-0.0;-0.0;10.0;0.0;-0.0;0.0;21.0
C. Eiting;/players/carel-eiting/379791/;2024-09-22;7;1.53;1.02;0.0;0.0;-2.0;-0.0;0.0;0.0;0.0;-0.0;1.53;0.0;-0.0;0.0;2.09
S. Steijn;/players/sem-steijn/560623/;2024-09-22;7;3.0;2.0;0.0;0.0;-0.0;-0.0;18.0;0.0;0.0;-0.0;3.0;0.0;-0.0;0.0;26.0
M. Bruns;/players/max-bruns/628828/;2024-09-22;7;1.53;1.02;0.0;0.0;-0.0;-0.0;0.0;0.0;0.0;-0.0;1.53;0.0;-0.0;0.0;4.09
Y. Regeer;/players/youri-regeer/632221/;2024-09-22;7;3.0;2.0;0.0;0.0;-0.0;-0.0;0.0;0.0;0.0;-0.0;3.0;0.0;-0.0;0.0;8.0
S. Lammers;/players/sam-lammers/407736/;2024-09-22;7;3.0;2.0;0.0;0.0;-0.0;-0.0;8.0;0.0;0.0;-0.0;1.0;0.0;-0.0;0.0;14.0
M. van Bergen;/players/mitchell-van-bergen/426574/;2024-09-22;7;2.1;1.4;0.0;0.0;-0.0;-0.0;0.0;0.0;0.0;-0.0;0.7;0.0;-0.0;0.0;4.2
D. Rots;/players/daan-rots/628516/;2024-09-22;7;1.53;1.02;0.0;0.0;-0.0;-0.0;0.0;0.0;0.0;-0.0;0.51;0.0;-0.0;0.0;3.07
M. Vlap;/players/michel-vlap/407742/;2024-09-22;7;1.47;0.98;0.0;0.0;-0.0;-0.0;0.0;0.0;0.0;-0.0;1.47;0.0;-0.0;0.0;3.91
S. Ltaief;/players/sayfallah-ltaief/659735/;2024-09-22;7;1.47;0.98;0.0;0.0;-0.0;-0.0;0.0;0.0;0.0;-0.0;1.47;0.0;-0.0;0.0;3.91
A. Van Hoorenbeeck;/players/alec-van-hoorenbeeck/593523/;2024-09-22;7;1.47;0.98;0.0;0.0;-0.0;-0.0;0.0;0.0;-0.0;-0.0;4.89;0.0;-0.0;0.0;7.33
R. van Wolfswinkel;/players/ricky-van-wolfswinkel/59407/;2024-09-22;7;0.9;0.6;0.0;0.0;-0.0;-0.0;8.0;0.0;0.0;-0.0;0.3;0.0;-0.0;0.0;9.8
B. Kuipers;/players/bas-edo-kuipers/274649/;2024-09-22;7;0.6;0.4;0.0;0.0;-0.0;-0.0;0.0;0.0;-0.0;-0.0;2.0;0.0;-0.0;0.0;3.0
J. Mesbahi;/players/julien-mesbahi/830556/;2024-09-22;7;0.0;0.0;0.0;0.0;-0.0;-0.0;0.0;0.0;-0.0;-0.0;0.0;0.0;-0.0;0.0;0.0
M. Rots;/players/mats-rots/830558/;2024-09-22;7;0.0;0.0;0.0;0.0;-0.0;-0.0;0.0;0.0;-0.0;-0.0;0.0;0.0;-0.0;0.0;0.0
S. Karssies;/players/sam-luca-karssies/637401/;2024-09-22;7;0.0;0.0;0.0;0.0;-0.0;-0.0;0.0;0.0;-0.0;-0.0;0.0;0.0;-0.0;0.0;0.0
I. El Maach;/players/issam-el-maach/506880/;2024-09-22;7;0.0;0.0;0.0;0.0;-0.0;-0.0;0.0;0.0;-0.0;-0.0;0.0;0.0;-0.0;0.0;0.0
M. Kjølø;/players/mathias-ullereng-kjolo/517477/;2024-09-22;7;0.0;0.0;0.0;0.0;-0.0;-0.0;0.0;0.0;0.0;-0.0;0.0;0.0;-0.0;0.0;0.0
G. Lagerbielke;/players/gustaf-lagerbielke/500894/;2024-09-22;7;0.0;0.0;0.0;0.0;-0.0;-0.0;0.0;0.0;-0.0;-0.0;0.0;0.0;-0.0;0.0;0.0
G. Besselink;/players/gijs-besselink/895383/;2024-09-22;7;0.0;0.0;0.0;0.0;-0.0;-0.0;0.0;0.0;0.0;-0.0;0.0;0.0;-0.0;0.0;0.0
M. Branderhorst;/players/mathijs-branderhorst/175358/;2024-09-22;7;3.0;0.0;0.0;0.0;-0.0;-0.0;0.0;0.0;-3.0;-0.0;0.0;0.0;-0.0;0.0;0.0
Ivo Pinto;/players/ivo-pinto/86672/;2024-09-22;7;3.0;0.0;0.0;0.0;-0.0;-0.0;0.0;0.0;-3.0;-0.0;0.0;0.0;-0.0;0.0;0.0
S. van Ottele;/players/syb-van-ottele/525930/;2024-09-22;7;3.0;0.0;0.0;0.0;-0.0;-0.0;0.0;0.0;-3.0;-0.0;0.0;0.0;-0.0;0.0;0.0
J. Dahlhaus;/players/jasper-dahlhaus/567944/;2024-09-22;7;3.0;0.0;0.0;0.0;-0.0;-0.0;0.0;0.0;-3.0;-0.0;0.0;0.0;-0.0;0.0;0.0
S. Adewoye;/players/shawn-adewoye/618207/;2024-09-22;7;3.0;0.0;0.0;0.0;-2.0;-0.0;0.0;0.0;-3.0;-0.0;0.0;0.0;-0.0;0.0;-2.0
A. Halilović;/players/alen-halilovi/270136/;2024-09-22;7;2.97;0.0;0.0;0.0;-0.0;-0.0;0.0;5.0;0.0;-0.0;0.0;0.0;-0.0;0.0;7.97
L. Rosier;/players/lorentz-rosier/456607/;2024-09-22;7;3.0;0.0;0.0;0.0;-2.0;-0.0;0.0;0.0;0.0;-0.0;0.0;0.0;-0.0;0.0;1.0
E. Bullaude;/players/ezequiel-eduardo-bullaude/577164/;2024-09-22;7;2.57;0.0;0.0;0.0;-0.0;-0.0;9.0;0.0;0.0;-0.0;0.0;0.0;-0.0;0.0;11.57
M. Aïko;/players/makan-aiko/608125/;2024-09-22;7;2.1;0.0;0.0;0.0;-0.0;-0.0;0.0;0.0;0.0;-0.0;0.0;0.0;-0.0;0.0;2.1
R. Fosso;/players/ryan-fosso/637283/;2024-09-22;7;2.97;0.0;0.0;0.0;-0.0;-0.0;0.0;0.0;0.0;-0.0;0.0;0.0;-0.0;0.0;2.97
J. Mitrović;/players/josip-mitrovi/482602/;2024-09-22;7;2.57;0.0;0.0;0.0;-0.0;-0.0;0.0;0.0;0.0;-0.0;0.0;0.0;-0.0;0.0;2.57
A. Erceg;/players/ante-erceg/137741/;2024-09-22;7;0.9;0.0;0.0;0.0;-2.0;-0.0;0.0;0.0;0.0;-0.0;0.0;0.0;-0.0;0.0;-1.1
S. Bastien;/players/samuel-bastien/314097/;2024-09-22;7;0.43;0.0;0.0;0.0;-0.0;-0.0;0.0;0.0;0.0;-0.0;0.0;0.0;-0.0;0.0;0.43
D. Grujčić;/players/darijo-grujcic/478384/;2024-09-22;7;0.43;0.0;0.0;0.0;-0.0;-0.0;0.0;0.0;-0.0;-0.0;0.0;0.0;-0.0;0.0;0.43
H. Korkmazyürek;/players/hasip-korkmazyurek/752773/;2024-09-22;7;0.03;0.0;0.0;0.0;-0.0;-0.0;0.0;0.0;0.0;-0.0;0.0;0.0;-0.0;0.0;0.03
T. Schenkhuizen;/players/tristan-schenkhuizen/970333/;2024-09-22;7;0.03;0.0;0.0;0.0;-0.0;-0.0;0.0;0.0;0.0;-0.0;0.0;0.0;-0.0;0.0;0.03
L. Koopmans;/players/luuk-koopmans/149059/;2024-09-22;7;0.0;0.0;0.0;0.0;-0.0;-0.0;0.0;0.0;-0.0;-0.0;0.0;0.0;-0.0;0.0;0.0
R. Bayram;/players/ramazan-bayram/965960/;2024-09-22;7;0.0;0.0;0.0;0.0;-0.0;-0.0;0.0;0.0;-0.0;-0.0;0.0;0.0;-0.0;0.0;0.0
L. Tunjić;/players/luka-tunjic/759911/;2024-09-22;7;0.0;0.0;0.0;0.0;-0.0;-0.0;0.0;0.0;0.0;-0.0;0.0;0.0;-0.0;0.0;0.0
W. Benítez;/players/walter-benitez/210145/;2024-09-22;7;3.0;2.0;0.0;0.0;-0.0;-0.0;0.0;0.0;-1.0;-0.0;0.0;0.0;-0.0;0.0;4.0
O. Boscagli;/players/olivier-boscagli/329542/;2024-09-22;7;3.0;2.0;0.0;0.0;-0.0;-0.0;0.0;0.0;-1.0;-0.0;0.0;0.0;-0.0;0.0;4.0
Mauro Júnior;/players/mauro-jaqueson-junior-ferreira-dos-santos/398754/;2024-09-22;7;2.17;1.44;0.0;0.0;-0.0;-0.0;0.0;0.0;-1.0;-0.0;0.0;0.0;-0.0;0.0;2.61
R. Flamingo;/players/ryan-flamingo/627724/;2024-09-22;7;3.0;2.0;0.0;0.0;-0.0;-0.0;0.0;0.0;-1.0;-0.0;0.0;0.0;-0.0;0.0;4.0
M. Dams;/players/matteo-dams/805736/;2024-09-22;7;3.0;2.0;0.0;0.0;-0.0;-0.0;0.0;0.0;-1.0;-0.0;0.0;0.0;-0.0;0.0;4.0
J. Schouten;/players/jerdy-schouten/448432/;2024-09-22;7;3.0;2.0;0.0;0.0;-0.0;-0.0;0.0;0.0;0.0;-0.0;0.0;0.0;-0.0;0.0;5.0
G. Til;/players/guus-til/451981/;2024-09-22;7;2.17;1.44;0.0;0.0;-0.0;-0.0;0.0;0.0;0.0;-0.0;0.0;0.0;-0.0;0.0;3.61
J. Veerman;/players/joey--veerman/459312/;2024-09-22;7;1.53;1.02;0.0;0.0;-0.0;-0.0;0.0;0.0;0.0;-0.0;0.0;0.0;-0.0;0.0;2.56
M. Tillman;/players/malik-tillman/561787/;2024-09-22;7;3.0;2.0;0.0;0.0;-2.0;-0.0;18.0;0.0;0.0;-0.0;0.0;0.0;-0.0;0.0;21.0
L. de Jong;/players/luuk-de-jong/65056/;2024-09-22;7;2.67;1.78;0.0;0.0;-0.0;-0.0;8.0;0.0;0.0;-0.0;0.0;0.0;-0.0;0.0;12.44
J. Bakayoko;/players/johan-bakayoko/638229/;2024-09-22;7;2.67;1.78;0.0;0.0;-0.0;-0.0;0.0;0.0;0.0;-0.0;0.0;0.0;-0.0;0.0;4.44
I. Saibari;/players/ismael-saibari/632481/;2024-09-22;7;1.47;0.98;0.0;0.0;-0.0;-0.0;0.0;0.0;0.0;-0.0;0.0;0.0;-0.0;0.0;2.44
N. Lang;/players/noa-lang/463018/;2024-09-22;7;0.83;0.56;0.0;0.0;-0.0;-0.0;0.0;0.0;0.0;-0.0;0.0;0.0;-0.0;0.0;1.39
R. Karsdorp;/players/rick-karsdorp/322327/;2024-09-22;7;0.83;0.56;0.0;0.0;-0.0;-0.0;0.0;0.0;-0.0;-0.0;0.0;0.0;-0.0;0.0;1.39
C. Driouech;/players/couhaib-driouech/632812/;2024-09-22;7;0.33;0.22;0.0;0.0;-0.0;-0.0;0.0;0.0;0.0;-0.0;0.0;0.0;-0.0;0.0;0.56
R. Pepi;/players/ricardo-pepi/523964/;2024-09-22;7;0.33;0.22;0.0;0.0;-0.0;-0.0;0.0;0.0;0.0;-0.0;0.0;0.0;-0.0;0.0;0.56
N. Schiks;/players/niek-schiks/643502/;2024-09-22;7;0.0;0.0;0.0;0.0;-0.0;-0.0;0.0;0.0;-0.0;-0.0;0.0;0.0;-0.0;0.0;0.0
J. Drommel;/players/joel-drommel/355869/;2024-09-22;7;0.0;0.0;0.0;0.0;-0.0;-0.0;0.0;0.0;-0.0;-0.0;0.0;0.0;-0.0;0.0;0.0
M. Bresser;/players/michael-bresser/937271/;2024-09-22;7;0.0;0.0;0.0;0.0;-0.0;-0.0;0.0;0.0;-0.0;-0.0;0.0;0.0;-0.0;0.0;0.0
I. Babadi;/players/isaac-babadi/700867/;2024-09-22;7;0.0;0.0;0.0;0.0;-0.0;-0.0;0.0;0.0;0.0;-0.0;0.0;0.0;-0.0;0.0;0.0
A. Obispo;/players/armando-obispo/426581/;2024-09-22;7;0.0;0.0;0.0;0.0;-0.0;-0.0;0.0;0.0;-0.0;-0.0;0.0;0.0;-0.0;0.0;0.0
I. Perišić;/players/ivan-perisic/13756/;2024-09-22;7;0.0;0.0;0.0;0.0;-0.0;-0.0;0.0;0.0;0.0;-0.0;0.0;0.0;-0.0;0.0;0.0
T. Wellenreuther;/players/timon-wellenreuther/258964/;2024-09-22;7;3.0;2.0;0.0;0.0;-0.0;-0.0;0.0;0.0;-0.0;-0.0;12.0;0.0;-0.0;0.0;17.0
D. Hancko;/players/david-hancko/391059/;2024-09-22;7;3.0;2.0;0.0;0.0;-0.0;-0.0;0.0;0.0;-0.0;-0.0;10.0;0.0;-0.0;0.0;15.0
J. Lotomba;/players/jordan-lotomba/405870/;2024-09-22;7;2.07;1.38;0.0;0.0;-0.0;-0.0;0.0;0.0;-0.0;-0.0;6.89;0.0;-0.0;0.0;10.33
G. Smal;/players/gijs-smal/508760/;2024-09-22;7;3.0;2.0;0.0;0.0;-0.0;-0.0;0.0;6.0;-0.0;-0.0;10.0;0.0;-0.0;0.0;21.0
T. Beelen;/players/thomas-beelen/760998/;2024-09-22;7;2.5;1.67;0.0;0.0;-0.0;-0.0;0.0;0.0;-0.0;-0.0;8.33;0.0;-0.0;0.0;12.5
Hwang In-Beom;/players/in-beom-hwang/400101/;2024-09-22;7;3.0;2.0;0.0;0.0;-0.0;-0.0;0.0;0.0;0.0;-0.0;3.0;0.0;-0.0;0.0;8.0
Q. Timber;/players/quinten-maduro/463017/;2024-09-22;7;3.0;2.0;0.0;0.0;-0.0;-0.0;0.0;0.0;0.0;-0.0;3.0;3.0;-0.0;0.0;11.0
A. Milambo;/players/antoni-djibu-milambo/736392/;2024-09-22;7;3.0;2.0;0.0;0.0;-2.0;-0.0;0.0;0.0;0.0;-0.0;3.0;0.0;-0.0;0.0;6.0
S. Giménez;/players/santiago-tomas-gimenez/494293/;2024-09-22;7;0.97;0.64;0.0;0.0;-0.0;-0.0;0.0;0.0;0.0;-0.0;0.32;0.0;-0.0;0.0;1.93
Igor Paixão;/players/igor-guilherme-barbosa-da-paixao/593041/;2024-09-22;7;2.1;1.4;0.0;0.0;-0.0;-0.0;0.0;0.0;0.0;-0.0;0.7;0.0;-0.0;0.0;4.2
I. Osman;/players/ibrahim-osman/682733/;2024-09-22;7;1.53;1.02;0.0;0.0;-2.0;-0.0;0.0;0.0;0.0;-0.0;0.51;0.0;-0.0;0.0;1.07
A. Ueda;/players/ayase-ueda/551425/;2024-09-22;7;2.03;1.36;0.0;0.0;-0.0;-0.0;8.0;0.0;0.0;-0.0;0.68;0.0;-0.0;0.0;12.07
A. Hadj Moussa;/players/anis--hadj-moussa/755639/;2024-09-22;7;1.47;0.98;0.0;0.0;-0.0;-0.0;0.0;0.0;0.0;-0.0;0.49;0.0;-0.0;0.0;2.93
L. Ivanušec;/players/luka-ivanuec/424605/;2024-09-22;7;0.93;0.62;0.0;0.0;-0.0;-0.0;0.0;0.0;0.0;-0.0;0.31;0.0;-0.0;0.0;1.87
G. Read;/players/givairo-read/821635/;2024-09-22;7;0.9;0.6;0.0;0.0;-0.0;-0.0;0.0;0.0;-0.0;-0.0;3.0;0.0;-0.0;0.0;4.5
F. González;/players/facundo-gonzalez-molino/673756/;2024-09-22;7;0.5;0.33;0.0;0.0;-0.0;-0.0;0.0;0.0;-0.0;-0.0;1.67;0.0;-0.0;0.0;2.5
J. Carranza;/players/julian-carranza/475791/;2024-09-22;7;0.0;0.0;0.0;0.0;-0.0;-0.0;0.0;0.0;0.0;-0.0;0.0;0.0;-0.0;0.0;0.0
P. Andreev;/players/plamen-andreev/708730/;2024-09-22;7;0.0;0.0;0.0;0.0;-0.0;-0.0;0.0;0.0;-0.0;-0.0;0.0;0.0;-0.0;0.0;0.0
R. Zerrouki;/players/ramiz-larbi-zerrouki/621348/;2024-09-22;7;0.0;0.0;0.0;0.0;-0.0;-0.0;0.0;0.0;0.0;-0.0;0.0;0.0;-0.0;0.0;0.0
J. Bijlow;/players/justin-bijlow/340393/;2024-09-22;7;0.0;0.0;0.0;0.0;-0.0;-0.0;0.0;0.0;-0.0;-0.0;0.0;0.0;-0.0;0.0;0.0
C. Nadje;/players/chris-kevin-nadje/667108/;2024-09-22;7;0.0;0.0;0.0;0.0;-0.0;-0.0;0.0;0.0;0.0;-0.0;0.0;0.0;-0.0;0.0;0.0
G. Zechiël;/players/gjivai-zechiel/864326/;2024-09-22;7;0.0;0.0;0.0;0.0;-0.0;-0.0;0.0;0.0;0.0;-0.0;0.0;0.0;-0.0;0.0;0.0
J. Mitchell;/players/jeyland-mitchell/687479/;2024-09-22;7;0.0;0.0;0.0;0.0;-0.0;-0.0;0.0;0.0;-0.0;-0.0;0.0;0.0;-0.0;0.0;0.0
D. Bielica;/players/daniel-bielica/555492/;2024-09-22;7;3.0;0.0;0.0;0.0;-0.0;-0.0;0.0;0.0;-2.0;-0.0;0.0;0.0;-0.0;0.0;1.0
J. Van den Bergh;/players/jan-van-den-bergh/354185/;2024-09-22;7;3.0;0.0;0.0;0.0;-0.0;-0.0;0.0;0.0;-2.0;-0.0;0.0;0.0;-0.0;0.0;1.0
B. Kemper;/players/boy-kemper/463009/;2024-09-22;7;3.0;0.0;0.0;0.0;-0.0;-0.0;0.0;0.0;-2.0;-0.0;0.0;0.0;-0.0;0.0;1.0
L. Greiml;/players/leo-greiml/517683/;2024-09-22;7;3.0;0.0;0.0;0.0;-2.0;-0.0;0.0;0.0;-2.0;-0.0;0.0;0.0;-0.0;0.0;-1.0
C. Valerius;/players/cherrion-valerius/947863/;2024-09-22;7;3.0;0.0;0.0;0.0;-0.0;-0.0;0.0;0.0;-2.0;-0.0;0.0;0.0;-0.0;0.0;1.0
F. Oldrup Jensen;/players/fredrik-oldrup-jensen/231672/;2024-09-22;7;2.37;0.0;0.0;0.0;-2.0;-0.0;0.0;0.0;0.0;-0.0;0.0;0.0;-0.0;0.0;0.37
D. Janošek;/players/dominik-janosek/492661/;2024-09-22;7;1.9;0.0;0.0;0.0;-0.0;-0.0;0.0;0.0;0.0;-0.0;0.0;0.0;-0.0;0.0;1.9
M. Garbett;/players/matthew-garbett/577465/;2024-09-22;7;1.93;0.0;0.0;0.0;-0.0;-0.0;0.0;0.0;0.0;-0.0;0.0;0.0;-0.0;0.0;1.93
M. Balard;/players/maximilien-balard/643695/;2024-09-22;7;3.0;0.0;0.0;0.0;-0.0;-0.0;0.0;0.0;0.0;-0.0;0.0;0.0;-0.0;0.0;3.0
E. Ómarsson;/players/elias-mar-omarsson/213035/;2024-09-22;7;3.0;0.0;0.0;0.0;-0.0;-0.0;0.0;0.0;0.0;-0.0;0.0;0.0;-0.0;0.0;3.0
L. Sauer;/players/leo-sauer/790415/;2024-09-22;7;2.77;0.0;0.0;0.0;-0.0;-0.0;0.0;0.0;0.0;-0.0;0.0;0.0;-0.0;0.0;2.77
K. Kostorz;/players/kacper-kostorz/485378/;2024-09-22;7;1.1;0.0;0.0;0.0;-0.0;-0.0;0.0;0.0;0.0;-0.0;0.0;0.0;-0.0;0.0;1.1
Saná Fernandes;/players/sana-fernandes/926017/;2024-09-22;7;1.07;0.0;0.0;0.0;-0.0;-0.0;0.0;0.0;0.0;-0.0;0.0;0.0;-0.0;0.0;1.07
C. Leemans;/players/clint-leemans/264397/;2024-09-22;7;0.63;0.0;0.0;0.0;-0.0;-0.0;0.0;0.0;0.0;-0.0;0.0;0.0;-0.0;0.0;0.63
A. Kaied;/players/adam-kaied/693342/;2024-09-22;7;0.23;0.0;0.0;0.0;-0.0;-0.0;0.0;0.0;0.0;-0.0;0.0;0.0;-0.0;0.0;0.23
C. Staring;/players/casper-staring/628494/;2024-09-22;7;0.0;0.0;0.0;0.0;-0.0;-0.0;0.0;0.0;0.0;-0.0;0.0;0.0;-0.0;0.0;0.0
Manel Royo;/players/manel-royo-castell/354951/;2024-09-22;7;0.0;0.0;0.0;0.0;-0.0;-0.0;0.0;0.0;-0.0;-0.0;0.0;0.0;-0.0;0.0;0.0
L. Mol;/players/lars-mol/923583/;2024-09-22;7;0.0;0.0;0.0;0.0;-0.0;-0.0;0.0;0.0;-0.0;-0.0;0.0;0.0;-0.0;0.0;0.0
E. Mahmutović;/players/enes-mahmutovic/347775/;2024-09-22;7;0.0;0.0;0.0;0.0;-0.0;-0.0;0.0;0.0;-0.0;-0.0;0.0;0.0;-0.0;0.0;0.0
T. Kongolo;/players/terence-kongolo/161296/;2024-09-22;7;0.0;0.0;0.0;0.0;-0.0;-0.0;0.0;0.0;-0.0;-0.0;0.0;0.0;-0.0;0.0;0.0
B. Lucassen;/players/boyd-lucassen/453952/;2024-09-22;7;0.0;0.0;0.0;0.0;-0.0;-0.0;0.0;0.0;-0.0;-0.0;0.0;0.0;-0.0;0.0;0.0
M. Koscelník;/players/martin-koscelnik/353345/;2024-09-22;7;0.0;0.0;0.0;0.0;-0.0;-0.0;0.0;0.0;-0.0;-0.0;0.0;0.0;-0.0;0.0;0.0
R. Kortsmit;/players/roy-kortsmit/200996/;2024-09-22;7;0.0;0.0;0.0;0.0;-0.0;-0.0;0.0;0.0;-0.0;-0.0;0.0;0.0;-0.0;0.0;0.0
M. van der Hart;/players/mickey-van-der-hart/218009/;2024-09-22;7;3.0;2.0;0.0;0.0;-0.0;-0.0;0.0;0.0;-1.0;-0.0;0.0;0.0;-0.0;0.0;4.0
P. Bochniewicz;/players/pawe-bochniewicz/273911/;2024-09-22;7;2.23;1.49;0.0;0.0;-0.0;-0.0;0.0;0.0;-1.0;-0.0;0.0;0.0;-0.0;0.0;2.72
M. Köhlert;/players/mats-kohlert/400423/;2024-09-22;7;3.0;2.0;0.0;0.0;-0.0;-0.0;0.0;0.0;-1.0;-0.0;0.0;0.0;-0.0;0.0;4.0
N. Hopland;/players/nikolai-soyset-hopland/703339/;2024-09-22;7;3.0;2.0;0.0;0.0;-0.0;-0.0;0.0;0.0;-1.0;-0.0;0.0;0.0;-0.0;0.0;4.0
O. Braude;/players/oliver-johansen-braude/794018/;2024-09-22;7;2.77;1.84;0.0;0.0;-0.0;-0.0;0.0;0.0;-1.0;-0.0;0.0;0.0;-0.0;0.0;3.61
L. Brouwers;/players/luuk-brouwers/402458/;2024-09-22;7;3.0;2.0;0.0;0.0;-0.0;-0.0;0.0;0.0;0.0;-0.0;0.0;0.0;-0.0;0.0;5.0
S. Olsson;/players/simon-olsson/423888/;2024-09-22;7;3.0;2.0;0.0;0.0;-0.0;-0.0;0.0;0.0;0.0;-0.0;0.0;0.0;-0.0;0.0;5.0
E. van Ee;/players/espen-van-ee/921919/;2024-09-22;7;2.77;1.84;0.0;0.0;-0.0;-0.0;0.0;5.0;0.0;-0.0;0.0;0.0;-0.0;0.0;9.61
I. Nicolăescu;/players/ion-nicolescu/446191/;2024-09-22;7;2.77;1.84;0.0;0.0;-2.0;-0.0;8.0;0.0;0.0;-0.0;0.0;0.0;-0.0;0.0;10.61
J. Trenskow;/players/jacob-trenskow/672937/;2024-09-22;7;3.0;2.0;0.0;0.0;-0.0;-0.0;8.0;0.0;0.0;-0.0;0.0;0.0;-0.0;0.0;13.0
I. Sebaoui;/players/ilias-sebaoui/797954/;2024-09-22;7;3.0;2.0;0.0;0.0;-0.0;-0.0;0.0;0.0;0.0;-0.0;0.0;0.0;-0.0;0.0;5.0
D. Karlsbakk;/players/daniel-seland-karlsbakk/629619/;2024-09-22;7;0.77;0.51;0.0;0.0;-0.0;-0.0;0.0;0.0;0.0;-0.0;0.0;0.0;-0.0;0.0;1.28
D. Rallis;/players/dimitris-rallis/982464/;2024-09-22;7;;;;;;;;;;;;;;;0.0
D. Hall;/players/denzel-hall/508910/;2024-09-22;7;0.23;0.16;0.0;0.0;-0.0;-0.0;0.0;0.0;-0.0;-0.0;0.0;0.0;-0.0;0.0;0.39
M. Milovanović;/players/mateja-milovanovic/783196/;2024-09-22;7;0.23;0.16;0.0;0.0;-0.0;-0.0;0.0;0.0;-0.0;-0.0;0.0;0.0;-0.0;0.0;0.39
C. Nunnely;/players/che-nunnely/423827/;2024-09-22;7;0.0;0.0;0.0;0.0;-0.0;-0.0;0.0;0.0;0.0;-0.0;0.0;0.0;-0.0;0.0;0.0
A. Noppert;/players/andries-noppert/300862/;2024-09-22;7;0.0;0.0;0.0;0.0;-0.0;-0.0;0.0;0.0;-0.0;-0.0;0.0;0.0;-0.0;0.0;0.0
A. Condé;/players/amara-conde/310101/;2024-09-22;7;0.0;0.0;0.0;0.0;-0.0;-0.0;0.0;0.0;0.0;-0.0;0.0;0.0;-0.0;0.0;0.0
L. Smans;/players/levi-smans/757104/;2024-09-22;7;0.0;0.0;0.0;0.0;-0.0;-0.0;0.0;0.0;0.0;-0.0;0.0;0.0;-0.0;0.0;0.0
B. Klaverboer;/players/bernt-klaverboer/645513/;2024-09-22;7;0.0;0.0;0.0;0.0;-0.0;-0.0;0.0;0.0;-0.0;-0.0;0.0;0.0;-0.0;0.0;0.0
Danilo Al Saed;/players/danilo-al-saed/530444/;2024-09-22;7;0.0;0.0;0.0;0.0;-0.0;-0.0;0.0;0.0;0.0;-0.0;0.0;0.0;-0.0;0.0;0.0
E. Vaessen;/players/etienne-vaessen/408572/;2024-09-22;7;3.0;0.0;0.0;0.0;-2.0;-0.0;0.0;0.0;-2.0;-0.0;0.0;0.0;-0.0;0.0;-1.0
L. Bacuna;/players/leandro-bacuna/88003/;2024-09-22;7;3.0;0.0;0.0;0.0;-0.0;-0.0;0.0;0.0;0.0;-0.0;0.0;0.0;-0.0;0.0;3.0
M. Peersman;/players/marvin-peersman/89988/;2024-09-22;7;3.0;0.0;0.0;0.0;-0.0;-8.0;0.0;0.0;-2.0;-0.0;0.0;0.0;-0.0;0.0;-7.0
T. Blokzijl;/players/thijmen-blokzijl/703893/;2024-09-22;7;3.0;0.0;0.0;0.0;-0.0;-0.0;0.0;0.0;-2.0;-0.0;0.0;0.0;-0.0;0.0;1.0
F. Stam;/players/finn-stam/736439/;2024-09-22;7;1.53;0.0;0.0;0.0;-0.0;-0.0;0.0;0.0;-1.0;-0.0;0.0;0.0;-0.0;0.0;0.53
J. Hove;/players/johan-hove/444353/;2024-09-22;7;3.0;0.0;0.0;0.0;-0.0;-0.0;0.0;0.0;0.0;-0.0;0.0;0.0;-0.0;0.0;3.0
S. Resink;/players/stije-resink/681459/;2024-09-22;7;2.0;0.0;0.0;0.0;-0.0;-0.0;0.0;0.0;0.0;-0.0;0.0;0.0;-0.0;0.0;2.0
L. Valente;/players/luciano-valente/703884/;2024-09-22;7;3.0;0.0;0.0;0.0;-2.0;-0.0;9.0;0.0;0.0;-0.0;0.0;0.0;-0.0;0.0;10.0
J. Schreuders;/players/jorg-schreuders/877779/;2024-09-22;7;2.0;0.0;0.0;0.0;-0.0;-0.0;0.0;0.0;0.0;-0.0;0.0;0.0;-0.0;0.0;2.0
R. Postema;/players/romano-postema/625358/;2024-09-22;7;2.0;0.0;0.0;0.0;-0.0;-0.0;0.0;0.0;0.0;-0.0;0.0;0.0;-0.0;0.0;2.0
T. van Bergen;/players/thom-van-bergen/873104/;2024-09-22;7;2.5;0.0;0.0;0.0;-0.0;-0.0;0.0;4.0;0.0;-0.0;0.0;0.0;-0.0;0.0;6.5
W. Prins;/players/wouter-prins/930296/;2024-09-22;7;1.47;0.0;0.0;0.0;-0.0;-0.0;0.0;0.0;-1.0;-0.0;0.0;0.0;-0.0;0.0;0.47
Rui Mendes;/players/rui-jorge-monteiro-mendes/453390/;2024-09-22;7;1.0;0.0;0.0;0.0;-2.0;-0.0;0.0;0.0;0.0;-0.0;0.0;0.0;-0.0;0.0;-1.0
B. Willumsson;/players/brynjolfur-darri-willumsson/463548/;2024-09-22;7;3.0;0.0;0.0;0.0;-0.0;-8.0;0.0;0.0;0.0;-0.0;0.0;0.0;-0.0;0.0;-5.0
J. Pelupessy;/players/joey-pelupessy/197572/;2024-09-22;7;1.0;0.0;0.0;0.0;-0.0;-0.0;0.0;0.0;0.0;-0.0;0.0;0.0;-0.0;0.0;1.0
T. Oosting;/players/thijs-oosting/477591/;2024-09-22;7;0.5;0.0;0.0;0.0;-0.0;-0.0;0.0;0.0;0.0;-0.0;0.0;0.0;-0.0;0.0;0.5
D. Baron;/players/dirk-baron/821647/;2024-09-22;7;0.0;0.0;0.0;0.0;-0.0;-0.0;0.0;0.0;-0.0;-0.0;0.0;0.0;-0.0;0.0;0.0
M. Mariani;/players/maxim-mariani/888265/;2024-09-22;7;0.0;0.0;0.0;0.0;-0.0;-0.0;0.0;0.0;-0.0;-0.0;0.0;0.0;-0.0;0.0;0.0
F. Turay;/players/fofin-turay/909656/;2024-09-22;7;0.0;0.0;0.0;0.0;-0.0;-0.0;0.0;0.0;0.0;-0.0;0.0;0.0;-0.0;0.0;0.0
H. Jurjus;/players/hidde-jurjus/301076/;2024-09-22;7;0.0;0.0;0.0;0.0;-0.0;-0.0;0.0;0.0;-0.0;-0.0;0.0;0.0;-0.0;0.0;0.0
N. Emeran;/players/noam-emeran/671004/;2024-09-22;7;0.0;0.0;0.0;0.0;-0.0;-0.0;0.0;0.0;0.0;-0.0;0.0;0.0;-0.0;0.0;0.0
S. Bouland;/players/sven-bouland/948734/;2024-09-22;7;0.0;0.0;0.0;0.0;-0.0;-0.0;0.0;0.0;-0.0;-0.0;0.0;0.0;-0.0;0.0;0.0
F. de Keijzer;/players/fabian-de-keijzer/463695/;2024-09-27;8;3.0;2.0;0.0;0.0;-0.0;-0.0;0.0;0.0;-1.0;-0.0;0.0;0.0;-0.0;0.0;4.0
D. Mirani;/players/damon-mirani/289811/;2024-09-27;8;3.0;2.0;0.0;0.0;-0.0;-0.0;12.0;0.0;-1.0;-0.0;0.0;0.0;-0.0;0.0;16.0
I. Mesík;/players/ivan-mesik/513503/;2024-09-27;8;3.0;2.0;0.0;0.0;-0.0;-0.0;0.0;0.0;-1.0;-0.0;0.0;0.0;-0.0;0.0;4.0
R. Roosken;/players/ruben-roosken/618143/;2024-09-27;8;3.0;2.0;0.0;0.0;-2.0;-0.0;0.0;0.0;-1.0;-0.0;0.0;0.0;-0.0;0.0;2.0
M. Benita;/players/mimeirhel-benita/645525/;2024-09-27;8;3.0;2.0;0.0;0.0;-0.0;-0.0;0.0;0.0;-1.0;-0.0;0.0;0.0;-0.0;0.0;4.0
M. Engels;/players/mario-engels/243044/;2024-09-27;8;3.0;2.0;0.0;0.0;-0.0;-0.0;9.0;0.0;0.0;-0.0;0.0;0.0;-0.0;0.0;14.0
D. van Kaam;/players/daniel-van-kaam/477595/;2024-09-27;8;3.0;2.0;0.0;0.0;-0.0;-0.0;0.0;5.0;0.0;-0.0;0.0;0.0;-0.0;0.0;10.0
B. De Keersmaecker;/players/brian-de-keersmaecker/605558/;2024-09-27;8;3.0;2.0;0.0;0.0;-0.0;-0.0;0.0;0.0;0.0;-0.0;0.0;0.0;-0.0;0.0;5.0
S. ’t Zand;/players/shiloh-t-zand/824640/;2024-09-27;8;3.0;2.0;0.0;0.0;-0.0;-0.0;0.0;0.0;0.0;-0.0;0.0;0.0;-0.0;0.0;5.0
S. Podgoreanu;/players/suf-podgoreanu/509673/;2024-09-27;8;1.9;1.27;0.0;0.0;-2.0;-0.0;0.0;0.0;0.0;-0.0;0.0;0.0;-0.0;0.0;1.17
L. Kulenović;/players/luka-kulenovi/631882/;2024-09-27;8;2.4;1.6;0.0;0.0;-0.0;-0.0;0.0;0.0;0.0;-0.0;0.0;0.0;-0.0;0.0;4.0
J. Talvitie;/players/juho-talvitie/701365/;2024-09-27;8;1.1;0.73;0.0;0.0;-0.0;-0.0;0.0;0.0;0.0;-0.0;0.0;0.0;-0.0;0.0;1.83
J. Hornkamp;/players/jizz-hornkamp/526566/;2024-09-27;8;0.6;0.4;0.0;0.0;-0.0;-0.0;0.0;0.0;0.0;-0.0;0.0;0.0;-0.0;0.0;1.0
T. Bruns for S. ’t Zand 72';/players/thomas-bruns/168503/;2024-09-27;8;0.0;0.0;0.0;0.0;-0.0;-0.0;0.0;5.0;0.0;-0.0;0.0;0.0;-0.0;0.0;5.0
J. Hoogma;/players/justin-hoogma/432697/;2024-09-27;8;0.0;0.0;0.0;0.0;-0.0;-0.0;0.0;0.0;-0.0;-0.0;0.0;0.0;-0.0;0.0;0.0
K. Leerdam;/players/kelvin-leerdam/68354/;2024-09-27;8;0.0;0.0;0.0;0.0;-0.0;-0.0;0.0;0.0;-0.0;-0.0;0.0;0.0;-0.0;0.0;0.0
R. Mantel;/players/robin-mantel/502712/;2024-09-27;8;0.0;0.0;0.0;0.0;-0.0;-0.0;0.0;0.0;-0.0;-0.0;0.0;0.0;-0.0;0.0;0.0
J. Bruijn;/players/jordy-bruijn/314251/;2024-09-27;8;0.0;0.0;0.0;0.0;-0.0;-0.0;0.0;0.0;0.0;-0.0;0.0;0.0;-0.0;0.0;0.0
J. Wieckhoff;/players/jannes-luca-wieckhoff/497167/;2024-09-27;8;0.0;0.0;0.0;0.0;-0.0;-0.0;0.0;0.0;-0.0;-0.0;0.0;0.0;-0.0;0.0;0.0
L. Milani;/players/lorenzo-milani/664147/;2024-09-27;8;0.0;0.0;0.0;0.0;-0.0;-0.0;0.0;0.0;-0.0;-0.0;0.0;0.0;-0.0;0.0;0.0
T. Jansink;/players/timo-jansink/632823/;2024-09-27;8;0.0;0.0;0.0;0.0;-0.0;-0.0;0.0;0.0;-0.0;-0.0;0.0;0.0;-0.0;0.0;0.0
M. van der Hart;/players/mickey-van-der-hart/218009/;2024-09-27;8;3.0;0.0;0.0;0.0;-0.0;-0.0;0.0;0.0;-2.0;-0.0;0.0;0.0;-0.0;0.0;1.0
P. Bochniewicz;/players/pawe-bochniewicz/273911/;2024-09-27;8;3.0;0.0;0.0;0.0;-0.0;-0.0;0.0;0.0;-2.0;-0.0;0.0;0.0;-0.0;0.0;1.0
M. Köhlert;/players/mats-kohlert/400423/;2024-09-27;8;3.0;0.0;0.0;0.0;-0.0;-0.0;0.0;0.0;-2.0;-0.0;0.0;0.0;-0.0;0.0;1.0
N. Hopland;/players/nikolai-soyset-hopland/703339/;2024-09-27;8;2.3;0.0;0.0;0.0;-0.0;-0.0;0.0;0.0;-1.0;-0.0;0.0;0.0;-0.0;0.0;1.3
O. Braude;/players/oliver-johansen-braude/794018/;2024-09-27;8;2.0;0.0;0.0;0.0;-2.0;-0.0;0.0;0.0;-1.0;-0.0;0.0;0.0;-0.0;0.0;-1.0
A. Condé;/players/amara-conde/310101/;2024-09-27;8;1.53;0.0;0.0;0.0;-0.0;-0.0;0.0;0.0;0.0;-0.0;0.0;0.0;-0.0;0.0;1.53
L. Brouwers;/players/luuk-brouwers/402458/;2024-09-27;8;3.0;0.0;0.0;0.0;-0.0;-0.0;0.0;0.0;0.0;-0.0;0.0;0.0;-0.0;0.0;3.0
S. Olsson;/players/simon-olsson/423888/;2024-09-27;8;2.0;0.0;0.0;0.0;-0.0;-0.0;0.0;0.0;0.0;-0.0;0.0;0.0;-0.0;0.0;2.0
J. Trenskow;/players/jacob-trenskow/672937/;2024-09-27;8;3.0;0.0;0.0;0.0;-0.0;-0.0;0.0;4.0;0.0;-0.0;0.0;0.0;-0.0;0.0;7.0
I. Sebaoui;/players/ilias-sebaoui/797954/;2024-09-27;8;3.0;0.0;0.0;0.0;-0.0;-0.0;0.0;0.0;0.0;-0.0;0.0;0.0;-0.0;0.0;3.0
D. Rallis;/players/dimitris-rallis/982464/;2024-09-27;8;;;;;;;;;;;;;;;0.0
E. van Ee;/players/espen-van-ee/921919/;2024-09-27;8;1.47;0.0;0.0;0.0;-0.0;-0.0;0.0;0.0;0.0;-0.0;0.0;0.0;-0.0;0.0;1.47
D. Hall;/players/denzel-hall/508910/;2024-09-27;8;1.0;0.0;0.0;0.0;-0.0;-0.0;0.0;0.0;-1.0;-0.0;0.0;0.0;-0.0;0.0;0.0
L. Smans;/players/levi-smans/757104/;2024-09-27;8;1.0;0.0;0.0;0.0;-0.0;-0.0;0.0;0.0;0.0;-0.0;0.0;0.0;-0.0;0.0;1.0
S. Kersten;/players/sam-kersten/453644/;2024-09-27;8;0.7;0.0;0.0;0.0;-0.0;-0.0;0.0;0.0;-1.0;-0.0;0.0;0.0;-0.0;0.0;-0.3
D. Karlsbakk;/players/daniel-seland-karlsbakk/629619/;2024-09-27;8;0.63;0.0;0.0;0.0;-2.0;-0.0;0.0;0.0;0.0;-0.0;0.0;0.0;-0.0;0.0;-1.37
I. Ahmed;/players/isaiah-ahmed/982466/;2024-09-27;8;0.0;0.0;0.0;0.0;-0.0;-0.0;0.0;0.0;0.0;-0.0;0.0;0.0;-0.0;0.0;0.0
Hussein Ali;/players/hussein-ali/573309/;2024-09-27;8;0.0;0.0;0.0;0.0;-0.0;-0.0;0.0;0.0;-0.0;-0.0;0.0;0.0;-0.0;0.0;0.0
C. Nunnely;/players/che-nunnely/423827/;2024-09-27;8;0.0;0.0;0.0;0.0;-0.0;-0.0;0.0;0.0;0.0;-0.0;0.0;0.0;-0.0;0.0;0.0
M. Milovanović;/players/mateja-milovanovic/783196/;2024-09-27;8;0.0;0.0;0.0;0.0;-0.0;-0.0;0.0;0.0;-0.0;-0.0;0.0;0.0;-0.0;0.0;0.0
B. Klaverboer;/players/bernt-klaverboer/645513/;2024-09-27;8;0.0;0.0;0.0;0.0;-0.0;-0.0;0.0;0.0;-0.0;-0.0;0.0;0.0;-0.0;0.0;0.0
A. Noppert;/players/andries-noppert/300862/;2024-09-27;8;0.0;0.0;0.0;0.0;-0.0;-0.0;0.0;0.0;-0.0;-0.0;0.0;0.0;-0.0;0.0;0.0
R. Roefs;/players/robin-roefs/636190/;2024-09-28;8;3.0;0.0;1.0;0.0;-0.0;-0.0;0.0;0.0;-1.0;-0.0;0.0;0.0;-0.0;0.0;3.0
B. Nuytinck;/players/bram-nuytinck/86442/;2024-09-28;8;3.0;0.0;1.0;0.0;-0.0;-0.0;0.0;0.0;-1.0;-0.0;0.0;0.0;-0.0;0.0;3.0
C. Verdonk;/players/calvin-verdonk/319288/;2024-09-28;8;3.0;0.0;1.0;0.0;-0.0;-0.0;0.0;0.0;-1.0;-0.0;0.0;0.0;-0.0;0.0;3.0
Iván Márquez;/players/ivan-marquez-alvarez/352663/;2024-09-28;8;3.0;0.0;1.0;0.0;-0.0;-0.0;0.0;0.0;-1.0;-0.0;0.0;0.0;-0.0;0.0;3.0
T. Ouwejan;/players/thomas-ouwejan/407740/;2024-09-28;8;3.0;0.0;1.0;0.0;-0.0;-0.0;0.0;0.0;-1.0;-0.0;0.0;0.0;-0.0;0.0;3.0
B. Pereira;/players/brayann-pereira/640596/;2024-09-28;8;3.0;0.0;1.0;0.0;-0.0;-0.0;0.0;0.0;-1.0;-0.0;0.0;0.0;-0.0;0.0;3.0
M. Hoedemakers;/players/mees-hoedemakers/465082/;2024-09-28;8;3.0;0.0;1.0;0.0;-0.0;-0.0;0.0;0.0;0.0;-0.0;0.0;0.0;-0.0;0.0;4.0
Róber;/players/roberto-gonzalez-bayon/500171/;2024-09-28;8;2.33;0.0;0.78;0.0;-0.0;-0.0;0.0;0.0;0.0;-0.0;0.0;0.0;-0.0;0.0;3.11
D. Proper;/players/dirk-proper/525939/;2024-09-28;8;1.53;0.0;0.51;0.0;-0.0;-0.0;0.0;0.0;0.0;-0.0;0.0;0.0;-0.0;0.0;2.04
K. Ogawa;/players/koki-ogawa/435835/;2024-09-28;8;3.0;0.0;1.0;0.0;-0.0;-0.0;0.0;0.0;0.0;-0.0;0.0;0.0;-0.0;0.0;4.0
S. Hansen;/players/sontje-hansen/508823/;2024-09-28;8;1.93;0.0;0.64;0.0;-0.0;-0.0;8.0;0.0;0.0;-0.0;0.0;0.0;-0.0;0.0;10.58
L. Schöne;/players/lasse-schone/17366/;2024-09-28;8;1.47;0.0;0.49;0.0;-0.0;-0.0;0.0;0.0;0.0;-0.0;0.0;0.0;-0.0;0.0;1.96
S. Ouaissa;/players/sami-ouaissa/856399/;2024-09-28;8;1.07;0.0;0.36;0.0;-0.0;-0.0;0.0;0.0;0.0;-0.0;0.0;0.0;-0.0;0.0;1.42
B. Önal;/players/basar-onal/822550/;2024-09-28;8;0.67;0.0;0.22;0.0;-2.0;-0.0;0.0;0.0;0.0;-0.0;0.0;0.0;-0.0;0.0;-1.11
L. Lyratzis;/players/eleutherios-lyratzis/463371/;2024-09-28;8;0.0;0.0;0.0;0.0;-0.0;-0.0;0.0;0.0;-0.0;-0.0;0.0;0.0;-0.0;0.0;0.0
S. van Gassel;/players/stijn-van-gassel/323665/;2024-09-28;8;0.0;0.0;0.0;0.0;-0.0;-0.0;0.0;0.0;-0.0;-0.0;0.0;0.0;-0.0;0.0;0.0
R. Janse;/players/rijk-janse/632550/;2024-09-28;8;0.0;0.0;0.0;0.0;-0.0;-0.0;0.0;0.0;-0.0;-0.0;0.0;0.0;-0.0;0.0;0.0
K. Shiogai;/players/kento-shiogai/910330/;2024-09-28;8;0.0;0.0;0.0;0.0;-0.0;-0.0;0.0;0.0;0.0;-0.0;0.0;0.0;-0.0;0.0;0.0
A. Darellas;/players/argyrios-darelas/637189/;2024-09-28;8;0.0;0.0;0.0;0.0;-0.0;-0.0;0.0;0.0;0.0;-0.0;0.0;0.0;-0.0;0.0;0.0
T. Wellenreuther;/players/timon-wellenreuther/258964/;2024-09-28;8;3.0;0.0;1.0;0.0;-0.0;-0.0;0.0;0.0;-1.0;-0.0;0.0;0.0;-0.0;0.0;3.0
D. Hancko;/players/david-hancko/391059/;2024-09-28;8;3.0;0.0;1.0;0.0;-0.0;-0.0;0.0;0.0;-1.0;-0.0;0.0;0.0;-0.0;0.0;3.0
J. Lotomba;/players/jordan-lotomba/405870/;2024-09-28;8;3.0;0.0;1.0;0.0;-0.0;-0.0;12.0;0.0;-1.0;-0.0;0.0;0.0;-0.0;0.0;15.0
G. Smal;/players/gijs-smal/508760/;2024-09-28;8;1.9;0.0;0.63;0.0;-0.0;-0.0;0.0;0.0;-1.0;-0.0;0.0;0.0;-0.0;0.0;1.53
T. Beelen;/players/thomas-beelen/760998/;2024-09-28;8;3.0;0.0;1.0;0.0;-2.0;-0.0;0.0;0.0;-1.0;-0.0;0.0;0.0;-0.0;0.0;1.0
Hwang In-Beom;/players/in-beom-hwang/400101/;2024-09-28;8;3.0;0.0;1.0;0.0;-0.0;-0.0;0.0;0.0;0.0;-0.0;0.0;0.0;-0.0;0.0;4.0
Q. Timber;/players/quinten-maduro/463017/;2024-09-28;8;3.0;0.0;1.0;0.0;-0.0;-0.0;0.0;0.0;0.0;-0.0;0.0;0.0;-0.0;0.0;4.0
A. Milambo;/players/antoni-djibu-milambo/736392/;2024-09-28;8;1.93;0.0;0.64;0.0;-0.0;-0.0;0.0;0.0;0.0;-0.0;0.0;0.0;-0.0;0.0;2.58
A. Ueda;/players/ayase-ueda/551425/;2024-09-28;8;3.0;0.0;1.0;0.0;-0.0;-0.0;0.0;0.0;0.0;-0.0;0.0;0.0;-0.0;0.0;4.0
Igor Paixão;/players/igor-guilherme-barbosa-da-paixao/593041/;2024-09-28;8;2.6;0.0;0.87;0.0;-0.0;-0.0;0.0;0.0;0.0;-0.0;0.0;0.0;-0.0;0.0;3.47
I. Osman;/players/ibrahim-osman/682733/;2024-09-28;8;2.3;0.0;0.77;0.0;-0.0;-0.0;0.0;0.0;0.0;-0.0;0.0;0.0;-0.0;0.0;3.07
Hugo Bueno;/players/hugo-bueno/624935/;2024-09-28;8;1.1;0.0;0.37;0.0;-0.0;-0.0;0.0;0.0;-0.0;-0.0;0.0;0.0;-0.0;0.0;1.47
C. Nadje;/players/chris-kevin-nadje/667108/;2024-09-28;8;1.07;0.0;0.36;0.0;-0.0;-0.0;0.0;0.0;0.0;-0.0;0.0;0.0;-0.0;0.0;1.42
A. Hadj Moussa;/players/anis--hadj-moussa/755639/;2024-09-28;8;0.7;0.0;0.23;0.0;-0.0;-0.0;0.0;0.0;0.0;-0.0;0.0;0.0;-0.0;0.0;0.93
J. Carranza;/players/julian-carranza/475791/;2024-09-28;8;0.4;0.0;0.13;0.0;-0.0;-0.0;0.0;0.0;0.0;-0.0;0.0;0.0;-0.0;0.0;0.53
P. Andreev;/players/plamen-andreev/708730/;2024-09-28;8;0.0;0.0;0.0;0.0;-0.0;-0.0;0.0;0.0;-0.0;-0.0;0.0;0.0;-0.0;0.0;0.0
G. Zechiël;/players/gjivai-zechiel/864326/;2024-09-28;8;0.0;0.0;0.0;0.0;-0.0;-0.0;0.0;0.0;0.0;-0.0;0.0;0.0;-0.0;0.0;0.0
G. Read;/players/givairo-read/821635/;2024-09-28;8;0.0;0.0;0.0;0.0;-0.0;-0.0;0.0;0.0;-0.0;-0.0;0.0;0.0;-0.0;0.0;0.0
F. González;/players/facundo-gonzalez-molino/673756/;2024-09-28;8;0.0;0.0;0.0;0.0;-0.0;-0.0;0.0;0.0;-0.0;-0.0;0.0;0.0;-0.0;0.0;0.0
G. Trauner;/players/gernot-trauner/135546/;2024-09-28;8;0.0;0.0;0.0;0.0;-0.0;-0.0;0.0;0.0;-0.0;-0.0;0.0;0.0;-0.0;0.0;0.0
L. Ivanušec;/players/luka-ivanuec/424605/;2024-09-28;8;0.0;0.0;0.0;0.0;-0.0;-0.0;0.0;0.0;0.0;-0.0;0.0;0.0;-0.0;0.0;0.0
J. Bijlow;/players/justin-bijlow/340393/;2024-09-28;8;0.0;0.0;0.0;0.0;-0.0;-0.0;0.0;0.0;-0.0;-0.0;0.0;0.0;-0.0;0.0;0.0
R. Zerrouki;/players/ramiz-larbi-zerrouki/621348/;2024-09-28;8;0.0;0.0;0.0;0.0;-0.0;-0.0;0.0;0.0;0.0;-0.0;0.0;0.0;-0.0;0.0;0.0
N. Olij;/players/nick-olij/235322/;2024-09-28;8;3.0;0.0;1.0;0.0;-2.0;-0.0;0.0;0.0;-1.0;-0.0;0.0;0.0;-0.0;0.0;1.0
B. Reith;/players/boyd-reith/427038/;2024-09-28;8;3.0;0.0;1.0;0.0;-0.0;-0.0;0.0;0.0;-1.0;-0.0;0.0;0.0;-0.0;0.0;3.0
M. Eerdhuijzen;/players/mike--eerdhuijzen/537301/;2024-09-28;8;3.0;0.0;1.0;0.0;-0.0;-0.0;0.0;0.0;-1.0;-0.0;0.0;0.0;-0.0;0.0;3.0
T. Quintero;/players/teo-quintero/565562/;2024-09-28;8;3.0;0.0;1.0;0.0;-0.0;-0.0;12.0;0.0;-1.0;-0.0;0.0;0.0;-0.0;0.0;15.0
D. van der Kust;/players/djevencio-van-der-kust/569309/;2024-09-28;8;3.0;0.0;1.0;0.0;-0.0;-0.0;0.0;0.0;-1.0;-0.0;0.0;0.0;-0.0;0.0;3.0
A. Verschueren;/players/arno-vershueren/319385/;2024-09-28;8;3.0;0.0;1.0;0.0;-0.0;-0.0;0.0;0.0;0.0;-0.0;0.0;0.0;-0.0;0.0;4.0
P. Clement;/players/pelle-clement/379793/;2024-09-28;8;3.0;0.0;1.0;0.0;-0.0;-0.0;0.0;5.0;0.0;-0.0;0.0;0.0;-0.0;0.0;9.0
J. Kitolano;/players/joshua-gaston-kitolano/517475/;2024-09-28;8;2.03;0.0;0.68;0.0;-0.0;-0.0;0.0;0.0;0.0;-0.0;0.0;0.0;-0.0;0.0;2.71
M. Nassoh;/players/mohamed-nassoh/680659/;2024-09-28;8;2.57;0.0;0.86;0.0;-0.0;-0.0;0.0;0.0;0.0;-0.0;0.0;0.0;-0.0;0.0;3.42
T. Lauritsen;/players/tobias-lauritsen/406745/;2024-09-28;8;3.0;0.0;1.0;0.0;-0.0;-0.0;0.0;0.0;0.0;-0.0;0.0;0.0;-0.0;0.0;4.0
C. Neghli;/players/camiel-neghli/680707/;2024-09-28;8;3.0;0.0;1.0;0.0;-0.0;-0.0;0.0;0.0;0.0;-0.0;0.0;0.0;-0.0;0.0;4.0
Metinho;/players/abemly-meto-silu/691959/;2024-09-28;8;0.97;0.0;0.32;0.0;-0.0;-0.0;0.0;0.0;0.0;-0.0;0.0;0.0;-0.0;0.0;1.29
S. Mito;/players/shunsuke-mito/640252/;2024-09-28;8;0.43;0.0;0.14;0.0;-0.0;-0.0;0.0;0.0;0.0;-0.0;0.0;0.0;-0.0;0.0;0.58
J. Baas;/players/julian-baas/663406/;2024-09-28;8;0.0;0.0;0.0;0.0;-0.0;-0.0;0.0;0.0;0.0;-0.0;0.0;0.0;-0.0;0.0;0.0
K. Reitmaier;/players/kaylen-jermaine-danny-reitmaier/674708/;2024-09-28;8;0.0;0.0;0.0;0.0;-0.0;-0.0;0.0;0.0;-0.0;-0.0;0.0;0.0;-0.0;0.0;0.0
M. Young;/players/marvin-young/890667/;2024-09-28;8;0.0;0.0;0.0;0.0;-0.0;-0.0;0.0;0.0;-0.0;-0.0;0.0;0.0;-0.0;0.0;0.0
R. Meissen;/players/rick-meissen/571955/;2024-09-28;8;0.0;0.0;0.0;0.0;-0.0;-0.0;0.0;0.0;-0.0;-0.0;0.0;0.0;-0.0;0.0;0.0
S. Bakari;/players/said-bakari/325391/;2024-09-28;8;0.0;0.0;0.0;0.0;-0.0;-0.0;0.0;0.0;-0.0;-0.0;0.0;0.0;-0.0;0.0;0.0
Y. Schoonderwaldt;/players/youri-youri-schoonderwaldt/537694/;2024-09-28;8;0.0;0.0;0.0;0.0;-0.0;-0.0;0.0;0.0;-0.0;-0.0;0.0;0.0;-0.0;0.0;0.0
M. Kleijn;/players/mike-kleijn/778111/;2024-09-28;8;0.0;0.0;0.0;0.0;-0.0;-0.0;0.0;0.0;-0.0;-0.0;0.0;0.0;-0.0;0.0;0.0
C. Brym;/players/charles-andreas-brym/538704/;2024-09-28;8;0.0;0.0;0.0;0.0;-0.0;-0.0;0.0;0.0;0.0;-0.0;0.0;0.0;-0.0;0.0;0.0
J. de Guzmán;/players/jonathan-alexander-de-guzman/2259/;2024-09-28;8;0.0;0.0;0.0;0.0;-0.0;-0.0;0.0;0.0;0.0;-0.0;0.0;0.0;-0.0;0.0;0.0
M. Branderhorst;/players/mathijs-branderhorst/175358/;2024-09-28;8;3.0;0.0;1.0;0.0;-2.0;-0.0;0.0;0.0;-1.0;-0.0;0.0;0.0;-0.0;0.0;1.0
Ivo Pinto;/players/ivo-pinto/86672/;2024-09-28;8;3.0;0.0;1.0;0.0;-0.0;-0.0;0.0;6.0;-1.0;-0.0;0.0;0.0;-0.0;0.0;9.0
Rodrigo Guth;/players/rodrigo-guth/475116/;2024-09-28;8;3.0;0.0;1.0;0.0;-2.0;-0.0;0.0;0.0;-1.0;-0.0;0.0;0.0;-0.0;0.0;1.0
J. Dahlhaus;/players/jasper-dahlhaus/567944/;2024-09-28;8;3.0;0.0;1.0;0.0;-0.0;-0.0;0.0;0.0;-1.0;-0.0;0.0;0.0;-0.0;0.0;3.0
S. Adewoye;/players/shawn-adewoye/618207/;2024-09-28;8;3.0;0.0;1.0;0.0;-0.0;-0.0;0.0;0.0;-1.0;-0.0;0.0;0.0;-0.0;0.0;3.0
A. Halilović;/players/alen-halilovi/270136/;2024-09-28;8;3.0;0.0;1.0;0.0;-0.0;-0.0;0.0;0.0;0.0;-0.0;0.0;0.0;-0.0;0.0;4.0
S. Bastien;/players/samuel-bastien/314097/;2024-09-28;8;3.0;0.0;1.0;0.0;-0.0;-0.0;0.0;0.0;0.0;-0.0;0.0;0.0;-0.0;0.0;4.0
L. Rosier;/players/lorentz-rosier/456607/;2024-09-28;8;3.0;0.0;1.0;0.0;-0.0;-0.0;0.0;0.0;0.0;-0.0;0.0;0.0;-0.0;0.0;4.0
E. Bullaude;/players/ezequiel-eduardo-bullaude/577164/;2024-09-28;8;3.0;0.0;1.0;0.0;-0.0;-0.0;9.0;0.0;0.0;-0.0;0.0;0.0;-0.0;0.0;13.0
M. Aïko;/players/makan-aiko/608125/;2024-09-28;8;2.33;0.0;0.78;0.0;-0.0;-0.0;0.0;0.0;0.0;-0.0;0.0;0.0;-0.0;0.0;3.11
R. Fosso;/players/ryan-fosso/637283/;2024-09-28;8;2.8;0.0;0.93;0.0;-0.0;-0.0;0.0;0.0;0.0;-0.0;0.0;0.0;-0.0;0.0;3.73
S. van Ottele;/players/syb-van-ottele/525930/;2024-09-28;8;0.67;0.0;0.22;0.0;-0.0;-0.0;0.0;0.0;-0.0;-0.0;0.0;0.0;-0.0;0.0;0.89
J. Mitrović;/players/josip-mitrovi/482602/;2024-09-28;8;0.2;0.0;0.07;0.0;-0.0;-0.0;0.0;0.0;0.0;-0.0;0.0;0.0;-0.0;0.0;0.27
D. Grujčić;/players/darijo-grujcic/478384/;2024-09-28;8;0.0;0.0;0.0;0.0;-0.0;-0.0;0.0;0.0;-0.0;-0.0;0.0;0.0;-0.0;0.0;0.0
T. Schenkhuizen;/players/tristan-schenkhuizen/970333/;2024-09-28;8;0.0;0.0;0.0;0.0;-0.0;-0.0;0.0;0.0;0.0;-0.0;0.0;0.0;-0.0;0.0;0.0
L. Koopmans;/players/luuk-koopmans/149059/;2024-09-28;8;0.0;0.0;0.0;0.0;-0.0;-0.0;0.0;0.0;-0.0;-0.0;0.0;0.0;-0.0;0.0;0.0
A. Erceg;/players/ante-erceg/137741/;2024-09-28;8;0.0;0.0;0.0;0.0;-0.0;-0.0;0.0;0.0;0.0;-0.0;0.0;0.0;-0.0;0.0;0.0
R. Bayram;/players/ramazan-bayram/965960/;2024-09-28;8;0.0;0.0;0.0;0.0;-0.0;-0.0;0.0;0.0;-0.0;-0.0;0.0;0.0;-0.0;0.0;0.0
L. Tunjić;/players/luka-tunjic/759911/;2024-09-28;8;0.0;0.0;0.0;0.0;-0.0;-0.0;0.0;0.0;0.0;-0.0;0.0;0.0;-0.0;0.0;0.0
M. Dijks;/players/mitchel-dijks/219029/;2024-09-28;8;0.0;0.0;0.0;0.0;-0.0;-0.0;0.0;0.0;-0.0;-0.0;0.0;0.0;-0.0;0.0;0.0
L. Unnerstall;/players/lars-unnerstall/81320/;2024-09-28;8;3.0;2.0;0.0;0.0;-0.0;-0.0;0.0;0.0;-0.0;-0.0;12.0;0.0;-0.0;0.0;17.0
B. Kuipers;/players/bas-edo-kuipers/274649/;2024-09-28;8;2.27;1.51;0.0;0.0;-0.0;-0.0;0.0;0.0;-0.0;-0.0;7.56;0.0;-0.0;0.0;11.33
B. van Rooij;/players/bart-van-rooij/557859/;2024-09-28;8;3.0;2.0;0.0;0.0;-0.0;-0.0;0.0;0.0;-0.0;-0.0;10.0;0.0;-0.0;0.0;15.0
A. Van Hoorenbeeck;/players/alec-van-hoorenbeeck/593523/;2024-09-28;8;3.0;2.0;0.0;0.0;-0.0;-0.0;0.0;0.0;-0.0;-0.0;10.0;0.0;-0.0;0.0;15.0
M. Hilgers;/players/mees-hilgers/627701/;2024-09-28;8;1.53;1.02;0.0;0.0;-0.0;-0.0;0.0;0.0;-0.0;-0.0;5.11;0.0;-0.0;0.0;7.67
M. Vlap;/players/michel-vlap/407742/;2024-09-28;8;1.9;1.27;0.0;0.0;-0.0;-0.0;0.0;0.0;0.0;-0.0;1.9;0.0;-0.0;0.0;5.07
S. Steijn;/players/sem-steijn/560623/;2024-09-28;8;2.77;1.84;0.0;0.0;-0.0;-0.0;0.0;0.0;0.0;-0.0;2.77;0.0;-0.0;0.0;7.38
Y. Regeer;/players/youri-regeer/632221/;2024-09-28;8;3.0;2.0;0.0;0.0;-0.0;-0.0;0.0;0.0;0.0;-0.0;3.0;0.0;-0.0;0.0;8.0
S. Ltaief;/players/sayfallah-ltaief/659735/;2024-09-28;8;1.9;1.27;0.0;0.0;-0.0;-0.0;0.0;0.0;0.0;-0.0;1.9;0.0;-0.0;0.0;5.07
R. van Wolfswinkel;/players/ricky-van-wolfswinkel/59407/;2024-09-28;8;3.0;2.0;0.0;0.0;-0.0;-0.0;0.0;0.0;0.0;-0.0;1.0;3.0;-0.0;0.0;9.0
S. Lammers;/players/sam-lammers/407736/;2024-09-28;8;3.0;2.0;0.0;0.0;-0.0;-0.0;0.0;0.0;0.0;-0.0;1.0;0.0;-0.0;0.0;6.0
G. Lagerbielke;/players/gustaf-lagerbielke/500894/;2024-09-28;8;1.47;0.98;0.0;0.0;-0.0;-0.0;0.0;0.0;-0.0;-0.0;4.89;0.0;-0.0;0.0;7.33
C. Eiting;/players/carel-eiting/379791/;2024-09-28;8;1.1;0.73;0.0;0.0;-2.0;-0.0;0.0;0.0;0.0;-0.0;1.1;0.0;-0.0;0.0;0.93
M. van Bergen;/players/mitchell-van-bergen/426574/;2024-09-28;8;1.1;0.73;0.0;0.0;-0.0;-0.0;0.0;0.0;0.0;-0.0;0.37;0.0;-0.0;0.0;2.2
A. Salah-Eddine;/players/anass-salah-eddine/525927/;2024-09-28;8;0.73;0.49;0.0;0.0;-0.0;-0.0;0.0;0.0;-0.0;-0.0;2.44;0.0;-0.0;0.0;3.67
G. Besselink;/players/gijs-besselink/895383/;2024-09-28;8;0.23;0.16;0.0;0.0;-2.0;-0.0;0.0;0.0;0.0;-0.0;0.23;0.0;-0.0;0.0;-1.38
J. Mesbahi;/players/julien-mesbahi/830556/;2024-09-28;8;0.0;0.0;0.0;0.0;-0.0;-0.0;0.0;0.0;-0.0;-0.0;0.0;0.0;-0.0;0.0;0.0
H. Kuster;/players/harrie-kuster/916880/;2024-09-28;8;0.0;0.0;0.0;0.0;-0.0;-0.0;0.0;0.0;0.0;-0.0;0.0;0.0;-0.0;0.0;0.0
P. Tytoń;/players/przemyslaw-tyton/17326/;2024-09-28;8;0.0;0.0;0.0;0.0;-0.0;-0.0;0.0;0.0;-0.0;-0.0;0.0;0.0;-0.0;0.0;0.0
M. Rots;/players/mats-rots/830558/;2024-09-28;8;0.0;0.0;0.0;0.0;-0.0;-0.0;0.0;0.0;-0.0;-0.0;0.0;0.0;-0.0;0.0;0.0
M. Kjølø;/players/mathias-ullereng-kjolo/517477/;2024-09-28;8;0.0;0.0;0.0;0.0;-0.0;-0.0;0.0;0.0;0.0;-0.0;0.0;0.0;-0.0;0.0;0.0
I. El Maach;/players/issam-el-maach/506880/;2024-09-28;8;0.0;0.0;0.0;0.0;-0.0;-0.0;0.0;0.0;-0.0;-0.0;0.0;0.0;-0.0;0.0;0.0
M. Bruns;/players/max-bruns/628828/;2024-09-28;8;0.0;0.0;0.0;0.0;-0.0;-0.0;0.0;0.0;0.0;-0.0;0.0;0.0;-0.0;0.0;0.0
D. Bielica;/players/daniel-bielica/555492/;2024-09-28;8;3.0;0.0;0.0;0.0;-0.0;-0.0;0.0;0.0;-1.0;-0.0;0.0;0.0;-0.0;0.0;2.0
T. Kongolo;/players/terence-kongolo/161296/;2024-09-28;8;1.97;0.0;0.0;0.0;-0.0;-0.0;0.0;0.0;-0.0;-0.0;0.0;0.0;-0.0;0.0;1.97
J. Van den Bergh;/players/jan-van-den-bergh/354185/;2024-09-28;8;3.0;0.0;0.0;0.0;-0.0;-0.0;0.0;0.0;-1.0;-0.0;0.0;0.0;-0.0;0.0;2.0
B. Kemper;/players/boy-kemper/463009/;2024-09-28;8;2.6;0.0;0.0;0.0;-0.0;-0.0;0.0;0.0;-1.0;-0.0;0.0;0.0;-0.0;0.0;1.6
L. Greiml;/players/leo-greiml/517683/;2024-09-28;8;3.0;0.0;0.0;0.0;-0.0;-0.0;0.0;0.0;-1.0;-0.0;0.0;0.0;-0.0;0.0;2.0
C. Valerius;/players/cherrion-valerius/947863/;2024-09-28;8;1.53;0.0;0.0;0.0;-2.0;-0.0;0.0;0.0;-0.0;-0.0;0.0;0.0;-0.0;0.0;-0.47
F. Oldrup Jensen;/players/fredrik-oldrup-jensen/231672/;2024-09-28;8;2.6;0.0;0.0;0.0;-0.0;-0.0;0.0;0.0;0.0;-0.0;0.0;0.0;-0.0;0.0;2.6
M. Balard;/players/maximilien-balard/643695/;2024-09-28;8;3.0;0.0;0.0;0.0;-0.0;-0.0;0.0;0.0;0.0;-0.0;0.0;0.0;-0.0;0.0;3.0
K. Kostorz;/players/kacper-kostorz/485378/;2024-09-28;8;3.0;0.0;0.0;0.0;-0.0;-0.0;0.0;0.0;0.0;-0.0;0.0;0.0;-0.0;0.0;3.0
R. Kuijpers;/players/roy-kuijpers/663306/;2024-09-28;8;3.0;0.0;0.0;0.0;-0.0;-0.0;0.0;0.0;0.0;-0.0;0.0;0.0;-0.0;0.0;3.0
L. Sauer;/players/leo-sauer/790415/;2024-09-28;8;2.6;0.0;0.0;0.0;-0.0;-0.0;0.0;0.0;0.0;-0.0;0.0;0.0;-0.0;0.0;2.6
B. Lucassen;/players/boyd-lucassen/453952/;2024-09-28;8;1.47;0.0;0.0;0.0;-2.0;-0.0;0.0;0.0;-1.0;-0.0;0.0;0.0;-0.0;0.0;-1.53
E. Mahmutović;/players/enes-mahmutovic/347775/;2024-09-28;8;1.03;0.0;0.0;0.0;-0.0;-0.0;0.0;0.0;-1.0;-0.0;0.0;0.0;-0.0;0.0;0.03
E. Ómarsson;/players/elias-mar-omarsson/213035/;2024-09-28;8;0.4;0.0;0.0;0.0;-0.0;-0.0;0.0;0.0;0.0;-0.0;0.0;0.0;-0.0;0.0;0.4
Saná Fernandes;/players/sana-fernandes/926017/;2024-09-28;8;0.4;0.0;0.0;0.0;-0.0;-0.0;0.0;0.0;0.0;-0.0;0.0;0.0;-0.0;0.0;0.4
D. Janošek;/players/dominik-janosek/492661/;2024-09-28;8;0.4;0.0;0.0;0.0;-0.0;-0.0;0.0;0.0;0.0;-0.0;0.0;0.0;-0.0;0.0;0.4
M. Garbett;/players/matthew-garbett/577465/;2024-09-28;8;0.0;0.0;0.0;0.0;-0.0;-0.0;0.0;0.0;0.0;-0.0;0.0;0.0;-0.0;0.0;0.0
Manel Royo;/players/manel-royo-castell/354951/;2024-09-28;8;0.0;0.0;0.0;0.0;-0.0;-0.0;0.0;0.0;-0.0;-0.0;0.0;0.0;-0.0;0.0;0.0
C. Leemans;/players/clint-leemans/264397/;2024-09-28;8;0.0;0.0;0.0;0.0;-0.0;-0.0;0.0;0.0;0.0;-0.0;0.0;0.0;-0.0;0.0;0.0
R. Kortsmit;/players/roy-kortsmit/200996/;2024-09-28;8;0.0;0.0;0.0;0.0;-0.0;-0.0;0.0;0.0;-0.0;-0.0;0.0;0.0;-0.0;0.0;0.0
C. Staring;/players/casper-staring/628494/;2024-09-28;8;0.0;0.0;0.0;0.0;-0.0;-0.0;0.0;0.0;0.0;-0.0;0.0;0.0;-0.0;0.0;0.0
A. Kaied;/players/adam-kaied/693342/;2024-09-28;8;0.0;0.0;0.0;0.0;-0.0;-0.0;0.0;0.0;0.0;-0.0;0.0;0.0;-0.0;0.0;0.0
T. Troost;/players/tein-troost/525919/;2024-09-28;8;0.0;0.0;0.0;0.0;-0.0;-0.0;0.0;0.0;-0.0;-0.0;0.0;0.0;-0.0;0.0;0.0
T. Didillon-Hödl;/players/thomas-didillon/259971/;2024-09-28;8;3.0;0.0;0.0;0.0;-0.0;-0.0;0.0;0.0;-2.0;-0.0;0.0;0.0;-0.0;0.0;1.0
M. Tirpan;/players/mickael-tirpan/202469/;2024-09-28;8;3.0;0.0;0.0;0.0;-0.0;-0.0;0.0;0.0;-2.0;-0.0;0.0;0.0;-0.0;0.0;1.0
R. Behounek;/players/raffael-behounek/408747/;2024-09-28;8;3.0;0.0;0.0;0.0;-0.0;-0.0;0.0;0.0;-2.0;-0.0;0.0;0.0;-0.0;0.0;1.0
T. St. Jago;/players/tommy-st-jago/477596/;2024-09-28;8;3.0;0.0;0.0;0.0;-0.0;-0.0;0.0;0.0;-2.0;-0.0;0.0;0.0;-0.0;0.0;1.0
R. Sigurgeirsson;/players/runar-thor-sigurgeirsson/491746/;2024-09-28;8;3.0;0.0;0.0;0.0;-2.0;-0.0;0.0;0.0;-2.0;-0.0;0.0;0.0;-0.0;0.0;-1.0
B. Lambert;/players/lambert-boris/551151/;2024-09-28;8;3.0;0.0;0.0;0.0;-0.0;-0.0;0.0;0.0;-2.0;-0.0;0.0;0.0;-0.0;0.0;1.0
J. Bosch;/players/jesse-bosch/621347/;2024-09-28;8;2.5;0.0;0.0;0.0;-0.0;-0.0;0.0;0.0;0.0;-0.0;0.0;0.0;-0.0;0.0;2.5
R. Meerveld;/players/ringo-meerveld/623815/;2024-09-28;8;3.0;0.0;0.0;0.0;-0.0;-0.0;0.0;0.0;0.0;-0.0;0.0;0.0;-0.0;0.0;3.0
C. Sandra;/players/cisse-sandra/638266/;2024-09-28;8;3.0;0.0;0.0;0.0;-0.0;-0.0;0.0;0.0;0.0;-0.0;0.0;0.0;-0.0;0.0;3.0
N. Doodeman;/players/nick-doodeman/454478/;2024-09-28;8;2.17;0.0;0.0;0.0;-0.0;-0.0;0.0;0.0;0.0;-0.0;0.0;0.0;-0.0;0.0;2.17
K. Vaesen;/players/kyan-vaesen/620620/;2024-09-28;8;3.0;0.0;0.0;0.0;-0.0;-0.0;0.0;0.0;0.0;-0.0;0.0;0.0;-0.0;0.0;3.0
A. Fatah;/players/amar-abdirahman-ahmed/801857/;2024-09-28;8;0.83;0.0;0.0;0.0;-0.0;-0.0;0.0;0.0;0.0;-0.0;0.0;0.0;-0.0;0.0;0.83
E. Kehrer;/players/emilio-kehrer/609627/;2024-09-28;8;0.5;0.0;0.0;0.0;-0.0;-0.0;0.0;0.0;0.0;-0.0;0.0;0.0;-0.0;0.0;0.5
M. Pivaš;/players/miodrag-pivas/745852/;2024-09-28;8;0.0;0.0;0.0;0.0;-0.0;-0.0;0.0;0.0;-0.0;-0.0;0.0;0.0;-0.0;0.0;0.0
R. Nizet;/players/rob-nizet/575071/;2024-09-28;8;0.0;0.0;0.0;0.0;-0.0;-0.0;0.0;0.0;-0.0;-0.0;0.0;0.0;-0.0;0.0;0.0
P. Joosten;/players/patrick-joosten/394561/;2024-09-28;8;0.0;0.0;0.0;0.0;-0.0;-0.0;0.0;0.0;0.0;-0.0;0.0;0.0;-0.0;0.0;0.0
V. Vermeulen;/players/valentino-vermeulen/523467/;2024-09-28;8;0.0;0.0;0.0;0.0;-0.0;-0.0;0.0;0.0;-0.0;-0.0;0.0;0.0;-0.0;0.0;0.0
J. Bokila;/players/jeremy-bokila/49538/;2024-09-28;8;0.0;0.0;0.0;0.0;-0.0;-0.0;0.0;0.0;0.0;-0.0;0.0;0.0;-0.0;0.0;0.0
A. Lachkar;/players/amine-lachkar/876151/;2024-09-28;8;0.0;0.0;0.0;0.0;-0.0;-0.0;0.0;0.0;-0.0;-0.0;0.0;0.0;-0.0;0.0;0.0
J. Mathijsen;/players/jens-mathijsen/982233/;2024-09-28;8;0.0;0.0;0.0;0.0;-0.0;-0.0;0.0;0.0;-0.0;-0.0;0.0;0.0;-0.0;0.0;0.0
K. Razak;/players/khaled-razak/882843/;2024-09-28;8;0.0;0.0;0.0;0.0;-0.0;-0.0;0.0;0.0;0.0;-0.0;0.0;0.0;-0.0;0.0;0.0
P. van Loon;/players/per-van-loon/982232/;2024-09-28;8;;;;;;;;;;;;;;;0.0
C. van den Berg;/players/connor-van-den-berg/569426/;2024-09-28;8;0.0;0.0;0.0;0.0;-0.0;-0.0;0.0;0.0;-0.0;-0.0;0.0;0.0;-0.0;0.0;0.0
W. Benítez;/players/walter-benitez/210145/;2024-09-28;8;3.0;2.0;0.0;0.0;-0.0;-0.0;0.0;0.0;-0.0;-0.0;12.0;0.0;-0.0;0.0;17.0
O. Boscagli;/players/olivier-boscagli/329542/;2024-09-28;8;3.0;2.0;0.0;0.0;-0.0;-0.0;0.0;0.0;-0.0;-0.0;10.0;0.0;-0.0;0.0;15.0
Mauro Júnior;/players/mauro-jaqueson-junior-ferreira-dos-santos/398754/;2024-09-28;8;1.53;1.02;0.0;0.0;-0.0;-0.0;0.0;0.0;-0.0;-0.0;5.11;0.0;-0.0;0.0;7.67
R. Flamingo;/players/ryan-flamingo/627724/;2024-09-28;8;3.0;2.0;0.0;0.0;-0.0;-0.0;0.0;0.0;-0.0;-0.0;10.0;0.0;-0.0;0.0;15.0
M. Dams;/players/matteo-dams/805736/;2024-09-28;8;3.0;2.0;0.0;0.0;-2.0;-0.0;0.0;0.0;-0.0;-0.0;10.0;0.0;-0.0;0.0;13.0
J. Schouten;/players/jerdy-schouten/448432/;2024-09-28;8;3.0;2.0;0.0;0.0;-0.0;-0.0;0.0;0.0;0.0;-0.0;3.0;0.0;-0.0;0.0;8.0
G. Til;/players/guus-til/451981/;2024-09-28;8;2.17;1.44;0.0;0.0;-0.0;-0.0;0.0;0.0;0.0;-0.0;2.17;0.0;-0.0;0.0;5.78
J. Veerman;/players/joey--veerman/459312/;2024-09-28;8;2.37;1.58;0.0;0.0;-0.0;-0.0;0.0;5.0;0.0;-0.0;2.37;0.0;-0.0;0.0;11.31
M. Tillman;/players/malik-tillman/561787/;2024-09-28;8;1.53;1.02;0.0;0.0;-0.0;-0.0;0.0;0.0;0.0;-0.0;1.53;0.0;-0.0;0.0;4.09
I. Perišić;/players/ivan-perisic/13756/;2024-09-28;8;2.17;1.44;0.0;0.0;-2.0;-0.0;0.0;0.0;0.0;-0.0;0.72;0.0;-0.0;0.0;2.33
R. Pepi;/players/ricardo-pepi/523964/;2024-09-28;8;3.0;2.0;0.0;0.0;-0.0;-0.0;16.0;0.0;0.0;-0.0;1.0;0.0;-0.0;0.0;22.0
R. Karsdorp;/players/rick-karsdorp/322327/;2024-09-28;8;1.47;0.98;0.0;0.0;-0.0;-0.0;0.0;6.0;-0.0;-0.0;4.89;0.0;-0.0;0.0;13.33
N. Lang;/players/noa-lang/463018/;2024-09-28;8;1.47;0.98;0.0;0.0;-0.0;-0.0;0.0;0.0;0.0;-0.0;0.49;0.0;-0.0;0.0;2.93
J. Bakayoko;/players/johan-bakayoko/638229/;2024-09-28;8;0.83;0.56;0.0;0.0;-0.0;-0.0;0.0;0.0;0.0;-0.0;0.28;0.0;-0.0;0.0;1.67
I. Saibari;/players/ismael-saibari/632481/;2024-09-28;8;0.83;0.56;0.0;0.0;-0.0;-0.0;0.0;0.0;0.0;-0.0;0.83;0.0;-0.0;0.0;2.22
I. Babadi;/players/isaac-babadi/700867/;2024-09-28;8;0.63;0.42;0.0;0.0;-0.0;-0.0;0.0;0.0;0.0;-0.0;0.63;0.0;-0.0;0.0;1.69
A. Nagalo;/players/adamo-nagalo/694208/;2024-09-28;8;0.0;0.0;0.0;0.0;-0.0;-0.0;0.0;0.0;-0.0;-0.0;0.0;0.0;-0.0;0.0;0.0
J. Drommel;/players/joel-drommel/355869/;2024-09-28;8;0.0;0.0;0.0;0.0;-0.0;-0.0;0.0;0.0;-0.0;-0.0;0.0;0.0;-0.0;0.0;0.0
N. Schiks;/players/niek-schiks/643502/;2024-09-28;8;0.0;0.0;0.0;0.0;-0.0;-0.0;0.0;0.0;-0.0;-0.0;0.0;0.0;-0.0;0.0;0.0
L. de Jong;/players/luuk-de-jong/65056/;2024-09-28;8;0.0;0.0;0.0;0.0;-0.0;-0.0;0.0;0.0;0.0;-0.0;0.0;0.0;-0.0;0.0;0.0
T. Land;/players/tygo-land/830551/;2024-09-28;8;0.0;0.0;0.0;0.0;-0.0;-0.0;0.0;0.0;0.0;-0.0;0.0;0.0;-0.0;0.0;0.0
C. Driouech;/players/couhaib-driouech/632812/;2024-09-28;8;0.0;0.0;0.0;0.0;-0.0;-0.0;0.0;0.0;0.0;-0.0;0.0;0.0;-0.0;0.0;0.0
A. Obispo;/players/armando-obispo/426581/;2024-09-28;8;0.0;0.0;0.0;0.0;-0.0;-0.0;0.0;0.0;-0.0;-0.0;0.0;0.0;-0.0;0.0;0.0
E. Vaessen;/players/etienne-vaessen/408572/;2024-09-29;8;3.0;0.0;0.0;0.0;-0.0;-0.0;0.0;0.0;-1.0;-0.0;0.0;0.0;-0.0;0.0;2.0
L. Bacuna;/players/leandro-bacuna/88003/;2024-09-29;8;3.0;0.0;0.0;0.0;-0.0;-0.0;0.0;0.0;0.0;-0.0;0.0;0.0;-0.0;0.0;3.0
T. Blokzijl;/players/thijmen-blokzijl/703893/;2024-09-29;8;3.0;0.0;0.0;0.0;-0.0;-0.0;0.0;0.0;-1.0;-0.0;0.0;0.0;-0.0;0.0;2.0
F. Stam;/players/finn-stam/736439/;2024-09-29;8;3.0;0.0;0.0;0.0;-0.0;-0.0;0.0;0.0;-1.0;-0.0;0.0;0.0;-0.0;0.0;2.0
W. Prins;/players/wouter-prins/930296/;2024-09-29;8;2.63;0.0;0.0;0.0;-2.0;-0.0;0.0;0.0;-1.0;-0.0;0.0;0.0;-0.0;0.0;-0.37
J. Hove;/players/johan-hove/444353/;2024-09-29;8;3.0;0.0;0.0;0.0;-0.0;-0.0;0.0;0.0;0.0;-0.0;0.0;0.0;-0.0;0.0;3.0
S. Resink;/players/stije-resink/681459/;2024-09-29;8;1.53;0.0;0.0;0.0;-0.0;-0.0;0.0;0.0;0.0;-0.0;0.0;0.0;-0.0;0.0;1.53
L. Valente;/players/luciano-valente/703884/;2024-09-29;8;2.63;0.0;0.0;0.0;-2.0;-0.0;0.0;0.0;0.0;-0.0;0.0;0.0;-0.0;0.0;0.63
J. Schreuders;/players/jorg-schreuders/877779/;2024-09-29;8;2.17;0.0;0.0;0.0;-0.0;-0.0;0.0;0.0;0.0;-0.0;0.0;0.0;-0.0;0.0;2.17
R. Postema;/players/romano-postema/625358/;2024-09-29;8;2.17;0.0;0.0;0.0;-0.0;-0.0;0.0;0.0;0.0;-0.0;0.0;0.0;-0.0;0.0;2.17
T. van Bergen;/players/thom-van-bergen/873104/;2024-09-29;8;3.0;0.0;0.0;0.0;-0.0;-0.0;0.0;0.0;0.0;-0.0;0.0;0.0;-0.0;0.0;3.0
J. Pelupessy;/players/joey-pelupessy/197572/;2024-09-29;8;1.47;0.0;0.0;0.0;-0.0;-0.0;0.0;0.0;0.0;-0.0;0.0;0.0;-0.0;0.0;1.47
T. Oosting;/players/thijs-oosting/477591/;2024-09-29;8;0.83;0.0;0.0;0.0;-0.0;-0.0;0.0;0.0;0.0;-0.0;0.0;0.0;-0.0;0.0;0.83
Rui Mendes;/players/rui-jorge-monteiro-mendes/453390/;2024-09-29;8;0.83;0.0;0.0;0.0;-0.0;-0.0;0.0;0.0;0.0;-0.0;0.0;0.0;-0.0;0.0;0.83
M. Mariani;/players/maxim-mariani/888265/;2024-09-29;8;0.37;0.0;0.0;0.0;-0.0;-0.0;0.0;0.0;-0.0;-0.0;0.0;0.0;-0.0;0.0;0.37
N. Emeran;/players/noam-emeran/671004/;2024-09-29;8;0.37;0.0;0.0;0.0;-0.0;-0.0;0.0;0.0;0.0;-0.0;0.0;0.0;-0.0;0.0;0.37
H. Jurjus;/players/hidde-jurjus/301076/;2024-09-29;8;0.0;0.0;0.0;0.0;-0.0;-0.0;0.0;0.0;-0.0;-0.0;0.0;0.0;-0.0;0.0;0.0
D. Baron;/players/dirk-baron/821647/;2024-09-29;8;0.0;0.0;0.0;0.0;-0.0;-0.0;0.0;0.0;-0.0;-0.0;0.0;0.0;-0.0;0.0;0.0
F. Turay;/players/fofin-turay/909656/;2024-09-29;8;0.0;0.0;0.0;0.0;-0.0;-0.0;0.0;0.0;0.0;-0.0;0.0;0.0;-0.0;0.0;0.0
S. Bouland;/players/sven-bouland/948734/;2024-09-29;8;0.0;0.0;0.0;0.0;-0.0;-0.0;0.0;0.0;-0.0;-0.0;0.0;0.0;-0.0;0.0;0.0
L. Plogmann;/players/luca-plogmann/470121/;2024-09-29;8;3.0;2.0;0.0;0.0;-0.0;-0.0;0.0;0.0;-0.0;-0.0;12.0;0.0;-0.0;0.0;17.0
G. Nauber;/players/gerrit-nauber/102528/;2024-09-29;8;3.0;2.0;0.0;0.0;-0.0;-0.0;0.0;0.0;-0.0;-0.0;10.0;0.0;-0.0;0.0;15.0
J. Kramer;/players/joris-kramer/402051/;2024-09-29;8;3.0;2.0;0.0;0.0;-0.0;-0.0;0.0;0.0;-0.0;-0.0;10.0;0.0;-0.0;0.0;15.0
M. Deijl;/players/mats-deijl/402457/;2024-09-29;8;3.0;2.0;0.0;0.0;-0.0;-0.0;0.0;0.0;-0.0;-0.0;10.0;0.0;-0.0;0.0;15.0
A. Adelgaard;/players/aske-adelgaard/857149/;2024-09-29;8;3.0;2.0;0.0;0.0;-0.0;-0.0;0.0;0.0;-0.0;-0.0;10.0;0.0;-0.0;0.0;15.0
E. Llansana;/players/enric-llansana/515466/;2024-09-29;8;3.0;2.0;0.0;0.0;-0.0;-0.0;0.0;0.0;0.0;-0.0;3.0;0.0;-0.0;0.0;8.0
E. Linthorst;/players/evert-linthorst/546756/;2024-09-29;8;3.0;2.0;0.0;0.0;-0.0;-0.0;0.0;0.0;0.0;-0.0;3.0;0.0;-0.0;0.0;8.0
V. Edvardsen;/players/victor-edvardsen/409168/;2024-09-29;8;2.1;1.4;0.0;0.0;-2.0;-0.0;0.0;0.0;0.0;-0.0;0.7;0.0;-0.0;0.0;2.2
B. Adekanye;/players/bobby-adekanye/427040/;2024-09-29;8;2.9;1.93;0.0;0.0;-2.0;-0.0;0.0;0.0;0.0;-0.0;0.97;0.0;-0.0;0.0;3.8
O. Antman;/players/oliver-antman/547497/;2024-09-29;8;2.1;1.4;0.0;0.0;-0.0;-0.0;0.0;0.0;0.0;-0.0;0.7;0.0;-0.0;0.0;4.2
J. Breum;/players/jakob-breum/658739/;2024-09-29;8;3.0;2.0;0.0;0.0;-2.0;-0.0;0.0;0.0;0.0;-0.0;1.0;0.0;-0.0;0.0;4.0
F. Stokkers;/players/finn-stokkers/319661/;2024-09-29;8;0.9;0.6;0.0;0.0;-0.0;-0.0;0.0;0.0;0.0;-0.0;0.3;0.0;-0.0;0.0;1.8
O. Edvardsen;/players/oliver-valaker-edvardsen/545481/;2024-09-29;8;0.9;0.6;0.0;0.0;-0.0;-0.0;8.0;0.0;0.0;-0.0;0.3;0.0;-0.0;0.0;9.8
M. Suray;/players/mathis-suray/517358/;2024-09-29;8;0.1;0.07;0.0;0.0;-0.0;-0.0;0.0;0.0;0.0;-0.0;0.1;0.0;-0.0;0.0;0.27
S. Tengstedt;/players/soren-tengstedt/615917/;2024-09-29;8;0.0;0.0;0.0;0.0;-0.0;-0.0;0.0;0.0;0.0;-0.0;0.0;0.0;-0.0;0.0;0.0
C. Twigt;/players/calvin-twigt/669594/;2024-09-29;8;0.0;0.0;0.0;0.0;-0.0;-0.0;0.0;0.0;0.0;-0.0;0.0;0.0;-0.0;0.0;0.0
L. Everink;/players/luca-everink/628510/;2024-09-29;8;0.0;0.0;0.0;0.0;-0.0;-0.0;0.0;0.0;-0.0;-0.0;0.0;0.0;-0.0;0.0;0.0
P. Saathof;/players/pim-saathof/857131/;2024-09-29;8;0.0;0.0;0.0;0.0;-0.0;-0.0;0.0;0.0;-0.0;-0.0;0.0;0.0;-0.0;0.0;0.0
J. De Busser;/players/jari-de-busser/451008/;2024-09-29;8;0.0;0.0;0.0;0.0;-0.0;-0.0;0.0;0.0;-0.0;-0.0;0.0;0.0;-0.0;0.0;0.0
M. Smit;/players/milan-smit/828395/;2024-09-29;8;0.0;0.0;0.0;0.0;-0.0;-0.0;0.0;0.0;0.0;-0.0;0.0;0.0;-0.0;0.0;0.0
J. Dirksen;/players/julius-dirksen/632220/;2024-09-29;8;0.0;0.0;0.0;0.0;-0.0;-0.0;0.0;0.0;-0.0;-0.0;0.0;0.0;-0.0;0.0;0.0
S. Jansen;/players/sven-jansen/421540/;2024-09-29;8;0.0;0.0;0.0;0.0;-0.0;-0.0;0.0;0.0;-0.0;-0.0;0.0;0.0;-0.0;0.0;0.0
L. Unnerstall;/players/lars-unnerstall/81320/;2024-09-29;8;3.0;2.0;0.0;0.0;-0.0;-0.0;0.0;0.0;-0.0;-0.0;12.0;0.0;-0.0;0.0;17.0
B. Kuipers;/players/bas-edo-kuipers/274649/;2024-09-29;8;2.27;1.51;0.0;0.0;-0.0;-0.0;0.0;0.0;-0.0;-0.0;7.56;0.0;-0.0;0.0;11.33
B. van Rooij;/players/bart-van-rooij/557859/;2024-09-29;8;3.0;2.0;0.0;0.0;-0.0;-0.0;0.0;0.0;-0.0;-0.0;10.0;0.0;-0.0;0.0;15.0
A. Van Hoorenbeeck;/players/alec-van-hoorenbeeck/593523/;2024-09-29;8;3.0;2.0;0.0;0.0;-0.0;-0.0;0.0;0.0;-0.0;-0.0;10.0;0.0;-0.0;0.0;15.0
M. Hilgers;/players/mees-hilgers/627701/;2024-09-29;8;1.53;1.02;0.0;0.0;-0.0;-0.0;0.0;0.0;-0.0;-0.0;5.11;0.0;-0.0;0.0;7.67
M. Vlap;/players/michel-vlap/407742/;2024-09-29;8;1.9;1.27;0.0;0.0;-0.0;-0.0;0.0;0.0;0.0;-0.0;1.9;0.0;-0.0;0.0;5.07
S. Steijn;/players/sem-steijn/560623/;2024-09-29;8;2.77;1.84;0.0;0.0;-0.0;-0.0;0.0;0.0;0.0;-0.0;2.77;0.0;-0.0;0.0;7.38
Y. Regeer;/players/youri-regeer/632221/;2024-09-29;8;3.0;2.0;0.0;0.0;-0.0;-0.0;0.0;0.0;0.0;-0.0;3.0;0.0;-0.0;0.0;8.0
S. Ltaief;/players/sayfallah-ltaief/659735/;2024-09-29;8;1.9;1.27;0.0;0.0;-0.0;-0.0;0.0;0.0;0.0;-0.0;1.9;0.0;-0.0;0.0;5.07
R. van Wolfswinkel;/players/ricky-van-wolfswinkel/59407/;2024-09-29;8;3.0;2.0;0.0;0.0;-0.0;-0.0;0.0;0.0;0.0;-0.0;1.0;3.0;-0.0;0.0;9.0
S. Lammers;/players/sam-lammers/407736/;2024-09-29;8;3.0;2.0;0.0;0.0;-0.0;-0.0;0.0;0.0;0.0;-0.0;1.0;0.0;-0.0;0.0;6.0
G. Lagerbielke;/players/gustaf-lagerbielke/500894/;2024-09-29;8;1.47;0.98;0.0;0.0;-0.0;-0.0;0.0;0.0;-0.0;-0.0;4.89;0.0;-0.0;0.0;7.33
C. Eiting;/players/carel-eiting/379791/;2024-09-29;8;1.1;0.73;0.0;0.0;-2.0;-0.0;0.0;0.0;0.0;-0.0;1.1;0.0;-0.0;0.0;0.93
M. van Bergen;/players/mitchell-van-bergen/426574/;2024-09-29;8;1.1;0.73;0.0;0.0;-0.0;-0.0;0.0;0.0;0.0;-0.0;0.37;0.0;-0.0;0.0;2.2
A. Salah-Eddine;/players/anass-salah-eddine/525927/;2024-09-29;8;0.73;0.49;0.0;0.0;-0.0;-0.0;0.0;0.0;-0.0;-0.0;2.44;0.0;-0.0;0.0;3.67
G. Besselink;/players/gijs-besselink/895383/;2024-09-29;8;0.23;0.16;0.0;0.0;-2.0;-0.0;0.0;0.0;0.0;-0.0;0.23;0.0;-0.0;0.0;-1.38
J. Mesbahi;/players/julien-mesbahi/830556/;2024-09-29;8;0.0;0.0;0.0;0.0;-0.0;-0.0;0.0;0.0;-0.0;-0.0;0.0;0.0;-0.0;0.0;0.0
H. Kuster;/players/harrie-kuster/916880/;2024-09-29;8;0.0;0.0;0.0;0.0;-0.0;-0.0;0.0;0.0;0.0;-0.0;0.0;0.0;-0.0;0.0;0.0
P. Tytoń;/players/przemyslaw-tyton/17326/;2024-09-29;8;0.0;0.0;0.0;0.0;-0.0;-0.0;0.0;0.0;-0.0;-0.0;0.0;0.0;-0.0;0.0;0.0
M. Rots;/players/mats-rots/830558/;2024-09-29;8;0.0;0.0;0.0;0.0;-0.0;-0.0;0.0;0.0;-0.0;-0.0;0.0;0.0;-0.0;0.0;0.0
M. Kjølø;/players/mathias-ullereng-kjolo/517477/;2024-09-29;8;0.0;0.0;0.0;0.0;-0.0;-0.0;0.0;0.0;0.0;-0.0;0.0;0.0;-0.0;0.0;0.0
I. El Maach;/players/issam-el-maach/506880/;2024-09-29;8;0.0;0.0;0.0;0.0;-0.0;-0.0;0.0;0.0;-0.0;-0.0;0.0;0.0;-0.0;0.0;0.0
M. Bruns;/players/max-bruns/628828/;2024-09-29;8;0.0;0.0;0.0;0.0;-0.0;-0.0;0.0;0.0;0.0;-0.0;0.0;0.0;-0.0;0.0;0.0
D. Bielica;/players/daniel-bielica/555492/;2024-09-29;8;3.0;0.0;0.0;0.0;-0.0;-0.0;0.0;0.0;-1.0;-0.0;0.0;0.0;-0.0;0.0;2.0
T. Kongolo;/players/terence-kongolo/161296/;2024-09-29;8;1.97;0.0;0.0;0.0;-0.0;-0.0;0.0;0.0;-0.0;-0.0;0.0;0.0;-0.0;0.0;1.97
J. Van den Bergh;/players/jan-van-den-bergh/354185/;2024-09-29;8;3.0;0.0;0.0;0.0;-0.0;-0.0;0.0;0.0;-1.0;-0.0;0.0;0.0;-0.0;0.0;2.0
B. Kemper;/players/boy-kemper/463009/;2024-09-29;8;2.6;0.0;0.0;0.0;-0.0;-0.0;0.0;0.0;-1.0;-0.0;0.0;0.0;-0.0;0.0;1.6
L. Greiml;/players/leo-greiml/517683/;2024-09-29;8;3.0;0.0;0.0;0.0;-0.0;-0.0;0.0;0.0;-1.0;-0.0;0.0;0.0;-0.0;0.0;2.0
C. Valerius;/players/cherrion-valerius/947863/;2024-09-29;8;1.53;0.0;0.0;0.0;-2.0;-0.0;0.0;0.0;-0.0;-0.0;0.0;0.0;-0.0;0.0;-0.47
F. Oldrup Jensen;/players/fredrik-oldrup-jensen/231672/;2024-09-29;8;2.6;0.0;0.0;0.0;-0.0;-0.0;0.0;0.0;0.0;-0.0;0.0;0.0;-0.0;0.0;2.6
M. Balard;/players/maximilien-balard/643695/;2024-09-29;8;3.0;0.0;0.0;0.0;-0.0;-0.0;0.0;0.0;0.0;-0.0;0.0;0.0;-0.0;0.0;3.0
K. Kostorz;/players/kacper-kostorz/485378/;2024-09-29;8;3.0;0.0;0.0;0.0;-0.0;-0.0;0.0;0.0;0.0;-0.0;0.0;0.0;-0.0;0.0;3.0
R. Kuijpers;/players/roy-kuijpers/663306/;2024-09-29;8;3.0;0.0;0.0;0.0;-0.0;-0.0;0.0;0.0;0.0;-0.0;0.0;0.0;-0.0;0.0;3.0
L. Sauer;/players/leo-sauer/790415/;2024-09-29;8;2.6;0.0;0.0;0.0;-0.0;-0.0;0.0;0.0;0.0;-0.0;0.0;0.0;-0.0;0.0;2.6
B. Lucassen;/players/boyd-lucassen/453952/;2024-09-29;8;1.47;0.0;0.0;0.0;-2.0;-0.0;0.0;0.0;-1.0;-0.0;0.0;0.0;-0.0;0.0;-1.53
E. Mahmutović;/players/enes-mahmutovic/347775/;2024-09-29;8;1.03;0.0;0.0;0.0;-0.0;-0.0;0.0;0.0;-1.0;-0.0;0.0;0.0;-0.0;0.0;0.03
E. Ómarsson;/players/elias-mar-omarsson/213035/;2024-09-29;8;0.4;0.0;0.0;0.0;-0.0;-0.0;0.0;0.0;0.0;-0.0;0.0;0.0;-0.0;0.0;0.4
Saná Fernandes;/players/sana-fernandes/926017/;2024-09-29;8;0.4;0.0;0.0;0.0;-0.0;-0.0;0.0;0.0;0.0;-0.0;0.0;0.0;-0.0;0.0;0.4
D. Janošek;/players/dominik-janosek/492661/;2024-09-29;8;0.4;0.0;0.0;0.0;-0.0;-0.0;0.0;0.0;0.0;-0.0;0.0;0.0;-0.0;0.0;0.4
M. Garbett;/players/matthew-garbett/577465/;2024-09-29;8;0.0;0.0;0.0;0.0;-0.0;-0.0;0.0;0.0;0.0;-0.0;0.0;0.0;-0.0;0.0;0.0
Manel Royo;/players/manel-royo-castell/354951/;2024-09-29;8;0.0;0.0;0.0;0.0;-0.0;-0.0;0.0;0.0;-0.0;-0.0;0.0;0.0;-0.0;0.0;0.0
C. Leemans;/players/clint-leemans/264397/;2024-09-29;8;0.0;0.0;0.0;0.0;-0.0;-0.0;0.0;0.0;0.0;-0.0;0.0;0.0;-0.0;0.0;0.0
R. Kortsmit;/players/roy-kortsmit/200996/;2024-09-29;8;0.0;0.0;0.0;0.0;-0.0;-0.0;0.0;0.0;-0.0;-0.0;0.0;0.0;-0.0;0.0;0.0
C. Staring;/players/casper-staring/628494/;2024-09-29;8;0.0;0.0;0.0;0.0;-0.0;-0.0;0.0;0.0;0.0;-0.0;0.0;0.0;-0.0;0.0;0.0
A. Kaied;/players/adam-kaied/693342/;2024-09-29;8;0.0;0.0;0.0;0.0;-0.0;-0.0;0.0;0.0;0.0;-0.0;0.0;0.0;-0.0;0.0;0.0
T. Troost;/players/tein-troost/525919/;2024-09-29;8;0.0;0.0;0.0;0.0;-0.0;-0.0;0.0;0.0;-0.0;-0.0;0.0;0.0;-0.0;0.0;0.0
J. Schendelaar;/players/jasper-schendelaar/454473/;2024-09-29;8;3.0;2.0;0.0;0.0;-0.0;-0.0;0.0;0.0;-0.0;-0.0;12.0;0.0;-0.0;0.0;17.0
S. Floranus;/players/sherel-floranus/385271/;2024-09-29;8;3.0;2.0;0.0;0.0;-0.0;-0.0;0.0;0.0;-0.0;-0.0;10.0;0.0;-0.0;0.0;15.0
S. Graves;/players/simon-graves-jensen/538684/;2024-09-29;8;2.9;1.93;0.0;0.0;-0.0;-0.0;0.0;0.0;-0.0;-0.0;9.67;0.0;-0.0;0.0;14.5
A. El Azzouzi;/players/anouar-el-azzouzi/567947/;2024-09-29;8;3.0;2.0;0.0;0.0;-2.0;-0.0;0.0;0.0;-0.0;-0.0;10.0;0.0;-0.0;0.0;13.0
A. MacNulty;/players/anselmo-garcia-mcnulty/608607/;2024-09-29;8;3.0;2.0;0.0;0.0;-0.0;-0.0;0.0;0.0;-0.0;-0.0;10.0;0.0;-0.0;0.0;15.0
D. van der Haar;/players/damian-van-der-haar/812205/;2024-09-29;8;3.0;2.0;0.0;0.0;-0.0;-0.0;0.0;0.0;-0.0;-0.0;10.0;0.0;-0.0;0.0;15.0
Y. Namli;/players/younes-namli/291585/;2024-09-29;8;2.3;1.53;0.0;0.0;-0.0;-0.0;0.0;0.0;0.0;-0.0;2.3;0.0;-0.0;0.0;6.13
Jamiro Monteiro;/players/jamiro-gregory-monteiro-alvarenga/421293/;2024-09-29;8;3.0;2.0;0.0;0.0;-0.0;-0.0;0.0;0.0;0.0;-0.0;3.0;0.0;-0.0;0.0;8.0
D. van den Berg;/players/dave-van-den-berg-/475335/;2024-09-29;8;2.3;1.53;0.0;0.0;-0.0;-0.0;0.0;0.0;0.0;-0.0;2.3;0.0;-0.0;0.0;6.13
F. Krastev;/players/filip-yavorov-krastev/550509/;2024-09-29;8;1.93;1.29;0.0;0.0;-0.0;-0.0;0.0;0.0;0.0;-0.0;1.93;0.0;-0.0;0.0;5.16
D. Vente;/players/dylan-vente/426585/;2024-09-29;8;3.0;2.0;0.0;0.0;-2.0;-0.0;0.0;0.0;0.0;-0.0;1.0;0.0;-0.0;0.0;4.0
D. Mbayo;/players/dylan-mbayo/599681/;2024-09-29;8;1.07;0.71;0.0;0.0;-0.0;-0.0;0.0;0.0;0.0;-0.0;0.36;0.0;-0.0;0.0;2.13
K. de Rooij;/players/kaj-de-rooij/539368/;2024-09-29;8;0.7;0.47;0.0;0.0;-0.0;-0.0;0.0;0.0;0.0;-0.0;0.23;0.0;-0.0;0.0;1.4
O. Velanas;/players/odysseus-velanas/452059/;2024-09-29;8;0.7;0.47;0.0;0.0;-0.0;-0.0;0.0;0.0;0.0;-0.0;0.7;0.0;-0.0;0.0;1.87
N. Fichtinger;/players/nick-fichtinger/914267/;2024-09-29;8;0.1;0.07;0.0;0.0;-0.0;-0.0;0.0;0.0;0.0;-0.0;0.1;0.0;-0.0;0.0;0.27
E. Reijnders;/players/eliano-reijnders/577288/;2024-09-29;8;0.0;0.0;0.0;0.0;-0.0;-0.0;0.0;0.0;0.0;-0.0;0.0;0.0;-0.0;0.0;0.0
T. Buitink;/players/thomas-buitnik/457668/;2024-09-29;8;0.0;0.0;0.0;0.0;-0.0;-0.0;0.0;0.0;0.0;-0.0;0.0;0.0;-0.0;0.0;0.0
M. Hauptmeijer;/players/mike-hauptmeijer/321048/;2024-09-29;8;0.0;0.0;0.0;0.0;-0.0;-0.0;0.0;0.0;-0.0;-0.0;0.0;0.0;-0.0;0.0;0.0
K. Vermeer;/players/kenneth-vermeer/2175/;2024-09-29;8;0.0;0.0;0.0;0.0;-0.0;-0.0;0.0;0.0;-0.0;-0.0;0.0;0.0;-0.0;0.0;0.0
R. Thomas;/players/ryan-thomas/215382/;2024-09-29;8;0.0;0.0;0.0;0.0;-0.0;-0.0;0.0;0.0;0.0;-0.0;0.0;0.0;-0.0;0.0;0.0
M. Oukhattou;/players/mohamed-oukhattou/878072/;2024-09-29;8;0.0;0.0;0.0;0.0;-0.0;-0.0;0.0;0.0;0.0;-0.0;0.0;0.0;-0.0;0.0;0.0
T. Lutonda;/players/thierry-lutonda/462568/;2024-09-29;8;0.0;0.0;0.0;0.0;-0.0;-0.0;0.0;0.0;-0.0;-0.0;0.0;0.0;-0.0;0.0;0.0
N. Bakker;/players/nordin-bakker/563909/;2024-09-29;8;3.0;0.0;0.0;0.0;-0.0;-0.0;0.0;0.0;-1.0;-0.0;0.0;0.0;-0.0;0.0;2.0
J. Lawrence;/players/jamie-lawrence/216767/;2024-09-29;8;3.0;0.0;0.0;0.0;-0.0;-0.0;0.0;0.0;-1.0;-3.0;0.0;0.0;-0.0;0.0;-1.0
H. Akujobi;/players/hamdi-akujobi/567599/;2024-09-29;8;3.0;0.0;0.0;0.0;-2.0;-0.0;0.0;0.0;-1.0;-0.0;0.0;0.0;-0.0;0.0;0.0
V. Zagaritis;/players/vasilios-zagaritis/617928/;2024-09-29;8;3.0;0.0;0.0;0.0;-0.0;-0.0;0.0;0.0;-1.0;-0.0;0.0;0.0;-0.0;0.0;2.0
Visus;/players/ricardo-visus-contreras/642402/;2024-09-29;8;3.0;0.0;0.0;0.0;-2.0;-0.0;0.0;0.0;-1.0;-0.0;0.0;0.0;-0.0;0.0;0.0
T. Haye;/players/thom-haye/182931/;2024-09-29;8;2.17;0.0;0.0;0.0;-0.0;-0.0;0.0;0.0;0.0;-0.0;0.0;0.0;-0.0;0.0;2.17
A. Tahiri;/players/anas-tahiri/323282/;2024-09-29;8;2.73;0.0;0.0;0.0;-0.0;-0.0;0.0;0.0;0.0;-0.0;0.0;0.0;-0.0;0.0;2.73
B. Guillaume;/players/baptiste-guillaume/285403/;2024-09-29;8;1.53;0.0;0.0;0.0;-0.0;-0.0;0.0;0.0;0.0;-0.0;0.0;0.0;-0.0;0.0;1.53
T. Robinet;/players/thomas-robinet/312659/;2024-09-29;8;3.0;0.0;0.0;0.0;-2.0;-0.0;0.0;0.0;0.0;-0.0;0.0;0.0;-0.0;0.0;1.0
K. Hansen;/players/kornelius-normann-hansen/496125/;2024-09-29;8;1.53;0.0;0.0;0.0;-0.0;-0.0;0.0;0.0;0.0;-0.0;0.0;0.0;-0.0;0.0;1.53
J. Kadile;/players/junior-morau-kadile-/590286/;2024-09-29;8;3.0;0.0;0.0;0.0;-0.0;-0.0;0.0;0.0;0.0;-0.0;0.0;0.0;-0.0;0.0;3.0
L. Delaurier-Chaubet;/players/logan-delaurier-chaubet/626512/;2024-09-29;8;1.47;0.0;0.0;0.0;-0.0;-0.0;0.0;0.0;0.0;-0.0;0.0;0.0;-0.0;0.0;1.47
J. Ritmeester van de Kamp;/players/jochem-ritmeester-van-de-kamp/801840/;2024-09-29;8;1.47;0.0;0.0;0.0;-0.0;-0.0;0.0;0.0;0.0;-0.0;0.0;0.0;-0.0;0.0;1.47
Àlex Carbonell;/players/alejandro-carbonell/316438/;2024-09-29;8;0.83;0.0;0.0;0.0;-0.0;-0.0;0.0;0.0;0.0;-0.0;0.0;0.0;-0.0;0.0;0.83
R. Providence;/players/ruben-providence/509854/;2024-09-29;8;0.27;0.0;0.0;0.0;-2.0;-0.0;0.0;0.0;0.0;-0.0;0.0;0.0;-0.0;0.0;-1.73
J. Jacobs;/players/joey-jacobs/537705/;2024-09-29;8;0.0;0.0;0.0;0.0;-0.0;-0.0;0.0;0.0;-0.0;-0.0;0.0;0.0;-0.0;0.0;0.0
D. Dankerlui;/players/damil-dankerlui/314252/;2024-09-29;8;0.0;0.0;0.0;0.0;-0.0;-0.0;0.0;0.0;-0.0;-0.0;0.0;0.0;-0.0;0.0;0.0
A. Nalić;/players/adi-nalic/459631/;2024-09-29;8;0.0;0.0;0.0;0.0;-0.0;-0.0;0.0;0.0;0.0;-0.0;0.0;0.0;-0.0;0.0;0.0
J. Wendlinger;/players/jonas-wendlinger/469451/;2024-09-29;8;0.0;0.0;0.0;0.0;-0.0;-0.0;0.0;0.0;-0.0;-0.0;0.0;0.0;-0.0;0.0;0.0
T. Barbet;/players/theo-barbet/515917/;2024-09-29;8;0.0;0.0;0.0;0.0;-0.0;-0.0;0.0;0.0;-0.0;-0.0;0.0;0.0;-0.0;0.0;0.0
Álex Balboa;/players/alex-balboa-bandeira/627655/;2024-09-29;8;0.0;0.0;0.0;0.0;-0.0;-0.0;0.0;0.0;0.0;-0.0;0.0;0.0;-0.0;0.0;0.0
F. Mattoir;/players/faiz-mattoir/547050/;2024-09-29;8;0.0;0.0;0.0;0.0;-0.0;-0.0;0.0;0.0;0.0;-0.0;0.0;0.0;-0.0;0.0;0.0
J. van der Wilt;/players/joel-van-der-wilt/771874/;2024-09-29;8;0.0;0.0;0.0;0.0;-0.0;-0.0;0.0;0.0;-0.0;-0.0;0.0;0.0;-0.0;0.0;0.0
R. Owusu-Oduro;/players/rome-jayden-owusu-oduro/789860/;2024-09-29;8;3.0;0.0;0.0;0.0;-0.0;-0.0;0.0;0.0;-2.0;-0.0;0.0;0.0;-0.0;0.0;1.0
B. Martins Indi;/players/rolando-martins-indi/102888/;2024-09-29;8;2.53;0.0;0.0;0.0;-0.0;-0.0;0.0;0.0;-2.0;-0.0;0.0;0.0;-0.0;0.0;0.53
Alexandre Penetra;/players/alexandre-manuel-penetra-correia/572102/;2024-09-29;8;3.0;0.0;0.0;0.0;-0.0;-0.0;0.0;0.0;-2.0;-0.0;0.0;0.0;-0.0;0.0;1.0
D. Møller Wolfe;/players/david-moller-wolfe/603294/;2024-09-29;8;2.87;0.0;0.0;0.0;-0.0;-0.0;0.0;0.0;-2.0;-0.0;0.0;0.0;-0.0;0.0;0.87
S. Maikuma;/players/seiya-maikuma/651537/;2024-09-29;8;2.1;0.0;0.0;0.0;-0.0;-0.0;0.0;0.0;-2.0;-0.0;0.0;0.0;-0.0;0.0;0.1
J. Clasie;/players/jordy-clasie/134078/;2024-09-29;8;3.0;0.0;0.0;0.0;-0.0;-0.0;0.0;0.0;0.0;-0.0;0.0;0.0;-0.0;0.0;3.0
P. Koopmeiners;/players/peer-koopmeiners/533281/;2024-09-29;8;2.1;0.0;0.0;0.0;-0.0;-0.0;0.0;0.0;0.0;-0.0;0.0;0.0;-0.0;0.0;2.1
S. Mijnans;/players/sven-mijnans/566000/;2024-09-29;8;3.0;0.0;0.0;0.0;-2.0;-0.0;0.0;5.0;0.0;-0.0;0.0;0.0;-0.0;0.0;6.0
T. Parrott;/players/troy-parrot/515624/;2024-09-29;8;3.0;0.0;0.0;0.0;-0.0;-0.0;8.0;0.0;0.0;-0.0;0.0;0.0;-0.0;0.0;11.0
J. Addai;/players/jayden-addai/789997/;2024-09-29;8;2.1;0.0;0.0;0.0;-0.0;-0.0;0.0;0.0;0.0;-0.0;0.0;0.0;-0.0;0.0;2.1
R. van Bommel;/players/ruben-van-bommel/834074/;2024-09-29;8;3.0;0.0;0.0;0.0;-0.0;-0.0;0.0;0.0;0.0;-0.0;0.0;0.0;-0.0;0.0;3.0
D. Kasius;/players/denso-kasius/569311/;2024-09-29;8;0.9;0.0;0.0;0.0;-0.0;-0.0;0.0;0.0;-0.0;-0.0;0.0;0.0;-0.0;0.0;0.9
K. Belić;/players/kristijan-belic/453868/;2024-09-29;8;0.9;0.0;0.0;0.0;-0.0;-0.0;0.0;0.0;0.0;-0.0;0.0;0.0;-0.0;0.0;0.9
M. Lahdo;/players/mayckel-lahdo/660897/;2024-09-29;8;0.9;0.0;0.0;0.0;-0.0;-0.0;0.0;0.0;0.0;-0.0;0.0;0.0;-0.0;0.0;0.9
M. Dekker;/players/maxim-dekker/700543/;2024-09-29;8;0.47;0.0;0.0;0.0;-0.0;-0.0;0.0;0.0;-0.0;-0.0;0.0;0.0;-0.0;0.0;0.47
L. Zeefuik;/players/lequincio-zeefuik/699766/;2024-09-29;8;0.13;0.0;0.0;0.0;-0.0;-0.0;0.0;0.0;0.0;-0.0;0.0;0.0;-0.0;0.0;0.13
E. Poku;/players/ernest-poku/700544/;2024-09-29;8;0.0;0.0;0.0;0.0;-0.0;-0.0;0.0;0.0;0.0;-0.0;0.0;0.0;-0.0;0.0;0.0
Z. Buurmeester;/players/zico-buurmeester/627669/;2024-09-29;8;0.0;0.0;0.0;0.0;-0.0;-0.0;0.0;0.0;0.0;-0.0;0.0;0.0;-0.0;0.0;0.0
H. Verhulst;/players/hobie-verhulst/138446/;2024-09-29;8;0.0;0.0;0.0;0.0;-0.0;-0.0;0.0;0.0;-0.0;-0.0;0.0;0.0;-0.0;0.0;0.0
J. Zoet;/players/jeroen-zoet/61206/;2024-09-29;8;0.0;0.0;0.0;0.0;-0.0;-0.0;0.0;0.0;-0.0;-0.0;0.0;0.0;-0.0;0.0;0.0
M. de Wit;/players/mees-de-wit/423562/;2024-09-29;8;0.0;0.0;0.0;0.0;-0.0;-0.0;0.0;0.0;-0.0;-0.0;0.0;0.0;-0.0;0.0;0.0
K. Smit;/players/kees-smit/789945/;2024-09-29;8;0.0;0.0;0.0;0.0;-0.0;-0.0;0.0;0.0;0.0;-0.0;0.0;0.0;-0.0;0.0;0.0
V. Barkas;/players/vasileios-barkas/272919/;2024-09-29;8;3.0;2.0;0.0;0.0;-0.0;-0.0;0.0;0.0;-1.0;-0.0;0.0;0.0;-0.0;0.0;4.0
N. Viergever;/players/nick--viergever/78529/;2024-09-29;8;3.0;2.0;0.0;0.0;-0.0;-0.0;0.0;0.0;-1.0;-0.0;0.0;0.0;-0.0;0.0;4.0
M. van der Hoorn;/players/mike-van-der-hoorn/190540/;2024-09-29;8;3.0;2.0;0.0;0.0;-0.0;-0.0;0.0;0.0;-1.0;-0.0;0.0;0.0;-0.0;0.0;4.0
S. Horemans;/players/siebe-horemans/399758/;2024-09-29;8;3.0;2.0;0.0;0.0;-0.0;-0.0;0.0;0.0;-1.0;-0.0;0.0;0.0;-0.0;0.0;4.0
S. El Karouani;/players/souffian-elkarouani/537878/;2024-09-29;8;3.0;2.0;0.0;0.0;-0.0;-0.0;0.0;6.0;-1.0;-0.0;0.0;0.0;-0.0;0.0;10.0
J. Toornstra;/players/jens-toornstra/110217/;2024-09-29;8;1.53;1.02;0.0;0.0;-0.0;-0.0;0.0;0.0;0.0;-0.0;0.0;0.0;-0.0;0.0;2.56
C. Bozdoğan;/players/can-bozdogan/529101/;2024-09-29;8;1.53;1.02;0.0;0.0;-0.0;-0.0;0.0;5.0;0.0;-0.0;0.0;0.0;-0.0;0.0;7.56
O. Fraulo;/players/oscar-fraulo/637161/;2024-09-29;8;3.0;2.0;0.0;0.0;-2.0;-0.0;0.0;0.0;0.0;-0.0;0.0;0.0;-0.0;0.0;3.0
O. Romeny;/players/ole-ter-haar-romeny/532140/;2024-09-29;8;2.97;1.98;0.0;0.0;-2.0;-0.0;0.0;0.0;0.0;-0.0;0.0;0.0;-0.0;0.0;2.94
D. Min;/players/david-min/587715/;2024-09-29;8;2.53;1.69;0.0;0.0;-0.0;-0.0;0.0;0.0;0.0;-0.0;0.0;0.0;-0.0;0.0;4.22
Y. Cathline;/players/yoann-cathline/660710/;2024-09-29;8;2.8;1.87;0.0;0.0;-0.0;-0.0;8.0;0.0;0.0;-0.0;0.0;0.0;-0.0;0.0;12.67
V. Jensen;/players/victor-jensen/460509/;2024-09-29;8;1.47;0.98;0.0;0.0;-0.0;-0.0;0.0;0.0;0.0;-0.0;0.0;0.0;-0.0;0.0;2.44
P. Aaronson;/players/paxten-aaronson/576828/;2024-09-29;8;1.47;0.98;0.0;0.0;-0.0;-0.0;9.0;0.0;0.0;-0.0;0.0;0.0;-0.0;0.0;11.44
N. Ohio;/players/noah-ohio/571268/;2024-09-29;8;0.47;0.31;0.0;0.0;-0.0;-0.0;0.0;0.0;0.0;-0.0;0.0;0.0;-0.0;0.0;0.78
T. Booth;/players/taylor-booth/441556/;2024-09-29;8;0.2;0.13;0.0;0.0;-0.0;-0.0;0.0;0.0;0.0;-0.0;0.0;0.0;-0.0;0.0;0.33
M. Didden;/players/matisse-didden/541794/;2024-09-29;8;0.03;0.02;0.0;0.0;-0.0;-0.0;0.0;0.0;-0.0;-0.0;0.0;0.0;-0.0;0.0;0.06
K. Finnsson;/players/kolbeinn-finnsson/384487/;2024-09-29;8;0.0;0.0;0.0;0.0;-0.0;-0.0;0.0;0.0;-0.0;-0.0;0.0;0.0;-0.0;0.0;0.0
A. Descotte;/players/anthony-descotte/638248/;2024-09-29;8;0.0;0.0;0.0;0.0;-0.0;-0.0;0.0;0.0;0.0;-0.0;0.0;0.0;-0.0;0.0;0.0
M. Brouwer;/players/michael-brouwer/250395/;2024-09-29;8;0.0;0.0;0.0;0.0;-0.0;-0.0;0.0;0.0;-0.0;-0.0;0.0;0.0;-0.0;0.0;0.0
A. Blake;/players/adrian-blake/695557/;2024-09-29;8;0.0;0.0;0.0;0.0;-0.0;-0.0;0.0;0.0;0.0;-0.0;0.0;0.0;-0.0;0.0;0.0
T. de Graaff;/players/tom-gerard-de-graaff/783148/;2024-09-29;8;0.0;0.0;0.0;0.0;-0.0;-0.0;0.0;0.0;-0.0;-0.0;0.0;0.0;-0.0;0.0;0.0
Miguel Rodríguez;/players/miguel-rodriguez-vidal/576516/;2024-09-29;8;0.0;0.0;0.0;0.0;-0.0;-0.0;0.0;0.0;0.0;-0.0;0.0;0.0;-0.0;0.0;0.0
J. Mukeh;/players/joshua-mukeh/687903/;2024-09-29;8;0.0;0.0;0.0;0.0;-0.0;-0.0;0.0;0.0;-0.0;-0.0;0.0;0.0;-0.0;0.0;0.0
J. Houwen;/players/jeroen-houwen/303254/;2024-09-29;8;3.0;0.0;0.0;0.0;-0.0;-0.0;0.0;0.0;-2.0;-0.0;0.0;0.0;-0.0;0.0;1.0
D. Van den Buijs;/players/dario-van-den-buijs/353273/;2024-09-29;8;3.0;0.0;0.0;0.0;-0.0;-0.0;0.0;0.0;-2.0;-0.0;0.0;0.0;-0.0;0.0;1.0
J. Lelieveld;/players/julian-lelieveld/407738/;2024-09-29;8;3.0;0.0;0.0;0.0;-0.0;-0.0;0.0;0.0;-2.0;-0.0;0.0;0.0;-0.0;0.0;1.0
J. Familia-Castillo;/players/juan-familio-castillo/453849/;2024-09-29;8;1.7;0.0;0.0;0.0;-0.0;-0.0;0.0;0.0;-0.0;-0.0;0.0;0.0;-0.0;0.0;1.7
L. van Gelderen;/players/liam--van-gelderen/463011/;2024-09-29;8;3.0;0.0;0.0;0.0;-2.0;-0.0;0.0;0.0;-2.0;-0.0;0.0;0.0;-0.0;0.0;-1.0
Y. Oukili;/players/yassin-oukili/567948/;2024-09-29;8;3.0;0.0;0.0;0.0;-0.0;-0.0;0.0;0.0;0.0;-0.0;0.0;0.0;-0.0;0.0;3.0
D. Weidmann;/players/daouda-weidmann/782160/;2024-09-29;8;3.0;0.0;0.0;0.0;-0.0;-0.0;0.0;0.0;0.0;-0.0;0.0;0.0;-0.0;0.0;3.0
T. van de Loo;/players/tim-van-de-loo/813111/;2024-09-29;8;2.67;0.0;0.0;0.0;-0.0;-0.0;0.0;0.0;0.0;-0.0;0.0;0.0;-0.0;0.0;2.67
C. Lokesa;/players/chris-lokesa/847737/;2024-09-29;8;2.67;0.0;0.0;0.0;-0.0;-0.0;0.0;0.0;0.0;-0.0;0.0;0.0;-0.0;0.0;2.67
O. Zawada;/players/oskar-zawada/289870/;2024-09-29;8;3.0;0.0;0.0;0.0;-0.0;-0.0;0.0;0.0;0.0;-0.0;0.0;0.0;-0.0;0.0;3.0
D. Cleonise;/players/denilho-cleonise/642338/;2024-09-29;8;1.53;0.0;0.0;0.0;-0.0;-0.0;0.0;0.0;0.0;-0.0;0.0;0.0;-0.0;0.0;1.53
R. Margaret;/players/richonell-margaret/508815/;2024-09-29;8;1.47;0.0;0.0;0.0;-0.0;-0.0;0.0;0.0;0.0;-0.0;0.0;0.0;-0.0;0.0;1.47
A. Meijers;/players/aaron-meijers/59081/;2024-09-29;8;1.3;0.0;0.0;0.0;-2.0;-0.0;0.0;0.0;-2.0;-0.0;0.0;0.0;-0.0;0.0;-2.7
A. Jakobsen;/players/alexander-jakobsen/218149/;2024-09-29;8;0.33;0.0;0.0;0.0;-0.0;-0.0;0.0;0.0;0.0;-0.0;0.0;0.0;-0.0;0.0;0.33
M. Ihattaren;/players/mohammed-amine-ihattaren/525933/;2024-09-29;8;0.33;0.0;0.0;0.0;-0.0;-0.0;0.0;0.0;0.0;-0.0;0.0;0.0;-0.0;0.0;0.33
R. Niemeijer;/players/reuven-niemeijer/447106/;2024-09-29;8;0.0;0.0;0.0;0.0;-0.0;-0.0;0.0;0.0;0.0;-0.0;0.0;0.0;-0.0;0.0;0.0
J. Kesting;/players/joey-kesting/567938/;2024-09-29;8;0.0;0.0;0.0;0.0;-0.0;-0.0;0.0;0.0;-0.0;-0.0;0.0;0.0;-0.0;0.0;0.0
P. Vroegh;/players/patrick-vroegh/457667/;2024-09-29;8;0.0;0.0;0.0;0.0;-0.0;-0.0;0.0;0.0;0.0;-0.0;0.0;0.0;-0.0;0.0;0.0
Y. van Osch;/players/van-yanick-osch/319269/;2024-09-29;8;0.0;0.0;0.0;0.0;-0.0;-0.0;0.0;0.0;-0.0;-0.0;0.0;0.0;-0.0;0.0;0.0
K. Felida;/players/kevin--felida/501817/;2024-09-29;8;0.0;0.0;0.0;0.0;-0.0;-0.0;0.0;0.0;0.0;-0.0;0.0;0.0;-0.0;0.0;0.0
L. Wouters;/players/luuk--wouters/537856/;2024-09-29;8;0.0;0.0;0.0;0.0;-0.0;-0.0;0.0;0.0;-0.0;-0.0;0.0;0.0;-0.0;0.0;0.0
I. Takidine;/players/ilias-takidine/632532/;2024-09-29;8;0.0;0.0;0.0;0.0;-0.0;-0.0;0.0;0.0;0.0;-0.0;0.0;0.0;-0.0;0.0;0.0
R. Pasveer;/players/remko-pasveer/49689/;2024-09-29;8;3.0;2.0;0.0;0.0;-0.0;-0.0;0.0;0.0;-0.0;-0.0;12.0;0.0;-0.0;0.0;17.0
J. Šutalo;/players/josip-utalo/460387/;2024-09-29;8;3.0;2.0;0.0;0.0;-0.0;-0.0;0.0;0.0;-0.0;-0.0;10.0;0.0;-0.0;0.0;15.0
D. Rensch;/players/devyne-rensch/601396/;2024-09-29;8;3.0;2.0;0.0;0.0;-0.0;-0.0;0.0;0.0;-0.0;-0.0;10.0;0.0;-0.0;0.0;15.0
Y. Baas;/players/youri-baas/638355/;2024-09-29;8;3.0;2.0;0.0;0.0;-0.0;-0.0;0.0;0.0;-0.0;-0.0;10.0;0.0;-0.0;0.0;15.0
J. Hato;/players/jorrel-hato/783173/;2024-09-29;8;3.0;2.0;0.0;0.0;-0.0;-0.0;0.0;0.0;-0.0;-0.0;10.0;0.0;-0.0;0.0;15.0
D. Klaassen;/players/davy-klaassen/158581/;2024-09-29;8;2.8;1.87;0.0;0.0;-0.0;-0.0;0.0;0.0;0.0;-0.0;2.8;0.0;-0.0;0.0;7.47
B. van den Boomen;/players/branco-van-den-boomen/215550/;2024-09-29;8;3.0;2.0;0.0;0.0;-0.0;-0.0;0.0;0.0;0.0;-0.0;3.0;0.0;-0.0;0.0;8.0
K. Taylor;/players/kenneth-taylor/508784/;2024-09-29;8;2.17;1.44;0.0;0.0;-0.0;-0.0;0.0;0.0;0.0;-0.0;2.17;0.0;-0.0;0.0;5.78
B. Brobbey;/players/brian-brobbey/520146/;2024-09-29;8;1.87;1.24;0.0;0.0;-2.0;-0.0;0.0;0.0;0.0;-0.0;0.62;0.0;-0.0;0.0;1.73
C. Rasmussen;/players/christian-theodor-kjelder-rasmussen/632224/;2024-09-29;8;1.87;1.24;0.0;0.0;-0.0;-0.0;0.0;0.0;0.0;-0.0;0.62;0.0;-0.0;0.0;3.73
J. Banel;/players/jaydon-amauri-banel/783280/;2024-09-29;8;2.17;1.44;0.0;0.0;-0.0;-0.0;0.0;0.0;0.0;-0.0;0.72;0.0;-0.0;0.0;4.33
C. Akpom;/players/chuba-akpom/215570/;2024-09-29;8;1.13;0.76;0.0;0.0;-0.0;-0.0;0.0;0.0;0.0;-0.0;0.38;0.0;-0.0;0.0;2.27
M. Godts;/players/mika-marcel-godts/790325/;2024-09-29;8;1.13;0.76;0.0;0.0;-0.0;-0.0;8.0;0.0;0.0;-0.0;0.38;0.0;-0.0;0.0;10.27
B. Traoré;/players/bertrand-traore/102801/;2024-09-29;8;0.83;0.56;0.0;0.0;-0.0;-0.0;8.0;4.0;0.0;-0.0;0.28;0.0;-0.0;0.0;13.67
K. Fitz-Jim;/players/kian-fitz-jim/591724/;2024-09-29;8;0.83;0.56;0.0;0.0;-0.0;-0.0;0.0;0.0;0.0;-0.0;0.83;0.0;-0.0;0.0;2.22
J. Henderson;/players/jordan-henderson/48010/;2024-09-29;8;0.2;0.13;0.0;0.0;-0.0;-0.0;0.0;0.0;0.0;-0.0;0.2;0.0;-0.0;0.0;0.53
D. Ramaj;/players/diant-ramaj/562543/;2024-09-29;8;0.0;0.0;0.0;0.0;-0.0;-0.0;0.0;0.0;-0.0;-0.0;0.0;0.0;-0.0;0.0;0.0
J. Gorter;/players/jay-gorter/477600/;2024-09-29;8;0.0;0.0;0.0;0.0;-0.0;-0.0;0.0;0.0;-0.0;-0.0;0.0;0.0;-0.0;0.0;0.0
O. Wijndal;/players/owen-wijndal/440858/;2024-09-29;8;0.0;0.0;0.0;0.0;-0.0;-0.0;0.0;0.0;-0.0;-0.0;0.0;0.0;-0.0;0.0;0.0
A. Kaplan;/players/ahmetcan-kaplan/641115/;2024-09-29;8;0.0;0.0;0.0;0.0;-0.0;-0.0;0.0;0.0;-0.0;-0.0;0.0;0.0;-0.0;0.0;0.0
B. Tahirović;/players/benjamin-tahirovic/659484/;2024-09-29;8;0.0;0.0;0.0;0.0;-0.0;-0.0;0.0;0.0;0.0;-0.0;0.0;0.0;-0.0;0.0;0.0
D. Rugani;/players/daniele-rugani/162676/;2024-09-29;8;0.0;0.0;0.0;0.0;-0.0;-0.0;0.0;0.0;-0.0;-0.0;0.0;0.0;-0.0;0.0;0.0
K. Hlynsson;/players/kristian-nokkvi-hlynsson/636342/;2024-09-29;8;0.0;0.0;0.0;0.0;-0.0;-0.0;0.0;0.0;0.0;-0.0;0.0;0.0;-0.0;0.0;0.0
N. Bakker;/players/nordin-bakker/563909/;2024-10-04;9;3.0;0.0;0.0;0.0;-0.0;-0.0;0.0;0.0;-1.0;-0.0;0.0;0.0;-0.0;0.0;2.0
T. Barbet;/players/theo-barbet/515917/;2024-10-04;9;2.5;0.0;0.0;0.0;-0.0;-0.0;0.0;0.0;-0.0;-0.0;0.0;0.0;-0.0;0.0;2.5
H. Akujobi;/players/hamdi-akujobi/567599/;2024-10-04;9;3.0;0.0;0.0;0.0;-0.0;-0.0;0.0;0.0;-1.0;-0.0;0.0;0.0;-0.0;0.0;2.0
V. Zagaritis;/players/vasilios-zagaritis/617928/;2024-10-04;9;3.0;0.0;0.0;0.0;-2.0;-0.0;0.0;0.0;-1.0;-0.0;0.0;0.0;-0.0;0.0;0.0
Visus;/players/ricardo-visus-contreras/642402/;2024-10-04;9;3.0;0.0;0.0;0.0;-0.0;-0.0;0.0;0.0;-1.0;-0.0;0.0;0.0;-0.0;0.0;2.0
T. Haye;/players/thom-haye/182931/;2024-10-04;9;3.0;0.0;0.0;0.0;-0.0;-0.0;0.0;0.0;0.0;-0.0;0.0;0.0;-0.0;0.0;3.0
A. Tahiri;/players/anas-tahiri/323282/;2024-10-04;9;2.7;0.0;0.0;0.0;-0.0;-0.0;0.0;0.0;0.0;-0.0;0.0;0.0;-0.0;0.0;2.7
J. Ritmeester van de Kamp;/players/jochem-ritmeester-van-de-kamp/801840/;2024-10-04;9;2.7;0.0;0.0;0.0;-0.0;-0.0;0.0;0.0;0.0;-0.0;0.0;0.0;-0.0;0.0;2.7
T. Robinet;/players/thomas-robinet/312659/;2024-10-04;9;3.0;0.0;0.0;0.0;-0.0;-0.0;0.0;0.0;0.0;-0.0;0.0;0.0;-0.0;0.0;3.0
J. Kadile;/players/junior-morau-kadile-/590286/;2024-10-04;9;2.4;0.0;0.0;0.0;-0.0;-0.0;0.0;0.0;0.0;-0.0;0.0;0.0;-0.0;0.0;2.4
L. Delaurier-Chaubet;/players/logan-delaurier-chaubet/626512/;2024-10-04;9;2.4;0.0;0.0;0.0;-0.0;-0.0;0.0;0.0;0.0;-0.0;0.0;0.0;-0.0;0.0;2.4
Àlex Carbonell;/players/alejandro-carbonell/316438/;2024-10-04;9;0.6;0.0;0.0;0.0;-0.0;-0.0;0.0;0.0;0.0;-0.0;0.0;0.0;-0.0;0.0;0.6
F. Mattoir;/players/faiz-mattoir/547050/;2024-10-04;9;0.6;0.0;0.0;0.0;-0.0;-0.0;0.0;0.0;0.0;-0.0;0.0;0.0;-0.0;0.0;0.6
J. Jacobs;/players/joey-jacobs/537705/;2024-10-04;9;0.5;0.0;0.0;0.0;-0.0;-0.0;0.0;0.0;-1.0;-0.0;0.0;0.0;-0.0;0.0;-0.5
K. Hansen;/players/kornelius-normann-hansen/496125/;2024-10-04;9;0.3;0.0;0.0;0.0;-0.0;-0.0;0.0;0.0;0.0;-0.0;0.0;0.0;-0.0;0.0;0.3
B. Guillaume;/players/baptiste-guillaume/285403/;2024-10-04;9;0.3;0.0;0.0;0.0;-0.0;-0.0;0.0;0.0;0.0;-0.0;0.0;0.0;-0.0;0.0;0.3
J. Wendlinger;/players/jonas-wendlinger/469451/;2024-10-04;9;0.0;0.0;0.0;0.0;-0.0;-0.0;0.0;0.0;-0.0;-0.0;0.0;0.0;-0.0;0.0;0.0
J. van der Wilt;/players/joel-van-der-wilt/771874/;2024-10-04;9;0.0;0.0;0.0;0.0;-0.0;-0.0;0.0;0.0;-0.0;-0.0;0.0;0.0;-0.0;0.0;0.0
R. Providence;/players/ruben-providence/509854/;2024-10-04;9;0.0;0.0;0.0;0.0;-0.0;-0.0;0.0;0.0;0.0;-0.0;0.0;0.0;-0.0;0.0;0.0
D. Dankerlui;/players/damil-dankerlui/314252/;2024-10-04;9;0.0;0.0;0.0;0.0;-0.0;-0.0;0.0;0.0;-0.0;-0.0;0.0;0.0;-0.0;0.0;0.0
C. Mamengi;/players/christopher-mamengi/540620/;2024-10-04;9;0.0;0.0;0.0;0.0;-0.0;-0.0;0.0;0.0;-0.0;-0.0;0.0;0.0;-0.0;0.0;0.0
A. Nalić;/players/adi-nalic/459631/;2024-10-04;9;0.0;0.0;0.0;0.0;-0.0;-0.0;0.0;0.0;0.0;-0.0;0.0;0.0;-0.0;0.0;0.0
Álex Balboa;/players/alex-balboa-bandeira/627655/;2024-10-04;9;0.0;0.0;0.0;0.0;-0.0;-0.0;0.0;0.0;0.0;-0.0;0.0;0.0;-0.0;0.0;0.0
T. Didillon-Hödl;/players/thomas-didillon/259971/;2024-10-04;9;3.0;2.0;0.0;0.0;-0.0;-0.0;0.0;0.0;-0.0;-0.0;12.0;0.0;-0.0;0.0;17.0
M. Tirpan;/players/mickael-tirpan/202469/;2024-10-04;9;3.0;2.0;0.0;0.0;-2.0;-0.0;0.0;0.0;-0.0;-0.0;10.0;0.0;-0.0;0.0;13.0
R. Behounek;/players/raffael-behounek/408747/;2024-10-04;9;3.0;2.0;0.0;0.0;-0.0;-0.0;0.0;0.0;-0.0;-0.0;10.0;0.0;-0.0;0.0;15.0
T. St. Jago;/players/tommy-st-jago/477596/;2024-10-04;9;3.0;2.0;0.0;0.0;-0.0;-0.0;0.0;0.0;-0.0;-0.0;10.0;0.0;-0.0;0.0;15.0
R. Nizet;/players/rob-nizet/575071/;2024-10-04;9;3.0;2.0;0.0;0.0;-0.0;-0.0;0.0;0.0;-0.0;-0.0;10.0;0.0;-0.0;0.0;15.0
A. Lachkar;/players/amine-lachkar/876151/;2024-10-04;9;3.0;2.0;0.0;0.0;-2.0;-0.0;0.0;0.0;-0.0;-0.0;10.0;0.0;-0.0;0.0;13.0
J. Bosch;/players/jesse-bosch/621347/;2024-10-04;9;3.0;2.0;0.0;0.0;-0.0;-0.0;0.0;0.0;0.0;-0.0;3.0;0.0;-0.0;0.0;8.0
R. Meerveld;/players/ringo-meerveld/623815/;2024-10-04;9;2.83;1.89;0.0;0.0;-0.0;-0.0;0.0;0.0;0.0;-0.0;2.83;0.0;-0.0;0.0;7.56
C. Sandra;/players/cisse-sandra/638266/;2024-10-04;9;2.47;1.64;0.0;0.0;-0.0;-0.0;0.0;0.0;0.0;-0.0;2.47;0.0;-0.0;0.0;6.58
N. Doodeman;/players/nick-doodeman/454478/;2024-10-04;9;1.53;1.02;0.0;0.0;-0.0;-0.0;0.0;0.0;0.0;-0.0;0.51;0.0;-0.0;0.0;3.07
K. Vaesen;/players/kyan-vaesen/620620/;2024-10-04;9;3.0;2.0;0.0;0.0;-0.0;-0.0;0.0;4.0;0.0;-0.0;1.0;0.0;-0.0;0.0;10.0
A. Fatah;/players/amar-abdirahman-ahmed/801857/;2024-10-04;9;1.47;0.98;0.0;0.0;-0.0;-0.0;8.0;0.0;0.0;-0.0;0.49;0.0;-0.0;0.0;10.93
J. Bokila;/players/jeremy-bokila/49538/;2024-10-04;9;0.53;0.36;0.0;0.0;-0.0;-0.0;0.0;0.0;0.0;-0.0;0.18;0.0;-0.0;0.0;1.07
B. Lambert;/players/lambert-boris/551151/;2024-10-04;9;0.17;0.11;0.0;0.0;-2.0;-0.0;0.0;0.0;-0.0;-0.0;0.56;0.0;-0.0;0.0;-1.17
V. Vermeulen;/players/valentino-vermeulen/523467/;2024-10-04;9;0.0;0.0;0.0;0.0;-0.0;-0.0;0.0;0.0;-0.0;-0.0;0.0;0.0;-0.0;0.0;0.0
C. van den Berg;/players/connor-van-den-berg/569426/;2024-10-04;9;0.0;0.0;0.0;0.0;-0.0;-0.0;0.0;0.0;-0.0;-0.0;0.0;0.0;-0.0;0.0;0.0
P. van Loon;/players/per-van-loon/982232/;2024-10-04;9;;;;;;;;;;;;;;;0.0
M. Schut;/players/maarten-schut/680846/;2024-10-04;9;0.0;0.0;0.0;0.0;-0.0;-0.0;0.0;0.0;-0.0;-0.0;0.0;0.0;-0.0;0.0;0.0
M. Pivaš;/players/miodrag-pivas/745852/;2024-10-04;9;0.0;0.0;0.0;0.0;-0.0;-0.0;0.0;0.0;-0.0;-0.0;0.0;0.0;-0.0;0.0;0.0
P. Joosten;/players/patrick-joosten/394561/;2024-10-04;9;0.0;0.0;0.0;0.0;-0.0;-0.0;0.0;0.0;0.0;-0.0;0.0;0.0;-0.0;0.0;0.0
E. Kehrer;/players/emilio-kehrer/609627/;2024-10-04;9;0.0;0.0;0.0;0.0;-0.0;-0.0;0.0;0.0;0.0;-0.0;0.0;0.0;-0.0;0.0;0.0
R. Sigurgeirsson;/players/runar-thor-sigurgeirsson/491746/;2024-10-04;9;0.0;0.0;0.0;0.0;-0.0;-0.0;0.0;0.0;-0.0;-0.0;0.0;0.0;-0.0;0.0;0.0
W. Benítez;/players/walter-benitez/210145/;2024-10-05;9;3.0;2.0;0.0;0.0;-0.0;-0.0;0.0;0.0;-1.0;-0.0;0.0;0.0;-0.0;0.0;4.0
O. Boscagli;/players/olivier-boscagli/329542/;2024-10-05;9;3.0;2.0;0.0;0.0;-0.0;-0.0;0.0;6.0;-1.0;-0.0;0.0;0.0;-0.0;0.0;10.0
Mauro Júnior;/players/mauro-jaqueson-junior-ferreira-dos-santos/398754/;2024-10-05;9;3.0;2.0;0.0;0.0;-0.0;-0.0;0.0;0.0;-1.0;-0.0;0.0;0.0;-0.0;0.0;4.0
R. Flamingo;/players/ryan-flamingo/627724/;2024-10-05;9;3.0;2.0;0.0;0.0;-0.0;-0.0;0.0;0.0;-1.0;-0.0;0.0;0.0;-0.0;0.0;4.0
M. Dams;/players/matteo-dams/805736/;2024-10-05;9;3.0;2.0;0.0;0.0;-0.0;-8.0;0.0;0.0;-1.0;-0.0;0.0;0.0;-0.0;0.0;-4.0
G. Til;/players/guus-til/451981/;2024-10-05;9;3.0;2.0;0.0;0.0;-0.0;-0.0;0.0;0.0;0.0;-0.0;0.0;0.0;-0.0;0.0;5.0
R. Ledezma;/players/richard-ledezma/512218/;2024-10-05;9;2.77;1.84;0.0;0.0;-0.0;-0.0;0.0;0.0;0.0;-0.0;0.0;0.0;-0.0;0.0;4.61
M. Tillman;/players/malik-tillman/561787/;2024-10-05;9;2.77;1.84;0.0;0.0;-0.0;-0.0;0.0;0.0;0.0;-0.0;0.0;0.0;-0.0;0.0;4.61
I. Saibari;/players/ismael-saibari/632481/;2024-10-05;9;2.57;1.71;0.0;0.0;-0.0;-0.0;0.0;0.0;0.0;-0.0;0.0;0.0;-0.0;0.0;4.28
I. Perišić;/players/ivan-perisic/13756/;2024-10-05;9;1.53;1.02;0.0;0.0;-0.0;-0.0;0.0;0.0;0.0;-0.0;0.0;0.0;-0.0;0.0;2.56
L. de Jong;/players/luuk-de-jong/65056/;2024-10-05;9;2.27;1.51;0.0;0.0;-0.0;-0.0;8.0;0.0;0.0;-0.0;0.0;0.0;-0.0;0.0;11.78
J. Bakayoko;/players/johan-bakayoko/638229/;2024-10-05;9;1.47;0.98;0.0;0.0;-0.0;-0.0;0.0;0.0;0.0;-0.0;0.0;0.0;-0.0;0.0;2.44
R. Pepi;/players/ricardo-pepi/523964/;2024-10-05;9;0.73;0.49;0.0;0.0;-0.0;-0.0;0.0;0.0;0.0;-0.0;0.0;0.0;-0.0;0.0;1.22
A. Obispo;/players/armando-obispo/426581/;2024-10-05;9;0.43;0.29;0.0;0.0;-0.0;-0.0;0.0;0.0;-0.0;-0.0;0.0;0.0;-0.0;0.0;0.72
N. Lang;/players/noa-lang/463018/;2024-10-05;9;0.23;0.16;0.0;0.0;-0.0;-0.0;0.0;0.0;0.0;-0.0;0.0;0.0;-0.0;0.0;0.39
R. Karsdorp;/players/rick-karsdorp/322327/;2024-10-05;9;0.23;0.16;0.0;0.0;-0.0;-0.0;0.0;0.0;-0.0;-0.0;0.0;0.0;-0.0;0.0;0.39
A. Nagalo;/players/adamo-nagalo/694208/;2024-10-05;9;0.0;0.0;0.0;0.0;-0.0;-0.0;0.0;0.0;-0.0;-0.0;0.0;0.0;-0.0;0.0;0.0
T. Smolenaars;/players/tijn-smolenaars/846638/;2024-10-05;9;0.0;0.0;0.0;0.0;-0.0;-0.0;0.0;0.0;-0.0;-0.0;0.0;0.0;-0.0;0.0;0.0
J. Drommel;/players/joel-drommel/355869/;2024-10-05;9;0.0;0.0;0.0;0.0;-0.0;-0.0;0.0;0.0;-0.0;-0.0;0.0;0.0;-0.0;0.0;0.0
T. Land;/players/tygo-land/830551/;2024-10-05;9;0.0;0.0;0.0;0.0;-0.0;-0.0;0.0;0.0;0.0;-0.0;0.0;0.0;-0.0;0.0;0.0
N. Olij;/players/nick-olij/235322/;2024-10-05;9;3.0;0.0;0.0;0.0;-0.0;-0.0;0.0;0.0;-2.0;-0.0;0.0;0.0;-0.0;0.0;1.0
S. Bakari;/players/said-bakari/325391/;2024-10-05;9;2.73;0.0;0.0;0.0;-0.0;-0.0;0.0;0.0;-2.0;-0.0;0.0;0.0;-0.0;0.0;0.73
M. Eerdhuijzen;/players/mike--eerdhuijzen/537301/;2024-10-05;9;3.0;0.0;0.0;0.0;-0.0;-0.0;0.0;0.0;-2.0;-0.0;0.0;0.0;-0.0;0.0;1.0
D. van der Kust;/players/djevencio-van-der-kust/569309/;2024-10-05;9;2.73;0.0;0.0;0.0;-2.0;-0.0;0.0;0.0;-2.0;-0.0;0.0;0.0;-0.0;0.0;-1.27
R. Meissen;/players/rick-meissen/571955/;2024-10-05;9;3.0;0.0;0.0;0.0;-0.0;-0.0;0.0;0.0;-2.0;-0.0;0.0;0.0;-0.0;0.0;1.0
A. Verschueren;/players/arno-vershueren/319385/;2024-10-05;9;3.0;0.0;0.0;0.0;-0.0;-0.0;0.0;5.0;0.0;-3.0;0.0;0.0;-0.0;0.0;5.0
P. Clement;/players/pelle-clement/379793/;2024-10-05;9;2.27;0.0;0.0;0.0;-2.0;-0.0;0.0;0.0;0.0;-0.0;0.0;0.0;-0.0;0.0;0.27
M. Nassoh;/players/mohamed-nassoh/680659/;2024-10-05;9;3.0;0.0;0.0;0.0;-0.0;-0.0;0.0;0.0;0.0;-0.0;0.0;0.0;-0.0;0.0;3.0
Metinho;/players/abemly-meto-silu/691959/;2024-10-05;9;3.0;0.0;0.0;0.0;-0.0;-0.0;0.0;0.0;0.0;-0.0;0.0;0.0;-0.0;0.0;3.0
T. Lauritsen;/players/tobias-lauritsen/406745/;2024-10-05;9;1.37;0.0;0.0;0.0;-0.0;-0.0;8.0;0.0;0.0;-0.0;0.0;0.0;-0.0;0.0;9.37
C. Neghli;/players/camiel-neghli/680707/;2024-10-05;9;2.73;0.0;0.0;0.0;-0.0;-0.0;0.0;0.0;0.0;-0.0;0.0;0.0;-0.0;0.0;2.73
S. Mito;/players/shunsuke-mito/640252/;2024-10-05;9;1.63;0.0;0.0;0.0;-0.0;-0.0;0.0;0.0;0.0;-0.0;0.0;0.0;-0.0;0.0;1.63
J. Kitolano;/players/joshua-gaston-kitolano/517475/;2024-10-05;9;0.73;0.0;0.0;0.0;-0.0;-0.0;0.0;0.0;0.0;-0.0;0.0;0.0;-0.0;0.0;0.73
A. Oufkir;/players/ayoub-oufkir/935867/;2024-10-05;9;0.27;0.0;0.0;0.0;-0.0;-0.0;0.0;0.0;0.0;-0.0;0.0;0.0;-0.0;0.0;0.27
M. Kleijn;/players/mike-kleijn/778111/;2024-10-05;9;0.27;0.0;0.0;0.0;-0.0;-0.0;0.0;0.0;-0.0;-0.0;0.0;0.0;-0.0;0.0;0.27
B. Reith;/players/boyd-reith/427038/;2024-10-05;9;0.27;0.0;0.0;0.0;-0.0;-0.0;0.0;0.0;-0.0;-0.0;0.0;0.0;-0.0;0.0;0.27
J. Baas;/players/julian-baas/663406/;2024-10-05;9;0.0;0.0;0.0;0.0;-0.0;-0.0;0.0;0.0;0.0;-0.0;0.0;0.0;-0.0;0.0;0.0
M. Young;/players/marvin-young/890667/;2024-10-05;9;0.0;0.0;0.0;0.0;-0.0;-0.0;0.0;0.0;-0.0;-0.0;0.0;0.0;-0.0;0.0;0.0
M. de Ligt;/players/max-de-ligt/853143/;2024-10-05;9;0.0;0.0;0.0;0.0;-0.0;-0.0;0.0;0.0;-0.0;-0.0;0.0;0.0;-0.0;0.0;0.0
Y. Schoonderwaldt;/players/youri-youri-schoonderwaldt/537694/;2024-10-05;9;0.0;0.0;0.0;0.0;-0.0;-0.0;0.0;0.0;-0.0;-0.0;0.0;0.0;-0.0;0.0;0.0
K. Reitmaier;/players/kaylen-jermaine-danny-reitmaier/674708/;2024-10-05;9;0.0;0.0;0.0;0.0;-0.0;-0.0;0.0;0.0;-0.0;-0.0;0.0;0.0;-0.0;0.0;0.0
H. El Dahri;/players/hamza-el-dahri/819347/;2024-10-05;9;0.0;0.0;0.0;0.0;-0.0;-0.0;0.0;0.0;0.0;-0.0;0.0;0.0;-0.0;0.0;0.0
J. de Guzmán;/players/jonathan-alexander-de-guzman/2259/;2024-10-05;9;0.0;0.0;0.0;0.0;-0.0;-0.0;0.0;0.0;0.0;-0.0;0.0;0.0;-0.0;0.0;0.0
V. Barkas;/players/vasileios-barkas/272919/;2024-10-05;9;3.0;2.0;0.0;0.0;-0.0;-0.0;0.0;0.0;-2.0;-0.0;0.0;0.0;-0.0;0.0;3.0
N. Viergever;/players/nick--viergever/78529/;2024-10-05;9;3.0;2.0;0.0;0.0;-0.0;-0.0;12.0;0.0;-2.0;-0.0;0.0;0.0;-0.0;0.0;15.0
M. van der Hoorn;/players/mike-van-der-hoorn/190540/;2024-10-05;9;3.0;2.0;0.0;0.0;-0.0;-0.0;0.0;0.0;-2.0;-0.0;0.0;0.0;-0.0;0.0;3.0
S. Horemans;/players/siebe-horemans/399758/;2024-10-05;9;3.0;2.0;0.0;0.0;-0.0;-0.0;0.0;0.0;-2.0;-0.0;0.0;0.0;-0.0;0.0;3.0
S. El Karouani;/players/souffian-elkarouani/537878/;2024-10-05;9;2.33;1.56;0.0;0.0;-0.0;-0.0;0.0;6.0;-1.0;-0.0;0.0;0.0;-0.0;0.0;8.89
V. Jensen;/players/victor-jensen/460509/;2024-10-05;9;1.53;1.02;0.0;0.0;-0.0;-0.0;0.0;0.0;0.0;-0.0;0.0;0.0;-0.0;0.0;2.56
P. Aaronson;/players/paxten-aaronson/576828/;2024-10-05;9;3.0;2.0;0.0;0.0;-0.0;-0.0;9.0;0.0;0.0;-0.0;0.0;0.0;-0.0;0.0;14.0
O. Fraulo;/players/oscar-fraulo/637161/;2024-10-05;9;3.0;2.0;0.0;0.0;-0.0;-0.0;0.0;0.0;0.0;-0.0;0.0;0.0;-0.0;0.0;5.0
O. Romeny;/players/ole-ter-haar-romeny/532140/;2024-10-05;9;2.77;1.84;0.0;0.0;-0.0;-0.0;0.0;0.0;0.0;-0.0;0.0;0.0;-0.0;0.0;4.61
D. Min;/players/david-min/587715/;2024-10-05;9;2.33;1.56;0.0;0.0;-0.0;-0.0;8.0;0.0;0.0;-0.0;0.0;0.0;-0.0;0.0;11.89
Y. Cathline;/players/yoann-cathline/660710/;2024-10-05;9;1.97;1.31;0.0;0.0;-0.0;-0.0;0.0;0.0;0.0;-0.0;0.0;0.0;-0.0;0.0;3.28
J. Toornstra;/players/jens-toornstra/110217/;2024-10-05;9;1.47;0.98;0.0;0.0;-0.0;-0.0;0.0;0.0;0.0;-0.0;0.0;0.0;-0.0;0.0;2.44
Miguel Rodríguez;/players/miguel-rodriguez-vidal/576516/;2024-10-05;9;1.03;0.69;0.0;0.0;-0.0;-0.0;0.0;0.0;0.0;-0.0;0.0;0.0;-0.0;0.0;1.72
N. Ohio;/players/noah-ohio/571268/;2024-10-05;9;0.67;0.44;0.0;0.0;-2.0;-0.0;0.0;0.0;0.0;-0.0;0.0;0.0;-0.0;0.0;-0.89
K. Finnsson;/players/kolbeinn-finnsson/384487/;2024-10-05;9;0.67;0.44;0.0;0.0;-0.0;-0.0;0.0;0.0;-1.0;-0.0;0.0;0.0;-0.0;0.0;0.11
C. Bozdoğan;/players/can-bozdogan/529101/;2024-10-05;9;0.23;0.16;0.0;0.0;-0.0;-0.0;0.0;0.0;0.0;-0.0;0.0;0.0;-0.0;0.0;0.39
A. Blake;/players/adrian-blake/695557/;2024-10-05;9;0.0;0.0;0.0;0.0;-0.0;-0.0;0.0;0.0;0.0;-0.0;0.0;0.0;-0.0;0.0;0.0
M. Didden;/players/matisse-didden/541794/;2024-10-05;9;0.0;0.0;0.0;0.0;-0.0;-0.0;0.0;0.0;-0.0;-0.0;0.0;0.0;-0.0;0.0;0.0
A. Descotte;/players/anthony-descotte/638248/;2024-10-05;9;0.0;0.0;0.0;0.0;-0.0;-0.0;0.0;0.0;0.0;-0.0;0.0;0.0;-0.0;0.0;0.0
T. de Graaff;/players/tom-gerard-de-graaff/783148/;2024-10-05;9;0.0;0.0;0.0;0.0;-0.0;-0.0;0.0;0.0;-0.0;-0.0;0.0;0.0;-0.0;0.0;0.0
M. Brouwer;/players/michael-brouwer/250395/;2024-10-05;9;0.0;0.0;0.0;0.0;-0.0;-0.0;0.0;0.0;-0.0;-0.0;0.0;0.0;-0.0;0.0;0.0
J. Mukeh;/players/joshua-mukeh/687903/;2024-10-05;9;0.0;0.0;0.0;0.0;-0.0;-0.0;0.0;0.0;-0.0;-0.0;0.0;0.0;-0.0;0.0;0.0
S. Andersen;/players/silas-andersen/655434/;2024-10-05;9;0.0;0.0;0.0;0.0;-0.0;-0.0;0.0;0.0;0.0;-0.0;0.0;0.0;-0.0;0.0;0.0
Y. van Osch;/players/van-yanick-osch/319269/;2024-10-05;9;3.0;0.0;0.0;0.0;-0.0;-0.0;0.0;0.0;-3.0;-0.0;0.0;0.0;-0.0;0.0;0.0
A. Meijers;/players/aaron-meijers/59081/;2024-10-05;9;3.0;0.0;0.0;0.0;-0.0;-8.0;0.0;0.0;-3.0;-0.0;0.0;0.0;-0.0;0.0;-8.0
D. Van den Buijs;/players/dario-van-den-buijs/353273/;2024-10-05;9;3.0;0.0;0.0;0.0;-0.0;-0.0;0.0;0.0;-3.0;-0.0;0.0;0.0;-0.0;0.0;0.0
L. van Gelderen;/players/liam--van-gelderen/463011/;2024-10-05;9;3.0;0.0;0.0;0.0;-0.0;-0.0;0.0;0.0;-3.0;-0.0;0.0;0.0;-0.0;0.0;0.0
R. van Eijma;/players/roshon-van-eijma/539577/;2024-10-05;9;3.0;0.0;0.0;0.0;-0.0;-0.0;0.0;0.0;-3.0;-0.0;0.0;0.0;-0.0;0.0;0.0
Y. Oukili;/players/yassin-oukili/567948/;2024-10-05;9;2.13;0.0;0.0;0.0;-0.0;-0.0;0.0;0.0;0.0;-0.0;0.0;0.0;-0.0;0.0;2.13
D. Weidmann;/players/daouda-weidmann/782160/;2024-10-05;9;2.9;0.0;0.0;0.0;-0.0;-0.0;0.0;0.0;0.0;-0.0;0.0;0.0;-0.0;0.0;2.9
T. van de Loo;/players/tim-van-de-loo/813111/;2024-10-05;9;3.0;0.0;0.0;0.0;-0.0;-0.0;0.0;5.0;0.0;-0.0;0.0;0.0;-0.0;0.0;8.0
C. Lokesa;/players/chris-lokesa/847737/;2024-10-05;9;1.03;0.0;0.0;0.0;-0.0;-0.0;0.0;0.0;0.0;-0.0;0.0;0.0;-0.0;0.0;1.03
O. Zawada;/players/oskar-zawada/289870/;2024-10-05;9;2.13;0.0;0.0;0.0;-0.0;-0.0;0.0;0.0;0.0;-0.0;0.0;0.0;-0.0;0.0;2.13
D. Cleonise;/players/denilho-cleonise/642338/;2024-10-05;9;3.0;0.0;0.0;0.0;-0.0;-0.0;8.0;0.0;0.0;-0.0;0.0;0.0;-0.0;0.0;11.0
L. Wouters;/players/luuk--wouters/537856/;2024-10-05;9;1.97;0.0;0.0;0.0;-0.0;-0.0;0.0;0.0;-2.0;-0.0;0.0;0.0;-0.0;0.0;-0.03
R. Margaret;/players/richonell-margaret/508815/;2024-10-05;9;0.87;0.0;0.0;0.0;-0.0;-0.0;0.0;0.0;0.0;-0.0;0.0;3.0;-0.0;0.0;3.87
S. van der Water;/players/silvester-van-der-water/408536/;2024-10-05;9;0.87;0.0;0.0;0.0;-0.0;-0.0;0.0;0.0;0.0;-0.0;0.0;0.0;-0.0;0.0;0.87
M. Ihattaren;/players/mohammed-amine-ihattaren/525933/;2024-10-05;9;0.1;0.0;0.0;0.0;-0.0;-0.0;0.0;0.0;0.0;-0.0;0.0;0.0;-0.0;0.0;0.1
I. Takidine;/players/ilias-takidine/632532/;2024-10-05;9;0.0;0.0;0.0;0.0;-0.0;-0.0;0.0;0.0;0.0;-0.0;0.0;0.0;-0.0;0.0;0.0
A. Jakobsen;/players/alexander-jakobsen/218149/;2024-10-05;9;0.0;0.0;0.0;0.0;-0.0;-0.0;0.0;0.0;0.0;-0.0;0.0;0.0;-0.0;0.0;0.0
R. Niemeijer;/players/reuven-niemeijer/447106/;2024-10-05;9;0.0;0.0;0.0;0.0;-0.0;-0.0;0.0;0.0;0.0;-0.0;0.0;0.0;-0.0;0.0;0.0
J. Lelieveld;/players/julian-lelieveld/407738/;2024-10-05;9;0.0;0.0;0.0;0.0;-0.0;-0.0;0.0;0.0;-0.0;-0.0;0.0;0.0;-0.0;0.0;0.0
J. Kesting;/players/joey-kesting/567938/;2024-10-05;9;0.0;0.0;0.0;0.0;-0.0;-0.0;0.0;0.0;-0.0;-0.0;0.0;0.0;-0.0;0.0;0.0
K. Felida;/players/kevin--felida/501817/;2024-10-05;9;0.0;0.0;0.0;0.0;-0.0;-0.0;0.0;0.0;0.0;-0.0;0.0;0.0;-0.0;0.0;0.0
J. Houwen;/players/jeroen-houwen/303254/;2024-10-05;9;0.0;0.0;0.0;0.0;-0.0;-0.0;0.0;0.0;-0.0;-0.0;0.0;0.0;-0.0;0.0;0.0
P. Vroegh;/players/patrick-vroegh/457667/;2024-10-05;9;0.0;0.0;0.0;0.0;-0.0;-0.0;0.0;0.0;0.0;-0.0;0.0;0.0;-0.0;0.0;0.0
M. van der Hart;/players/mickey-van-der-hart/218009/;2024-10-05;9;3.0;0.0;1.0;0.0;-0.0;-0.0;0.0;0.0;-1.0;-0.0;0.0;0.0;-0.0;0.0;3.0
P. Bochniewicz;/players/pawe-bochniewicz/273911/;2024-10-05;9;3.0;0.0;1.0;0.0;-0.0;-0.0;0.0;0.0;-1.0;-0.0;0.0;0.0;-0.0;0.0;3.0
M. Köhlert;/players/mats-kohlert/400423/;2024-10-05;9;3.0;0.0;1.0;0.0;-0.0;-0.0;0.0;0.0;-1.0;-0.0;0.0;0.0;-0.0;0.0;3.0
N. Hopland;/players/nikolai-soyset-hopland/703339/;2024-10-05;9;3.0;0.0;1.0;0.0;-0.0;-0.0;0.0;0.0;-1.0;-0.0;0.0;0.0;-0.0;0.0;3.0
O. Braude;/players/oliver-johansen-braude/794018/;2024-10-05;9;2.93;0.0;0.98;0.0;-0.0;-0.0;0.0;0.0;-1.0;-0.0;0.0;0.0;-0.0;0.0;2.91
L. Brouwers;/players/luuk-brouwers/402458/;2024-10-05;9;3.0;0.0;1.0;0.0;-0.0;-0.0;0.0;0.0;0.0;-0.0;0.0;0.0;-0.0;0.0;4.0
S. Olsson;/players/simon-olsson/423888/;2024-10-05;9;2.47;0.0;0.82;0.0;-0.0;-0.0;0.0;0.0;0.0;-0.0;0.0;0.0;-0.0;0.0;3.29
E. van Ee;/players/espen-van-ee/921919/;2024-10-05;9;2.47;0.0;0.82;0.0;-2.0;-0.0;0.0;0.0;0.0;-0.0;0.0;0.0;-0.0;0.0;1.29
J. Trenskow;/players/jacob-trenskow/672937/;2024-10-05;9;3.0;0.0;1.0;0.0;-0.0;-0.0;0.0;4.0;0.0;-0.0;0.0;0.0;-0.0;0.0;8.0
I. Sebaoui;/players/ilias-sebaoui/797954/;2024-10-05;9;2.93;0.0;0.98;0.0;-0.0;-0.0;0.0;0.0;0.0;-0.0;0.0;0.0;-0.0;0.0;3.91
D. Rallis;/players/dimitris-rallis/982464/;2024-10-05;9;;;;;;;;;;;;;;;0.0
D. Karlsbakk;/players/daniel-seland-karlsbakk/629619/;2024-10-05;9;0.83;0.0;0.28;0.0;-0.0;-0.0;0.0;0.0;0.0;-0.0;0.0;0.0;-0.0;0.0;1.11
A. Condé;/players/amara-conde/310101/;2024-10-05;9;0.53;0.0;0.18;0.0;-0.0;-0.0;0.0;0.0;0.0;-0.0;0.0;0.0;-0.0;0.0;0.71
L. Smans;/players/levi-smans/757104/;2024-10-05;9;0.53;0.0;0.18;0.0;-0.0;-0.0;0.0;0.0;0.0;-0.0;0.0;0.0;-0.0;0.0;0.71
C. Nunnely;/players/che-nunnely/423827/;2024-10-05;9;0.07;0.0;0.02;0.0;-0.0;-0.0;0.0;0.0;0.0;-0.0;0.0;0.0;-0.0;0.0;0.09
D. Hall;/players/denzel-hall/508910/;2024-10-05;9;0.07;0.0;0.02;0.0;-2.0;-0.0;0.0;0.0;-0.0;-0.0;0.0;0.0;-0.0;0.0;-1.91
A. Noppert;/players/andries-noppert/300862/;2024-10-05;9;0.0;0.0;0.0;0.0;-0.0;-0.0;0.0;0.0;-0.0;-0.0;0.0;0.0;-0.0;0.0;0.0
M. Witteveen;/players/melle-joop-witteveen/915624/;2024-10-05;9;0.0;0.0;0.0;0.0;-0.0;-0.0;0.0;0.0;0.0;-0.0;0.0;0.0;-0.0;0.0;0.0
I. Ahmed;/players/isaiah-ahmed/982466/;2024-10-05;9;0.0;0.0;0.0;0.0;-0.0;-0.0;0.0;0.0;0.0;-0.0;0.0;0.0;-0.0;0.0;0.0
S. Kersten;/players/sam-kersten/453644/;2024-10-05;9;0.0;0.0;0.0;0.0;-0.0;-0.0;0.0;0.0;-0.0;-0.0;0.0;0.0;-0.0;0.0;0.0
J. Bekkema;/players/jan-bekkema/452051/;2024-10-05;9;0.0;0.0;0.0;0.0;-0.0;-0.0;0.0;0.0;-0.0;-0.0;0.0;0.0;-0.0;0.0;0.0
J. Schendelaar;/players/jasper-schendelaar/454473/;2024-10-05;9;3.0;0.0;1.0;0.0;-0.0;-0.0;0.0;0.0;-1.0;-0.0;0.0;0.0;-0.0;0.0;3.0
S. Floranus;/players/sherel-floranus/385271/;2024-10-05;9;3.0;0.0;1.0;0.0;-0.0;-0.0;0.0;0.0;-1.0;-0.0;0.0;0.0;-0.0;0.0;3.0
A. El Azzouzi;/players/anouar-el-azzouzi/567947/;2024-10-05;9;3.0;0.0;1.0;0.0;-0.0;-0.0;0.0;0.0;-1.0;-0.0;0.0;0.0;-0.0;0.0;3.0
A. MacNulty;/players/anselmo-garcia-mcnulty/608607/;2024-10-05;9;3.0;0.0;1.0;0.0;-0.0;-0.0;0.0;0.0;-1.0;-0.0;0.0;0.0;-0.0;0.0;3.0
D. van der Haar;/players/damian-van-der-haar/812205/;2024-10-05;9;2.67;0.0;0.89;0.0;-0.0;-0.0;0.0;0.0;-1.0;-0.0;0.0;0.0;-0.0;0.0;2.56
Y. Namli;/players/younes-namli/291585/;2024-10-05;9;2.67;0.0;0.89;0.0;-0.0;-0.0;0.0;0.0;0.0;-0.0;0.0;0.0;-0.0;0.0;3.56
Jamiro Monteiro;/players/jamiro-gregory-monteiro-alvarenga/421293/;2024-10-05;9;3.0;0.0;1.0;0.0;-0.0;-0.0;0.0;0.0;0.0;-0.0;0.0;0.0;-0.0;0.0;4.0
D. van den Berg;/players/dave-van-den-berg-/475335/;2024-10-05;9;3.0;0.0;1.0;0.0;-0.0;-0.0;9.0;0.0;0.0;-0.0;0.0;0.0;-0.0;0.0;13.0
F. Krastev;/players/filip-yavorov-krastev/550509/;2024-10-05;9;2.27;0.0;0.76;0.0;-0.0;-0.0;0.0;0.0;0.0;-0.0;0.0;0.0;-0.0;0.0;3.02
D. Vente;/players/dylan-vente/426585/;2024-10-05;9;3.0;0.0;1.0;0.0;-0.0;-0.0;0.0;0.0;0.0;-0.0;0.0;0.0;-0.0;0.0;4.0
D. Mbayo;/players/dylan-mbayo/599681/;2024-10-05;9;2.67;0.0;0.89;0.0;-0.0;-0.0;0.0;4.0;0.0;-0.0;0.0;0.0;-0.0;0.0;7.56
O. Velanas;/players/odysseus-velanas/452059/;2024-10-05;9;0.73;0.0;0.24;0.0;-0.0;-0.0;0.0;0.0;0.0;-0.0;0.0;0.0;-0.0;0.0;0.98
T. Lutonda;/players/thierry-lutonda/462568/;2024-10-05;9;0.33;0.0;0.11;0.0;-0.0;-0.0;0.0;0.0;-0.0;-0.0;0.0;0.0;-0.0;0.0;0.44
R. Thomas;/players/ryan-thomas/215382/;2024-10-05;9;0.33;0.0;0.11;0.0;-2.0;-0.0;0.0;0.0;0.0;-0.0;0.0;0.0;-0.0;0.0;-1.56
K. de Rooij;/players/kaj-de-rooij/539368/;2024-10-05;9;0.33;0.0;0.11;0.0;-2.0;-0.0;0.0;0.0;0.0;-0.0;0.0;0.0;-0.0;0.0;-1.56
O. Aertssen;/players/olivier-aertssen/664645/;2024-10-05;9;0.0;0.0;0.0;0.0;-0.0;-0.0;0.0;0.0;-0.0;-0.0;0.0;0.0;-0.0;0.0;0.0
K. Vermeer;/players/kenneth-vermeer/2175/;2024-10-05;9;0.0;0.0;0.0;0.0;-0.0;-0.0;0.0;0.0;-0.0;-0.0;0.0;0.0;-0.0;0.0;0.0
M. Hauptmeijer;/players/mike-hauptmeijer/321048/;2024-10-05;9;0.0;0.0;0.0;0.0;-0.0;-0.0;0.0;0.0;-0.0;-0.0;0.0;0.0;-0.0;0.0;0.0
B. Manu;/players/braydon-marvin-manu/414639/;2024-10-05;9;0.0;0.0;0.0;0.0;-0.0;-0.0;0.0;0.0;0.0;-0.0;0.0;0.0;-0.0;0.0;0.0
T. Gijselhart;/players/teun-gijselhart/789919/;2024-10-05;9;0.0;0.0;0.0;0.0;-0.0;-0.0;0.0;0.0;0.0;-0.0;0.0;0.0;-0.0;0.0;0.0
E. Reijnders;/players/eliano-reijnders/577288/;2024-10-05;9;0.0;0.0;0.0;0.0;-0.0;-0.0;0.0;0.0;0.0;-0.0;0.0;0.0;-0.0;0.0;0.0
N. Fichtinger;/players/nick-fichtinger/914267/;2024-10-05;9;0.0;0.0;0.0;0.0;-0.0;-0.0;0.0;0.0;0.0;-0.0;0.0;0.0;-0.0;0.0;0.0
T. Buitink;/players/thomas-buitnik/457668/;2024-10-05;9;0.0;0.0;0.0;0.0;-0.0;-0.0;0.0;0.0;0.0;-0.0;0.0;0.0;-0.0;0.0;0.0
D. Bielica;/players/daniel-bielica/555492/;2024-10-05;9;3.0;2.0;0.0;0.0;-0.0;-0.0;0.0;0.0;-0.0;-0.0;12.0;0.0;-0.0;0.0;17.0
J. Van den Bergh;/players/jan-van-den-bergh/354185/;2024-10-05;9;3.0;2.0;0.0;0.0;-2.0;-0.0;0.0;0.0;-0.0;-0.0;10.0;0.0;-0.0;0.0;13.0
B. Kemper;/players/boy-kemper/463009/;2024-10-05;9;3.0;2.0;0.0;0.0;-0.0;-0.0;0.0;0.0;-0.0;-0.0;10.0;0.0;-0.0;0.0;15.0
L. Greiml;/players/leo-greiml/517683/;2024-10-05;9;3.0;2.0;0.0;0.0;-2.0;-0.0;0.0;0.0;-0.0;-0.0;10.0;0.0;-0.0;0.0;13.0
L. Mol;/players/lars-mol/923583/;2024-10-05;9;1.87;1.24;0.0;0.0;-0.0;-0.0;0.0;0.0;-0.0;-0.0;6.22;0.0;-0.0;0.0;9.33
C. Valerius;/players/cherrion-valerius/947863/;2024-10-05;9;3.0;2.0;0.0;0.0;-0.0;-0.0;0.0;0.0;-0.0;-0.0;10.0;0.0;-0.0;0.0;15.0
C. Leemans;/players/clint-leemans/264397/;2024-10-05;9;2.03;1.36;0.0;0.0;-0.0;-0.0;0.0;0.0;0.0;-0.0;2.03;0.0;-0.0;0.0;5.42
M. Balard;/players/maximilien-balard/643695/;2024-10-05;9;3.0;2.0;0.0;0.0;-0.0;-0.0;0.0;0.0;0.0;-0.0;3.0;0.0;-0.0;0.0;8.0
E. Ómarsson;/players/elias-mar-omarsson/213035/;2024-10-05;9;2.57;1.71;0.0;0.0;-0.0;-0.0;0.0;0.0;0.0;-0.0;0.86;0.0;-0.0;0.0;5.13
L. Sauer;/players/leo-sauer/790415/;2024-10-05;9;2.57;1.71;0.0;0.0;-0.0;-0.0;0.0;0.0;0.0;-0.0;0.86;0.0;-0.0;0.0;5.13
Saná Fernandes;/players/sana-fernandes/926017/;2024-10-05;9;3.0;2.0;0.0;0.0;-0.0;-8.0;0.0;0.0;0.0;-0.0;1.0;0.0;-0.0;0.0;-2.0
C. Staring;/players/casper-staring/628494/;2024-10-05;9;1.13;0.76;0.0;0.0;-0.0;-0.0;0.0;0.0;0.0;-0.0;1.13;0.0;-0.0;0.0;3.02
D. Janošek;/players/dominik-janosek/492661/;2024-10-05;9;0.97;0.64;0.0;0.0;-0.0;-0.0;9.0;0.0;0.0;-0.0;0.97;0.0;-0.0;0.0;11.58
K. Kostorz;/players/kacper-kostorz/485378/;2024-10-05;9;0.43;0.29;0.0;0.0;-0.0;-0.0;0.0;0.0;0.0;-0.0;0.14;0.0;-0.0;0.0;0.87
T. Kongolo;/players/terence-kongolo/161296/;2024-10-05;9;0.43;0.29;0.0;0.0;-0.0;-0.0;0.0;0.0;-0.0;-0.0;1.44;0.0;-0.0;0.0;2.17
Manel Royo;/players/manel-royo-castell/354951/;2024-10-05;9;0.0;0.0;0.0;0.0;-0.0;-0.0;0.0;0.0;-0.0;-0.0;0.0;0.0;-0.0;0.0;0.0
T. Troost;/players/tein-troost/525919/;2024-10-05;9;0.0;0.0;0.0;0.0;-0.0;-0.0;0.0;0.0;-0.0;-0.0;0.0;0.0;-0.0;0.0;0.0
R. Kuijpers;/players/roy-kuijpers/663306/;2024-10-05;9;0.0;0.0;0.0;0.0;-0.0;-0.0;0.0;0.0;0.0;-0.0;0.0;0.0;-0.0;0.0;0.0
M. Koscelník;/players/martin-koscelnik/353345/;2024-10-05;9;0.0;0.0;0.0;0.0;-0.0;-0.0;0.0;0.0;-0.0;-0.0;0.0;0.0;-0.0;0.0;0.0
E. Mahmutović;/players/enes-mahmutovic/347775/;2024-10-05;9;0.0;0.0;0.0;0.0;-0.0;-0.0;0.0;0.0;-0.0;-0.0;0.0;0.0;-0.0;0.0;0.0
R. Kortsmit;/players/roy-kortsmit/200996/;2024-10-05;9;0.0;0.0;0.0;0.0;-0.0;-0.0;0.0;0.0;-0.0;-0.0;0.0;0.0;-0.0;0.0;0.0
B. Lucassen;/players/boyd-lucassen/453952/;2024-10-05;9;0.0;0.0;0.0;0.0;-0.0;-0.0;0.0;0.0;-0.0;-0.0;0.0;0.0;-0.0;0.0;0.0
R. Roefs;/players/robin-roefs/636190/;2024-10-05;9;3.0;0.0;0.0;0.0;-0.0;-0.0;0.0;0.0;-1.0;-0.0;0.0;0.0;-0.0;0.0;2.0
B. Nuytinck;/players/bram-nuytinck/86442/;2024-10-05;9;3.0;0.0;0.0;0.0;-0.0;-0.0;0.0;0.0;-1.0;-0.0;0.0;0.0;-0.0;0.0;2.0
C. Verdonk;/players/calvin-verdonk/319288/;2024-10-05;9;3.0;0.0;0.0;0.0;-2.0;-0.0;0.0;0.0;-1.0;-0.0;0.0;0.0;-0.0;0.0;0.0
Iván Márquez;/players/ivan-marquez-alvarez/352663/;2024-10-05;9;2.5;0.0;0.0;0.0;-0.0;-0.0;0.0;0.0;-0.0;-0.0;0.0;0.0;-0.0;0.0;2.5
T. Ouwejan;/players/thomas-ouwejan/407740/;2024-10-05;9;3.0;0.0;0.0;0.0;-0.0;-0.0;0.0;0.0;-1.0;-0.0;0.0;0.0;-0.0;0.0;2.0
B. Pereira;/players/brayann-pereira/640596/;2024-10-05;9;3.0;0.0;0.0;0.0;-0.0;-0.0;0.0;0.0;-1.0;-0.0;0.0;0.0;-0.0;0.0;2.0
L. Schöne;/players/lasse-schone/17366/;2024-10-05;9;2.07;0.0;0.0;0.0;-0.0;-0.0;0.0;0.0;0.0;-0.0;0.0;0.0;-0.0;0.0;2.07
M. Hoedemakers;/players/mees-hoedemakers/465082/;2024-10-05;9;3.0;0.0;0.0;0.0;-0.0;-0.0;0.0;0.0;0.0;-0.0;0.0;0.0;-0.0;0.0;3.0
Róber;/players/roberto-gonzalez-bayon/500171/;2024-10-05;9;2.5;0.0;0.0;0.0;-0.0;-0.0;0.0;0.0;0.0;-0.0;0.0;0.0;-0.0;0.0;2.5
K. Ogawa;/players/koki-ogawa/435835/;2024-10-05;9;2.07;0.0;0.0;0.0;-0.0;-0.0;0.0;0.0;0.0;-0.0;0.0;0.0;-0.0;0.0;2.07
S. Hansen;/players/sontje-hansen/508823/;2024-10-05;9;2.07;0.0;0.0;0.0;-0.0;-0.0;0.0;0.0;0.0;-0.0;0.0;0.0;-0.0;0.0;2.07
K. Sano;/players/kodai-sano/815318/;2024-10-05;9;0.93;0.0;0.0;0.0;-0.0;-0.0;0.0;0.0;0.0;-0.0;0.0;0.0;-0.0;0.0;0.93
S. Ouaissa;/players/sami-ouaissa/856399/;2024-10-05;9;0.93;0.0;0.0;0.0;-0.0;-0.0;0.0;0.0;0.0;-0.0;0.0;0.0;-0.0;0.0;0.93
B. Önal;/players/basar-onal/822550/;2024-10-05;9;0.93;0.0;0.0;0.0;-0.0;-0.0;0.0;0.0;0.0;-0.0;0.0;0.0;-0.0;0.0;0.93
V. van Crooij;/players/vito-van-crooy/330044/;2024-10-05;9;0.5;0.0;0.0;0.0;-0.0;-0.0;0.0;0.0;0.0;-0.0;0.0;0.0;-0.0;0.0;0.5
K. Shiogai;/players/kento-shiogai/910330/;2024-10-05;9;0.5;0.0;0.0;0.0;-0.0;-0.0;0.0;0.0;0.0;-0.0;0.0;0.0;-0.0;0.0;0.5
S. van Gassel;/players/stijn-van-gassel/323665/;2024-10-05;9;0.0;0.0;0.0;0.0;-0.0;-0.0;0.0;0.0;-0.0;-0.0;0.0;0.0;-0.0;0.0;0.0
L. Lyratzis;/players/eleutherios-lyratzis/463371/;2024-10-05;9;0.0;0.0;0.0;0.0;-0.0;-0.0;0.0;0.0;-0.0;-0.0;0.0;0.0;-0.0;0.0;0.0
R. Janse;/players/rijk-janse/632550/;2024-10-05;9;0.0;0.0;0.0;0.0;-0.0;-0.0;0.0;0.0;-0.0;-0.0;0.0;0.0;-0.0;0.0;0.0
K. de Wit;/players/kas-de-wit/857092/;2024-10-05;9;0.0;0.0;0.0;0.0;-0.0;-0.0;0.0;0.0;0.0;-0.0;0.0;0.0;-0.0;0.0;0.0
A. Darellas;/players/argyrios-darelas/637189/;2024-10-05;9;0.0;0.0;0.0;0.0;-0.0;-0.0;0.0;0.0;0.0;-0.0;0.0;0.0;-0.0;0.0;0.0
M. Branderhorst;/players/mathijs-branderhorst/175358/;2024-10-06;9;3.0;2.0;0.0;0.0;-0.0;-0.0;0.0;0.0;-0.0;-0.0;12.0;0.0;-0.0;0.0;17.0
Ivo Pinto;/players/ivo-pinto/86672/;2024-10-06;9;3.0;2.0;0.0;0.0;-0.0;-0.0;0.0;0.0;-0.0;-0.0;10.0;0.0;-0.0;0.0;15.0
Rodrigo Guth;/players/rodrigo-guth/475116/;2024-10-06;9;3.0;2.0;0.0;0.0;-0.0;-0.0;12.0;0.0;-0.0;-0.0;10.0;0.0;-0.0;0.0;27.0
J. Dahlhaus;/players/jasper-dahlhaus/567944/;2024-10-06;9;3.0;2.0;0.0;0.0;-0.0;-0.0;0.0;0.0;-0.0;-0.0;10.0;0.0;-0.0;0.0;15.0
S. Adewoye;/players/shawn-adewoye/618207/;2024-10-06;9;3.0;2.0;0.0;0.0;-0.0;-0.0;0.0;0.0;-0.0;-0.0;10.0;0.0;-0.0;0.0;15.0
A. Halilović;/players/alen-halilovi/270136/;2024-10-06;9;2.57;1.71;0.0;0.0;-2.0;-0.0;0.0;0.0;0.0;-0.0;2.57;0.0;-3.0;0.0;1.84
S. Bastien;/players/samuel-bastien/314097/;2024-10-06;9;3.0;2.0;0.0;0.0;-0.0;-0.0;0.0;5.0;0.0;-0.0;3.0;0.0;-0.0;0.0;13.0
L. Rosier;/players/lorentz-rosier/456607/;2024-10-06;9;3.0;2.0;0.0;0.0;-0.0;-0.0;0.0;0.0;0.0;-0.0;3.0;0.0;-0.0;0.0;8.0
E. Bullaude;/players/ezequiel-eduardo-bullaude/577164/;2024-10-06;9;2.8;1.87;0.0;0.0;-2.0;-0.0;0.0;0.0;0.0;-0.0;2.8;0.0;-0.0;0.0;5.47
M. Aïko;/players/makan-aiko/608125/;2024-10-06;9;2.57;1.71;0.0;0.0;-2.0;-0.0;0.0;0.0;0.0;-0.0;2.57;0.0;-0.0;0.0;4.84
R. Fosso;/players/ryan-fosso/637283/;2024-10-06;9;3.0;2.0;0.0;0.0;-0.0;-0.0;0.0;0.0;0.0;-0.0;3.0;0.0;-0.0;0.0;8.0
S. van Ottele;/players/syb-van-ottele/525930/;2024-10-06;9;0.43;0.29;0.0;0.0;-0.0;-0.0;0.0;0.0;-0.0;-0.0;1.44;0.0;-0.0;0.0;2.17
A. Erceg;/players/ante-erceg/137741/;2024-10-06;9;0.43;0.29;0.0;0.0;-2.0;-0.0;0.0;0.0;0.0;-0.0;0.14;0.0;-0.0;0.0;-1.13
M. Dijks;/players/mitchel-dijks/219029/;2024-10-06;9;0.2;0.13;0.0;0.0;-0.0;-0.0;0.0;0.0;-0.0;-0.0;0.67;0.0;-0.0;0.0;1.0
J. Mitrović;/players/josip-mitrovi/482602/;2024-10-06;9;0.0;0.0;0.0;0.0;-0.0;-0.0;0.0;0.0;0.0;-0.0;0.0;0.0;-0.0;0.0;0.0
R. Bayram;/players/ramazan-bayram/965960/;2024-10-06;9;0.0;0.0;0.0;0.0;-0.0;-0.0;0.0;0.0;-0.0;-0.0;0.0;0.0;-0.0;0.0;0.0
L. Koopmans;/players/luuk-koopmans/149059/;2024-10-06;9;0.0;0.0;0.0;0.0;-0.0;-0.0;0.0;0.0;-0.0;-0.0;0.0;0.0;-0.0;0.0;0.0
T. Schenkhuizen;/players/tristan-schenkhuizen/970333/;2024-10-06;9;0.0;0.0;0.0;0.0;-0.0;-0.0;0.0;0.0;0.0;-0.0;0.0;0.0;-0.0;0.0;0.0
L. Tunjić;/players/luka-tunjic/759911/;2024-10-06;9;0.0;0.0;0.0;0.0;-0.0;-0.0;0.0;0.0;0.0;-0.0;0.0;0.0;-0.0;0.0;0.0
D. Grujčić;/players/darijo-grujcic/478384/;2024-10-06;9;0.0;0.0;0.0;0.0;-0.0;-0.0;0.0;0.0;-0.0;-0.0;0.0;0.0;-0.0;0.0;0.0
R. Owusu-Oduro;/players/rome-jayden-owusu-oduro/789860/;2024-10-06;9;3.0;0.0;0.0;0.0;-0.0;-0.0;0.0;0.0;-1.0;-0.0;0.0;0.0;-0.0;14.0;16.0
D. Kasius;/players/denso-kasius/569311/;2024-10-06;9;2.27;0.0;0.0;0.0;-0.0;-0.0;0.0;0.0;-0.0;-0.0;0.0;0.0;-0.0;0.0;2.27
Alexandre Penetra;/players/alexandre-manuel-penetra-correia/572102/;2024-10-06;9;3.0;0.0;0.0;0.0;-0.0;-0.0;0.0;0.0;-1.0;-0.0;0.0;0.0;-0.0;0.0;2.0
D. Møller Wolfe;/players/david-moller-wolfe/603294/;2024-10-06;9;3.0;0.0;0.0;0.0;-0.0;-0.0;0.0;0.0;-1.0;-0.0;0.0;0.0;-0.0;0.0;2.0
M. Dekker;/players/maxim-dekker/700543/;2024-10-06;9;2.73;0.0;0.0;0.0;-2.0;-0.0;0.0;0.0;-1.0;-0.0;0.0;0.0;-0.0;0.0;-0.27
P. Koopmeiners;/players/peer-koopmeiners/533281/;2024-10-06;9;3.0;0.0;0.0;0.0;-0.0;-0.0;0.0;0.0;0.0;-0.0;0.0;0.0;-0.0;0.0;3.0
S. Mijnans;/players/sven-mijnans/566000/;2024-10-06;9;3.0;0.0;0.0;0.0;-0.0;-0.0;0.0;0.0;0.0;-0.0;0.0;0.0;-0.0;0.0;3.0
Z. Buurmeester;/players/zico-buurmeester/627669/;2024-10-06;9;3.0;0.0;0.0;0.0;-0.0;-0.0;0.0;0.0;0.0;-0.0;0.0;0.0;-0.0;0.0;3.0
I. Sadiq;/players/ibrahim-sadiq/513977/;2024-10-06;9;2.3;0.0;0.0;0.0;-0.0;-0.0;0.0;0.0;0.0;-0.0;0.0;0.0;-0.0;0.0;2.3
T. Parrott;/players/troy-parrot/515624/;2024-10-06;9;2.3;0.0;0.0;0.0;-0.0;-0.0;0.0;0.0;0.0;-0.0;0.0;0.0;-0.0;0.0;2.3
R. van Bommel;/players/ruben-van-bommel/834074/;2024-10-06;9;2.73;0.0;0.0;0.0;-2.0;-0.0;0.0;0.0;0.0;-0.0;0.0;0.0;-0.0;0.0;0.73
S. Maikuma;/players/seiya-maikuma/651537/;2024-10-06;9;0.73;0.0;0.0;0.0;-0.0;-0.0;0.0;0.0;-1.0;-0.0;0.0;0.0;-0.0;0.0;-0.27
M. Lahdo;/players/mayckel-lahdo/660897/;2024-10-06;9;0.7;0.0;0.0;0.0;-0.0;-0.0;0.0;0.0;0.0;-0.0;0.0;0.0;-0.0;0.0;0.7
M. Meerdink;/players/mexx-meerdink/796451/;2024-10-06;9;0.7;0.0;0.0;0.0;-0.0;-0.0;0.0;0.0;0.0;-0.0;0.0;0.0;-0.0;0.0;0.7
J. Addai;/players/jayden-addai/789997/;2024-10-06;9;0.27;0.0;0.0;0.0;-0.0;-0.0;0.0;0.0;0.0;-0.0;0.0;0.0;-0.0;0.0;0.27
L. Zeefuik;/players/lequincio-zeefuik/699766/;2024-10-06;9;0.27;0.0;0.0;0.0;-0.0;-0.0;0.0;0.0;0.0;-0.0;0.0;0.0;-0.0;0.0;0.27
E. Poku;/players/ernest-poku/700544/;2024-10-06;9;0.0;0.0;0.0;0.0;-0.0;-0.0;0.0;0.0;0.0;-0.0;0.0;0.0;-0.0;0.0;0.0
J. Zoet;/players/jeroen-zoet/61206/;2024-10-06;9;0.0;0.0;0.0;0.0;-0.0;-0.0;0.0;0.0;-0.0;-0.0;0.0;0.0;-0.0;0.0;0.0
K. Smit;/players/kees-smit/789945/;2024-10-06;9;0.0;0.0;0.0;0.0;-0.0;-0.0;0.0;0.0;0.0;-0.0;0.0;0.0;-0.0;0.0;0.0
H. Verhulst;/players/hobie-verhulst/138446/;2024-10-06;9;0.0;0.0;0.0;0.0;-0.0;-0.0;0.0;0.0;-0.0;-0.0;0.0;0.0;-0.0;0.0;0.0
M. de Wit;/players/mees-de-wit/423562/;2024-10-06;9;0.0;0.0;0.0;0.0;-0.0;-0.0;0.0;0.0;-0.0;-0.0;0.0;0.0;-0.0;0.0;0.0
B. Martins Indi;/players/rolando-martins-indi/102888/;2024-10-06;9;0.0;0.0;0.0;0.0;-0.0;-0.0;0.0;0.0;-0.0;-0.0;0.0;0.0;-0.0;0.0;0.0
D. Kwakman;/players/dave-kwakman/777219/;2024-10-06;9;0.0;0.0;0.0;0.0;-0.0;-0.0;0.0;0.0;0.0;-0.0;0.0;0.0;-0.0;0.0;0.0
L. Plogmann;/players/luca-plogmann/470121/;2024-10-06;9;3.0;2.0;0.0;0.0;-0.0;-0.0;0.0;0.0;-1.0;-0.0;0.0;0.0;-0.0;0.0;4.0
G. Nauber;/players/gerrit-nauber/102528/;2024-10-06;9;3.0;2.0;0.0;0.0;-0.0;-0.0;12.0;0.0;-1.0;-0.0;0.0;0.0;-0.0;0.0;16.0
J. Kramer;/players/joris-kramer/402051/;2024-10-06;9;3.0;2.0;0.0;0.0;-0.0;-0.0;0.0;0.0;-1.0;-0.0;0.0;0.0;-0.0;0.0;4.0
M. Deijl;/players/mats-deijl/402457/;2024-10-06;9;3.0;2.0;0.0;0.0;-2.0;-0.0;0.0;0.0;-1.0;-0.0;0.0;3.0;-0.0;0.0;5.0
A. Adelgaard;/players/aske-adelgaard/857149/;2024-10-06;9;3.0;2.0;0.0;0.0;-0.0;-0.0;0.0;0.0;-1.0;-0.0;0.0;0.0;-0.0;0.0;4.0
E. Llansana;/players/enric-llansana/515466/;2024-10-06;9;3.0;2.0;0.0;0.0;-0.0;-0.0;0.0;0.0;0.0;-0.0;0.0;0.0;-0.0;0.0;5.0
E. Linthorst;/players/evert-linthorst/546756/;2024-10-06;9;3.0;2.0;0.0;0.0;-0.0;-0.0;0.0;0.0;0.0;-0.0;0.0;0.0;-0.0;0.0;5.0
V. Edvardsen;/players/victor-edvardsen/409168/;2024-10-06;9;3.0;2.0;0.0;0.0;-0.0;-0.0;8.0;0.0;0.0;-0.0;0.0;0.0;-0.0;0.0;13.0
B. Adekanye;/players/bobby-adekanye/427040/;2024-10-06;9;2.77;1.84;0.0;0.0;-0.0;-0.0;0.0;0.0;0.0;-0.0;0.0;0.0;-0.0;0.0;4.61
O. Antman;/players/oliver-antman/547497/;2024-10-06;9;1.97;1.31;0.0;0.0;-0.0;-0.0;0.0;0.0;0.0;-0.0;0.0;0.0;-0.0;0.0;3.28
J. Breum;/players/jakob-breum/658739/;2024-10-06;9;3.0;2.0;0.0;0.0;-0.0;-0.0;0.0;0.0;0.0;-0.0;0.0;0.0;-0.0;0.0;5.0
O. Edvardsen;/players/oliver-valaker-edvardsen/545481/;2024-10-06;9;1.03;0.69;0.0;0.0;-0.0;-0.0;0.0;8.0;0.0;-0.0;0.0;0.0;-0.0;0.0;9.72
R. Weijenberg;/players/robbin-weijenberg/857132/;2024-10-06;9;0.23;0.16;0.0;0.0;-0.0;-0.0;0.0;0.0;0.0;-0.0;0.0;0.0;-0.0;0.0;0.39
C. Twigt;/players/calvin-twigt/669594/;2024-10-06;9;0.0;0.0;0.0;0.0;-0.0;-0.0;0.0;0.0;0.0;-0.0;0.0;0.0;-0.0;0.0;0.0
F. Stokkers;/players/finn-stokkers/319661/;2024-10-06;9;0.0;0.0;0.0;0.0;-0.0;-0.0;8.0;0.0;0.0;-0.0;0.0;0.0;-0.0;0.0;8.0
J. Dirksen;/players/julius-dirksen/632220/;2024-10-06;9;0.0;0.0;0.0;0.0;-0.0;-0.0;0.0;0.0;-0.0;-0.0;0.0;0.0;-0.0;0.0;0.0
J. Amofa;/players/jamal-amofa/668121/;2024-10-06;9;0.0;0.0;0.0;0.0;-0.0;-0.0;0.0;0.0;-0.0;-0.0;0.0;0.0;-0.0;0.0;0.0
J. De Busser;/players/jari-de-busser/451008/;2024-10-06;9;0.0;0.0;0.0;0.0;-0.0;-0.0;0.0;0.0;-0.0;-0.0;0.0;0.0;-0.0;0.0;0.0
N. Verdoni;/players/nando-verdoni/813110/;2024-10-06;9;0.0;0.0;0.0;0.0;-0.0;-0.0;0.0;0.0;-0.0;-0.0;0.0;0.0;-0.0;0.0;0.0
L. Everink;/players/luca-everink/628510/;2024-10-06;9;0.0;0.0;0.0;0.0;-0.0;-0.0;0.0;0.0;-0.0;-0.0;0.0;0.0;-0.0;0.0;0.0
M. Suray;/players/mathis-suray/517358/;2024-10-06;9;0.0;0.0;0.0;0.0;-0.0;-0.0;0.0;0.0;0.0;-0.0;0.0;0.0;-0.0;0.0;0.0
M. Smit;/players/milan-smit/828395/;2024-10-06;9;0.0;0.0;0.0;0.0;-0.0;-0.0;0.0;0.0;0.0;-0.0;0.0;0.0;-0.0;0.0;0.0
F. de Keijzer;/players/fabian-de-keijzer/463695/;2024-10-06;9;3.0;0.0;0.0;0.0;-2.0;-0.0;0.0;0.0;-4.0;-0.0;0.0;0.0;-0.0;0.0;-3.0
D. Mirani;/players/damon-mirani/289811/;2024-10-06;9;3.0;0.0;0.0;0.0;-0.0;-0.0;0.0;0.0;-4.0;-0.0;0.0;0.0;-0.0;0.0;-1.0
I. Mesík;/players/ivan-mesik/513503/;2024-10-06;9;3.0;0.0;0.0;0.0;-0.0;-0.0;0.0;0.0;-4.0;-0.0;0.0;0.0;-0.0;0.0;-1.0
R. Roosken;/players/ruben-roosken/618143/;2024-10-06;9;3.0;0.0;0.0;0.0;-0.0;-0.0;0.0;0.0;-4.0;-0.0;0.0;0.0;-0.0;0.0;-1.0
M. Benita;/players/mimeirhel-benita/645525/;2024-10-06;9;3.0;0.0;0.0;0.0;-0.0;-0.0;0.0;6.0;-4.0;-0.0;0.0;0.0;-0.0;0.0;5.0
M. Engels;/players/mario-engels/243044/;2024-10-06;9;2.6;0.0;0.0;0.0;-0.0;-0.0;0.0;0.0;0.0;-0.0;0.0;0.0;-0.0;0.0;2.6
D. van Kaam;/players/daniel-van-kaam/477595/;2024-10-06;9;2.6;0.0;0.0;0.0;-0.0;-0.0;0.0;0.0;0.0;-0.0;0.0;0.0;-0.0;0.0;2.6
B. De Keersmaecker;/players/brian-de-keersmaecker/605558/;2024-10-06;9;3.0;0.0;0.0;0.0;-0.0;-0.0;0.0;0.0;0.0;-0.0;0.0;0.0;-0.0;0.0;3.0
S. ’t Zand;/players/shiloh-t-zand/824640/;2024-10-06;9;3.0;0.0;0.0;0.0;-0.0;-0.0;0.0;0.0;0.0;-0.0;0.0;0.0;-0.0;0.0;3.0
S. Podgoreanu;/players/suf-podgoreanu/509673/;2024-10-06;9;3.0;0.0;0.0;0.0;-0.0;-0.0;0.0;0.0;0.0;-0.0;0.0;0.0;-0.0;0.0;3.0
L. Kulenović;/players/luka-kulenovi/631882/;2024-10-06;9;3.0;0.0;0.0;0.0;-0.0;-0.0;8.0;0.0;0.0;-0.0;0.0;0.0;-0.0;0.0;11.0
J. Bruijn for S. ’t Zand 66';/players/jordy-bruijn/314251/;2024-10-06;9;0.0;0.0;0.0;0.0;-0.0;-0.0;0.0;0.0;0.0;-0.0;0.0;0.0;-0.0;0.0;0.0
J. Talvitie;/players/juho-talvitie/701365/;2024-10-06;9;0.4;0.0;0.0;0.0;-0.0;-0.0;0.0;0.0;0.0;-0.0;0.0;0.0;-0.0;0.0;0.4
J. Hornkamp;/players/jizz-hornkamp/526566/;2024-10-06;9;0.4;0.0;0.0;0.0;-2.0;-0.0;0.0;0.0;0.0;-0.0;0.0;0.0;-0.0;0.0;-1.6
T. Bruns;/players/thomas-bruns/168503/;2024-10-06;9;0.0;0.0;0.0;0.0;-0.0;-0.0;0.0;0.0;0.0;-0.0;0.0;0.0;-0.0;0.0;0.0
J. Wieckhoff;/players/jannes-luca-wieckhoff/497167/;2024-10-06;9;0.0;0.0;0.0;0.0;-0.0;-0.0;0.0;0.0;-0.0;-0.0;0.0;0.0;-0.0;0.0;0.0
R. Mantel;/players/robin-mantel/502712/;2024-10-06;9;0.0;0.0;0.0;0.0;-0.0;-0.0;0.0;0.0;-0.0;-0.0;0.0;0.0;-0.0;0.0;0.0
T. Jansink;/players/timo-jansink/632823/;2024-10-06;9;0.0;0.0;0.0;0.0;-0.0;-0.0;0.0;0.0;-0.0;-0.0;0.0;0.0;-0.0;0.0;0.0
K. Leerdam;/players/kelvin-leerdam/68354/;2024-10-06;9;0.0;0.0;0.0;0.0;-0.0;-0.0;0.0;0.0;-0.0;-0.0;0.0;0.0;-0.0;0.0;0.0
J. Žambůrek;/players/jan-ambrek/542777/;2024-10-06;9;0.0;0.0;0.0;0.0;-0.0;-0.0;0.0;0.0;0.0;-0.0;0.0;0.0;-0.0;0.0;0.0
J. Hoogma;/players/justin-hoogma/432697/;2024-10-06;9;0.0;0.0;0.0;0.0;-0.0;-0.0;0.0;0.0;-0.0;-0.0;0.0;0.0;-0.0;0.0;0.0
L. Milani;/players/lorenzo-milani/664147/;2024-10-06;9;0.0;0.0;0.0;0.0;-0.0;-0.0;0.0;0.0;-0.0;-0.0;0.0;0.0;-0.0;0.0;0.0
R. Pasveer;/players/remko-pasveer/49689/;2024-10-06;9;3.0;2.0;0.0;0.0;-0.0;-0.0;0.0;0.0;-1.0;-0.0;0.0;0.0;-0.0;0.0;4.0
J. Šutalo;/players/josip-utalo/460387/;2024-10-06;9;2.8;1.87;0.0;0.0;-2.0;-0.0;0.0;0.0;-1.0;-0.0;0.0;0.0;-0.0;0.0;1.67
D. Rensch;/players/devyne-rensch/601396/;2024-10-06;9;3.0;2.0;0.0;0.0;-0.0;-0.0;0.0;0.0;-1.0;-0.0;0.0;0.0;-0.0;0.0;4.0
Y. Baas;/players/youri-baas/638355/;2024-10-06;9;3.0;2.0;0.0;0.0;-2.0;-0.0;0.0;0.0;-1.0;-0.0;0.0;0.0;-0.0;0.0;2.0
J. Hato;/players/jorrel-hato/783173/;2024-10-06;9;3.0;2.0;0.0;0.0;-0.0;-0.0;0.0;0.0;-1.0;-0.0;0.0;0.0;-0.0;0.0;4.0
D. Klaassen;/players/davy-klaassen/158581/;2024-10-06;9;2.47;1.64;0.0;0.0;-0.0;-0.0;9.0;0.0;0.0;-0.0;0.0;0.0;-0.0;0.0;13.11
B. van den Boomen;/players/branco-van-den-boomen/215550/;2024-10-06;9;3.0;2.0;0.0;0.0;-0.0;-0.0;0.0;0.0;0.0;-0.0;0.0;0.0;-3.0;0.0;2.0
K. Taylor;/players/kenneth-taylor/508784/;2024-10-06;9;3.0;2.0;0.0;0.0;-0.0;-0.0;0.0;0.0;0.0;-0.0;0.0;0.0;-0.0;0.0;5.0
B. Traoré;/players/bertrand-traore/102801/;2024-10-06;9;2.0;1.33;0.0;0.0;-0.0;-0.0;0.0;0.0;0.0;-0.0;0.0;0.0;-0.0;0.0;3.33
B. Brobbey;/players/brian-brobbey/520146/;2024-10-06;9;1.97;1.31;0.0;0.0;-0.0;-0.0;0.0;4.0;0.0;-0.0;0.0;0.0;-0.0;0.0;7.28
M. Godts;/players/mika-marcel-godts/790325/;2024-10-06;9;2.8;1.87;0.0;0.0;-2.0;-0.0;0.0;0.0;0.0;-0.0;0.0;0.0;-0.0;0.0;2.67
C. Akpom;/players/chuba-akpom/215570/;2024-10-06;9;1.03;0.69;0.0;0.0;-0.0;-0.0;8.0;0.0;0.0;-0.0;0.0;0.0;-0.0;0.0;9.72
C. Rasmussen;/players/christian-theodor-kjelder-rasmussen/632224/;2024-10-06;9;1.0;0.67;0.0;0.0;-0.0;-0.0;0.0;0.0;0.0;-0.0;0.0;0.0;-0.0;0.0;1.67
J. Henderson;/players/jordan-henderson/48010/;2024-10-06;9;0.53;0.36;0.0;0.0;-0.0;-0.0;0.0;0.0;0.0;-0.0;0.0;0.0;-0.0;0.0;0.89
W. Weghorst;/players/wout-weghorst/255205/;2024-10-06;9;0.2;0.13;0.0;0.0;-0.0;-0.0;8.0;4.0;0.0;-0.0;0.0;0.0;-0.0;0.0;12.33
A. Gaaei;/players/anton-gaaei/701784/;2024-10-06;9;0.2;0.13;0.0;0.0;-0.0;-0.0;0.0;6.0;-0.0;-0.0;0.0;0.0;-0.0;0.0;6.33
J. Banel;/players/jaydon-amauri-banel/783280/;2024-10-06;9;0.0;0.0;0.0;0.0;-0.0;-0.0;0.0;0.0;0.0;-0.0;0.0;0.0;-0.0;0.0;0.0
B. Tahirović;/players/benjamin-tahirovic/659484/;2024-10-06;9;0.0;0.0;0.0;0.0;-0.0;-0.0;0.0;0.0;0.0;-0.0;0.0;0.0;-0.0;0.0;0.0
A. Kaplan;/players/ahmetcan-kaplan/641115/;2024-10-06;9;0.0;0.0;0.0;0.0;-0.0;-0.0;0.0;0.0;-0.0;-0.0;0.0;0.0;-0.0;0.0;0.0
J. Faberski;/players/jan-faberski/814645/;2024-10-06;9;0.0;0.0;0.0;0.0;-0.0;-0.0;0.0;0.0;0.0;-0.0;0.0;0.0;-0.0;0.0;0.0
O. Wijndal;/players/owen-wijndal/440858/;2024-10-06;9;0.0;0.0;0.0;0.0;-0.0;-0.0;0.0;0.0;-0.0;-0.0;0.0;0.0;-0.0;0.0;0.0
D. Ramaj;/players/diant-ramaj/562543/;2024-10-06;9;0.0;0.0;0.0;0.0;-0.0;-0.0;0.0;0.0;-0.0;-0.0;0.0;0.0;-0.0;0.0;0.0
D. Rugani;/players/daniele-rugani/162676/;2024-10-06;9;0.0;0.0;0.0;0.0;-0.0;-0.0;0.0;0.0;-0.0;-0.0;0.0;0.0;-0.0;0.0;0.0
E. Vaessen;/players/etienne-vaessen/408572/;2024-10-06;9;3.0;0.0;0.0;0.0;-0.0;-0.0;0.0;0.0;-3.0;-0.0;0.0;0.0;-0.0;14.0;14.0
L. Bacuna;/players/leandro-bacuna/88003/;2024-10-06;9;3.0;0.0;0.0;0.0;-0.0;-0.0;0.0;0.0;0.0;-0.0;0.0;0.0;-0.0;0.0;3.0
M. Rente;/players/marco-rente/450717/;2024-10-06;9;3.0;0.0;0.0;0.0;-0.0;-0.0;0.0;0.0;-3.0;-0.0;0.0;0.0;-0.0;0.0;0.0
T. Blokzijl;/players/thijmen-blokzijl/703893/;2024-10-06;9;3.0;0.0;0.0;0.0;-2.0;-0.0;0.0;0.0;-3.0;-0.0;0.0;0.0;-0.0;0.0;-2.0
W. Prins;/players/wouter-prins/930296/;2024-10-06;9;2.67;0.0;0.0;0.0;-0.0;-0.0;0.0;0.0;-1.0;-0.0;0.0;0.0;-0.0;0.0;1.67
J. Hove;/players/johan-hove/444353/;2024-10-06;9;3.0;0.0;0.0;0.0;-0.0;-0.0;0.0;0.0;0.0;-0.0;0.0;0.0;-0.0;0.0;3.0
S. Resink;/players/stije-resink/681459/;2024-10-06;9;1.53;0.0;0.0;0.0;-2.0;-0.0;0.0;0.0;0.0;-0.0;0.0;0.0;-0.0;0.0;-0.47
J. Schreuders;/players/jorg-schreuders/877779/;2024-10-06;9;2.8;0.0;0.0;0.0;-0.0;-0.0;9.0;0.0;0.0;-0.0;0.0;0.0;-0.0;0.0;11.8
Rui Mendes;/players/rui-jorge-monteiro-mendes/453390/;2024-10-06;9;3.0;0.0;0.0;0.0;-0.0;-0.0;0.0;0.0;0.0;-0.0;0.0;0.0;-0.0;0.0;3.0
R. Postema;/players/romano-postema/625358/;2024-10-06;9;3.0;0.0;0.0;0.0;-0.0;-0.0;0.0;0.0;0.0;-0.0;0.0;0.0;-0.0;0.0;3.0
T. van Bergen;/players/thom-van-bergen/873104/;2024-10-06;9;2.67;0.0;0.0;0.0;-0.0;-0.0;0.0;0.0;0.0;-0.0;0.0;0.0;-0.0;0.0;2.67
L. Valente;/players/luciano-valente/703884/;2024-10-06;9;1.47;0.0;0.0;0.0;-0.0;-0.0;0.0;0.0;0.0;-0.0;0.0;0.0;-0.0;0.0;1.47
F. Stam;/players/finn-stam/736439/;2024-10-06;9;0.33;0.0;0.0;0.0;-0.0;-0.0;0.0;0.0;-2.0;-0.0;0.0;0.0;-0.0;0.0;-1.67
T. Oosting;/players/thijs-oosting/477591/;2024-10-06;9;0.33;0.0;0.0;0.0;-0.0;-0.0;0.0;0.0;0.0;-0.0;0.0;0.0;-0.0;0.0;0.33
J. Pelupessy;/players/joey-pelupessy/197572/;2024-10-06;9;0.2;0.0;0.0;0.0;-0.0;-0.0;0.0;0.0;0.0;-0.0;0.0;0.0;-0.0;0.0;0.2
F. Turay;/players/fofin-turay/909656/;2024-10-06;9;0.0;0.0;0.0;0.0;-0.0;-0.0;0.0;0.0;0.0;-0.0;0.0;0.0;-0.0;0.0;0.0
D. Baron;/players/dirk-baron/821647/;2024-10-06;9;0.0;0.0;0.0;0.0;-0.0;-0.0;0.0;0.0;-0.0;-0.0;0.0;0.0;-0.0;0.0;0.0
M. Mariani;/players/maxim-mariani/888265/;2024-10-06;9;0.0;0.0;0.0;0.0;-0.0;-0.0;0.0;0.0;-0.0;-0.0;0.0;0.0;-0.0;0.0;0.0
S. Bouland;/players/sven-bouland/948734/;2024-10-06;9;0.0;0.0;0.0;0.0;-0.0;-0.0;0.0;0.0;-0.0;-0.0;0.0;0.0;-0.0;0.0;0.0
N. Emeran;/players/noam-emeran/671004/;2024-10-06;9;0.0;0.0;0.0;0.0;-0.0;-0.0;0.0;0.0;0.0;-0.0;0.0;0.0;-0.0;0.0;0.0
H. Jurjus;/players/hidde-jurjus/301076/;2024-10-06;9;0.0;0.0;0.0;0.0;-0.0;-0.0;0.0;0.0;-0.0;-0.0;0.0;0.0;-0.0;0.0;0.0
T. Wellenreuther;/players/timon-wellenreuther/258964/;2024-10-06;9;3.0;2.0;0.0;0.0;-0.0;-0.0;0.0;0.0;-1.0;-0.0;0.0;0.0;-0.0;0.0;4.0
D. Hancko;/players/david-hancko/391059/;2024-10-06;9;3.0;2.0;0.0;0.0;-0.0;-0.0;0.0;0.0;-1.0;-0.0;0.0;0.0;-0.0;0.0;4.0
J. Lotomba;/players/jordan-lotomba/405870/;2024-10-06;9;3.0;2.0;0.0;0.0;-0.0;-0.0;0.0;0.0;-1.0;-0.0;0.0;0.0;-0.0;0.0;4.0
Hugo Bueno;/players/hugo-bueno/624935/;2024-10-06;9;2.77;1.84;0.0;0.0;-0.0;-0.0;0.0;6.0;-1.0;-0.0;0.0;0.0;-0.0;0.0;9.61
T. Beelen;/players/thomas-beelen/760998/;2024-10-06;9;3.0;2.0;0.0;0.0;-0.0;-0.0;0.0;0.0;-1.0;-0.0;0.0;0.0;-0.0;0.0;4.0
Hwang In-Beom;/players/in-beom-hwang/400101/;2024-10-06;9;3.0;2.0;0.0;0.0;-2.0;-0.0;9.0;0.0;0.0;-0.0;0.0;0.0;-0.0;0.0;12.0
Q. Timber;/players/quinten-maduro/463017/;2024-10-06;9;3.0;2.0;0.0;0.0;-2.0;-0.0;0.0;0.0;0.0;-0.0;0.0;0.0;-0.0;0.0;3.0
A. Milambo;/players/antoni-djibu-milambo/736392/;2024-10-06;9;3.0;2.0;0.0;0.0;-0.0;-0.0;0.0;0.0;0.0;-0.0;0.0;0.0;-0.0;0.0;5.0
A. Ueda;/players/ayase-ueda/551425/;2024-10-06;9;2.8;1.87;0.0;0.0;-0.0;-0.0;8.0;0.0;0.0;-0.0;0.0;0.0;-0.0;0.0;12.67
Igor Paixão;/players/igor-guilherme-barbosa-da-paixao/593041/;2024-10-06;9;3.0;2.0;0.0;0.0;-0.0;-0.0;0.0;0.0;0.0;-0.0;0.0;0.0;-0.0;0.0;5.0
I. Osman;/players/ibrahim-osman/682733/;2024-10-06;9;2.17;1.44;0.0;0.0;-0.0;-0.0;0.0;0.0;0.0;-0.0;0.0;0.0;-0.0;0.0;3.61
R. Zerrouki;/players/ramiz-larbi-zerrouki/621348/;2024-10-06;9;0.83;0.56;0.0;0.0;-0.0;-0.0;0.0;0.0;0.0;-0.0;0.0;0.0;-0.0;0.0;1.39
G. Smal;/players/gijs-smal/508760/;2024-10-06;9;0.23;0.16;0.0;0.0;-0.0;-0.0;0.0;0.0;-0.0;-0.0;0.0;0.0;-0.0;0.0;0.39
J. Carranza;/players/julian-carranza/475791/;2024-10-06;9;0.2;0.13;0.0;0.0;-0.0;-0.0;0.0;0.0;0.0;-0.0;0.0;0.0;-0.0;0.0;0.33
F. González;/players/facundo-gonzalez-molino/673756/;2024-10-06;9;0.0;0.0;0.0;0.0;-0.0;-0.0;0.0;0.0;-0.0;-0.0;0.0;0.0;-0.0;0.0;0.0
C. Nadje;/players/chris-kevin-nadje/667108/;2024-10-06;9;0.0;0.0;0.0;0.0;-0.0;-0.0;0.0;0.0;0.0;-0.0;0.0;0.0;-0.0;0.0;0.0
P. Andreev;/players/plamen-andreev/708730/;2024-10-06;9;0.0;0.0;0.0;0.0;-0.0;-0.0;0.0;0.0;-0.0;-0.0;0.0;0.0;-0.0;0.0;0.0
L. Ivanušec;/players/luka-ivanuec/424605/;2024-10-06;9;0.0;0.0;0.0;0.0;-0.0;-0.0;0.0;0.0;0.0;-0.0;0.0;0.0;-0.0;0.0;0.0
G. Read;/players/givairo-read/821635/;2024-10-06;9;0.0;0.0;0.0;0.0;-0.0;-0.0;0.0;0.0;-0.0;-0.0;0.0;0.0;-0.0;0.0;0.0
A. Hadj Moussa;/players/anis--hadj-moussa/755639/;2024-10-06;9;0.0;0.0;0.0;0.0;-0.0;-0.0;0.0;0.0;0.0;-0.0;0.0;0.0;-0.0;0.0;0.0
G. Trauner;/players/gernot-trauner/135546/;2024-10-06;9;0.0;0.0;0.0;0.0;-0.0;-0.0;0.0;0.0;-0.0;-0.0;0.0;0.0;-0.0;0.0;0.0
J. Mitchell;/players/jeyland-mitchell/687479/;2024-10-06;9;0.0;0.0;0.0;0.0;-0.0;-0.0;0.0;0.0;-0.0;-0.0;0.0;0.0;-0.0;0.0;0.0
J. Bijlow;/players/justin-bijlow/340393/;2024-10-06;9;0.0;0.0;0.0;0.0;-0.0;-0.0;0.0;0.0;-0.0;-0.0;0.0;0.0;-0.0;0.0;0.0
L. Unnerstall;/players/lars-unnerstall/81320/;2024-10-06;9;3.0;0.0;0.0;0.0;-0.0;-0.0;0.0;0.0;-2.0;-0.0;0.0;0.0;-0.0;0.0;1.0
A. Salah-Eddine;/players/anass-salah-eddine/525927/;2024-10-06;9;2.17;0.0;0.0;0.0;-0.0;-0.0;0.0;0.0;-2.0;-0.0;0.0;0.0;-0.0;0.0;0.17
B. van Rooij;/players/bart-van-rooij/557859/;2024-10-06;9;3.0;0.0;0.0;0.0;-0.0;-0.0;0.0;0.0;-2.0;-0.0;0.0;0.0;-0.0;0.0;1.0
M. Hilgers;/players/mees-hilgers/627701/;2024-10-06;9;3.0;0.0;0.0;0.0;-2.0;-0.0;0.0;0.0;-2.0;-0.0;0.0;0.0;-0.0;0.0;-1.0
M. Vlap;/players/michel-vlap/407742/;2024-10-06;9;2.47;0.0;0.0;0.0;-0.0;-0.0;0.0;0.0;0.0;-0.0;0.0;0.0;-0.0;0.0;2.47
S. Steijn;/players/sem-steijn/560623/;2024-10-06;9;3.0;0.0;0.0;0.0;-2.0;-0.0;9.0;0.0;0.0;-0.0;0.0;0.0;-0.0;0.0;10.0
M. Bruns;/players/max-bruns/628828/;2024-10-06;9;2.8;0.0;0.0;0.0;-0.0;-0.0;0.0;0.0;0.0;-0.0;0.0;0.0;-0.0;0.0;2.8
Y. Regeer;/players/youri-regeer/632221/;2024-10-06;9;2.8;0.0;0.0;0.0;-0.0;-0.0;0.0;0.0;0.0;-0.0;0.0;0.0;-0.0;0.0;2.8
S. Lammers;/players/sam-lammers/407736/;2024-10-06;9;3.0;0.0;0.0;0.0;-0.0;-0.0;0.0;0.0;0.0;-0.0;0.0;0.0;-0.0;0.0;3.0
M. van Bergen;/players/mitchell-van-bergen/426574/;2024-10-06;9;3.0;0.0;0.0;0.0;-0.0;-0.0;0.0;0.0;0.0;-0.0;0.0;0.0;-0.0;0.0;3.0
D. Rots;/players/daan-rots/628516/;2024-10-06;9;2.13;0.0;0.0;0.0;-0.0;-0.0;0.0;0.0;0.0;-0.0;0.0;0.0;-0.0;0.0;2.13
S. Ltaief;/players/sayfallah-ltaief/659735/;2024-10-06;9;0.87;0.0;0.0;0.0;-0.0;-0.0;0.0;0.0;0.0;-0.0;0.0;0.0;-0.0;0.0;0.87
B. Kuipers;/players/bas-edo-kuipers/274649/;2024-10-06;9;0.83;0.0;0.0;0.0;-0.0;-0.0;0.0;6.0;-0.0;-0.0;0.0;0.0;-0.0;0.0;6.83
C. Eiting;/players/carel-eiting/379791/;2024-10-06;9;0.53;0.0;0.0;0.0;-0.0;-0.0;0.0;0.0;0.0;-0.0;0.0;0.0;-0.0;0.0;0.53
M. Kjølø;/players/mathias-ullereng-kjolo/517477/;2024-10-06;9;0.2;0.0;0.0;0.0;-0.0;-0.0;0.0;0.0;0.0;-0.0;0.0;0.0;-0.0;0.0;0.2
G. Besselink;/players/gijs-besselink/895383/;2024-10-06;9;0.2;0.0;0.0;0.0;-0.0;-0.0;0.0;0.0;0.0;-0.0;0.0;0.0;-0.0;0.0;0.2
A. Van Hoorenbeeck;/players/alec-van-hoorenbeeck/593523/;2024-10-06;9;0.0;0.0;0.0;0.0;-0.0;-0.0;0.0;0.0;-0.0;-0.0;0.0;0.0;-0.0;0.0;0.0
G. Lagerbielke;/players/gustaf-lagerbielke/500894/;2024-10-06;9;0.0;0.0;0.0;0.0;-0.0;-0.0;0.0;0.0;-0.0;-0.0;0.0;0.0;-0.0;0.0;0.0
J. Mesbahi;/players/julien-mesbahi/830556/;2024-10-06;9;0.0;0.0;0.0;0.0;-0.0;-0.0;0.0;0.0;-0.0;-0.0;0.0;0.0;-0.0;0.0;0.0
M. Rots;/players/mats-rots/830558/;2024-10-06;9;0.0;0.0;0.0;0.0;-0.0;-0.0;0.0;0.0;-0.0;-0.0;0.0;0.0;-0.0;0.0;0.0
I. El Maach;/players/issam-el-maach/506880/;2024-10-06;9;0.0;0.0;0.0;0.0;-0.0;-0.0;0.0;0.0;-0.0;-0.0;0.0;0.0;-0.0;0.0;0.0
P. Tytoń;/players/przemyslaw-tyton/17326/;2024-10-06;9;0.0;0.0;0.0;0.0;-0.0;-0.0;0.0;0.0;-0.0;-0.0;0.0;0.0;-0.0;0.0;0.0
M. van der Hart;/players/mickey-van-der-hart/218009/;2024-10-06;9;3.0;0.0;1.0;0.0;-0.0;-0.0;0.0;0.0;-1.0;-0.0;0.0;0.0;-0.0;0.0;3.0
P. Bochniewicz;/players/pawe-bochniewicz/273911/;2024-10-06;9;3.0;0.0;1.0;0.0;-0.0;-0.0;0.0;0.0;-1.0;-0.0;0.0;0.0;-0.0;0.0;3.0
M. Köhlert;/players/mats-kohlert/400423/;2024-10-06;9;3.0;0.0;1.0;0.0;-0.0;-0.0;0.0;0.0;-1.0;-0.0;0.0;0.0;-0.0;0.0;3.0
N. Hopland;/players/nikolai-soyset-hopland/703339/;2024-10-06;9;3.0;0.0;1.0;0.0;-0.0;-0.0;0.0;0.0;-1.0;-0.0;0.0;0.0;-0.0;0.0;3.0
O. Braude;/players/oliver-johansen-braude/794018/;2024-10-06;9;2.93;0.0;0.98;0.0;-0.0;-0.0;0.0;0.0;-1.0;-0.0;0.0;0.0;-0.0;0.0;2.91
L. Brouwers;/players/luuk-brouwers/402458/;2024-10-06;9;3.0;0.0;1.0;0.0;-0.0;-0.0;0.0;0.0;0.0;-0.0;0.0;0.0;-0.0;0.0;4.0
S. Olsson;/players/simon-olsson/423888/;2024-10-06;9;2.47;0.0;0.82;0.0;-0.0;-0.0;0.0;0.0;0.0;-0.0;0.0;0.0;-0.0;0.0;3.29
E. van Ee;/players/espen-van-ee/921919/;2024-10-06;9;2.47;0.0;0.82;0.0;-2.0;-0.0;0.0;0.0;0.0;-0.0;0.0;0.0;-0.0;0.0;1.29
J. Trenskow;/players/jacob-trenskow/672937/;2024-10-06;9;3.0;0.0;1.0;0.0;-0.0;-0.0;0.0;4.0;0.0;-0.0;0.0;0.0;-0.0;0.0;8.0
I. Sebaoui;/players/ilias-sebaoui/797954/;2024-10-06;9;2.93;0.0;0.98;0.0;-0.0;-0.0;0.0;0.0;0.0;-0.0;0.0;0.0;-0.0;0.0;3.91
D. Rallis;/players/dimitris-rallis/982464/;2024-10-06;9;;;;;;;;;;;;;;;0.0
D. Karlsbakk;/players/daniel-seland-karlsbakk/629619/;2024-10-06;9;0.83;0.0;0.28;0.0;-0.0;-0.0;0.0;0.0;0.0;-0.0;0.0;0.0;-0.0;0.0;1.11
A. Condé;/players/amara-conde/310101/;2024-10-06;9;0.53;0.0;0.18;0.0;-0.0;-0.0;0.0;0.0;0.0;-0.0;0.0;0.0;-0.0;0.0;0.71
L. Smans;/players/levi-smans/757104/;2024-10-06;9;0.53;0.0;0.18;0.0;-0.0;-0.0;0.0;0.0;0.0;-0.0;0.0;0.0;-0.0;0.0;0.71
C. Nunnely;/players/che-nunnely/423827/;2024-10-06;9;0.07;0.0;0.02;0.0;-0.0;-0.0;0.0;0.0;0.0;-0.0;0.0;0.0;-0.0;0.0;0.09
D. Hall;/players/denzel-hall/508910/;2024-10-06;9;0.07;0.0;0.02;0.0;-2.0;-0.0;0.0;0.0;-0.0;-0.0;0.0;0.0;-0.0;0.0;-1.91
A. Noppert;/players/andries-noppert/300862/;2024-10-06;9;0.0;0.0;0.0;0.0;-0.0;-0.0;0.0;0.0;-0.0;-0.0;0.0;0.0;-0.0;0.0;0.0
M. Witteveen;/players/melle-joop-witteveen/915624/;2024-10-06;9;0.0;0.0;0.0;0.0;-0.0;-0.0;0.0;0.0;0.0;-0.0;0.0;0.0;-0.0;0.0;0.0
I. Ahmed;/players/isaiah-ahmed/982466/;2024-10-06;9;0.0;0.0;0.0;0.0;-0.0;-0.0;0.0;0.0;0.0;-0.0;0.0;0.0;-0.0;0.0;0.0
S. Kersten;/players/sam-kersten/453644/;2024-10-06;9;0.0;0.0;0.0;0.0;-0.0;-0.0;0.0;0.0;-0.0;-0.0;0.0;0.0;-0.0;0.0;0.0
J. Bekkema;/players/jan-bekkema/452051/;2024-10-06;9;0.0;0.0;0.0;0.0;-0.0;-0.0;0.0;0.0;-0.0;-0.0;0.0;0.0;-0.0;0.0;0.0
J. Schendelaar;/players/jasper-schendelaar/454473/;2024-10-06;9;3.0;0.0;1.0;0.0;-0.0;-0.0;0.0;0.0;-1.0;-0.0;0.0;0.0;-0.0;0.0;3.0
S. Floranus;/players/sherel-floranus/385271/;2024-10-06;9;3.0;0.0;1.0;0.0;-0.0;-0.0;0.0;0.0;-1.0;-0.0;0.0;0.0;-0.0;0.0;3.0
A. El Azzouzi;/players/anouar-el-azzouzi/567947/;2024-10-06;9;3.0;0.0;1.0;0.0;-0.0;-0.0;0.0;0.0;-1.0;-0.0;0.0;0.0;-0.0;0.0;3.0
A. MacNulty;/players/anselmo-garcia-mcnulty/608607/;2024-10-06;9;3.0;0.0;1.0;0.0;-0.0;-0.0;0.0;0.0;-1.0;-0.0;0.0;0.0;-0.0;0.0;3.0
D. van der Haar;/players/damian-van-der-haar/812205/;2024-10-06;9;2.67;0.0;0.89;0.0;-0.0;-0.0;0.0;0.0;-1.0;-0.0;0.0;0.0;-0.0;0.0;2.56
Y. Namli;/players/younes-namli/291585/;2024-10-06;9;2.67;0.0;0.89;0.0;-0.0;-0.0;0.0;0.0;0.0;-0.0;0.0;0.0;-0.0;0.0;3.56
Jamiro Monteiro;/players/jamiro-gregory-monteiro-alvarenga/421293/;2024-10-06;9;3.0;0.0;1.0;0.0;-0.0;-0.0;0.0;0.0;0.0;-0.0;0.0;0.0;-0.0;0.0;4.0
D. van den Berg;/players/dave-van-den-berg-/475335/;2024-10-06;9;3.0;0.0;1.0;0.0;-0.0;-0.0;9.0;0.0;0.0;-0.0;0.0;0.0;-0.0;0.0;13.0
F. Krastev;/players/filip-yavorov-krastev/550509/;2024-10-06;9;2.27;0.0;0.76;0.0;-0.0;-0.0;0.0;0.0;0.0;-0.0;0.0;0.0;-0.0;0.0;3.02
D. Vente;/players/dylan-vente/426585/;2024-10-06;9;3.0;0.0;1.0;0.0;-0.0;-0.0;0.0;0.0;0.0;-0.0;0.0;0.0;-0.0;0.0;4.0
D. Mbayo;/players/dylan-mbayo/599681/;2024-10-06;9;2.67;0.0;0.89;0.0;-0.0;-0.0;0.0;4.0;0.0;-0.0;0.0;0.0;-0.0;0.0;7.56
O. Velanas;/players/odysseus-velanas/452059/;2024-10-06;9;0.73;0.0;0.24;0.0;-0.0;-0.0;0.0;0.0;0.0;-0.0;0.0;0.0;-0.0;0.0;0.98
T. Lutonda;/players/thierry-lutonda/462568/;2024-10-06;9;0.33;0.0;0.11;0.0;-0.0;-0.0;0.0;0.0;-0.0;-0.0;0.0;0.0;-0.0;0.0;0.44
R. Thomas;/players/ryan-thomas/215382/;2024-10-06;9;0.33;0.0;0.11;0.0;-2.0;-0.0;0.0;0.0;0.0;-0.0;0.0;0.0;-0.0;0.0;-1.56
K. de Rooij;/players/kaj-de-rooij/539368/;2024-10-06;9;0.33;0.0;0.11;0.0;-2.0;-0.0;0.0;0.0;0.0;-0.0;0.0;0.0;-0.0;0.0;-1.56
O. Aertssen;/players/olivier-aertssen/664645/;2024-10-06;9;0.0;0.0;0.0;0.0;-0.0;-0.0;0.0;0.0;-0.0;-0.0;0.0;0.0;-0.0;0.0;0.0
K. Vermeer;/players/kenneth-vermeer/2175/;2024-10-06;9;0.0;0.0;0.0;0.0;-0.0;-0.0;0.0;0.0;-0.0;-0.0;0.0;0.0;-0.0;0.0;0.0
M. Hauptmeijer;/players/mike-hauptmeijer/321048/;2024-10-06;9;0.0;0.0;0.0;0.0;-0.0;-0.0;0.0;0.0;-0.0;-0.0;0.0;0.0;-0.0;0.0;0.0
B. Manu;/players/braydon-marvin-manu/414639/;2024-10-06;9;0.0;0.0;0.0;0.0;-0.0;-0.0;0.0;0.0;0.0;-0.0;0.0;0.0;-0.0;0.0;0.0
T. Gijselhart;/players/teun-gijselhart/789919/;2024-10-06;9;0.0;0.0;0.0;0.0;-0.0;-0.0;0.0;0.0;0.0;-0.0;0.0;0.0;-0.0;0.0;0.0
E. Reijnders;/players/eliano-reijnders/577288/;2024-10-06;9;0.0;0.0;0.0;0.0;-0.0;-0.0;0.0;0.0;0.0;-0.0;0.0;0.0;-0.0;0.0;0.0
N. Fichtinger;/players/nick-fichtinger/914267/;2024-10-06;9;0.0;0.0;0.0;0.0;-0.0;-0.0;0.0;0.0;0.0;-0.0;0.0;0.0;-0.0;0.0;0.0
T. Buitink;/players/thomas-buitnik/457668/;2024-10-06;9;0.0;0.0;0.0;0.0;-0.0;-0.0;0.0;0.0;0.0;-0.0;0.0;0.0;-0.0;0.0;0.0
N. Olij;/players/nick-olij/235322/;2024-10-19;10;3.0;0.0;1.0;0.0;-0.0;-0.0;0.0;0.0;-2.0;-0.0;0.0;0.0;-0.0;0.0;2.0
B. Reith;/players/boyd-reith/427038/;2024-10-19;10;1.1;0.0;0.37;0.0;-0.0;-0.0;0.0;0.0;-1.0;-3.0;0.0;0.0;-0.0;0.0;-2.53
M. Eerdhuijzen;/players/mike--eerdhuijzen/537301/;2024-10-19;10;3.0;0.0;1.0;0.0;-0.0;-8.0;0.0;0.0;-2.0;-0.0;0.0;0.0;-0.0;0.0;-6.0
R. Meissen;/players/rick-meissen/571955/;2024-10-19;10;1.1;0.0;0.37;0.0;-0.0;-0.0;0.0;0.0;-1.0;-0.0;0.0;0.0;-0.0;0.0;0.47
M. Kleijn;/players/mike-kleijn/778111/;2024-10-19;10;1.1;0.0;0.37;0.0;-0.0;-0.0;0.0;0.0;-1.0;-0.0;0.0;0.0;-0.0;0.0;0.47
A. Verschueren;/players/arno-vershueren/319385/;2024-10-19;10;3.0;0.0;1.0;0.0;-0.0;-0.0;0.0;0.0;0.0;-0.0;0.0;0.0;-0.0;0.0;4.0
P. Clement;/players/pelle-clement/379793/;2024-10-19;10;3.0;0.0;1.0;0.0;-2.0;-0.0;9.0;0.0;0.0;-0.0;0.0;0.0;-0.0;0.0;11.0
J. Kitolano;/players/joshua-gaston-kitolano/517475/;2024-10-19;10;2.4;0.0;0.8;0.0;-0.0;-0.0;0.0;5.0;0.0;-0.0;0.0;0.0;-0.0;0.0;8.2
M. Nassoh;/players/mohamed-nassoh/680659/;2024-10-19;10;2.67;0.0;0.89;0.0;-0.0;-0.0;0.0;0.0;0.0;-0.0;0.0;0.0;-0.0;0.0;3.56
C. Brym;/players/charles-andreas-brym/538704/;2024-10-19;10;3.0;0.0;1.0;0.0;-0.0;-0.0;0.0;4.0;0.0;-0.0;0.0;0.0;-0.0;0.0;8.0
C. Neghli;/players/camiel-neghli/680707/;2024-10-19;10;3.0;0.0;1.0;0.0;-0.0;-0.0;8.0;0.0;0.0;-0.0;0.0;0.0;-0.0;0.0;12.0
D. van der Kust;/players/djevencio-van-der-kust/569309/;2024-10-19;10;1.9;0.0;0.63;0.0;-0.0;-0.0;0.0;0.0;-1.0;-0.0;0.0;0.0;-0.0;0.0;1.53
M. Young;/players/marvin-young/890667/;2024-10-19;10;1.9;0.0;0.63;0.0;-0.0;-0.0;0.0;0.0;-1.0;-0.0;0.0;0.0;-0.0;0.0;1.53
S. Bakari;/players/said-bakari/325391/;2024-10-19;10;1.9;0.0;0.63;0.0;-0.0;-0.0;0.0;0.0;-1.0;-0.0;0.0;0.0;-0.0;0.0;1.53
Metinho;/players/abemly-meto-silu/691959/;2024-10-19;10;0.6;0.0;0.2;0.0;-0.0;-0.0;0.0;0.0;0.0;-0.0;0.0;0.0;-0.0;0.0;0.8
Kayky;/players/kayky-da-silva-chagas/669420/;2024-10-19;10;0.33;0.0;0.11;0.0;-0.0;-0.0;0.0;0.0;0.0;-0.0;0.0;0.0;-0.0;0.0;0.44
A. Bais;/players/aymane-bais/903658/;2024-10-19;10;0.0;0.0;0.0;0.0;-0.0;-0.0;0.0;0.0;0.0;-0.0;0.0;0.0;-0.0;0.0;0.0
Y. Schoonderwaldt;/players/youri-youri-schoonderwaldt/537694/;2024-10-19;10;0.0;0.0;0.0;0.0;-0.0;-0.0;0.0;0.0;-0.0;-0.0;0.0;0.0;-0.0;0.0;0.0
J. Baas;/players/julian-baas/663406/;2024-10-19;10;0.0;0.0;0.0;0.0;-0.0;-0.0;0.0;0.0;0.0;-0.0;0.0;0.0;-0.0;0.0;0.0
J. de Guzmán;/players/jonathan-alexander-de-guzman/2259/;2024-10-19;10;0.0;0.0;0.0;0.0;-0.0;-0.0;0.0;0.0;0.0;-0.0;0.0;0.0;-0.0;0.0;0.0
K. Reitmaier;/players/kaylen-jermaine-danny-reitmaier/674708/;2024-10-19;10;0.0;0.0;0.0;0.0;-0.0;-0.0;0.0;0.0;-0.0;-0.0;0.0;0.0;-0.0;0.0;0.0
N. Bakker;/players/nordin-bakker/563909/;2024-10-19;10;3.0;0.0;1.0;0.0;-0.0;-0.0;0.0;0.0;-2.0;-0.0;0.0;0.0;-0.0;0.0;2.0
T. Barbet;/players/theo-barbet/515917/;2024-10-19;10;3.0;0.0;1.0;0.0;-0.0;-0.0;0.0;0.0;-2.0;-0.0;0.0;0.0;-0.0;0.0;2.0
H. Akujobi;/players/hamdi-akujobi/567599/;2024-10-19;10;3.0;0.0;1.0;0.0;-0.0;-0.0;0.0;6.0;-2.0;-0.0;0.0;0.0;-0.0;0.0;8.0
V. Zagaritis;/players/vasilios-zagaritis/617928/;2024-10-19;10;3.0;0.0;1.0;0.0;-0.0;-0.0;0.0;0.0;-2.0;-0.0;0.0;0.0;-0.0;0.0;2.0
Visus;/players/ricardo-visus-contreras/642402/;2024-10-19;10;3.0;0.0;1.0;0.0;-2.0;-0.0;0.0;0.0;-2.0;-0.0;0.0;0.0;-0.0;0.0;0.0
T. Haye;/players/thom-haye/182931/;2024-10-19;10;2.43;0.0;0.81;0.0;-0.0;-0.0;0.0;0.0;0.0;-0.0;0.0;0.0;-0.0;0.0;3.24
A. Tahiri;/players/anas-tahiri/323282/;2024-10-19;10;2.0;0.0;0.67;0.0;-0.0;-0.0;0.0;0.0;0.0;-0.0;0.0;0.0;-0.0;0.0;2.67
J. Ritmeester van de Kamp;/players/jochem-ritmeester-van-de-kamp/801840/;2024-10-19;10;3.0;0.0;1.0;0.0;-2.0;-0.0;0.0;0.0;0.0;-0.0;0.0;0.0;-0.0;0.0;2.0
T. Robinet;/players/thomas-robinet/312659/;2024-10-19;10;3.0;0.0;1.0;0.0;-0.0;-0.0;8.0;0.0;0.0;-0.0;0.0;0.0;-0.0;0.0;12.0
J. Kadile;/players/junior-morau-kadile-/590286/;2024-10-19;10;1.53;0.0;0.51;0.0;-2.0;-0.0;0.0;0.0;0.0;-0.0;0.0;0.0;-0.0;0.0;0.04
L. Delaurier-Chaubet;/players/logan-delaurier-chaubet/626512/;2024-10-19;10;2.93;0.0;0.98;0.0;-0.0;-0.0;0.0;0.0;0.0;-0.0;0.0;0.0;-0.0;0.0;3.91
K. Hansen;/players/kornelius-normann-hansen/496125/;2024-10-19;10;1.47;0.0;0.49;0.0;-0.0;-0.0;0.0;0.0;0.0;-0.0;0.0;0.0;-0.0;0.0;1.96
Àlex Carbonell;/players/alejandro-carbonell/316438/;2024-10-19;10;1.0;0.0;0.33;0.0;-2.0;-0.0;0.0;0.0;0.0;-0.0;0.0;0.0;-0.0;0.0;-0.67
A. Nalić;/players/adi-nalic/459631/;2024-10-19;10;0.57;0.0;0.19;0.0;-0.0;-0.0;0.0;0.0;0.0;-0.0;0.0;0.0;-0.0;0.0;0.76
R. Providence;/players/ruben-providence/509854/;2024-10-19;10;0.07;0.0;0.02;0.0;-0.0;-0.0;0.0;0.0;0.0;-0.0;0.0;0.0;-0.0;0.0;0.09
J. Jacobs;/players/joey-jacobs/537705/;2024-10-19;10;0.0;0.0;0.0;0.0;-0.0;-0.0;0.0;0.0;-0.0;-0.0;0.0;0.0;-0.0;0.0;0.0
F. Mattoir;/players/faiz-mattoir/547050/;2024-10-19;10;0.0;0.0;0.0;0.0;-0.0;-0.0;0.0;0.0;0.0;-0.0;0.0;0.0;-0.0;0.0;0.0
C. Mamengi;/players/christopher-mamengi/540620/;2024-10-19;10;0.0;0.0;0.0;0.0;-0.0;-0.0;0.0;0.0;-0.0;-0.0;0.0;0.0;-0.0;0.0;0.0
D. Dankerlui;/players/damil-dankerlui/314252/;2024-10-19;10;0.0;0.0;0.0;0.0;-0.0;-0.0;0.0;0.0;-0.0;-0.0;0.0;0.0;-0.0;0.0;0.0
Álex Balboa;/players/alex-balboa-bandeira/627655/;2024-10-19;10;0.0;0.0;0.0;0.0;-0.0;-0.0;0.0;0.0;0.0;-0.0;0.0;0.0;-0.0;0.0;0.0
J. van der Wilt;/players/joel-van-der-wilt/771874/;2024-10-19;10;0.0;0.0;0.0;0.0;-0.0;-0.0;0.0;0.0;-0.0;-0.0;0.0;0.0;-0.0;0.0;0.0
J. Wendlinger;/players/jonas-wendlinger/469451/;2024-10-19;10;0.0;0.0;0.0;0.0;-0.0;-0.0;0.0;0.0;-0.0;-0.0;0.0;0.0;-0.0;0.0;0.0
L. Plogmann;/players/luca-plogmann/470121/;2024-10-19;10;3.0;0.0;0.0;0.0;-0.0;-0.0;0.0;0.0;-5.0;-0.0;0.0;0.0;-0.0;0.0;-2.0
G. Nauber;/players/gerrit-nauber/102528/;2024-10-19;10;3.0;0.0;0.0;0.0;-0.0;-0.0;0.0;0.0;-5.0;-0.0;0.0;0.0;-0.0;0.0;-2.0
J. Kramer;/players/joris-kramer/402051/;2024-10-19;10;3.0;0.0;0.0;0.0;-0.0;-0.0;0.0;0.0;-5.0;-0.0;0.0;0.0;-0.0;0.0;-2.0
M. Deijl;/players/mats-deijl/402457/;2024-10-19;10;3.0;0.0;0.0;0.0;-0.0;-0.0;0.0;0.0;-5.0;-0.0;0.0;0.0;-0.0;0.0;-2.0
A. Adelgaard;/players/aske-adelgaard/857149/;2024-10-19;10;2.1;0.0;0.0;0.0;-2.0;-0.0;0.0;0.0;-4.0;-0.0;0.0;0.0;-0.0;0.0;-3.9
E. Llansana;/players/enric-llansana/515466/;2024-10-19;10;3.0;0.0;0.0;0.0;-0.0;-0.0;0.0;0.0;0.0;-0.0;0.0;0.0;-0.0;0.0;3.0
E. Linthorst;/players/evert-linthorst/546756/;2024-10-19;10;3.0;0.0;0.0;0.0;-0.0;-0.0;0.0;5.0;0.0;-0.0;0.0;0.0;-0.0;0.0;8.0
V. Edvardsen;/players/victor-edvardsen/409168/;2024-10-19;10;2.6;0.0;0.0;0.0;-0.0;-0.0;0.0;0.0;0.0;-0.0;0.0;0.0;-0.0;0.0;2.6
B. Adekanye;/players/bobby-adekanye/427040/;2024-10-19;10;2.1;0.0;0.0;0.0;-0.0;-0.0;0.0;0.0;0.0;-0.0;0.0;0.0;-0.0;0.0;2.1
O. Antman;/players/oliver-antman/547497/;2024-10-19;10;2.07;0.0;0.0;0.0;-0.0;-0.0;0.0;0.0;0.0;-0.0;0.0;0.0;-0.0;0.0;2.07
J. Breum;/players/jakob-breum/658739/;2024-10-19;10;2.6;0.0;0.0;0.0;-0.0;-0.0;0.0;0.0;0.0;-0.0;0.0;0.0;-0.0;0.0;2.6
O. Edvardsen;/players/oliver-valaker-edvardsen/545481/;2024-10-19;10;0.93;0.0;0.0;0.0;-0.0;-0.0;8.0;0.0;0.0;-0.0;0.0;0.0;-0.0;0.0;8.93
M. Suray;/players/mathis-suray/517358/;2024-10-19;10;0.9;0.0;0.0;0.0;-0.0;-0.0;0.0;0.0;0.0;-0.0;0.0;0.0;-0.0;0.0;0.9
R. Weijenberg;/players/robbin-weijenberg/857132/;2024-10-19;10;0.9;0.0;0.0;0.0;-0.0;-0.0;0.0;0.0;0.0;-0.0;0.0;0.0;-0.0;0.0;0.9
F. Stokkers;/players/finn-stokkers/319661/;2024-10-19;10;0.4;0.0;0.0;0.0;-0.0;-0.0;0.0;0.0;0.0;-0.0;0.0;0.0;-0.0;0.0;0.4
M. Smit;/players/milan-smit/828395/;2024-10-19;10;0.4;0.0;0.0;0.0;-0.0;-0.0;0.0;0.0;0.0;-0.0;0.0;0.0;-0.0;0.0;0.4
J. Amofa;/players/jamal-amofa/668121/;2024-10-19;10;0.0;0.0;0.0;0.0;-0.0;-0.0;0.0;0.0;-0.0;-0.0;0.0;0.0;-0.0;0.0;0.0
J. Dirksen;/players/julius-dirksen/632220/;2024-10-19;10;0.0;0.0;0.0;0.0;-0.0;-0.0;0.0;0.0;-0.0;-0.0;0.0;0.0;-0.0;0.0;0.0
J. De Busser;/players/jari-de-busser/451008/;2024-10-19;10;0.0;0.0;0.0;0.0;-0.0;-0.0;0.0;0.0;-0.0;-0.0;0.0;0.0;-0.0;0.0;0.0
L. Everink;/players/luca-everink/628510/;2024-10-19;10;0.0;0.0;0.0;0.0;-0.0;-0.0;0.0;0.0;-0.0;-0.0;0.0;0.0;-0.0;0.0;0.0
S. Jansen;/players/sven-jansen/421540/;2024-10-19;10;0.0;0.0;0.0;0.0;-0.0;-0.0;0.0;0.0;-0.0;-0.0;0.0;0.0;-0.0;0.0;0.0
C. Twigt;/players/calvin-twigt/669594/;2024-10-19;10;0.0;0.0;0.0;0.0;-0.0;-0.0;0.0;0.0;0.0;-0.0;0.0;0.0;-0.0;0.0;0.0
T. Wellenreuther;/players/timon-wellenreuther/258964/;2024-10-19;10;3.0;2.0;0.0;0.0;-0.0;-0.0;0.0;0.0;-1.0;-0.0;0.0;0.0;-0.0;0.0;4.0
G. Trauner;/players/gernot-trauner/135546/;2024-10-19;10;2.17;1.44;0.0;0.0;-2.0;-0.0;0.0;0.0;-0.0;-0.0;0.0;0.0;-0.0;0.0;1.61
D. Hancko;/players/david-hancko/391059/;2024-10-19;10;3.0;2.0;0.0;0.0;-0.0;-0.0;0.0;0.0;-1.0;-0.0;0.0;0.0;-0.0;0.0;4.0
J. Lotomba;/players/jordan-lotomba/405870/;2024-10-19;10;3.0;2.0;0.0;0.0;-0.0;-0.0;0.0;0.0;-1.0;-0.0;0.0;0.0;-0.0;0.0;4.0
Hugo Bueno;/players/hugo-bueno/624935/;2024-10-19;10;2.27;1.51;0.0;0.0;-0.0;-0.0;0.0;0.0;-0.0;-0.0;0.0;0.0;-0.0;0.0;3.78
Hwang In-Beom;/players/in-beom-hwang/400101/;2024-10-19;10;3.0;2.0;0.0;0.0;-2.0;-0.0;0.0;5.0;0.0;-0.0;0.0;0.0;-0.0;0.0;8.0
Q. Timber;/players/quinten-maduro/463017/;2024-10-19;10;3.0;2.0;0.0;0.0;-0.0;-0.0;9.0;0.0;0.0;-0.0;0.0;0.0;-0.0;0.0;14.0
A. Milambo;/players/antoni-djibu-milambo/736392/;2024-10-19;10;2.47;1.64;0.0;0.0;-0.0;-0.0;9.0;0.0;0.0;-0.0;0.0;0.0;-0.0;0.0;13.11
A. Ueda;/players/ayase-ueda/551425/;2024-10-19;10;2.43;1.62;0.0;0.0;-0.0;-0.0;8.0;0.0;0.0;-0.0;0.0;0.0;-0.0;0.0;12.06
Igor Paixão;/players/igor-guilherme-barbosa-da-paixao/593041/;2024-10-19;10;2.17;1.44;0.0;0.0;-0.0;-0.0;0.0;4.0;0.0;-0.0;0.0;0.0;-0.0;0.0;7.61
I. Osman;/players/ibrahim-osman/682733/;2024-10-19;10;3.0;2.0;0.0;0.0;-0.0;-0.0;8.0;8.0;0.0;-0.0;0.0;0.0;-0.0;0.0;21.0
L. Ivanušec;/players/luka-ivanuec/424605/;2024-10-19;10;0.83;0.56;0.0;0.0;-0.0;-0.0;0.0;0.0;0.0;-0.0;0.0;0.0;-0.0;0.0;1.39
T. Beelen;/players/thomas-beelen/760998/;2024-10-19;10;0.83;0.56;0.0;0.0;-0.0;-0.0;0.0;0.0;-1.0;-0.0;0.0;0.0;-0.0;0.0;0.39
G. Smal;/players/gijs-smal/508760/;2024-10-19;10;0.73;0.49;0.0;0.0;-0.0;-0.0;0.0;0.0;-1.0;-0.0;0.0;0.0;-0.0;0.0;0.22
J. Carranza;/players/julian-carranza/475791/;2024-10-19;10;0.57;0.38;0.0;0.0;-0.0;-0.0;8.0;0.0;0.0;-0.0;0.0;0.0;-0.0;0.0;8.94
R. Zerrouki;/players/ramiz-larbi-zerrouki/621348/;2024-10-19;10;0.53;0.36;0.0;0.0;-0.0;-0.0;0.0;0.0;0.0;-0.0;0.0;0.0;-0.0;0.0;0.89
J. Bijlow;/players/justin-bijlow/340393/;2024-10-19;10;0.0;0.0;0.0;0.0;-0.0;-0.0;0.0;0.0;-0.0;-0.0;0.0;0.0;-0.0;0.0;0.0
F. González;/players/facundo-gonzalez-molino/673756/;2024-10-19;10;0.0;0.0;0.0;0.0;-0.0;-0.0;0.0;0.0;-0.0;-0.0;0.0;0.0;-0.0;0.0;0.0
A. Hadj Moussa;/players/anis--hadj-moussa/755639/;2024-10-19;10;0.0;0.0;0.0;0.0;-0.0;-0.0;0.0;0.0;0.0;-0.0;0.0;0.0;-0.0;0.0;0.0
G. Read;/players/givairo-read/821635/;2024-10-19;10;0.0;0.0;0.0;0.0;-0.0;-0.0;0.0;0.0;-0.0;-0.0;0.0;0.0;-0.0;0.0;0.0
P. Andreev;/players/plamen-andreev/708730/;2024-10-19;10;0.0;0.0;0.0;0.0;-0.0;-0.0;0.0;0.0;-0.0;-0.0;0.0;0.0;-0.0;0.0;0.0
J. Mitchell;/players/jeyland-mitchell/687479/;2024-10-19;10;0.0;0.0;0.0;0.0;-0.0;-0.0;0.0;0.0;-0.0;-0.0;0.0;0.0;-0.0;0.0;0.0
R. Owusu-Oduro;/players/rome-jayden-owusu-oduro/789860/;2024-10-19;10;3.0;0.0;0.0;0.0;-0.0;-0.0;0.0;0.0;-2.0;-0.0;0.0;0.0;-0.0;0.0;1.0
Alexandre Penetra;/players/alexandre-manuel-penetra-correia/572102/;2024-10-19;10;3.0;0.0;0.0;0.0;-0.0;-0.0;0.0;0.0;-2.0;-0.0;0.0;0.0;-0.0;0.0;1.0
D. Møller Wolfe;/players/david-moller-wolfe/603294/;2024-10-19;10;3.0;0.0;0.0;0.0;-0.0;-8.0;0.0;0.0;-2.0;-0.0;0.0;0.0;-0.0;0.0;-7.0
S. Maikuma;/players/seiya-maikuma/651537/;2024-10-19;10;3.0;0.0;0.0;0.0;-0.0;-0.0;0.0;0.0;-2.0;-0.0;0.0;0.0;-0.0;0.0;1.0
M. Dekker;/players/maxim-dekker/700543/;2024-10-19;10;3.0;0.0;0.0;0.0;-0.0;-0.0;0.0;0.0;-2.0;-0.0;0.0;0.0;-0.0;0.0;1.0
J. Clasie;/players/jordy-clasie/134078/;2024-10-19;10;2.43;0.0;0.0;0.0;-0.0;-0.0;0.0;0.0;0.0;-0.0;0.0;0.0;-0.0;0.0;2.43
K. Belić;/players/kristijan-belic/453868/;2024-10-19;10;2.43;0.0;0.0;0.0;-0.0;-0.0;0.0;0.0;0.0;-0.0;0.0;0.0;-0.0;0.0;2.43
S. Mijnans;/players/sven-mijnans/566000/;2024-10-19;10;0.53;0.0;0.0;0.0;-0.0;-0.0;0.0;0.0;0.0;-0.0;0.0;0.0;-0.0;0.0;0.53
T. Parrott;/players/troy-parrot/515624/;2024-10-19;10;2.07;0.0;0.0;0.0;-0.0;-0.0;0.0;0.0;0.0;-0.0;0.0;0.0;-0.0;0.0;2.07
E. Poku;/players/ernest-poku/700544/;2024-10-19;10;2.43;0.0;0.0;0.0;-0.0;-0.0;0.0;0.0;0.0;-0.0;0.0;0.0;-0.0;0.0;2.43
R. van Bommel;/players/ruben-van-bommel/834074/;2024-10-19;10;3.0;0.0;0.0;0.0;-0.0;-0.0;0.0;0.0;0.0;-0.0;0.0;0.0;-0.0;0.0;3.0
D. Kasius;/players/denso-kasius/569311/;2024-10-19;10;2.47;0.0;0.0;0.0;-0.0;-0.0;12.0;0.0;-1.0;-0.0;0.0;0.0;-0.0;0.0;13.47
M. Lahdo;/players/mayckel-lahdo/660897/;2024-10-19;10;0.93;0.0;0.0;0.0;-0.0;-0.0;0.0;0.0;0.0;-0.0;0.0;0.0;-0.0;0.0;0.93
P. Koopmeiners;/players/peer-koopmeiners/533281/;2024-10-19;10;0.57;0.0;0.0;0.0;-0.0;-0.0;0.0;0.0;0.0;-0.0;0.0;0.0;-0.0;0.0;0.57
Z. Buurmeester;/players/zico-buurmeester/627669/;2024-10-19;10;0.57;0.0;0.0;0.0;-0.0;-0.0;0.0;0.0;0.0;-0.0;0.0;0.0;-0.0;0.0;0.57
M. de Wit;/players/mees-de-wit/423562/;2024-10-19;10;0.57;0.0;0.0;0.0;-0.0;-0.0;0.0;6.0;-0.0;-0.0;0.0;0.0;-0.0;0.0;6.57
J. Addai;/players/jayden-addai/789997/;2024-10-19;10;0.0;0.0;0.0;0.0;-0.0;-0.0;0.0;0.0;0.0;-0.0;0.0;0.0;-0.0;0.0;0.0
J. Zoet;/players/jeroen-zoet/61206/;2024-10-19;10;0.0;0.0;0.0;0.0;-0.0;-0.0;0.0;0.0;-0.0;-0.0;0.0;0.0;-0.0;0.0;0.0
K. Smit;/players/kees-smit/789945/;2024-10-19;10;0.0;0.0;0.0;0.0;-0.0;-0.0;0.0;0.0;0.0;-0.0;0.0;0.0;-0.0;0.0;0.0
D. Kwakman;/players/dave-kwakman/777219/;2024-10-19;10;0.0;0.0;0.0;0.0;-0.0;-0.0;0.0;0.0;0.0;-0.0;0.0;0.0;-0.0;0.0;0.0
H. Verhulst;/players/hobie-verhulst/138446/;2024-10-19;10;0.0;0.0;0.0;0.0;-0.0;-0.0;0.0;0.0;-0.0;-0.0;0.0;0.0;-0.0;0.0;0.0
J. Berkhout;/players/jorn-berkhout/627675/;2024-10-19;10;0.0;0.0;0.0;0.0;-0.0;-0.0;0.0;0.0;-0.0;-0.0;0.0;0.0;-0.0;0.0;0.0
W. Benítez;/players/walter-benitez/210145/;2024-10-19;10;3.0;2.0;0.0;0.0;-0.0;-0.0;0.0;0.0;-1.0;-0.0;0.0;0.0;-0.0;0.0;4.0
R. Karsdorp;/players/rick-karsdorp/322327/;2024-10-19;10;3.0;2.0;0.0;0.0;-0.0;-0.0;0.0;0.0;-1.0;-0.0;0.0;0.0;-0.0;0.0;4.0
O. Boscagli;/players/olivier-boscagli/329542/;2024-10-19;10;3.0;2.0;0.0;0.0;-0.0;-0.0;0.0;0.0;-1.0;-0.0;0.0;0.0;-0.0;0.0;4.0
Mauro Júnior;/players/mauro-jaqueson-junior-ferreira-dos-santos/398754/;2024-10-19;10;2.1;1.4;0.0;0.0;-0.0;-0.0;0.0;0.0;-0.0;-0.0;0.0;0.0;-0.0;0.0;3.5
R. Flamingo;/players/ryan-flamingo/627724/;2024-10-19;10;3.0;2.0;0.0;0.0;-0.0;-0.0;0.0;0.0;-1.0;-0.0;0.0;0.0;-0.0;0.0;4.0
J. Schouten;/players/jerdy-schouten/448432/;2024-10-19;10;1.53;1.02;0.0;0.0;-0.0;-0.0;0.0;0.0;0.0;-0.0;0.0;0.0;-0.0;0.0;2.56
G. Til;/players/guus-til/451981/;2024-10-19;10;3.0;2.0;0.0;0.0;-0.0;-0.0;0.0;5.0;0.0;-0.0;0.0;0.0;-0.0;0.0;10.0
I. Saibari;/players/ismael-saibari/632481/;2024-10-19;10;2.1;1.4;0.0;0.0;-0.0;-0.0;0.0;0.0;0.0;-0.0;0.0;0.0;-0.0;0.0;3.5
L. de Jong;/players/luuk-de-jong/65056/;2024-10-19;10;2.6;1.73;0.0;0.0;-0.0;-0.0;8.0;0.0;0.0;-0.0;0.0;0.0;-0.0;0.0;12.33
N. Lang;/players/noa-lang/463018/;2024-10-19;10;1.53;1.02;0.0;0.0;-0.0;-0.0;8.0;0.0;0.0;-0.0;0.0;0.0;-0.0;0.0;10.56
J. Bakayoko;/players/johan-bakayoko/638229/;2024-10-19;10;3.0;2.0;0.0;0.0;-0.0;-0.0;0.0;0.0;0.0;-0.0;0.0;0.0;-0.0;0.0;5.0
I. Perišić;/players/ivan-perisic/13756/;2024-10-19;10;1.47;0.98;0.0;0.0;-0.0;-0.0;0.0;0.0;0.0;-0.0;0.0;0.0;-0.0;0.0;2.44
A. Obispo;/players/armando-obispo/426581/;2024-10-19;10;1.47;0.98;0.0;0.0;-0.0;-0.0;0.0;0.0;-1.0;-0.0;0.0;0.0;-0.0;0.0;1.44
M. Tillman;/players/malik-tillman/561787/;2024-10-19;10;0.9;0.6;0.0;0.0;-0.0;-0.0;0.0;0.0;0.0;-0.0;0.0;0.0;-0.0;0.0;1.5
F. Oppegård;/players/fredrik-oppegard/575059/;2024-10-19;10;0.9;0.6;0.0;0.0;-0.0;-0.0;0.0;0.0;-1.0;-0.0;0.0;0.0;-0.0;0.0;0.5
R. Pepi;/players/ricardo-pepi/523964/;2024-10-19;10;0.4;0.27;0.0;0.0;-0.0;-0.0;0.0;0.0;0.0;-0.0;0.0;0.0;-0.0;0.0;0.67
N. Schiks;/players/niek-schiks/643502/;2024-10-19;10;0.0;0.0;0.0;0.0;-0.0;-0.0;0.0;0.0;-0.0;-0.0;0.0;0.0;-0.0;0.0;0.0
C. Driouech;/players/couhaib-driouech/632812/;2024-10-19;10;0.0;0.0;0.0;0.0;-0.0;-0.0;0.0;0.0;0.0;-0.0;0.0;0.0;-0.0;0.0;0.0
T. Land;/players/tygo-land/830551/;2024-10-19;10;0.0;0.0;0.0;0.0;-0.0;-0.0;0.0;0.0;0.0;-0.0;0.0;0.0;-0.0;0.0;0.0
J. Drommel;/players/joel-drommel/355869/;2024-10-19;10;0.0;0.0;0.0;0.0;-0.0;-0.0;0.0;0.0;-0.0;-0.0;0.0;0.0;-0.0;0.0;0.0
R. Ledezma;/players/richard-ledezma/512218/;2024-10-19;10;0.0;0.0;0.0;0.0;-0.0;-0.0;0.0;0.0;0.0;-0.0;0.0;0.0;-0.0;0.0;0.0
R. Roefs;/players/robin-roefs/636190/;2024-10-19;10;3.0;2.0;0.0;0.0;-0.0;-0.0;0.0;0.0;-0.0;-0.0;12.0;0.0;-0.0;0.0;17.0
B. Nuytinck;/players/bram-nuytinck/86442/;2024-10-19;10;3.0;2.0;0.0;0.0;-0.0;-0.0;12.0;0.0;-0.0;-0.0;10.0;0.0;-0.0;0.0;27.0
Iván Márquez;/players/ivan-marquez-alvarez/352663/;2024-10-19;10;3.0;2.0;0.0;0.0;-0.0;-0.0;0.0;0.0;-0.0;-0.0;10.0;0.0;-0.0;0.0;15.0
T. Ouwejan;/players/thomas-ouwejan/407740/;2024-10-19;10;3.0;2.0;0.0;0.0;-0.0;-0.0;0.0;6.0;-0.0;-0.0;10.0;0.0;-0.0;0.0;21.0
B. Pereira;/players/brayann-pereira/640596/;2024-10-19;10;3.0;2.0;0.0;0.0;-0.0;-0.0;0.0;0.0;-0.0;-0.0;10.0;0.0;-0.0;0.0;15.0
M. Hoedemakers;/players/mees-hoedemakers/465082/;2024-10-19;10;3.0;2.0;0.0;0.0;-0.0;-0.0;0.0;0.0;0.0;-0.0;3.0;0.0;-0.0;0.0;8.0
K. Sano;/players/kodai-sano/815318/;2024-10-19;10;2.8;1.87;0.0;0.0;-0.0;-0.0;0.0;0.0;0.0;-0.0;2.8;0.0;-0.0;0.0;7.47
S. Ouaissa;/players/sami-ouaissa/856399/;2024-10-19;10;2.43;1.62;0.0;0.0;-0.0;-0.0;0.0;0.0;0.0;-0.0;2.43;0.0;-0.0;0.0;6.49
V. van Crooij;/players/vito-van-crooy/330044/;2024-10-19;10;2.43;1.62;0.0;0.0;-0.0;-0.0;16.0;0.0;0.0;-0.0;0.81;0.0;-0.0;0.0;20.87
K. Ogawa;/players/koki-ogawa/435835/;2024-10-19;10;2.8;1.87;0.0;0.0;-0.0;-0.0;0.0;0.0;0.0;-0.0;0.93;0.0;-0.0;0.0;5.6
B. Önal;/players/basar-onal/822550/;2024-10-19;10;2.1;1.4;0.0;0.0;-0.0;-0.0;0.0;0.0;0.0;-0.0;0.7;0.0;-0.0;0.0;4.2
S. Hansen;/players/sontje-hansen/508823/;2024-10-19;10;0.9;0.6;0.0;0.0;-0.0;-0.0;0.0;4.0;0.0;-0.0;0.3;0.0;-0.0;0.0;5.8
Róber;/players/roberto-gonzalez-bayon/500171/;2024-10-19;10;0.57;0.38;0.0;0.0;-0.0;-0.0;0.0;0.0;0.0;-0.0;0.57;0.0;-0.0;0.0;1.51
C. Verdonk;/players/calvin-verdonk/319288/;2024-10-19;10;0.57;0.38;0.0;0.0;-0.0;-0.0;0.0;0.0;-0.0;-0.0;1.89;0.0;-0.0;0.0;2.83
K. Shiogai;/players/kento-shiogai/910330/;2024-10-19;10;0.2;0.13;0.0;0.0;-0.0;-0.0;0.0;0.0;0.0;-0.0;0.07;0.0;-0.0;0.0;0.4
L. Schöne;/players/lasse-schone/17366/;2024-10-19;10;0.2;0.13;0.0;0.0;-0.0;-0.0;0.0;0.0;0.0;-0.0;0.2;0.0;-0.0;0.0;0.53
R. Janse;/players/rijk-janse/632550/;2024-10-19;10;0.0;0.0;0.0;0.0;-0.0;-0.0;0.0;0.0;-0.0;-0.0;0.0;0.0;-0.0;0.0;0.0
L. Lyratzis;/players/eleutherios-lyratzis/463371/;2024-10-19;10;0.0;0.0;0.0;0.0;-0.0;-0.0;0.0;0.0;-0.0;-0.0;0.0;0.0;-0.0;0.0;0.0
A. Darellas;/players/argyrios-darelas/637189/;2024-10-19;10;0.0;0.0;0.0;0.0;-0.0;-0.0;0.0;0.0;0.0;-0.0;0.0;0.0;-0.0;0.0;0.0
S. van Gassel;/players/stijn-van-gassel/323665/;2024-10-19;10;0.0;0.0;0.0;0.0;-0.0;-0.0;0.0;0.0;-0.0;-0.0;0.0;0.0;-0.0;0.0;0.0
A. Noppert;/players/andries-noppert/300862/;2024-10-19;10;3.0;0.0;0.0;0.0;-0.0;-0.0;0.0;0.0;-3.0;-0.0;0.0;0.0;-0.0;0.0;0.0
M. Köhlert;/players/mats-kohlert/400423/;2024-10-19;10;3.0;0.0;0.0;0.0;-0.0;-0.0;0.0;0.0;-3.0;-0.0;0.0;0.0;-0.0;0.0;0.0
S. Kersten;/players/sam-kersten/453644/;2024-10-19;10;3.0;0.0;0.0;0.0;-0.0;-0.0;0.0;0.0;-3.0;-0.0;0.0;0.0;-0.0;0.0;0.0
N. Hopland;/players/nikolai-soyset-hopland/703339/;2024-10-19;10;3.0;0.0;0.0;0.0;-0.0;-0.0;0.0;0.0;-3.0;-0.0;0.0;0.0;-0.0;0.0;0.0
A. Condé;/players/amara-conde/310101/;2024-10-19;10;3.0;0.0;0.0;0.0;-2.0;-0.0;0.0;0.0;0.0;-0.0;0.0;0.0;-0.0;0.0;1.0
L. Brouwers;/players/luuk-brouwers/402458/;2024-10-19;10;3.0;0.0;0.0;0.0;-2.0;-0.0;0.0;0.0;0.0;-0.0;0.0;0.0;-0.0;0.0;1.0
L. Smans;/players/levi-smans/757104/;2024-10-19;10;2.6;0.0;0.0;0.0;-0.0;-0.0;0.0;0.0;0.0;-0.0;0.0;0.0;-0.0;0.0;2.6
O. Braude;/players/oliver-johansen-braude/794018/;2024-10-19;10;3.0;0.0;0.0;0.0;-0.0;-0.0;0.0;0.0;-3.0;-0.0;0.0;0.0;-0.0;0.0;0.0
J. Trenskow;/players/jacob-trenskow/672937/;2024-10-19;10;2.63;0.0;0.0;0.0;-0.0;-0.0;0.0;0.0;0.0;-0.0;0.0;0.0;-0.0;0.0;2.63
I. Sebaoui;/players/ilias-sebaoui/797954/;2024-10-19;10;1.53;0.0;0.0;0.0;-0.0;-0.0;0.0;0.0;0.0;-0.0;0.0;0.0;-0.0;0.0;1.53
D. Rallis;/players/dimitris-rallis/982464/;2024-10-19;10;;;;;;;;;;;;;;;0.0
I. Nicolăescu;/players/ion-nicolescu/446191/;2024-10-19;10;1.47;0.0;0.0;0.0;-0.0;-0.0;0.0;0.0;0.0;-0.0;0.0;0.0;-0.0;0.0;1.47
Danilo Al Saed;/players/danilo-al-saed/530444/;2024-10-19;10;1.03;0.0;0.0;0.0;-0.0;-0.0;0.0;0.0;0.0;-0.0;0.0;0.0;-0.0;0.0;1.03
S. Olsson;/players/simon-olsson/423888/;2024-10-19;10;0.4;0.0;0.0;0.0;-0.0;-0.0;0.0;0.0;0.0;-0.0;0.0;0.0;-0.0;0.0;0.4
C. Nunnely;/players/che-nunnely/423827/;2024-10-19;10;0.37;0.0;0.0;0.0;-0.0;-0.0;0.0;0.0;0.0;-0.0;0.0;0.0;-0.0;0.0;0.37
D. Hall;/players/denzel-hall/508910/;2024-10-19;10;0.0;0.0;0.0;0.0;-0.0;-0.0;0.0;0.0;-0.0;-0.0;0.0;0.0;-0.0;0.0;0.0
I. Ahmed;/players/isaiah-ahmed/982466/;2024-10-19;10;0.0;0.0;0.0;0.0;-0.0;-0.0;0.0;0.0;0.0;-0.0;0.0;0.0;-0.0;0.0;0.0
P. Bochniewicz;/players/pawe-bochniewicz/273911/;2024-10-19;10;0.0;0.0;0.0;0.0;-0.0;-0.0;0.0;0.0;-0.0;-0.0;0.0;0.0;-0.0;0.0;0.0
J. Bekkema;/players/jan-bekkema/452051/;2024-10-19;10;0.0;0.0;0.0;0.0;-0.0;-0.0;0.0;0.0;-0.0;-0.0;0.0;0.0;-0.0;0.0;0.0
M. van der Hart;/players/mickey-van-der-hart/218009/;2024-10-19;10;0.0;0.0;0.0;0.0;-0.0;-0.0;0.0;0.0;-0.0;-0.0;0.0;0.0;-0.0;0.0;0.0
E. van Ee;/players/espen-van-ee/921919/;2024-10-19;10;0.0;0.0;0.0;0.0;-0.0;-0.0;0.0;0.0;0.0;-0.0;0.0;0.0;-0.0;0.0;0.0
M. Milovanović;/players/mateja-milovanovic/783196/;2024-10-19;10;0.0;0.0;0.0;0.0;-0.0;-0.0;0.0;0.0;-0.0;-0.0;0.0;0.0;-0.0;0.0;0.0
Y. van Osch;/players/van-yanick-osch/319269/;2024-10-19;10;3.0;0.0;1.0;0.0;-0.0;-0.0;0.0;0.0;-2.0;-0.0;0.0;0.0;-0.0;0.0;2.0
J. Lelieveld;/players/julian-lelieveld/407738/;2024-10-19;10;2.5;0.0;0.83;0.0;-2.0;-0.0;0.0;0.0;-1.0;-0.0;0.0;0.0;-0.0;0.0;0.33
J. Familia-Castillo;/players/juan-familio-castillo/453849/;2024-10-19;10;3.0;0.0;1.0;0.0;-0.0;-0.0;0.0;6.0;-2.0;-0.0;0.0;0.0;-0.0;0.0;8.0
L. van Gelderen;/players/liam--van-gelderen/463011/;2024-10-19;10;3.0;0.0;1.0;0.0;-0.0;-0.0;0.0;0.0;-2.0;-0.0;0.0;0.0;-0.0;0.0;2.0
R. van Eijma;/players/roshon-van-eijma/539577/;2024-10-19;10;3.0;0.0;1.0;0.0;-0.0;-0.0;0.0;0.0;-2.0;-0.0;0.0;0.0;-0.0;0.0;2.0
G. Roemeratoe;/players/godfried-roemeratoe/426582/;2024-10-19;10;3.0;0.0;1.0;0.0;-0.0;-0.0;0.0;0.0;0.0;-0.0;0.0;0.0;-0.0;0.0;4.0
D. Weidmann;/players/daouda-weidmann/782160/;2024-10-19;10;2.77;0.0;0.92;0.0;-0.0;-0.0;0.0;0.0;0.0;-0.0;0.0;0.0;-0.0;0.0;3.69
T. van de Loo;/players/tim-van-de-loo/813111/;2024-10-19;10;2.5;0.0;0.83;0.0;-0.0;-0.0;0.0;0.0;0.0;-0.0;0.0;0.0;-0.0;0.0;3.33
S. van der Water;/players/silvester-van-der-water/408536/;2024-10-19;10;2.0;0.0;0.67;0.0;-0.0;-0.0;8.0;0.0;0.0;-0.0;0.0;0.0;-0.0;0.0;10.67
R. Margaret;/players/richonell-margaret/508815/;2024-10-19;10;2.77;0.0;0.92;0.0;-0.0;-0.0;8.0;0.0;0.0;-0.0;0.0;0.0;-0.0;0.0;11.69
D. Cleonise;/players/denilho-cleonise/642338/;2024-10-19;10;3.0;0.0;1.0;0.0;-0.0;-0.0;0.0;0.0;0.0;-0.0;0.0;0.0;-0.0;0.0;4.0
C. Lokesa;/players/chris-lokesa/847737/;2024-10-19;10;1.0;0.0;0.33;0.0;-0.0;-0.0;0.0;0.0;0.0;-0.0;0.0;0.0;-0.0;0.0;1.33
F. Al Mazyani;/players/faissal-al-mazyani/790281/;2024-10-19;10;0.5;0.0;0.17;0.0;-0.0;-0.0;0.0;0.0;-1.0;-0.0;0.0;0.0;-0.0;0.0;-0.33
L. Wouters;/players/luuk--wouters/537856/;2024-10-19;10;0.5;0.0;0.17;0.0;-0.0;-0.0;0.0;0.0;-1.0;-0.0;0.0;0.0;-0.0;0.0;-0.33
Y. Oukili;/players/yassin-oukili/567948/;2024-10-19;10;0.23;0.0;0.08;0.0;-0.0;-0.0;0.0;0.0;0.0;-0.0;0.0;0.0;-0.0;0.0;0.31
M. Ihattaren;/players/mohammed-amine-ihattaren/525933/;2024-10-19;10;0.23;0.0;0.08;0.0;-0.0;-0.0;0.0;0.0;0.0;-0.0;0.0;0.0;-0.0;0.0;0.31
J. Houwen;/players/jeroen-houwen/303254/;2024-10-19;10;0.0;0.0;0.0;0.0;-0.0;-0.0;0.0;0.0;-0.0;-0.0;0.0;0.0;-0.0;0.0;0.0
R. Niemeijer;/players/reuven-niemeijer/447106/;2024-10-19;10;0.0;0.0;0.0;0.0;-0.0;-0.0;0.0;0.0;0.0;-0.0;0.0;0.0;-0.0;0.0;0.0
I. Takidine;/players/ilias-takidine/632532/;2024-10-19;10;0.0;0.0;0.0;0.0;-0.0;-0.0;0.0;0.0;0.0;-0.0;0.0;0.0;-0.0;0.0;0.0
K. Felida;/players/kevin--felida/501817/;2024-10-19;10;0.0;0.0;0.0;0.0;-0.0;-0.0;0.0;0.0;0.0;-0.0;0.0;0.0;-0.0;0.0;0.0
J. Kesting;/players/joey-kesting/567938/;2024-10-19;10;0.0;0.0;0.0;0.0;-0.0;-0.0;0.0;0.0;-0.0;-0.0;0.0;0.0;-0.0;0.0;0.0
L. Unnerstall;/players/lars-unnerstall/81320/;2024-10-19;10;3.0;0.0;1.0;0.0;-0.0;-0.0;0.0;0.0;-2.0;-0.0;0.0;0.0;-0.0;0.0;2.0
A. Salah-Eddine;/players/anass-salah-eddine/525927/;2024-10-19;10;2.2;0.0;0.73;0.0;-0.0;-0.0;0.0;0.0;-2.0;-0.0;0.0;0.0;-0.0;0.0;0.93
B. van Rooij;/players/bart-van-rooij/557859/;2024-10-19;10;3.0;0.0;1.0;0.0;-0.0;-0.0;0.0;6.0;-2.0;-0.0;0.0;0.0;-0.0;0.0;8.0
M. Hilgers;/players/mees-hilgers/627701/;2024-10-19;10;3.0;0.0;1.0;0.0;-0.0;-0.0;0.0;0.0;-2.0;-0.0;0.0;0.0;-0.0;0.0;2.0
M. Vlap;/players/michel-vlap/407742/;2024-10-19;10;1.83;0.0;0.61;0.0;-2.0;-0.0;0.0;0.0;0.0;-0.0;0.0;0.0;-0.0;0.0;0.44
S. Steijn;/players/sem-steijn/560623/;2024-10-19;10;3.0;0.0;1.0;0.0;-0.0;-0.0;9.0;5.0;0.0;-0.0;0.0;0.0;-0.0;0.0;18.0
M. Bruns;/players/max-bruns/628828/;2024-10-19;10;2.2;0.0;0.73;0.0;-0.0;-0.0;0.0;0.0;0.0;-0.0;0.0;0.0;-0.0;0.0;2.93
Y. Regeer;/players/youri-regeer/632221/;2024-10-19;10;3.0;0.0;1.0;0.0;-2.0;-0.0;0.0;0.0;0.0;-0.0;0.0;0.0;-0.0;0.0;2.0
R. van Wolfswinkel;/players/ricky-van-wolfswinkel/59407/;2024-10-19;10;3.0;0.0;1.0;0.0;-0.0;-0.0;0.0;0.0;0.0;-0.0;0.0;0.0;-0.0;0.0;4.0
S. Lammers;/players/sam-lammers/407736/;2024-10-19;10;3.0;0.0;1.0;0.0;-0.0;-0.0;0.0;0.0;0.0;-0.0;0.0;0.0;-0.0;0.0;4.0
M. van Bergen;/players/mitchell-van-bergen/426574/;2024-10-19;10;2.9;0.0;0.97;0.0;-0.0;-0.0;0.0;0.0;0.0;-0.0;0.0;0.0;-0.0;0.0;3.87
C. Eiting;/players/carel-eiting/379791/;2024-10-19;10;1.17;0.0;0.39;0.0;-0.0;-0.0;9.0;0.0;0.0;-0.0;0.0;0.0;-0.0;0.0;10.56
B. Kuipers;/players/bas-edo-kuipers/274649/;2024-10-19;10;0.8;0.0;0.27;0.0;-0.0;-0.0;0.0;0.0;-0.0;-0.0;0.0;0.0;-0.0;0.0;1.07
S. Ltaief;/players/sayfallah-ltaief/659735/;2024-10-19;10;0.8;0.0;0.27;0.0;-0.0;-0.0;0.0;0.0;0.0;-0.0;0.0;0.0;-0.0;0.0;1.07
A. Van Hoorenbeeck;/players/alec-van-hoorenbeeck/593523/;2024-10-19;10;0.1;0.0;0.03;0.0;-0.0;-0.0;0.0;0.0;-0.0;-0.0;0.0;0.0;-0.0;0.0;0.13
H. Kuster;/players/harrie-kuster/916880/;2024-10-19;10;0.0;0.0;0.0;0.0;-0.0;-0.0;0.0;0.0;0.0;-0.0;0.0;0.0;-0.0;0.0;0.0
I. El Maach;/players/issam-el-maach/506880/;2024-10-19;10;0.0;0.0;0.0;0.0;-0.0;-0.0;0.0;0.0;-0.0;-0.0;0.0;0.0;-0.0;0.0;0.0
G. Besselink;/players/gijs-besselink/895383/;2024-10-19;10;0.0;0.0;0.0;0.0;-0.0;-0.0;0.0;0.0;0.0;-0.0;0.0;0.0;-0.0;0.0;0.0
M. Rots;/players/mats-rots/830558/;2024-10-19;10;0.0;0.0;0.0;0.0;-0.0;-0.0;0.0;0.0;-0.0;-0.0;0.0;0.0;-0.0;0.0;0.0
P. Tytoń;/players/przemyslaw-tyton/17326/;2024-10-19;10;0.0;0.0;0.0;0.0;-0.0;-0.0;0.0;0.0;-0.0;-0.0;0.0;0.0;-0.0;0.0;0.0
O. Panneflek;/players/owen-panneflek/1002934/;2024-10-19;10;0.0;0.0;0.0;0.0;-0.0;-0.0;0.0;0.0;0.0;-0.0;0.0;0.0;-0.0;0.0;0.0
G. Lagerbielke;/players/gustaf-lagerbielke/500894/;2024-10-19;10;0.0;0.0;0.0;0.0;-0.0;-0.0;0.0;0.0;-0.0;-0.0;0.0;0.0;-0.0;0.0;0.0
M. Kjølø;/players/mathias-ullereng-kjolo/517477/;2024-10-19;10;0.0;0.0;0.0;0.0;-0.0;-0.0;0.0;0.0;0.0;-0.0;0.0;0.0;-0.0;0.0;0.0
J. Schendelaar;/players/jasper-schendelaar/454473/;2024-10-20;10;3.0;0.0;0.0;0.0;-0.0;-0.0;0.0;0.0;-2.0;-0.0;0.0;0.0;-0.0;0.0;1.0
S. Floranus;/players/sherel-floranus/385271/;2024-10-20;10;2.63;0.0;0.0;0.0;-0.0;-0.0;0.0;0.0;-2.0;-0.0;0.0;0.0;-0.0;0.0;0.63
S. Graves;/players/simon-graves-jensen/538684/;2024-10-20;10;1.53;0.0;0.0;0.0;-0.0;-0.0;0.0;0.0;-0.0;-0.0;0.0;0.0;-0.0;0.0;1.53
A. El Azzouzi;/players/anouar-el-azzouzi/567947/;2024-10-20;10;3.0;0.0;0.0;0.0;-2.0;-0.0;0.0;0.0;-2.0;-0.0;0.0;0.0;-0.0;0.0;-1.0
A. MacNulty;/players/anselmo-garcia-mcnulty/608607/;2024-10-20;10;3.0;0.0;0.0;0.0;-0.0;-0.0;0.0;0.0;-2.0;-0.0;0.0;0.0;-0.0;0.0;1.0
D. van der Haar;/players/damian-van-der-haar/812205/;2024-10-20;10;2.17;0.0;0.0;0.0;-0.0;-0.0;0.0;0.0;-1.0;-0.0;0.0;0.0;-0.0;0.0;1.17
Y. Namli;/players/younes-namli/291585/;2024-10-20;10;3.0;0.0;0.0;0.0;-0.0;-0.0;0.0;0.0;0.0;-0.0;0.0;0.0;-0.0;0.0;3.0
Jamiro Monteiro;/players/jamiro-gregory-monteiro-alvarenga/421293/;2024-10-20;10;3.0;0.0;0.0;0.0;-0.0;-0.0;0.0;0.0;0.0;-0.0;0.0;0.0;-0.0;0.0;3.0
D. van den Berg;/players/dave-van-den-berg-/475335/;2024-10-20;10;2.2;0.0;0.0;0.0;-0.0;-0.0;0.0;0.0;0.0;-0.0;0.0;0.0;-0.0;0.0;2.2
F. Krastev;/players/filip-yavorov-krastev/550509/;2024-10-20;10;1.53;0.0;0.0;0.0;-0.0;-0.0;0.0;0.0;0.0;-0.0;0.0;0.0;-0.0;0.0;1.53
D. Vente;/players/dylan-vente/426585/;2024-10-20;10;3.0;0.0;0.0;0.0;-0.0;-0.0;0.0;0.0;0.0;-0.0;0.0;0.0;-0.0;0.0;3.0
O. Velanas;/players/odysseus-velanas/452059/;2024-10-20;10;1.47;0.0;0.0;0.0;-0.0;-0.0;0.0;0.0;0.0;-0.0;0.0;0.0;-0.0;0.0;1.47
D. Mbayo;/players/dylan-mbayo/599681/;2024-10-20;10;1.47;0.0;0.0;0.0;-0.0;-0.0;0.0;4.0;0.0;-0.0;0.0;0.0;-0.0;0.0;5.47
T. Lutonda;/players/thierry-lutonda/462568/;2024-10-20;10;0.83;0.0;0.0;0.0;-0.0;-0.0;0.0;0.0;-1.0;-0.0;0.0;0.0;-0.0;0.0;-0.17
K. de Rooij;/players/kaj-de-rooij/539368/;2024-10-20;10;0.8;0.0;0.0;0.0;-0.0;-0.0;8.0;0.0;0.0;-0.0;0.0;0.0;-0.0;0.0;8.8
E. Reijnders;/players/eliano-reijnders/577288/;2024-10-20;10;0.37;0.0;0.0;0.0;-0.0;-0.0;0.0;0.0;0.0;-0.0;0.0;0.0;-0.0;0.0;0.37
M. Hauptmeijer;/players/mike-hauptmeijer/321048/;2024-10-20;10;0.0;0.0;0.0;0.0;-0.0;-0.0;0.0;0.0;-0.0;-0.0;0.0;0.0;-0.0;0.0;0.0
N. Fichtinger;/players/nick-fichtinger/914267/;2024-10-20;10;0.0;0.0;0.0;0.0;-0.0;-0.0;0.0;0.0;0.0;-0.0;0.0;0.0;-0.0;0.0;0.0
T. Gijselhart;/players/teun-gijselhart/789919/;2024-10-20;10;0.0;0.0;0.0;0.0;-0.0;-0.0;0.0;0.0;0.0;-0.0;0.0;0.0;-0.0;0.0;0.0
T. Buitink;/players/thomas-buitnik/457668/;2024-10-20;10;0.0;0.0;0.0;0.0;-0.0;-0.0;0.0;0.0;0.0;-0.0;0.0;0.0;-0.0;0.0;0.0
K. Vermeer;/players/kenneth-vermeer/2175/;2024-10-20;10;0.0;0.0;0.0;0.0;-0.0;-0.0;0.0;0.0;-0.0;-0.0;0.0;0.0;-0.0;0.0;0.0
O. Aertssen;/players/olivier-aertssen/664645/;2024-10-20;10;0.0;0.0;0.0;0.0;-0.0;-0.0;0.0;0.0;-0.0;-0.0;0.0;0.0;-0.0;0.0;0.0
R. Thomas;/players/ryan-thomas/215382/;2024-10-20;10;0.0;0.0;0.0;0.0;-0.0;-0.0;0.0;0.0;0.0;-0.0;0.0;0.0;-0.0;0.0;0.0
D. Bielica;/players/daniel-bielica/555492/;2024-10-20;10;3.0;2.0;0.0;0.0;-2.0;-0.0;0.0;0.0;-1.0;-0.0;0.0;0.0;-0.0;0.0;2.0
J. Van den Bergh;/players/jan-van-den-bergh/354185/;2024-10-20;10;3.0;2.0;0.0;0.0;-0.0;-0.0;0.0;0.0;-1.0;-0.0;0.0;0.0;-0.0;0.0;4.0
B. Kemper;/players/boy-kemper/463009/;2024-10-20;10;3.0;2.0;0.0;0.0;-2.0;-0.0;0.0;0.0;-1.0;-0.0;0.0;0.0;-0.0;0.0;2.0
L. Greiml;/players/leo-greiml/517683/;2024-10-20;10;3.0;2.0;0.0;0.0;-0.0;-0.0;0.0;0.0;-1.0;-0.0;0.0;0.0;-0.0;0.0;4.0
L. Mol;/players/lars-mol/923583/;2024-10-20;10;1.8;1.2;0.0;0.0;-0.0;-0.0;0.0;0.0;-0.0;-0.0;0.0;0.0;-0.0;0.0;3.0
F. Oldrup Jensen;/players/fredrik-oldrup-jensen/231672/;2024-10-20;10;2.8;1.87;0.0;0.0;-0.0;-0.0;0.0;0.0;0.0;-0.0;0.0;0.0;-0.0;0.0;4.67
C. Leemans;/players/clint-leemans/264397/;2024-10-20;10;2.2;1.47;0.0;0.0;-0.0;-0.0;0.0;0.0;0.0;-0.0;0.0;0.0;-0.0;0.0;3.67
M. Balard;/players/maximilien-balard/643695/;2024-10-20;10;3.0;2.0;0.0;0.0;-0.0;-0.0;0.0;0.0;0.0;-0.0;0.0;0.0;-0.0;0.0;5.0
E. Ómarsson;/players/elias-mar-omarsson/213035/;2024-10-20;10;3.0;2.0;0.0;0.0;-0.0;-0.0;16.0;0.0;0.0;-0.0;0.0;0.0;-0.0;0.0;21.0
A. Kaied;/players/adam-kaied/693342/;2024-10-20;10;1.8;1.2;0.0;0.0;-0.0;-0.0;0.0;0.0;0.0;-0.0;0.0;0.0;-0.0;0.0;3.0
L. Sauer;/players/leo-sauer/790415/;2024-10-20;10;2.8;1.87;0.0;0.0;-0.0;-0.0;0.0;0.0;0.0;-0.0;0.0;0.0;-0.0;0.0;4.67
C. Staring;/players/casper-staring/628494/;2024-10-20;10;1.2;0.8;0.0;0.0;-0.0;-0.0;0.0;0.0;0.0;-0.0;0.0;0.0;-0.0;0.0;2.0
R. Paula;/players/raul-paula/640610/;2024-10-20;10;1.2;0.8;0.0;0.0;-0.0;-0.0;0.0;5.0;0.0;-0.0;0.0;0.0;-0.0;0.0;7.0
D. Janošek;/players/dominik-janosek/492661/;2024-10-20;10;0.8;0.53;0.0;0.0;-0.0;-0.0;0.0;0.0;0.0;-0.0;0.0;0.0;-0.0;0.0;1.33
B. Lucassen;/players/boyd-lucassen/453952/;2024-10-20;10;0.2;0.13;0.0;0.0;-0.0;-0.0;0.0;0.0;-0.0;-0.0;0.0;0.0;-0.0;0.0;0.33
T. Kongolo;/players/terence-kongolo/161296/;2024-10-20;10;0.2;0.13;0.0;0.0;-0.0;-0.0;0.0;0.0;-0.0;-0.0;0.0;0.0;-0.0;0.0;0.33
K. Kostorz;/players/kacper-kostorz/485378/;2024-10-20;10;0.0;0.0;0.0;0.0;-0.0;-0.0;0.0;0.0;0.0;-0.0;0.0;0.0;-0.0;0.0;0.0
R. Kortsmit;/players/roy-kortsmit/200996/;2024-10-20;10;0.0;0.0;0.0;0.0;-0.0;-0.0;0.0;0.0;-0.0;-0.0;0.0;0.0;-0.0;0.0;0.0
M. Garbett;/players/matthew-garbett/577465/;2024-10-20;10;0.0;0.0;0.0;0.0;-0.0;-0.0;0.0;0.0;0.0;-0.0;0.0;0.0;-0.0;0.0;0.0
R. Kuijpers;/players/roy-kuijpers/663306/;2024-10-20;10;0.0;0.0;0.0;0.0;-0.0;-0.0;0.0;0.0;0.0;-0.0;0.0;0.0;-0.0;0.0;0.0
E. Mahmutović;/players/enes-mahmutovic/347775/;2024-10-20;10;0.0;0.0;0.0;0.0;-0.0;-0.0;0.0;0.0;-0.0;-0.0;0.0;0.0;-0.0;0.0;0.0
T. Troost;/players/tein-troost/525919/;2024-10-20;10;0.0;0.0;0.0;0.0;-0.0;-0.0;0.0;0.0;-0.0;-0.0;0.0;0.0;-0.0;0.0;0.0
H. Jurjus;/players/hidde-jurjus/301076/;2024-10-20;10;3.0;0.0;0.0;0.0;-0.0;-0.0;0.0;0.0;-1.0;-0.0;0.0;0.0;-0.0;0.0;2.0
M. Peersman;/players/marvin-peersman/89988/;2024-10-20;10;3.0;0.0;0.0;0.0;-2.0;-0.0;0.0;0.0;-1.0;-0.0;0.0;0.0;-0.0;0.0;0.0
M. Rente;/players/marco-rente/450717/;2024-10-20;10;3.0;0.0;0.0;0.0;-0.0;-0.0;0.0;0.0;-1.0;-0.0;0.0;0.0;-0.0;0.0;2.0
F. Stam;/players/finn-stam/736439/;2024-10-20;10;1.53;0.0;0.0;0.0;-0.0;-0.0;0.0;0.0;-1.0;-0.0;0.0;0.0;-0.0;0.0;0.53
W. Prins;/players/wouter-prins/930296/;2024-10-20;10;3.0;0.0;0.0;0.0;-0.0;-0.0;0.0;0.0;-1.0;-0.0;0.0;0.0;-0.0;0.0;2.0
J. Hove;/players/johan-hove/444353/;2024-10-20;10;3.0;0.0;0.0;0.0;-0.0;-0.0;0.0;0.0;0.0;-0.0;0.0;0.0;-0.0;0.0;3.0
L. Valente;/players/luciano-valente/703884/;2024-10-20;10;3.0;0.0;0.0;0.0;-0.0;-0.0;0.0;0.0;0.0;-0.0;0.0;0.0;-0.0;0.0;3.0
J. Schreuders;/players/jorg-schreuders/877779/;2024-10-20;10;2.77;0.0;0.0;0.0;-0.0;-0.0;0.0;0.0;0.0;-0.0;0.0;0.0;-0.0;0.0;2.77
Rui Mendes;/players/rui-jorge-monteiro-mendes/453390/;2024-10-20;10;2.27;0.0;0.0;0.0;-0.0;-0.0;0.0;0.0;0.0;-0.0;0.0;0.0;-0.0;0.0;2.27
R. Postema;/players/romano-postema/625358/;2024-10-20;10;2.27;0.0;0.0;0.0;-0.0;-0.0;0.0;0.0;0.0;-0.0;0.0;0.0;-0.0;0.0;2.27
T. van Bergen;/players/thom-van-bergen/873104/;2024-10-20;10;2.77;0.0;0.0;0.0;-0.0;-0.0;0.0;0.0;0.0;-0.0;0.0;0.0;-0.0;0.0;2.77
L. Bacuna;/players/leandro-bacuna/88003/;2024-10-20;10;1.47;0.0;0.0;0.0;-0.0;-0.0;0.0;0.0;0.0;-0.0;0.0;0.0;-0.0;0.0;1.47
T. de Jonge;/players/tika-de-jonge/643975/;2024-10-20;10;0.73;0.0;0.0;0.0;-0.0;-0.0;0.0;0.0;0.0;-0.0;0.0;0.0;-0.0;0.0;0.73
B. Willumsson;/players/brynjolfur-darri-willumsson/463548/;2024-10-20;10;0.73;0.0;0.0;0.0;-0.0;-0.0;0.0;0.0;0.0;-0.0;0.0;0.0;-0.0;0.0;0.73
A. Mortensen;/players/alex-mortensen/674384/;2024-10-20;10;0.23;0.0;0.0;0.0;-0.0;-0.0;0.0;0.0;0.0;-0.0;0.0;0.0;-0.0;0.0;0.23
T. Oosting;/players/thijs-oosting/477591/;2024-10-20;10;0.23;0.0;0.0;0.0;-0.0;-0.0;0.0;0.0;0.0;-0.0;0.0;0.0;-0.0;0.0;0.23
T. Blokzijl;/players/thijmen-blokzijl/703893/;2024-10-20;10;0.0;0.0;0.0;0.0;-0.0;-0.0;0.0;0.0;-0.0;-0.0;0.0;0.0;-0.0;0.0;0.0
E. Vaessen;/players/etienne-vaessen/408572/;2024-10-20;10;0.0;0.0;0.0;0.0;-2.0;-0.0;0.0;0.0;-0.0;-0.0;0.0;0.0;-0.0;0.0;-2.0
D. Baron;/players/dirk-baron/821647/;2024-10-20;10;0.0;0.0;0.0;0.0;-0.0;-0.0;0.0;0.0;-0.0;-0.0;0.0;0.0;-0.0;0.0;0.0
J. Pelupessy;/players/joey-pelupessy/197572/;2024-10-20;10;0.0;0.0;0.0;0.0;-0.0;-0.0;0.0;0.0;0.0;-0.0;0.0;0.0;-0.0;0.0;0.0
S. Resink;/players/stije-resink/681459/;2024-10-20;10;0.0;0.0;0.0;0.0;-0.0;-0.0;0.0;0.0;0.0;-0.0;0.0;0.0;-0.0;0.0;0.0
M. Mariani;/players/maxim-mariani/888265/;2024-10-20;10;0.0;0.0;0.0;0.0;-0.0;-0.0;0.0;0.0;-0.0;-0.0;0.0;0.0;-0.0;0.0;0.0
M. Brouwer;/players/michael-brouwer/250395/;2024-10-20;10;3.0;2.0;0.0;0.0;-0.0;-0.0;0.0;0.0;-0.0;-0.0;12.0;0.0;-0.0;0.0;17.0
N. Viergever;/players/nick--viergever/78529/;2024-10-20;10;3.0;2.0;0.0;0.0;-0.0;-0.0;0.0;0.0;-0.0;-0.0;10.0;0.0;-0.0;0.0;15.0
M. van der Hoorn;/players/mike-van-der-hoorn/190540/;2024-10-20;10;3.0;2.0;0.0;0.0;-0.0;-0.0;0.0;0.0;-0.0;-0.0;10.0;0.0;-0.0;0.0;15.0
S. Horemans;/players/siebe-horemans/399758/;2024-10-20;10;3.0;2.0;0.0;0.0;-0.0;-0.0;0.0;0.0;-0.0;-0.0;10.0;0.0;-0.0;0.0;15.0
S. El Karouani;/players/souffian-elkarouani/537878/;2024-10-20;10;3.0;2.0;0.0;0.0;-2.0;-0.0;0.0;0.0;-0.0;-0.0;10.0;0.0;-0.0;0.0;13.0
V. Jensen;/players/victor-jensen/460509/;2024-10-20;10;2.77;1.84;0.0;0.0;-0.0;-0.0;0.0;0.0;0.0;-0.0;2.77;0.0;-0.0;0.0;7.38
P. Aaronson;/players/paxten-aaronson/576828/;2024-10-20;10;3.0;2.0;0.0;0.0;-2.0;-0.0;0.0;0.0;0.0;-0.0;3.0;0.0;-0.0;0.0;6.0
O. Fraulo;/players/oscar-fraulo/637161/;2024-10-20;10;3.0;2.0;0.0;0.0;-0.0;-0.0;0.0;5.0;0.0;-0.0;3.0;0.0;-0.0;0.0;13.0
O. Romeny;/players/ole-ter-haar-romeny/532140/;2024-10-20;10;2.1;1.4;0.0;0.0;-0.0;-0.0;0.0;0.0;0.0;-0.0;0.7;0.0;-0.0;0.0;4.2
D. Min;/players/david-min/587715/;2024-10-20;10;2.1;1.4;0.0;0.0;-0.0;-0.0;0.0;0.0;0.0;-0.0;0.7;0.0;-0.0;0.0;4.2
Y. Cathline;/players/yoann-cathline/660710/;2024-10-20;10;2.77;1.84;0.0;0.0;-0.0;-0.0;8.0;0.0;0.0;-0.0;0.92;0.0;-0.0;0.0;13.53
T. Booth;/players/taylor-booth/441556/;2024-10-20;10;0.9;0.6;0.0;0.0;-0.0;-0.0;0.0;0.0;0.0;-0.0;0.9;0.0;-0.0;0.0;2.4
N. Ohio;/players/noah-ohio/571268/;2024-10-20;10;0.9;0.6;0.0;0.0;-2.0;-0.0;0.0;0.0;0.0;-0.0;0.3;0.0;-0.0;0.0;-0.2
Miguel Rodríguez;/players/miguel-rodriguez-vidal/576516/;2024-10-20;10;0.23;0.16;0.0;0.0;-2.0;-0.0;0.0;0.0;0.0;-0.0;0.08;0.0;-0.0;0.0;-1.53
J. Toornstra;/players/jens-toornstra/110217/;2024-10-20;10;0.23;0.16;0.0;0.0;-0.0;-0.0;0.0;0.0;0.0;-0.0;0.23;0.0;-0.0;0.0;0.62
C. Bozdoğan;/players/can-bozdogan/529101/;2024-10-20;10;0.0;0.0;0.0;0.0;-0.0;-0.0;0.0;0.0;0.0;-0.0;0.0;0.0;-0.0;0.0;0.0
Zidane Iqbal;/players/zidane-iqbal/644834/;2024-10-20;10;0.0;0.0;0.0;0.0;-0.0;-0.0;0.0;0.0;0.0;-0.0;0.0;0.0;-0.0;0.0;0.0
K. Finnsson;/players/kolbeinn-finnsson/384487/;2024-10-20;10;0.0;0.0;0.0;0.0;-0.0;-0.0;0.0;0.0;-0.0;-0.0;0.0;0.0;-0.0;0.0;0.0
M. Didden;/players/matisse-didden/541794/;2024-10-20;10;0.0;0.0;0.0;0.0;-0.0;-0.0;0.0;0.0;-0.0;-0.0;0.0;0.0;-0.0;0.0;0.0
T. de Graaff;/players/tom-gerard-de-graaff/783148/;2024-10-20;10;0.0;0.0;0.0;0.0;-0.0;-0.0;0.0;0.0;-0.0;-0.0;0.0;0.0;-0.0;0.0;0.0
A. Dithmer;/players/andreas-frederik-dithmer/801435/;2024-10-20;10;0.0;0.0;0.0;0.0;-0.0;-0.0;0.0;0.0;-0.0;-0.0;0.0;0.0;-0.0;0.0;0.0
N. Vesterlund;/players/niklas-brondsted-vesterlund-nielsen/441234/;2024-10-20;10;0.0;0.0;0.0;0.0;-0.0;-0.0;0.0;0.0;-0.0;-0.0;0.0;0.0;-0.0;0.0;0.0
A. Descotte;/players/anthony-descotte/638248/;2024-10-20;10;0.0;0.0;0.0;0.0;-0.0;-0.0;0.0;0.0;0.0;-0.0;0.0;0.0;-0.0;0.0;0.0
F. de Keijzer;/players/fabian-de-keijzer/463695/;2024-10-20;10;3.0;0.0;0.0;0.0;-0.0;-0.0;0.0;0.0;-4.0;-0.0;0.0;0.0;-0.0;0.0;-1.0
D. Mirani;/players/damon-mirani/289811/;2024-10-20;10;3.0;0.0;0.0;0.0;-0.0;-0.0;0.0;0.0;-4.0;-0.0;0.0;0.0;-0.0;0.0;-1.0
I. Mesík;/players/ivan-mesik/513503/;2024-10-20;10;3.0;0.0;0.0;0.0;-0.0;-0.0;0.0;0.0;-4.0;-0.0;0.0;0.0;-0.0;0.0;-1.0
R. Roosken;/players/ruben-roosken/618143/;2024-10-20;10;3.0;0.0;0.0;0.0;-0.0;-0.0;0.0;6.0;-4.0;-0.0;0.0;0.0;-0.0;0.0;5.0
M. Benita;/players/mimeirhel-benita/645525/;2024-10-20;10;2.13;0.0;0.0;0.0;-0.0;-0.0;0.0;0.0;-3.0;-0.0;0.0;0.0;-0.0;0.0;-0.87
M. Engels;/players/mario-engels/243044/;2024-10-20;10;2.77;0.0;0.0;0.0;-0.0;-0.0;9.0;0.0;0.0;-0.0;0.0;0.0;-0.0;0.0;11.77
D. van Kaam;/players/daniel-van-kaam/477595/;2024-10-20;10;2.13;0.0;0.0;0.0;-0.0;-0.0;0.0;0.0;0.0;-0.0;0.0;0.0;-0.0;0.0;2.13
B. De Keersmaecker;/players/brian-de-keersmaecker/605558/;2024-10-20;10;3.0;0.0;0.0;0.0;-0.0;-8.0;0.0;0.0;0.0;-0.0;0.0;0.0;-0.0;0.0;-5.0
S. ’t Zand;/players/shiloh-t-zand/824640/;2024-10-20;10;3.0;0.0;0.0;0.0;-0.0;-0.0;0.0;0.0;0.0;-0.0;0.0;0.0;-0.0;0.0;3.0
S. Podgoreanu;/players/suf-podgoreanu/509673/;2024-10-20;10;2.4;0.0;0.0;0.0;-0.0;-0.0;0.0;0.0;0.0;-0.0;0.0;0.0;-0.0;0.0;2.4
L. Kulenović;/players/luka-kulenovi/631882/;2024-10-20;10;3.0;0.0;0.0;0.0;-0.0;-0.0;16.0;0.0;0.0;-0.0;0.0;0.0;-0.0;0.0;19.0
J. Wieckhoff;/players/jannes-luca-wieckhoff/497167/;2024-10-20;10;0.87;0.0;0.0;0.0;-0.0;-0.0;0.0;0.0;-1.0;-0.0;0.0;0.0;-0.0;0.0;-0.13
J. Žambůrek;/players/jan-ambrek/542777/;2024-10-20;10;0.87;0.0;0.0;0.0;-0.0;-0.0;0.0;0.0;0.0;-0.0;0.0;0.0;-0.0;0.0;0.87
T. Bruns for S. ’t Zand 64';/players/thomas-bruns/168503/;2024-10-20;10;0.0;0.0;0.0;0.0;-0.0;-0.0;0.0;0.0;0.0;-0.0;0.0;0.0;-0.0;0.0;0.0
J. Talvitie;/players/juho-talvitie/701365/;2024-10-20;10;0.6;0.0;0.0;0.0;-0.0;-0.0;0.0;0.0;0.0;-0.0;0.0;0.0;-0.0;0.0;0.6
J. Hornkamp;/players/jizz-hornkamp/526566/;2024-10-20;10;0.23;0.0;0.0;0.0;-0.0;-0.0;0.0;0.0;0.0;-0.0;0.0;0.0;-0.0;0.0;0.23
K. Leerdam;/players/kelvin-leerdam/68354/;2024-10-20;10;0.0;0.0;0.0;0.0;-0.0;-0.0;0.0;0.0;-0.0;-0.0;0.0;0.0;-0.0;0.0;0.0
J. Hoogma;/players/justin-hoogma/432697/;2024-10-20;10;0.0;0.0;0.0;0.0;-0.0;-0.0;0.0;0.0;-0.0;-0.0;0.0;0.0;-0.0;0.0;0.0
T. Jansink;/players/timo-jansink/632823/;2024-10-20;10;0.0;0.0;0.0;0.0;-0.0;-0.0;0.0;0.0;-0.0;-0.0;0.0;0.0;-0.0;0.0;0.0
R. Mantel;/players/robin-mantel/502712/;2024-10-20;10;0.0;0.0;0.0;0.0;-0.0;-0.0;0.0;0.0;-0.0;-0.0;0.0;0.0;-0.0;0.0;0.0
D. van Oorschot;/players/diego-van-oorschot/900479/;2024-10-20;10;0.0;0.0;0.0;0.0;-0.0;-0.0;0.0;0.0;0.0;-0.0;0.0;0.0;-0.0;0.0;0.0
J. Bruijn;/players/jordy-bruijn/314251/;2024-10-20;10;0.0;0.0;0.0;0.0;-0.0;-0.0;0.0;0.0;0.0;-0.0;0.0;0.0;-0.0;0.0;0.0
L. Milani;/players/lorenzo-milani/664147/;2024-10-20;10;0.0;0.0;0.0;0.0;-0.0;-0.0;0.0;0.0;-0.0;-0.0;0.0;0.0;-0.0;0.0;0.0
R. Pasveer;/players/remko-pasveer/49689/;2024-10-20;10;3.0;2.0;0.0;0.0;-0.0;-0.0;0.0;0.0;-3.0;-0.0;0.0;0.0;-0.0;0.0;2.0
J. Šutalo;/players/josip-utalo/460387/;2024-10-20;10;3.0;2.0;0.0;0.0;-0.0;-0.0;0.0;0.0;-3.0;-0.0;0.0;0.0;-0.0;0.0;2.0
D. Rensch;/players/devyne-rensch/601396/;2024-10-20;10;3.0;2.0;0.0;0.0;-0.0;-0.0;0.0;0.0;-3.0;-0.0;0.0;0.0;-0.0;0.0;2.0
Y. Baas;/players/youri-baas/638355/;2024-10-20;10;3.0;2.0;0.0;0.0;-0.0;-0.0;0.0;0.0;-3.0;-0.0;0.0;0.0;-0.0;0.0;2.0
J. Hato;/players/jorrel-hato/783173/;2024-10-20;10;2.9;1.93;0.0;0.0;-2.0;-0.0;0.0;6.0;-3.0;-0.0;0.0;0.0;-0.0;0.0;5.83
J. Henderson;/players/jordan-henderson/48010/;2024-10-20;10;3.0;2.0;0.0;0.0;-2.0;-0.0;0.0;0.0;0.0;-0.0;0.0;0.0;-0.0;0.0;3.0
D. Klaassen;/players/davy-klaassen/158581/;2024-10-20;10;3.0;2.0;0.0;0.0;-0.0;-0.0;9.0;0.0;0.0;-0.0;0.0;0.0;-0.0;0.0;14.0
K. Taylor;/players/kenneth-taylor/508784/;2024-10-20;10;1.93;1.29;0.0;0.0;-0.0;-0.0;0.0;0.0;0.0;-0.0;0.0;0.0;-0.0;0.0;3.22
B. Traoré;/players/bertrand-traore/102801/;2024-10-20;10;2.43;1.62;0.0;0.0;-0.0;-0.0;8.0;0.0;0.0;-0.0;0.0;0.0;-0.0;0.0;12.06
B. Brobbey;/players/brian-brobbey/520146/;2024-10-20;10;1.97;1.31;0.0;0.0;-2.0;-0.0;0.0;0.0;0.0;-0.0;0.0;0.0;-0.0;0.0;1.28
M. Godts;/players/mika-marcel-godts/790325/;2024-10-20;10;2.43;1.62;0.0;0.0;-0.0;-0.0;0.0;0.0;0.0;-0.0;0.0;0.0;-0.0;0.0;4.06
K. Fitz-Jim;/players/kian-fitz-jim/591724/;2024-10-20;10;1.07;0.71;0.0;0.0;-0.0;-0.0;0.0;0.0;0.0;-0.0;0.0;0.0;-0.0;0.0;1.78
W. Weghorst;/players/wout-weghorst/255205/;2024-10-20;10;1.03;0.69;0.0;0.0;-0.0;-0.0;8.0;0.0;0.0;-0.0;0.0;3.0;-0.0;0.0;12.72
A. Gaaei;/players/anton-gaaei/701784/;2024-10-20;10;0.57;0.38;0.0;0.0;-0.0;-0.0;0.0;0.0;-1.0;-0.0;0.0;0.0;-0.0;0.0;-0.06
C. Rasmussen;/players/christian-theodor-kjelder-rasmussen/632224/;2024-10-20;10;0.57;0.38;0.0;0.0;-2.0;-0.0;0.0;0.0;0.0;-0.0;0.0;0.0;-0.0;0.0;-1.06
D. Rugani;/players/daniele-rugani/162676/;2024-10-20;10;0.1;0.07;0.0;0.0;-0.0;-0.0;0.0;0.0;-0.0;-0.0;0.0;0.0;-0.0;0.0;0.17
A. Kaplan;/players/ahmetcan-kaplan/641115/;2024-10-20;10;0.0;0.0;0.0;0.0;-0.0;-0.0;0.0;0.0;-0.0;-0.0;0.0;0.0;-0.0;0.0;0.0
O. Wijndal;/players/owen-wijndal/440858/;2024-10-20;10;0.0;0.0;0.0;0.0;-0.0;-0.0;0.0;0.0;-0.0;-0.0;0.0;0.0;-0.0;0.0;0.0
J. Gorter;/players/jay-gorter/477600/;2024-10-20;10;0.0;0.0;0.0;0.0;-0.0;-0.0;0.0;0.0;-0.0;-0.0;0.0;0.0;-0.0;0.0;0.0
C. Akpom;/players/chuba-akpom/215570/;2024-10-20;10;0.0;0.0;0.0;0.0;-0.0;-0.0;0.0;0.0;0.0;-0.0;0.0;0.0;-0.0;0.0;0.0
D. Ramaj;/players/diant-ramaj/562543/;2024-10-20;10;0.0;0.0;0.0;0.0;-0.0;-0.0;0.0;0.0;-0.0;-0.0;0.0;0.0;-0.0;0.0;0.0
B. van den Boomen;/players/branco-van-den-boomen/215550/;2024-10-20;10;0.0;0.0;0.0;0.0;-0.0;-0.0;0.0;0.0;0.0;-0.0;0.0;0.0;-0.0;0.0;0.0
J. Banel;/players/jaydon-amauri-banel/783280/;2024-10-20;10;0.0;0.0;0.0;0.0;-0.0;-0.0;0.0;0.0;0.0;-0.0;0.0;0.0;-0.0;0.0;0.0
T. Didillon-Hödl;/players/thomas-didillon/259971/;2024-10-20;10;3.0;0.0;1.0;0.0;-2.0;-0.0;0.0;0.0;-0.0;-0.0;12.0;0.0;-0.0;0.0;14.0
M. Tirpan;/players/mickael-tirpan/202469/;2024-10-20;10;3.0;0.0;1.0;0.0;-0.0;-0.0;0.0;0.0;-0.0;-0.0;10.0;0.0;-0.0;0.0;14.0
R. Behounek;/players/raffael-behounek/408747/;2024-10-20;10;3.0;0.0;1.0;0.0;-0.0;-0.0;0.0;0.0;-0.0;-0.0;10.0;0.0;-0.0;0.0;14.0
T. St. Jago;/players/tommy-st-jago/477596/;2024-10-20;10;3.0;0.0;1.0;0.0;-0.0;-0.0;0.0;0.0;-0.0;-0.0;10.0;0.0;-0.0;0.0;14.0
R. Nizet;/players/rob-nizet/575071/;2024-10-20;10;3.0;0.0;1.0;0.0;-0.0;-0.0;0.0;0.0;-0.0;-0.0;10.0;0.0;-0.0;0.0;14.0
A. Lachkar;/players/amine-lachkar/876151/;2024-10-20;10;2.17;0.0;0.72;0.0;-0.0;-0.0;0.0;0.0;-0.0;-0.0;7.22;0.0;-0.0;0.0;10.11
J. Bosch;/players/jesse-bosch/621347/;2024-10-20;10;1.53;0.0;0.51;0.0;-0.0;-0.0;0.0;0.0;0.0;-0.0;1.53;0.0;-0.0;0.0;3.58
R. Meerveld;/players/ringo-meerveld/623815/;2024-10-20;10;3.0;0.0;1.0;0.0;-0.0;-0.0;0.0;0.0;0.0;-0.0;3.0;0.0;-0.0;0.0;7.0
C. Sandra;/players/cisse-sandra/638266/;2024-10-20;10;3.0;0.0;1.0;0.0;-0.0;-0.0;0.0;0.0;0.0;-0.0;3.0;0.0;-0.0;0.0;7.0
N. Doodeman;/players/nick-doodeman/454478/;2024-10-20;10;1.53;0.0;0.51;0.0;-0.0;-0.0;0.0;0.0;0.0;-0.0;0.51;0.0;-0.0;0.0;2.56
K. Vaesen;/players/kyan-vaesen/620620/;2024-10-20;10;2.83;0.0;0.94;0.0;-0.0;-0.0;0.0;0.0;0.0;-0.0;0.94;0.0;-0.0;0.0;4.72
B. Lambert;/players/lambert-boris/551151/;2024-10-20;10;1.47;0.0;0.49;0.0;-0.0;-0.0;0.0;0.0;-0.0;-0.0;4.89;0.0;-0.0;0.0;6.84
A. Fatah;/players/amar-abdirahman-ahmed/801857/;2024-10-20;10;1.47;0.0;0.49;0.0;-0.0;-0.0;0.0;0.0;0.0;-0.0;0.49;0.0;-0.0;0.0;2.44
J. Bokila;/players/jeremy-bokila/49538/;2024-10-20;10;0.83;0.0;0.28;0.0;-0.0;-0.0;0.0;0.0;0.0;-0.0;0.28;0.0;-0.0;0.0;1.39
E. Kehrer;/players/emilio-kehrer/609627/;2024-10-20;10;0.17;0.0;0.06;0.0;-0.0;-0.0;0.0;0.0;0.0;-0.0;0.06;0.0;-0.0;0.0;0.28
R. Sigurgeirsson;/players/runar-thor-sigurgeirsson/491746/;2024-10-20;10;0.0;0.0;0.0;0.0;-0.0;-0.0;0.0;0.0;-0.0;-0.0;0.0;0.0;-0.0;0.0;0.0
C. van den Berg;/players/connor-van-den-berg/569426/;2024-10-20;10;0.0;0.0;0.0;0.0;-0.0;-0.0;0.0;0.0;-0.0;-0.0;0.0;0.0;-0.0;0.0;0.0
V. Vermeulen;/players/valentino-vermeulen/523467/;2024-10-20;10;0.0;0.0;0.0;0.0;-0.0;-0.0;0.0;0.0;-0.0;-0.0;0.0;0.0;-0.0;0.0;0.0
P. Joosten;/players/patrick-joosten/394561/;2024-10-20;10;0.0;0.0;0.0;0.0;-0.0;-0.0;0.0;0.0;0.0;-0.0;0.0;0.0;-0.0;0.0;0.0
P. van Loon;/players/per-van-loon/982232/;2024-10-20;10;;;;;;;;;;;;;;;0.0
J. Mathijsen;/players/jens-mathijsen/982233/;2024-10-20;10;0.0;0.0;0.0;0.0;-0.0;-0.0;0.0;0.0;-0.0;-0.0;0.0;0.0;-0.0;0.0;0.0
M. Pivaš;/players/miodrag-pivas/745852/;2024-10-20;10;0.0;0.0;0.0;0.0;-0.0;-0.0;0.0;0.0;-0.0;-0.0;0.0;0.0;-0.0;0.0;0.0
M. Schut;/players/maarten-schut/680846/;2024-10-20;10;0.0;0.0;0.0;0.0;-0.0;-0.0;0.0;0.0;-0.0;-0.0;0.0;0.0;-0.0;0.0;0.0
M. Branderhorst;/players/mathijs-branderhorst/175358/;2024-10-20;10;3.0;0.0;1.0;0.0;-0.0;-0.0;0.0;0.0;-0.0;-0.0;12.0;0.0;-0.0;0.0;16.0
Ivo Pinto;/players/ivo-pinto/86672/;2024-10-20;10;3.0;0.0;1.0;0.0;-0.0;-0.0;0.0;0.0;-0.0;-0.0;10.0;0.0;-0.0;0.0;14.0
Rodrigo Guth;/players/rodrigo-guth/475116/;2024-10-20;10;3.0;0.0;1.0;0.0;-2.0;-0.0;0.0;0.0;-0.0;-0.0;10.0;0.0;-0.0;0.0;12.0
J. Dahlhaus;/players/jasper-dahlhaus/567944/;2024-10-20;10;3.0;0.0;1.0;0.0;-0.0;-0.0;0.0;0.0;-0.0;-0.0;10.0;0.0;-0.0;0.0;14.0
S. Adewoye;/players/shawn-adewoye/618207/;2024-10-20;10;3.0;0.0;1.0;0.0;-0.0;-0.0;0.0;0.0;-0.0;-0.0;10.0;0.0;-0.0;0.0;14.0
A. Halilović;/players/alen-halilovi/270136/;2024-10-20;10;2.73;0.0;0.91;0.0;-0.0;-0.0;0.0;0.0;0.0;-0.0;2.73;0.0;-0.0;0.0;6.38
S. Bastien;/players/samuel-bastien/314097/;2024-10-20;10;2.73;0.0;0.91;0.0;-0.0;-0.0;0.0;0.0;0.0;-0.0;2.73;0.0;-0.0;0.0;6.38
L. Rosier;/players/lorentz-rosier/456607/;2024-10-20;10;3.0;0.0;1.0;0.0;-0.0;-0.0;0.0;0.0;0.0;-0.0;3.0;0.0;-0.0;0.0;7.0
E. Bullaude;/players/ezequiel-eduardo-bullaude/577164/;2024-10-20;10;2.33;0.0;0.78;0.0;-0.0;-0.0;0.0;0.0;0.0;-0.0;2.33;0.0;-0.0;0.0;5.44
R. Fosso;/players/ryan-fosso/637283/;2024-10-20;10;3.0;0.0;1.0;0.0;-0.0;-0.0;0.0;0.0;0.0;-0.0;3.0;0.0;-0.0;0.0;7.0
M. Aïko;/players/makan-aiko/608125/;2024-10-20;10;2.37;0.0;0.79;0.0;-0.0;-0.0;0.0;0.0;0.0;-0.0;2.37;0.0;-0.0;0.0;5.52
K. Peterson;/players/kristoffer-peterson/218002/;2024-10-20;10;0.67;0.0;0.22;0.0;-0.0;-0.0;0.0;0.0;0.0;-0.0;0.22;0.0;-0.0;0.0;1.11
A. Erceg;/players/ante-erceg/137741/;2024-10-20;10;0.63;0.0;0.21;0.0;-0.0;-0.0;0.0;0.0;0.0;-0.0;0.21;0.0;-0.0;0.0;1.06
S. van Ottele;/players/syb-van-ottele/525930/;2024-10-20;10;0.27;0.0;0.09;0.0;-0.0;-0.0;0.0;0.0;-0.0;-0.0;0.89;0.0;-0.0;0.0;1.24
Alessio da Cruz;/players/alessio-da-cruz/391603/;2024-10-20;10;0.27;0.0;0.09;0.0;-0.0;-0.0;0.0;0.0;0.0;-0.0;0.09;0.0;-0.0;0.0;0.44
L. Koopmans;/players/luuk-koopmans/149059/;2024-10-20;10;0.0;0.0;0.0;0.0;-0.0;-0.0;0.0;0.0;-0.0;-0.0;0.0;0.0;-0.0;0.0;0.0
J. Mitrović;/players/josip-mitrovi/482602/;2024-10-20;10;0.0;0.0;0.0;0.0;-0.0;-0.0;0.0;0.0;0.0;-0.0;0.0;0.0;-0.0;0.0;0.0
D. Grujčić;/players/darijo-grujcic/478384/;2024-10-20;10;0.0;0.0;0.0;0.0;-0.0;-0.0;0.0;0.0;-0.0;-0.0;0.0;0.0;-0.0;0.0;0.0
L. Tunjić;/players/luka-tunjic/759911/;2024-10-20;10;0.0;0.0;0.0;0.0;-0.0;-0.0;0.0;0.0;0.0;-0.0;0.0;0.0;-0.0;0.0;0.0
R. Bayram;/players/ramazan-bayram/965960/;2024-10-20;10;0.0;0.0;0.0;0.0;-0.0;-0.0;0.0;0.0;-0.0;-0.0;0.0;0.0;-0.0;0.0;0.0
Úmaro Embaló;/players/umaro-embalo/460644/;2024-10-20;10;0.0;0.0;0.0;0.0;-0.0;-0.0;0.0;0.0;0.0;-0.0;0.0;0.0;-0.0;0.0;0.0
N. Bakker;/players/nordin-bakker/563909/;2024-10-25;11;3.0;2.0;0.0;0.0;-0.0;-0.0;0.0;0.0;-0.0;-0.0;12.0;0.0;-0.0;0.0;17.0
T. Barbet;/players/theo-barbet/515917/;2024-10-25;11;3.0;2.0;0.0;0.0;-0.0;-0.0;0.0;0.0;-0.0;-0.0;10.0;0.0;-0.0;0.0;15.0
H. Akujobi;/players/hamdi-akujobi/567599/;2024-10-25;11;2.83;1.89;0.0;0.0;-0.0;-0.0;0.0;0.0;-0.0;-0.0;9.44;0.0;-0.0;0.0;14.17
V. Zagaritis;/players/vasilios-zagaritis/617928/;2024-10-25;11;3.0;2.0;0.0;0.0;-0.0;-0.0;0.0;0.0;-0.0;-0.0;10.0;0.0;-0.0;0.0;15.0
Visus;/players/ricardo-visus-contreras/642402/;2024-10-25;11;3.0;2.0;0.0;0.0;-0.0;-0.0;0.0;0.0;-0.0;-0.0;10.0;0.0;-0.0;0.0;15.0
T. Haye;/players/thom-haye/182931/;2024-10-25;11;3.0;2.0;0.0;0.0;-2.0;-0.0;0.0;0.0;0.0;-0.0;3.0;0.0;-0.0;0.0;6.0
A. Tahiri;/players/anas-tahiri/323282/;2024-10-25;11;2.17;1.44;0.0;0.0;-0.0;-0.0;0.0;0.0;0.0;-0.0;2.17;0.0;-0.0;0.0;5.78
J. Ritmeester van de Kamp;/players/jochem-ritmeester-van-de-kamp/801840/;2024-10-25;11;2.83;1.89;0.0;0.0;-0.0;-0.0;0.0;0.0;0.0;-0.0;2.83;0.0;-0.0;0.0;7.56
T. Robinet;/players/thomas-robinet/312659/;2024-10-25;11;3.0;2.0;0.0;0.0;-0.0;-0.0;0.0;0.0;0.0;-0.0;1.0;0.0;-0.0;0.0;6.0
J. Kadile;/players/junior-morau-kadile-/590286/;2024-10-25;11;2.37;1.58;0.0;0.0;-0.0;-0.0;0.0;0.0;0.0;-0.0;0.79;0.0;-0.0;0.0;4.73
L. Delaurier-Chaubet;/players/logan-delaurier-chaubet/626512/;2024-10-25;11;2.4;1.6;0.0;0.0;-0.0;-0.0;0.0;0.0;0.0;-0.0;0.8;0.0;-0.0;0.0;4.8
Àlex Carbonell;/players/alejandro-carbonell/316438/;2024-10-25;11;0.83;0.56;0.0;0.0;-0.0;-0.0;0.0;0.0;0.0;-0.0;0.83;0.0;-0.0;0.0;2.22
K. Hansen;/players/kornelius-normann-hansen/496125/;2024-10-25;11;0.63;0.42;0.0;0.0;-0.0;-0.0;0.0;0.0;0.0;-0.0;0.21;0.0;-0.0;0.0;1.27
F. Mattoir;/players/faiz-mattoir/547050/;2024-10-25;11;0.6;0.4;0.0;0.0;-0.0;-0.0;0.0;0.0;0.0;-0.0;0.2;0.0;-0.0;0.0;1.2
J. Jacobs;/players/joey-jacobs/537705/;2024-10-25;11;0.17;0.11;0.0;0.0;-0.0;-0.0;0.0;0.0;-0.0;-0.0;0.56;0.0;-0.0;0.0;0.83
D. Dankerlui;/players/damil-dankerlui/314252/;2024-10-25;11;0.17;0.11;0.0;0.0;-0.0;-0.0;0.0;0.0;-0.0;-0.0;0.56;0.0;-0.0;0.0;0.83
C. Mamengi;/players/christopher-mamengi/540620/;2024-10-25;11;0.0;0.0;0.0;0.0;-0.0;-0.0;0.0;0.0;-0.0;-0.0;0.0;0.0;-0.0;0.0;0.0
R. Providence;/players/ruben-providence/509854/;2024-10-25;11;0.0;0.0;0.0;0.0;-0.0;-0.0;0.0;0.0;0.0;-0.0;0.0;0.0;-0.0;0.0;0.0
A. Nalić;/players/adi-nalic/459631/;2024-10-25;11;0.0;0.0;0.0;0.0;-0.0;-0.0;0.0;0.0;0.0;-0.0;0.0;0.0;-0.0;0.0;0.0
J. Wendlinger;/players/jonas-wendlinger/469451/;2024-10-25;11;0.0;0.0;0.0;0.0;-0.0;-0.0;0.0;0.0;-0.0;-0.0;0.0;0.0;-0.0;0.0;0.0
J. van der Wilt;/players/joel-van-der-wilt/771874/;2024-10-25;11;0.0;0.0;0.0;0.0;-0.0;-0.0;0.0;0.0;-0.0;-0.0;0.0;0.0;-0.0;0.0;0.0
R. Roefs;/players/robin-roefs/636190/;2024-10-25;11;3.0;0.0;0.0;0.0;-0.0;-0.0;0.0;0.0;-1.0;-0.0;0.0;0.0;-0.0;0.0;2.0
B. Nuytinck;/players/bram-nuytinck/86442/;2024-10-25;11;3.0;0.0;0.0;0.0;-0.0;-0.0;0.0;0.0;-1.0;-0.0;0.0;0.0;-0.0;0.0;2.0
Iván Márquez;/players/ivan-marquez-alvarez/352663/;2024-10-25;11;3.0;0.0;0.0;0.0;-0.0;-0.0;0.0;0.0;-1.0;-0.0;0.0;0.0;-0.0;0.0;2.0
T. Ouwejan;/players/thomas-ouwejan/407740/;2024-10-25;11;3.0;0.0;0.0;0.0;-0.0;-0.0;0.0;0.0;-1.0;-3.0;0.0;0.0;-0.0;0.0;-1.0
B. Pereira;/players/brayann-pereira/640596/;2024-10-25;11;1.53;0.0;0.0;0.0;-2.0;-0.0;0.0;0.0;-0.0;-0.0;0.0;0.0;-0.0;0.0;-0.47
M. Hoedemakers;/players/mees-hoedemakers/465082/;2024-10-25;11;3.0;0.0;0.0;0.0;-0.0;-0.0;0.0;0.0;0.0;-0.0;0.0;0.0;-0.0;0.0;3.0
K. Sano;/players/kodai-sano/815318/;2024-10-25;11;2.77;0.0;0.0;0.0;-0.0;-0.0;0.0;0.0;0.0;-0.0;0.0;0.0;-0.0;0.0;2.77
S. Ouaissa;/players/sami-ouaissa/856399/;2024-10-25;11;1.93;0.0;0.0;0.0;-0.0;-0.0;0.0;0.0;0.0;-0.0;0.0;0.0;-0.0;0.0;1.93
V. van Crooij;/players/vito-van-crooy/330044/;2024-10-25;11;2.73;0.0;0.0;0.0;-0.0;-0.0;0.0;0.0;0.0;-0.0;0.0;0.0;-0.0;0.0;2.73
K. Ogawa;/players/koki-ogawa/435835/;2024-10-25;11;3.0;0.0;0.0;0.0;-0.0;-0.0;0.0;0.0;0.0;-0.0;0.0;0.0;-0.0;0.0;3.0
B. Önal;/players/basar-onal/822550/;2024-10-25;11;1.93;0.0;0.0;0.0;-0.0;-0.0;0.0;0.0;0.0;-0.0;0.0;0.0;-0.0;0.0;1.93
C. Verdonk;/players/calvin-verdonk/319288/;2024-10-25;11;1.47;0.0;0.0;0.0;-0.0;-0.0;0.0;0.0;-1.0;-0.0;0.0;0.0;-0.0;0.0;0.47
Róber;/players/roberto-gonzalez-bayon/500171/;2024-10-25;11;1.07;0.0;0.0;0.0;-0.0;-0.0;0.0;0.0;0.0;-0.0;0.0;0.0;-0.0;0.0;1.07
S. Hansen;/players/sontje-hansen/508823/;2024-10-25;11;1.07;0.0;0.0;0.0;-0.0;-0.0;0.0;0.0;0.0;-0.0;0.0;0.0;-0.0;0.0;1.07
L. Schöne;/players/lasse-schone/17366/;2024-10-25;11;0.27;0.0;0.0;0.0;-0.0;-0.0;0.0;0.0;0.0;-0.0;0.0;0.0;-0.0;0.0;0.27
K. Shiogai;/players/kento-shiogai/910330/;2024-10-25;11;0.23;0.0;0.0;0.0;-0.0;-0.0;0.0;0.0;0.0;-0.0;0.0;0.0;-0.0;0.0;0.23
R. Janse;/players/rijk-janse/632550/;2024-10-25;11;0.0;0.0;0.0;0.0;-0.0;-0.0;0.0;0.0;-0.0;-0.0;0.0;0.0;-0.0;0.0;0.0
L. Lyratzis;/players/eleutherios-lyratzis/463371/;2024-10-25;11;0.0;0.0;0.0;0.0;-0.0;-0.0;0.0;0.0;-0.0;-0.0;0.0;0.0;-0.0;0.0;0.0
S. van Gassel;/players/stijn-van-gassel/323665/;2024-10-25;11;0.0;0.0;0.0;0.0;-0.0;-0.0;0.0;0.0;-0.0;-0.0;0.0;0.0;-0.0;0.0;0.0
A. Darellas;/players/argyrios-darelas/637189/;2024-10-25;11;0.0;0.0;0.0;0.0;-0.0;-0.0;0.0;0.0;0.0;-0.0;0.0;0.0;-0.0;0.0;0.0
M. Branderhorst;/players/mathijs-branderhorst/175358/;2024-10-26;11;3.0;2.0;0.0;0.0;-0.0;-0.0;0.0;0.0;-0.0;-0.0;12.0;0.0;-0.0;0.0;17.0
Ivo Pinto;/players/ivo-pinto/86672/;2024-10-26;11;3.0;2.0;0.0;0.0;-0.0;-0.0;0.0;0.0;-0.0;-0.0;10.0;0.0;-0.0;0.0;15.0
M. Dijks;/players/mitchel-dijks/219029/;2024-10-26;11;2.27;1.51;0.0;0.0;-0.0;-0.0;0.0;0.0;-0.0;-0.0;7.56;0.0;-0.0;0.0;11.33
Rodrigo Guth;/players/rodrigo-guth/475116/;2024-10-26;11;3.0;2.0;0.0;0.0;-0.0;-0.0;0.0;0.0;-0.0;-0.0;10.0;0.0;-0.0;0.0;15.0
J. Dahlhaus;/players/jasper-dahlhaus/567944/;2024-10-26;11;3.0;2.0;0.0;0.0;-0.0;-0.0;0.0;0.0;-0.0;-0.0;10.0;0.0;-0.0;0.0;15.0
S. Adewoye;/players/shawn-adewoye/618207/;2024-10-26;11;3.0;2.0;0.0;0.0;-0.0;-0.0;0.0;0.0;-0.0;-0.0;10.0;0.0;-0.0;0.0;15.0
L. Rosier;/players/lorentz-rosier/456607/;2024-10-26;11;3.0;2.0;0.0;0.0;-0.0;-0.0;0.0;0.0;0.0;-0.0;3.0;0.0;-0.0;0.0;8.0
E. Bullaude;/players/ezequiel-eduardo-bullaude/577164/;2024-10-26;11;3.0;2.0;0.0;0.0;-0.0;-0.0;0.0;0.0;0.0;-0.0;3.0;0.0;-0.0;0.0;8.0
R. Fosso;/players/ryan-fosso/637283/;2024-10-26;11;2.7;1.8;0.0;0.0;-0.0;-0.0;0.0;0.0;0.0;-0.0;2.7;0.0;-0.0;0.0;7.2
A. Erceg;/players/ante-erceg/137741/;2024-10-26;11;2.27;1.51;0.0;0.0;-0.0;-0.0;0.0;0.0;0.0;-0.0;0.76;0.0;-0.0;0.0;4.53
M. Aïko;/players/makan-aiko/608125/;2024-10-26;11;1.53;1.02;0.0;0.0;-2.0;-0.0;0.0;0.0;0.0;-0.0;1.53;0.0;-0.0;0.0;2.09
K. Peterson;/players/kristoffer-peterson/218002/;2024-10-26;11;1.47;0.98;0.0;0.0;-0.0;-0.0;0.0;0.0;0.0;-0.0;0.49;0.0;-0.0;0.0;2.93
Alessio da Cruz;/players/alessio-da-cruz/391603/;2024-10-26;11;0.73;0.49;0.0;0.0;-0.0;-0.0;0.0;0.0;0.0;-0.0;0.24;0.0;-0.0;0.0;1.47
J. Mitrović;/players/josip-mitrovi/482602/;2024-10-26;11;0.73;0.49;0.0;0.0;-0.0;-0.0;0.0;0.0;0.0;-0.0;0.24;0.0;-0.0;0.0;1.47
S. van Ottele;/players/syb-van-ottele/525930/;2024-10-26;11;0.3;0.2;0.0;0.0;-0.0;-0.0;0.0;0.0;-0.0;-0.0;1.0;0.0;-0.0;0.0;1.5
Úmaro Embaló;/players/umaro-embalo/460644/;2024-10-26;11;0.0;0.0;0.0;0.0;-0.0;-0.0;0.0;0.0;0.0;-0.0;0.0;0.0;-0.0;0.0;0.0
R. Bayram;/players/ramazan-bayram/965960/;2024-10-26;11;0.0;0.0;0.0;0.0;-0.0;-0.0;0.0;0.0;-0.0;-0.0;0.0;0.0;-0.0;0.0;0.0
L. Koopmans;/players/luuk-koopmans/149059/;2024-10-26;11;0.0;0.0;0.0;0.0;-0.0;-0.0;0.0;0.0;-0.0;-0.0;0.0;0.0;-0.0;0.0;0.0
L. Tunjić;/players/luka-tunjic/759911/;2024-10-26;11;0.0;0.0;0.0;0.0;-0.0;-0.0;0.0;0.0;0.0;-0.0;0.0;0.0;-0.0;0.0;0.0
D. Grujčić;/players/darijo-grujcic/478384/;2024-10-26;11;0.0;0.0;0.0;0.0;-0.0;-0.0;0.0;0.0;-0.0;-0.0;0.0;0.0;-0.0;0.0;0.0
E. Vaessen;/players/etienne-vaessen/408572/;2024-10-26;11;3.0;0.0;0.0;0.0;-0.0;-0.0;0.0;0.0;-1.0;-0.0;0.0;0.0;-0.0;0.0;2.0
L. Bacuna;/players/leandro-bacuna/88003/;2024-10-26;11;3.0;0.0;0.0;0.0;-2.0;-0.0;0.0;0.0;0.0;-3.0;0.0;0.0;-0.0;0.0;-2.0
M. Peersman;/players/marvin-peersman/89988/;2024-10-26;11;3.0;0.0;0.0;0.0;-2.0;-0.0;0.0;0.0;-1.0;-0.0;0.0;0.0;-0.0;0.0;0.0
M. Rente;/players/marco-rente/450717/;2024-10-26;11;3.0;0.0;0.0;0.0;-2.0;-0.0;0.0;0.0;-1.0;-0.0;0.0;0.0;-0.0;0.0;0.0
W. Prins;/players/wouter-prins/930296/;2024-10-26;11;2.97;0.0;0.0;0.0;-0.0;-0.0;0.0;0.0;-1.0;-0.0;0.0;0.0;-0.0;0.0;1.97
J. Hove;/players/johan-hove/444353/;2024-10-26;11;3.0;0.0;0.0;0.0;-0.0;-0.0;0.0;0.0;0.0;-0.0;0.0;0.0;-0.0;0.0;3.0
T. de Jonge;/players/tika-de-jonge/643975/;2024-10-26;11;2.97;0.0;0.0;0.0;-0.0;-0.0;0.0;0.0;0.0;-0.0;0.0;0.0;-0.0;0.0;2.97
L. Valente;/players/luciano-valente/703884/;2024-10-26;11;3.0;0.0;0.0;0.0;-0.0;-0.0;0.0;0.0;0.0;-0.0;0.0;0.0;-0.0;0.0;3.0
J. Schreuders;/players/jorg-schreuders/877779/;2024-10-26;11;2.63;0.0;0.0;0.0;-0.0;-0.0;0.0;0.0;0.0;-0.0;0.0;0.0;-0.0;0.0;2.63
R. Postema;/players/romano-postema/625358/;2024-10-26;11;2.23;0.0;0.0;0.0;-0.0;-0.0;0.0;0.0;0.0;-0.0;0.0;0.0;-0.0;0.0;2.23
T. van Bergen;/players/thom-van-bergen/873104/;2024-10-26;11;3.0;0.0;0.0;0.0;-0.0;-0.0;0.0;0.0;0.0;-0.0;0.0;0.0;-0.0;0.0;3.0
B. Willumsson;/players/brynjolfur-darri-willumsson/463548/;2024-10-26;11;0.77;0.0;0.0;0.0;-0.0;-0.0;0.0;0.0;0.0;-0.0;0.0;0.0;-0.0;0.0;0.77
Rui Mendes;/players/rui-jorge-monteiro-mendes/453390/;2024-10-26;11;0.37;0.0;0.0;0.0;-0.0;-0.0;0.0;0.0;0.0;-0.0;0.0;0.0;-0.0;0.0;0.37
T. Oosting;/players/thijs-oosting/477591/;2024-10-26;11;0.03;0.0;0.0;0.0;-0.0;-0.0;0.0;0.0;0.0;-0.0;0.0;0.0;-0.0;0.0;0.03
A. Mortensen;/players/alex-mortensen/674384/;2024-10-26;11;0.03;0.0;0.0;0.0;-0.0;-0.0;0.0;0.0;0.0;-0.0;0.0;0.0;-0.0;0.0;0.03
T. Blokzijl;/players/thijmen-blokzijl/703893/;2024-10-26;11;0.0;0.0;0.0;0.0;-0.0;-0.0;0.0;0.0;-0.0;-0.0;0.0;0.0;-0.0;0.0;0.0
H. Jurjus;/players/hidde-jurjus/301076/;2024-10-26;11;0.0;0.0;0.0;0.0;-0.0;-0.0;0.0;0.0;-0.0;-0.0;0.0;0.0;-0.0;0.0;0.0
S. Resink;/players/stije-resink/681459/;2024-10-26;11;0.0;0.0;0.0;0.0;-0.0;-0.0;0.0;0.0;0.0;-0.0;0.0;0.0;-0.0;0.0;0.0
J. Pelupessy;/players/joey-pelupessy/197572/;2024-10-26;11;0.0;0.0;0.0;0.0;-0.0;-0.0;0.0;0.0;0.0;-0.0;0.0;0.0;-0.0;0.0;0.0
D. Baron;/players/dirk-baron/821647/;2024-10-26;11;0.0;0.0;0.0;0.0;-0.0;-0.0;0.0;0.0;-0.0;-0.0;0.0;0.0;-0.0;0.0;0.0
M. Mariani;/players/maxim-mariani/888265/;2024-10-26;11;0.0;0.0;0.0;0.0;-0.0;-0.0;0.0;0.0;-0.0;-0.0;0.0;0.0;-0.0;0.0;0.0
F. Stam;/players/finn-stam/736439/;2024-10-26;11;0.0;0.0;0.0;0.0;-0.0;-0.0;0.0;0.0;-0.0;-0.0;0.0;0.0;-0.0;0.0;0.0
D. Bielica;/players/daniel-bielica/555492/;2024-10-26;11;3.0;2.0;0.0;0.0;-0.0;-0.0;0.0;0.0;-1.0;-0.0;0.0;0.0;-0.0;0.0;4.0
J. Van den Bergh;/players/jan-van-den-bergh/354185/;2024-10-26;11;3.0;2.0;0.0;0.0;-2.0;-0.0;0.0;0.0;-1.0;-0.0;0.0;0.0;-0.0;0.0;2.0
B. Lucassen;/players/boyd-lucassen/453952/;2024-10-26;11;3.0;2.0;0.0;0.0;-0.0;-0.0;0.0;0.0;-1.0;-0.0;0.0;0.0;-0.0;0.0;4.0
B. Kemper;/players/boy-kemper/463009/;2024-10-26;11;2.9;1.93;0.0;0.0;-0.0;-0.0;0.0;6.0;-1.0;-0.0;0.0;0.0;-0.0;0.0;9.83
L. Greiml;/players/leo-greiml/517683/;2024-10-26;11;3.0;2.0;0.0;0.0;-2.0;-0.0;12.0;0.0;-1.0;-0.0;0.0;0.0;-0.0;0.0;14.0
F. Oldrup Jensen;/players/fredrik-oldrup-jensen/231672/;2024-10-26;11;3.0;2.0;0.0;0.0;-0.0;-0.0;0.0;0.0;0.0;-3.0;0.0;0.0;-0.0;0.0;2.0
C. Leemans;/players/clint-leemans/264397/;2024-10-26;11;2.23;1.49;0.0;0.0;-0.0;-0.0;18.0;0.0;0.0;-0.0;0.0;0.0;-0.0;0.0;21.72
R. Paula;/players/raul-paula/640610/;2024-10-26;11;2.57;1.71;0.0;0.0;-0.0;-0.0;0.0;0.0;0.0;-0.0;0.0;0.0;-0.0;0.0;4.28
M. Balard;/players/maximilien-balard/643695/;2024-10-26;11;3.0;2.0;0.0;0.0;-0.0;-0.0;0.0;0.0;0.0;-0.0;0.0;0.0;-0.0;0.0;5.0
E. Ómarsson;/players/elias-mar-omarsson/213035/;2024-10-26;11;2.23;1.49;0.0;0.0;-0.0;-0.0;0.0;0.0;0.0;-0.0;0.0;0.0;-0.0;0.0;3.72
L. Sauer;/players/leo-sauer/790415/;2024-10-26;11;2.57;1.71;0.0;0.0;-0.0;-0.0;0.0;0.0;0.0;-0.0;0.0;3.0;-0.0;0.0;7.28
K. Kostorz;/players/kacper-kostorz/485378/;2024-10-26;11;0.77;0.51;0.0;0.0;-0.0;-0.0;0.0;0.0;0.0;-0.0;0.0;0.0;-0.0;0.0;1.28
D. Janošek;/players/dominik-janosek/492661/;2024-10-26;11;0.77;0.51;0.0;0.0;-0.0;-0.0;0.0;5.0;0.0;-0.0;0.0;0.0;-0.0;0.0;6.28
R. Kuijpers;/players/roy-kuijpers/663306/;2024-10-26;11;0.43;0.29;0.0;0.0;-0.0;-0.0;0.0;0.0;0.0;-0.0;0.0;0.0;-0.0;0.0;0.72
A. Kaied;/players/adam-kaied/693342/;2024-10-26;11;0.43;0.29;0.0;0.0;-0.0;-0.0;0.0;0.0;0.0;-0.0;0.0;0.0;-0.0;0.0;0.72
Manel Royo;/players/manel-royo-castell/354951/;2024-10-26;11;0.1;0.07;0.0;0.0;-0.0;-0.0;0.0;0.0;-0.0;-0.0;0.0;0.0;-0.0;0.0;0.17
L. Mol;/players/lars-mol/923583/;2024-10-26;11;0.0;0.0;0.0;0.0;-0.0;-0.0;0.0;0.0;-0.0;-0.0;0.0;0.0;-0.0;0.0;0.0
C. Staring;/players/casper-staring/628494/;2024-10-26;11;0.0;0.0;0.0;0.0;-0.0;-0.0;0.0;0.0;0.0;-0.0;0.0;0.0;-0.0;0.0;0.0
T. Kongolo;/players/terence-kongolo/161296/;2024-10-26;11;0.0;0.0;0.0;0.0;-0.0;-0.0;0.0;0.0;-0.0;-0.0;0.0;0.0;-0.0;0.0;0.0
E. Mahmutović;/players/enes-mahmutovic/347775/;2024-10-26;11;0.0;0.0;0.0;0.0;-0.0;-0.0;0.0;0.0;-0.0;-0.0;0.0;0.0;-0.0;0.0;0.0
T. Troost;/players/tein-troost/525919/;2024-10-26;11;0.0;0.0;0.0;0.0;-0.0;-0.0;0.0;0.0;-0.0;-0.0;0.0;0.0;-0.0;0.0;0.0
M. Garbett;/players/matthew-garbett/577465/;2024-10-26;11;0.0;0.0;0.0;0.0;-0.0;-0.0;0.0;0.0;0.0;-0.0;0.0;0.0;-0.0;0.0;0.0
R. Kortsmit;/players/roy-kortsmit/200996/;2024-10-26;11;0.0;0.0;0.0;0.0;-0.0;-0.0;0.0;0.0;-0.0;-0.0;0.0;0.0;-0.0;0.0;0.0
Y. van Osch;/players/van-yanick-osch/319269/;2024-10-26;11;3.0;0.0;0.0;0.0;-0.0;-0.0;0.0;0.0;-4.0;-0.0;0.0;0.0;-0.0;0.0;-1.0
J. Lelieveld;/players/julian-lelieveld/407738/;2024-10-26;11;1.53;0.0;0.0;0.0;-0.0;-0.0;0.0;0.0;-3.0;-0.0;0.0;0.0;-0.0;0.0;-1.47
J. Familia-Castillo;/players/juan-familio-castillo/453849/;2024-10-26;11;3.0;0.0;0.0;0.0;-2.0;-0.0;0.0;0.0;-4.0;-0.0;0.0;0.0;-0.0;0.0;-3.0
L. van Gelderen;/players/liam--van-gelderen/463011/;2024-10-26;11;3.0;0.0;0.0;0.0;-0.0;-0.0;0.0;0.0;-4.0;-0.0;0.0;0.0;-0.0;0.0;-1.0
R. van Eijma;/players/roshon-van-eijma/539577/;2024-10-26;11;3.0;0.0;0.0;0.0;-0.0;-0.0;0.0;0.0;-4.0;-0.0;0.0;0.0;-0.0;0.0;-1.0
G. Roemeratoe;/players/godfried-roemeratoe/426582/;2024-10-26;11;2.03;0.0;0.0;0.0;-2.0;-0.0;0.0;0.0;0.0;-0.0;0.0;0.0;-0.0;0.0;0.03
D. Weidmann;/players/daouda-weidmann/782160/;2024-10-26;11;3.0;0.0;0.0;0.0;-0.0;-0.0;0.0;0.0;0.0;-0.0;0.0;0.0;-0.0;0.0;3.0
T. van de Loo;/players/tim-van-de-loo/813111/;2024-10-26;11;1.53;0.0;0.0;0.0;-0.0;-0.0;0.0;0.0;0.0;-0.0;0.0;0.0;-0.0;0.0;1.53
S. van der Water;/players/silvester-van-der-water/408536/;2024-10-26;11;2.3;0.0;0.0;0.0;-0.0;-0.0;0.0;0.0;0.0;-0.0;0.0;0.0;-0.0;0.0;2.3
R. Margaret;/players/richonell-margaret/508815/;2024-10-26;11;3.0;0.0;0.0;0.0;-0.0;-0.0;0.0;0.0;0.0;-0.0;0.0;0.0;-0.0;0.0;3.0
D. Cleonise;/players/denilho-cleonise/642338/;2024-10-26;11;1.53;0.0;0.0;0.0;-0.0;-0.0;0.0;0.0;0.0;-0.0;0.0;0.0;-0.0;0.0;1.53
F. Al Mazyani;/players/faissal-al-mazyani/790281/;2024-10-26;11;3.0;0.0;0.0;0.0;-0.0;-8.0;0.0;0.0;-4.0;-0.0;0.0;0.0;-0.0;0.0;-9.0
O. Zawada;/players/oskar-zawada/289870/;2024-10-26;11;1.47;0.0;0.0;0.0;-0.0;-0.0;0.0;0.0;0.0;-0.0;0.0;0.0;-0.0;0.0;1.47
M. Ihattaren;/players/mohammed-amine-ihattaren/525933/;2024-10-26;11;1.47;0.0;0.0;0.0;-0.0;-0.0;0.0;0.0;0.0;-0.0;0.0;0.0;-0.0;0.0;1.47
Y. Oukili;/players/yassin-oukili/567948/;2024-10-26;11;0.97;0.0;0.0;0.0;-0.0;-0.0;0.0;0.0;0.0;-0.0;0.0;0.0;-0.0;0.0;0.97
D. Van den Buijs;/players/dario-van-den-buijs/353273/;2024-10-26;11;0.7;0.0;0.0;0.0;-0.0;-0.0;0.0;0.0;-1.0;-0.0;0.0;0.0;-0.0;0.0;-0.3
R. van der Venne;/players/richard-van-der-venne/261975/;2024-10-26;11;0.0;0.0;0.0;0.0;-0.0;-0.0;0.0;0.0;0.0;-0.0;0.0;0.0;-0.0;0.0;0.0
K. Felida;/players/kevin--felida/501817/;2024-10-26;11;0.0;0.0;0.0;0.0;-0.0;-0.0;0.0;0.0;0.0;-0.0;0.0;0.0;-0.0;0.0;0.0
J. Kesting;/players/joey-kesting/567938/;2024-10-26;11;0.0;0.0;0.0;0.0;-0.0;-0.0;0.0;0.0;-0.0;-0.0;0.0;0.0;-0.0;0.0;0.0
C. Lokesa;/players/chris-lokesa/847737/;2024-10-26;11;0.0;0.0;0.0;0.0;-0.0;-0.0;0.0;0.0;0.0;-0.0;0.0;0.0;-0.0;0.0;0.0
R. Niemeijer;/players/reuven-niemeijer/447106/;2024-10-26;11;0.0;0.0;0.0;0.0;-0.0;-0.0;0.0;0.0;0.0;-0.0;0.0;0.0;-0.0;0.0;0.0
L. Wouters;/players/luuk--wouters/537856/;2024-10-26;11;0.0;0.0;0.0;0.0;-0.0;-0.0;0.0;0.0;-0.0;-0.0;0.0;0.0;-0.0;0.0;0.0
J. Houwen;/players/jeroen-houwen/303254/;2024-10-26;11;0.0;0.0;0.0;0.0;-0.0;-0.0;0.0;0.0;-0.0;-0.0;0.0;0.0;-0.0;0.0;0.0
A. Noppert;/players/andries-noppert/300862/;2024-10-26;11;3.0;2.0;0.0;0.0;-0.0;-0.0;0.0;0.0;-0.0;-0.0;12.0;0.0;-0.0;0.0;17.0
P. Bochniewicz;/players/pawe-bochniewicz/273911/;2024-10-26;11;3.0;2.0;0.0;0.0;-2.0;-0.0;0.0;0.0;-0.0;-0.0;10.0;0.0;-0.0;0.0;13.0
M. Köhlert;/players/mats-kohlert/400423/;2024-10-26;11;3.0;2.0;0.0;0.0;-0.0;-0.0;0.0;6.0;-0.0;-0.0;10.0;0.0;-0.0;0.0;21.0
N. Hopland;/players/nikolai-soyset-hopland/703339/;2024-10-26;11;3.0;2.0;0.0;0.0;-0.0;-0.0;12.0;0.0;-0.0;-0.0;10.0;0.0;-0.0;0.0;27.0
A. Condé;/players/amara-conde/310101/;2024-10-26;11;2.0;1.33;0.0;0.0;-0.0;-0.0;0.0;5.0;0.0;-0.0;2.0;0.0;-0.0;0.0;10.33
L. Brouwers;/players/luuk-brouwers/402458/;2024-10-26;11;3.0;2.0;0.0;0.0;-2.0;-0.0;0.0;0.0;0.0;-0.0;3.0;0.0;-0.0;0.0;6.0
S. Olsson;/players/simon-olsson/423888/;2024-10-26;11;2.53;1.69;0.0;0.0;-2.0;-0.0;0.0;0.0;0.0;-0.0;2.53;0.0;-0.0;0.0;4.76
O. Braude;/players/oliver-johansen-braude/794018/;2024-10-26;11;3.0;2.0;0.0;0.0;-0.0;-0.0;0.0;0.0;-0.0;-0.0;10.0;0.0;-0.0;0.0;15.0
C. Nunnely;/players/che-nunnely/423827/;2024-10-26;11;1.53;1.02;0.0;0.0;-0.0;-0.0;0.0;0.0;0.0;-0.0;0.51;0.0;-0.0;0.0;3.07
I. Nicolăescu;/players/ion-nicolescu/446191/;2024-10-26;11;2.53;1.69;0.0;0.0;-0.0;-0.0;0.0;0.0;0.0;-0.0;0.84;0.0;-0.0;0.0;5.07
J. Trenskow;/players/jacob-trenskow/672937/;2024-10-26;11;3.0;2.0;0.0;0.0;-0.0;-0.0;8.0;0.0;0.0;-0.0;1.0;0.0;-0.0;0.0;14.0
I. Sebaoui;/players/ilias-sebaoui/797954/;2024-10-26;11;1.47;0.98;0.0;0.0;-0.0;-0.0;0.0;0.0;0.0;-0.0;0.49;0.0;-0.0;0.0;2.93
E. van Ee;/players/espen-van-ee/921919/;2024-10-26;11;1.0;0.67;0.0;0.0;-2.0;-0.0;0.0;0.0;0.0;-0.0;1.0;0.0;-0.0;0.0;0.67
D. Rallis;/players/dimitris-rallis/982464/;2024-10-26;11;;;;;;;;;;;;;;;0.0
L. Smans;/players/levi-smans/757104/;2024-10-26;11;0.47;0.31;0.0;0.0;-0.0;-0.0;0.0;0.0;0.0;-0.0;0.47;0.0;-0.0;0.0;1.24
D. Hall;/players/denzel-hall/508910/;2024-10-26;11;0.0;0.0;0.0;0.0;-0.0;-0.0;0.0;0.0;-0.0;-0.0;0.0;0.0;-0.0;0.0;0.0
I. Ahmed;/players/isaiah-ahmed/982466/;2024-10-26;11;0.0;0.0;0.0;0.0;-0.0;-0.0;0.0;0.0;0.0;-0.0;0.0;0.0;-0.0;0.0;0.0
Danilo Al Saed;/players/danilo-al-saed/530444/;2024-10-26;11;0.0;0.0;0.0;0.0;-0.0;-0.0;0.0;0.0;0.0;-0.0;0.0;0.0;-0.0;0.0;0.0
J. Bekkema;/players/jan-bekkema/452051/;2024-10-26;11;0.0;0.0;0.0;0.0;-0.0;-0.0;0.0;0.0;-0.0;-0.0;0.0;0.0;-0.0;0.0;0.0
S. Kersten;/players/sam-kersten/453644/;2024-10-26;11;0.0;0.0;0.0;0.0;-0.0;-0.0;0.0;0.0;-0.0;-0.0;0.0;0.0;-0.0;0.0;0.0
D. Karlsbakk;/players/daniel-seland-karlsbakk/629619/;2024-10-26;11;0.0;0.0;0.0;0.0;-0.0;-0.0;0.0;0.0;0.0;-0.0;0.0;0.0;-0.0;0.0;0.0
B. Klaverboer;/players/bernt-klaverboer/645513/;2024-10-26;11;0.0;0.0;0.0;0.0;-0.0;-0.0;0.0;0.0;-0.0;-0.0;0.0;0.0;-0.0;0.0;0.0
M. Milovanović;/players/mateja-milovanovic/783196/;2024-10-26;11;0.0;0.0;0.0;0.0;-0.0;-0.0;0.0;0.0;-0.0;-0.0;0.0;0.0;-0.0;0.0;0.0
N. Olij;/players/nick-olij/235322/;2024-10-26;11;3.0;0.0;0.0;0.0;-0.0;-0.0;0.0;0.0;-2.0;-0.0;0.0;0.0;-0.0;0.0;1.0
S. Bakari;/players/said-bakari/325391/;2024-10-26;11;3.0;0.0;0.0;0.0;-0.0;-0.0;0.0;0.0;-2.0;-0.0;0.0;0.0;-0.0;0.0;1.0
D. van der Kust;/players/djevencio-van-der-kust/569309/;2024-10-26;11;3.0;0.0;0.0;0.0;-0.0;-0.0;0.0;0.0;-2.0;-0.0;0.0;0.0;-0.0;0.0;1.0
R. Meissen;/players/rick-meissen/571955/;2024-10-26;11;3.0;0.0;0.0;0.0;-0.0;-0.0;0.0;0.0;-2.0;-0.0;0.0;0.0;-0.0;0.0;1.0
M. Young;/players/marvin-young/890667/;2024-10-26;11;2.4;0.0;0.0;0.0;-2.0;-0.0;0.0;0.0;-2.0;-0.0;0.0;0.0;-0.0;0.0;-1.6
A. Verschueren;/players/arno-vershueren/319385/;2024-10-26;11;3.0;0.0;0.0;0.0;-0.0;-0.0;0.0;0.0;0.0;-0.0;0.0;0.0;-0.0;0.0;3.0
P. Clement;/players/pelle-clement/379793/;2024-10-26;11;2.77;0.0;0.0;0.0;-0.0;-0.0;0.0;0.0;0.0;-0.0;0.0;0.0;-0.0;0.0;2.77
J. Kitolano;/players/joshua-gaston-kitolano/517475/;2024-10-26;11;3.0;0.0;0.0;0.0;-0.0;-0.0;0.0;0.0;0.0;-0.0;0.0;0.0;-0.0;0.0;3.0
M. Nassoh;/players/mohamed-nassoh/680659/;2024-10-26;11;2.4;0.0;0.0;0.0;-0.0;-0.0;0.0;0.0;0.0;-0.0;0.0;0.0;-0.0;0.0;2.4
T. Lauritsen;/players/tobias-lauritsen/406745/;2024-10-26;11;3.0;0.0;0.0;0.0;-0.0;-0.0;0.0;0.0;0.0;-0.0;0.0;0.0;-0.0;0.0;3.0
C. Neghli;/players/camiel-neghli/680707/;2024-10-26;11;2.4;0.0;0.0;0.0;-0.0;-0.0;0.0;0.0;0.0;-0.0;0.0;0.0;-0.0;0.0;2.4
Kayky;/players/kayky-da-silva-chagas/669420/;2024-10-26;11;0.6;0.0;0.0;0.0;-0.0;-0.0;0.0;0.0;0.0;-0.0;0.0;0.0;-0.0;0.0;0.6
J. Baas;/players/julian-baas/663406/;2024-10-26;11;0.6;0.0;0.0;0.0;-0.0;-0.0;0.0;0.0;0.0;-0.0;0.0;0.0;-0.0;0.0;0.6
S. Mito;/players/shunsuke-mito/640252/;2024-10-26;11;0.6;0.0;0.0;0.0;-0.0;-0.0;0.0;0.0;0.0;-0.0;0.0;0.0;-0.0;0.0;0.6
C. Brym;/players/charles-andreas-brym/538704/;2024-10-26;11;0.23;0.0;0.0;0.0;-0.0;-0.0;0.0;0.0;0.0;-0.0;0.0;0.0;-0.0;0.0;0.23
Metinho;/players/abemly-meto-silu/691959/;2024-10-26;11;0.0;0.0;0.0;0.0;-0.0;-0.0;0.0;0.0;0.0;-0.0;0.0;0.0;-0.0;0.0;0.0
Y. Schoonderwaldt;/players/youri-youri-schoonderwaldt/537694/;2024-10-26;11;0.0;0.0;0.0;0.0;-0.0;-0.0;0.0;0.0;-0.0;-0.0;0.0;0.0;-0.0;0.0;0.0
K. Reitmaier;/players/kaylen-jermaine-danny-reitmaier/674708/;2024-10-26;11;0.0;0.0;0.0;0.0;-0.0;-0.0;0.0;0.0;-0.0;-0.0;0.0;0.0;-0.0;0.0;0.0
M. Kleijn;/players/mike-kleijn/778111/;2024-10-26;11;0.0;0.0;0.0;0.0;-0.0;-0.0;0.0;0.0;-0.0;-0.0;0.0;0.0;-0.0;0.0;0.0
B. Reith;/players/boyd-reith/427038/;2024-10-26;11;0.0;0.0;0.0;0.0;-0.0;-0.0;0.0;0.0;-0.0;-0.0;0.0;0.0;-0.0;0.0;0.0
M. de Ligt;/players/max-de-ligt/853143/;2024-10-26;11;0.0;0.0;0.0;0.0;-0.0;-0.0;0.0;0.0;-0.0;-0.0;0.0;0.0;-0.0;0.0;0.0
W. Benítez;/players/walter-benitez/210145/;2024-10-26;11;3.0;2.0;0.0;0.0;-0.0;-0.0;0.0;0.0;-0.0;-0.0;12.0;0.0;-0.0;0.0;17.0
R. Karsdorp;/players/rick-karsdorp/322327/;2024-10-26;11;3.0;2.0;0.0;0.0;-0.0;-0.0;0.0;0.0;-0.0;-0.0;10.0;0.0;-0.0;0.0;15.0
O. Boscagli;/players/olivier-boscagli/329542/;2024-10-26;11;2.1;1.4;0.0;0.0;-0.0;-0.0;0.0;0.0;-0.0;-0.0;7.0;0.0;-0.0;0.0;10.5
R. Flamingo;/players/ryan-flamingo/627724/;2024-10-26;11;2.1;1.4;0.0;0.0;-0.0;-0.0;0.0;0.0;-0.0;-0.0;7.0;0.0;-0.0;0.0;10.5
M. Dams;/players/matteo-dams/805736/;2024-10-26;11;3.0;2.0;0.0;0.0;-0.0;-0.0;0.0;0.0;-0.0;-0.0;10.0;0.0;-0.0;0.0;15.0
G. Til;/players/guus-til/451981/;2024-10-26;11;3.0;2.0;0.0;0.0;-0.0;-0.0;0.0;0.0;0.0;-0.0;3.0;0.0;-0.0;0.0;8.0
M. Tillman;/players/malik-tillman/561787/;2024-10-26;11;3.0;2.0;0.0;0.0;-0.0;-0.0;9.0;0.0;0.0;-0.0;3.0;0.0;-0.0;0.0;17.0
I. Saibari;/players/ismael-saibari/632481/;2024-10-26;11;2.1;1.4;0.0;0.0;-0.0;-0.0;0.0;10.0;0.0;-0.0;2.1;0.0;-0.0;0.0;15.6
I. Perišić;/players/ivan-perisic/13756/;2024-10-26;11;2.47;1.64;0.0;0.0;-0.0;-0.0;0.0;4.0;0.0;-0.0;0.82;0.0;-0.0;0.0;8.93
N. Lang;/players/noa-lang/463018/;2024-10-26;11;2.1;1.4;0.0;0.0;-0.0;-0.0;8.0;4.0;0.0;-0.0;0.7;0.0;-0.0;0.0;16.2
R. Pepi;/players/ricardo-pepi/523964/;2024-10-26;11;3.0;2.0;0.0;0.0;-0.0;-0.0;16.0;0.0;0.0;-0.0;1.0;0.0;-0.0;0.0;22.0
I. Babadi;/players/isaac-babadi/700867/;2024-10-26;11;0.9;0.6;0.0;0.0;-0.0;-0.0;0.0;0.0;0.0;-0.0;0.9;0.0;-0.0;0.0;2.4
L. de Jong;/players/luuk-de-jong/65056/;2024-10-26;11;0.9;0.6;0.0;0.0;-0.0;-0.0;0.0;0.0;0.0;-0.0;0.3;0.0;-3.0;0.0;-1.2
A. Obispo;/players/armando-obispo/426581/;2024-10-26;11;0.9;0.6;0.0;0.0;-0.0;-0.0;0.0;0.0;-0.0;-0.0;3.0;0.0;-0.0;0.0;4.5
C. Driouech;/players/couhaib-driouech/632812/;2024-10-26;11;0.9;0.6;0.0;0.0;-0.0;-0.0;0.0;0.0;0.0;-0.0;0.3;0.0;-0.0;0.0;1.8
J. Bakayoko;/players/johan-bakayoko/638229/;2024-10-26;11;0.53;0.36;0.0;0.0;-0.0;-0.0;8.0;0.0;0.0;-0.0;0.18;0.0;-0.0;0.0;9.07
Mauro Júnior;/players/mauro-jaqueson-junior-ferreira-dos-santos/398754/;2024-10-26;11;0.0;0.0;0.0;0.0;-0.0;-0.0;0.0;0.0;-0.0;-0.0;0.0;0.0;-0.0;0.0;0.0
N. Schiks;/players/niek-schiks/643502/;2024-10-26;11;0.0;0.0;0.0;0.0;-0.0;-0.0;0.0;0.0;-0.0;-0.0;0.0;0.0;-0.0;0.0;0.0
R. Ledezma;/players/richard-ledezma/512218/;2024-10-26;11;0.0;0.0;0.0;0.0;-0.0;-0.0;0.0;0.0;0.0;-0.0;0.0;0.0;-0.0;0.0;0.0
J. Drommel;/players/joel-drommel/355869/;2024-10-26;11;0.0;0.0;0.0;0.0;-0.0;-0.0;0.0;0.0;-0.0;-0.0;0.0;0.0;-0.0;0.0;0.0
J. Schendelaar;/players/jasper-schendelaar/454473/;2024-10-26;11;3.0;0.0;0.0;0.0;-0.0;-0.0;0.0;0.0;-6.0;-3.0;0.0;0.0;-0.0;14.0;8.0
S. Floranus;/players/sherel-floranus/385271/;2024-10-26;11;1.9;0.0;0.0;0.0;-0.0;-0.0;0.0;0.0;-3.0;-0.0;0.0;0.0;-0.0;0.0;-1.1
A. El Azzouzi;/players/anouar-el-azzouzi/567947/;2024-10-26;11;3.0;0.0;0.0;0.0;-0.0;-0.0;0.0;0.0;-6.0;-0.0;0.0;0.0;-0.0;0.0;-3.0
A. MacNulty;/players/anselmo-garcia-mcnulty/608607/;2024-10-26;11;3.0;0.0;0.0;0.0;-0.0;-0.0;0.0;0.0;-6.0;-0.0;0.0;0.0;-0.0;0.0;-3.0
O. Aertssen;/players/olivier-aertssen/664645/;2024-10-26;11;1.9;0.0;0.0;0.0;-0.0;-0.0;0.0;0.0;-3.0;-0.0;0.0;0.0;-0.0;0.0;-1.1
D. van der Haar;/players/damian-van-der-haar/812205/;2024-10-26;11;3.0;0.0;0.0;0.0;-0.0;-0.0;0.0;0.0;-6.0;-0.0;0.0;0.0;-0.0;0.0;-3.0
Y. Namli;/players/younes-namli/291585/;2024-10-26;11;3.0;0.0;0.0;0.0;-0.0;-8.0;0.0;0.0;0.0;-0.0;0.0;0.0;-0.0;0.0;-5.0
Jamiro Monteiro;/players/jamiro-gregory-monteiro-alvarenga/421293/;2024-10-26;11;3.0;0.0;0.0;0.0;-0.0;-0.0;0.0;0.0;0.0;-0.0;0.0;0.0;-0.0;0.0;3.0
D. van den Berg;/players/dave-van-den-berg-/475335/;2024-10-26;11;3.0;0.0;0.0;0.0;-0.0;-0.0;0.0;0.0;0.0;-0.0;0.0;0.0;-0.0;0.0;3.0
D. Vente;/players/dylan-vente/426585/;2024-10-26;11;2.4;0.0;0.0;0.0;-0.0;-0.0;0.0;0.0;0.0;-0.0;0.0;0.0;-0.0;0.0;2.4
D. Mbayo;/players/dylan-mbayo/599681/;2024-10-26;11;1.9;0.0;0.0;0.0;-0.0;-0.0;0.0;0.0;0.0;-0.0;0.0;0.0;-0.0;0.0;1.9
E. Reijnders;/players/eliano-reijnders/577288/;2024-10-26;11;1.1;0.0;0.0;0.0;-0.0;-0.0;0.0;0.0;0.0;-0.0;0.0;0.0;-0.0;0.0;1.1
F. Krastev;/players/filip-yavorov-krastev/550509/;2024-10-26;11;1.1;0.0;0.0;0.0;-0.0;-0.0;0.0;0.0;0.0;-0.0;0.0;0.0;-0.0;0.0;1.1
R. Thomas;/players/ryan-thomas/215382/;2024-10-26;11;1.1;0.0;0.0;0.0;-0.0;-0.0;0.0;0.0;0.0;-0.0;0.0;0.0;-0.0;0.0;1.1
O. Velanas;/players/odysseus-velanas/452059/;2024-10-26;11;0.6;0.0;0.0;0.0;-0.0;-0.0;0.0;0.0;0.0;-0.0;0.0;0.0;-0.0;0.0;0.6
N. Fichtinger;/players/nick-fichtinger/914267/;2024-10-26;11;0.0;0.0;0.0;0.0;-0.0;-0.0;0.0;0.0;0.0;-0.0;0.0;0.0;-0.0;0.0;0.0
T. Buitink;/players/thomas-buitnik/457668/;2024-10-26;11;0.0;0.0;0.0;0.0;-0.0;-0.0;0.0;0.0;0.0;-0.0;0.0;0.0;-0.0;0.0;0.0
K. Vermeer;/players/kenneth-vermeer/2175/;2024-10-26;11;0.0;0.0;0.0;0.0;-0.0;-0.0;0.0;0.0;-0.0;-0.0;0.0;0.0;-0.0;0.0;0.0
M. Hauptmeijer;/players/mike-hauptmeijer/321048/;2024-10-26;11;0.0;0.0;0.0;0.0;-0.0;-0.0;0.0;0.0;-0.0;-0.0;0.0;0.0;-0.0;0.0;0.0
B. Manu;/players/braydon-marvin-manu/414639/;2024-10-26;11;0.0;0.0;0.0;0.0;-0.0;-0.0;0.0;0.0;0.0;-0.0;0.0;0.0;-0.0;0.0;0.0
T. Lutonda;/players/thierry-lutonda/462568/;2024-10-26;11;0.0;0.0;0.0;0.0;-0.0;-0.0;0.0;0.0;-0.0;-0.0;0.0;0.0;-0.0;0.0;0.0
K. de Rooij;/players/kaj-de-rooij/539368/;2024-10-26;11;0.0;0.0;0.0;0.0;-0.0;-0.0;0.0;0.0;0.0;-0.0;0.0;0.0;-0.0;0.0;0.0
T. Gijselhart;/players/teun-gijselhart/789919/;2024-10-26;11;0.0;0.0;0.0;0.0;-0.0;-0.0;0.0;0.0;0.0;-0.0;0.0;0.0;-0.0;0.0;0.0
V. Barkas;/players/vasileios-barkas/272919/;2024-10-27;11;3.0;0.0;0.0;0.0;-0.0;-0.0;0.0;0.0;-2.0;-0.0;0.0;0.0;-0.0;0.0;1.0
N. Viergever;/players/nick--viergever/78529/;2024-10-27;11;3.0;0.0;0.0;0.0;-0.0;-0.0;0.0;0.0;-2.0;-0.0;0.0;0.0;-0.0;0.0;1.0
M. van der Hoorn;/players/mike-van-der-hoorn/190540/;2024-10-27;11;3.0;0.0;0.0;0.0;-0.0;-0.0;0.0;0.0;-2.0;-0.0;0.0;0.0;-0.0;0.0;1.0
S. Horemans;/players/siebe-horemans/399758/;2024-10-27;11;3.0;0.0;0.0;0.0;-0.0;-0.0;0.0;0.0;-2.0;-0.0;0.0;0.0;-0.0;0.0;1.0
S. El Karouani;/players/souffian-elkarouani/537878/;2024-10-27;11;3.0;0.0;0.0;0.0;-0.0;-0.0;0.0;0.0;-2.0;-0.0;0.0;0.0;-0.0;0.0;1.0
T. Booth;/players/taylor-booth/441556/;2024-10-27;11;2.47;0.0;0.0;0.0;-0.0;-0.0;0.0;0.0;0.0;-0.0;0.0;0.0;-0.0;0.0;2.47
V. Jensen;/players/victor-jensen/460509/;2024-10-27;11;1.9;0.0;0.0;0.0;-2.0;-0.0;0.0;0.0;0.0;-0.0;0.0;0.0;-0.0;0.0;-0.1
P. Aaronson;/players/paxten-aaronson/576828/;2024-10-27;11;3.0;0.0;0.0;0.0;-2.0;-0.0;0.0;0.0;0.0;-0.0;0.0;0.0;-0.0;0.0;1.0
O. Fraulo;/players/oscar-fraulo/637161/;2024-10-27;11;1.53;0.0;0.0;0.0;-0.0;-0.0;0.0;0.0;0.0;-0.0;0.0;0.0;-0.0;0.0;1.53
D. Min;/players/david-min/587715/;2024-10-27;11;1.9;0.0;0.0;0.0;-0.0;-0.0;0.0;0.0;0.0;-0.0;0.0;0.0;-0.0;0.0;1.9
Y. Cathline;/players/yoann-cathline/660710/;2024-10-27;11;3.0;0.0;0.0;0.0;-0.0;-0.0;0.0;0.0;0.0;-0.0;0.0;0.0;-0.0;0.0;3.0
C. Bozdoğan;/players/can-bozdogan/529101/;2024-10-27;11;1.47;0.0;0.0;0.0;-2.0;-0.0;0.0;0.0;0.0;-0.0;0.0;0.0;-0.0;0.0;-0.53
N. Ohio;/players/noah-ohio/571268/;2024-10-27;11;1.1;0.0;0.0;0.0;-0.0;-0.0;0.0;0.0;0.0;-0.0;0.0;0.0;-0.0;0.0;1.1
J. Toornstra;/players/jens-toornstra/110217/;2024-10-27;11;1.1;0.0;0.0;0.0;-0.0;-0.0;0.0;0.0;0.0;-0.0;0.0;0.0;-0.0;0.0;1.1
Miguel Rodríguez;/players/miguel-rodriguez-vidal/576516/;2024-10-27;11;0.53;0.0;0.0;0.0;-0.0;-0.0;0.0;0.0;0.0;-0.0;0.0;0.0;-0.0;0.0;0.53
M. Didden;/players/matisse-didden/541794/;2024-10-27;11;0.0;0.0;0.0;0.0;-0.0;-0.0;0.0;0.0;-0.0;-0.0;0.0;0.0;-0.0;0.0;0.0
T. de Graaff;/players/tom-gerard-de-graaff/783148/;2024-10-27;11;0.0;0.0;0.0;0.0;-0.0;-0.0;0.0;0.0;-0.0;-0.0;0.0;0.0;-0.0;0.0;0.0
N. Vesterlund;/players/niklas-brondsted-vesterlund-nielsen/441234/;2024-10-27;11;0.0;0.0;0.0;0.0;-0.0;-0.0;0.0;0.0;-0.0;-0.0;0.0;0.0;-0.0;0.0;0.0
A. Blake;/players/adrian-blake/695557/;2024-10-27;11;0.0;0.0;0.0;0.0;-0.0;-0.0;0.0;0.0;0.0;-0.0;0.0;0.0;-0.0;0.0;0.0
K. Finnsson;/players/kolbeinn-finnsson/384487/;2024-10-27;11;0.0;0.0;0.0;0.0;-0.0;-0.0;0.0;0.0;-0.0;-0.0;0.0;0.0;-0.0;0.0;0.0
A. Descotte;/players/anthony-descotte/638248/;2024-10-27;11;0.0;0.0;0.0;0.0;-0.0;-0.0;0.0;0.0;0.0;-0.0;0.0;0.0;-0.0;0.0;0.0
M. Brouwer;/players/michael-brouwer/250395/;2024-10-27;11;0.0;0.0;0.0;0.0;-0.0;-0.0;0.0;0.0;-0.0;-0.0;0.0;0.0;-0.0;0.0;0.0
O. Romeny;/players/ole-ter-haar-romeny/532140/;2024-10-27;11;0.0;0.0;0.0;0.0;-0.0;-0.0;0.0;0.0;0.0;-0.0;0.0;0.0;-0.0;0.0;0.0
T. Wellenreuther;/players/timon-wellenreuther/258964/;2024-10-27;11;3.0;2.0;0.0;0.0;-0.0;-0.0;0.0;0.0;-0.0;-0.0;12.0;0.0;-0.0;0.0;17.0
D. Hancko;/players/david-hancko/391059/;2024-10-27;11;3.0;2.0;0.0;0.0;-0.0;-0.0;0.0;0.0;-0.0;-0.0;10.0;0.0;-0.0;0.0;15.0
Hugo Bueno;/players/hugo-bueno/624935/;2024-10-27;11;2.6;1.73;0.0;0.0;-0.0;-0.0;0.0;6.0;-0.0;-0.0;8.67;0.0;-0.0;0.0;19.0
T. Beelen;/players/thomas-beelen/760998/;2024-10-27;11;3.0;2.0;0.0;0.0;-0.0;-0.0;0.0;0.0;-0.0;-0.0;10.0;0.0;-0.0;0.0;15.0
G. Read;/players/givairo-read/821635/;2024-10-27;11;3.0;2.0;0.0;0.0;-0.0;-0.0;0.0;0.0;-0.0;-0.0;10.0;0.0;-0.0;0.0;15.0
Hwang In-Beom;/players/in-beom-hwang/400101/;2024-10-27;11;3.0;2.0;0.0;0.0;-0.0;-0.0;0.0;0.0;0.0;-0.0;3.0;0.0;-0.0;0.0;8.0
Q. Timber;/players/quinten-maduro/463017/;2024-10-27;11;3.0;2.0;0.0;0.0;-2.0;-0.0;9.0;0.0;0.0;-0.0;3.0;0.0;-0.0;0.0;15.0
A. Milambo;/players/antoni-djibu-milambo/736392/;2024-10-27;11;2.33;1.56;0.0;0.0;-0.0;-0.0;0.0;0.0;0.0;-0.0;2.33;0.0;-0.0;0.0;6.22
J. Carranza;/players/julian-carranza/475791/;2024-10-27;11;2.33;1.56;0.0;0.0;-0.0;-0.0;8.0;0.0;0.0;-0.0;0.78;0.0;-0.0;0.0;12.67
Igor Paixão;/players/igor-guilherme-barbosa-da-paixao/593041/;2024-10-27;11;3.0;2.0;0.0;0.0;-0.0;-0.0;0.0;4.0;0.0;-0.0;1.0;0.0;-0.0;0.0;10.0
I. Osman;/players/ibrahim-osman/682733/;2024-10-27;11;2.6;1.73;0.0;0.0;-0.0;-0.0;0.0;0.0;0.0;-0.0;0.87;0.0;-0.0;0.0;5.2
R. Zerrouki;/players/ramiz-larbi-zerrouki/621348/;2024-10-27;11;0.67;0.44;0.0;0.0;-0.0;-0.0;0.0;0.0;0.0;-0.0;0.67;0.0;-0.0;0.0;1.78
L. Ivanušec;/players/luka-ivanuec/424605/;2024-10-27;11;0.67;0.44;0.0;0.0;-0.0;-0.0;0.0;0.0;0.0;-0.0;0.22;0.0;-0.0;0.0;1.33
G. Smal;/players/gijs-smal/508760/;2024-10-27;11;0.4;0.27;0.0;0.0;-0.0;-0.0;0.0;0.0;-0.0;-0.0;1.33;0.0;-0.0;0.0;2.0
A. Hadj Moussa;/players/anis--hadj-moussa/755639/;2024-10-27;11;0.4;0.27;0.0;0.0;-2.0;-0.0;0.0;0.0;0.0;-0.0;0.13;0.0;-0.0;0.0;-1.2
C. Nadje;/players/chris-kevin-nadje/667108/;2024-10-27;11;0.0;0.0;0.0;0.0;-0.0;-0.0;0.0;0.0;0.0;-0.0;0.0;0.0;-0.0;0.0;0.0
A. Sliti;/players/aymen-sliti/830541/;2024-10-27;11;0.0;0.0;0.0;0.0;-0.0;-0.0;0.0;0.0;0.0;-0.0;0.0;0.0;-0.0;0.0;0.0
G. Trauner;/players/gernot-trauner/135546/;2024-10-27;11;0.0;0.0;0.0;0.0;-0.0;-0.0;0.0;0.0;-0.0;-0.0;0.0;0.0;-0.0;0.0;0.0
F. González;/players/facundo-gonzalez-molino/673756/;2024-10-27;11;0.0;0.0;0.0;0.0;-0.0;-0.0;0.0;0.0;-0.0;-0.0;0.0;0.0;-0.0;0.0;0.0
P. Andreev;/players/plamen-andreev/708730/;2024-10-27;11;0.0;0.0;0.0;0.0;-0.0;-0.0;0.0;0.0;-0.0;-0.0;0.0;0.0;-0.0;0.0;0.0
J. Bijlow;/players/justin-bijlow/340393/;2024-10-27;11;0.0;0.0;0.0;0.0;-0.0;-0.0;0.0;0.0;-0.0;-0.0;0.0;0.0;-0.0;0.0;0.0
J. Mitchell;/players/jeyland-mitchell/687479/;2024-10-27;11;0.0;0.0;0.0;0.0;-0.0;-0.0;0.0;0.0;-0.0;-0.0;0.0;0.0;-0.0;0.0;0.0
R. Owusu-Oduro;/players/rome-jayden-owusu-oduro/789860/;2024-10-27;11;3.0;0.0;1.0;0.0;-0.0;-0.0;0.0;0.0;-2.0;-0.0;0.0;0.0;-0.0;0.0;2.0
M. de Wit;/players/mees-de-wit/423562/;2024-10-27;11;3.0;0.0;1.0;0.0;-2.0;-0.0;0.0;0.0;-2.0;-0.0;0.0;0.0;-0.0;0.0;0.0
D. Kasius;/players/denso-kasius/569311/;2024-10-27;11;2.7;0.0;0.9;0.0;-2.0;-0.0;12.0;0.0;-2.0;-0.0;0.0;0.0;-0.0;0.0;11.6
Alexandre Penetra;/players/alexandre-manuel-penetra-correia/572102/;2024-10-27;11;3.0;0.0;1.0;0.0;-0.0;-0.0;0.0;0.0;-2.0;-0.0;0.0;0.0;-0.0;0.0;2.0
S. Maikuma;/players/seiya-maikuma/651537/;2024-10-27;11;3.0;0.0;1.0;0.0;-0.0;-0.0;0.0;0.0;-2.0;-0.0;0.0;0.0;-0.0;0.0;2.0
J. Clasie;/players/jordy-clasie/134078/;2024-10-27;11;3.0;0.0;1.0;0.0;-0.0;-0.0;0.0;0.0;0.0;-0.0;0.0;0.0;-0.0;0.0;4.0
K. Belić;/players/kristijan-belic/453868/;2024-10-27;11;2.93;0.0;0.98;0.0;-0.0;-0.0;0.0;0.0;0.0;-0.0;0.0;0.0;-0.0;0.0;3.91
P. Koopmeiners;/players/peer-koopmeiners/533281/;2024-10-27;11;3.0;0.0;1.0;0.0;-0.0;-0.0;0.0;0.0;0.0;-0.0;0.0;0.0;-0.0;0.0;4.0
S. Mijnans;/players/sven-mijnans/566000/;2024-10-27;11;3.0;0.0;1.0;0.0;-2.0;-0.0;0.0;0.0;0.0;-0.0;0.0;0.0;-0.0;0.0;2.0
T. Parrott;/players/troy-parrot/515624/;2024-10-27;11;2.7;0.0;0.9;0.0;-0.0;-0.0;0.0;4.0;0.0;-0.0;0.0;3.0;-0.0;0.0;10.6
E. Poku;/players/ernest-poku/700544/;2024-10-27;11;3.0;0.0;1.0;0.0;-0.0;-0.0;0.0;0.0;0.0;-0.0;0.0;0.0;-0.0;0.0;4.0
M. Lahdo;/players/mayckel-lahdo/660897/;2024-10-27;11;0.3;0.0;0.1;0.0;-0.0;-0.0;0.0;0.0;0.0;-0.0;0.0;0.0;-0.0;0.0;0.4
M. Meerdink;/players/mexx-meerdink/796451/;2024-10-27;11;0.3;0.0;0.1;0.0;-0.0;-0.0;0.0;0.0;0.0;-0.0;0.0;0.0;-0.0;0.0;0.4
D. Kwakman;/players/dave-kwakman/777219/;2024-10-27;11;0.07;0.0;0.02;0.0;-0.0;-0.0;0.0;0.0;0.0;-0.0;0.0;0.0;-0.0;0.0;0.09
J. Addai;/players/jayden-addai/789997/;2024-10-27;11;0.0;0.0;0.0;0.0;-0.0;-0.0;0.0;0.0;0.0;-0.0;0.0;0.0;-0.0;0.0;0.0
J. Zoet;/players/jeroen-zoet/61206/;2024-10-27;11;0.0;0.0;0.0;0.0;-0.0;-0.0;0.0;0.0;-0.0;-0.0;0.0;0.0;-0.0;0.0;0.0
J. Berkhout;/players/jorn-berkhout/627675/;2024-10-27;11;0.0;0.0;0.0;0.0;-0.0;-0.0;0.0;0.0;-0.0;-0.0;0.0;0.0;-0.0;0.0;0.0
H. Verhulst;/players/hobie-verhulst/138446/;2024-10-27;11;0.0;0.0;0.0;0.0;-0.0;-0.0;0.0;0.0;-0.0;-0.0;0.0;0.0;-0.0;0.0;0.0
E. Dijkstra;/players/elijah-dijkstra/830535/;2024-10-27;11;0.0;0.0;0.0;0.0;-0.0;-0.0;0.0;0.0;-0.0;-0.0;0.0;0.0;-0.0;0.0;0.0
E. Mastoras;/players/enoch-mayele-kiemba-mastoras/778101/;2024-10-27;11;0.0;0.0;0.0;0.0;-0.0;-0.0;0.0;0.0;-0.0;-0.0;0.0;0.0;-0.0;0.0;0.0
R. Daal;/players/ro-zangelo-daal/777225/;2024-10-27;11;0.0;0.0;0.0;0.0;-0.0;-0.0;0.0;0.0;0.0;-0.0;0.0;0.0;-0.0;0.0;0.0
L. Plogmann;/players/luca-plogmann/470121/;2024-10-27;11;3.0;0.0;1.0;0.0;-0.0;-0.0;0.0;0.0;-2.0;-0.0;0.0;0.0;-0.0;0.0;2.0
G. Nauber;/players/gerrit-nauber/102528/;2024-10-27;11;3.0;0.0;1.0;0.0;-0.0;-0.0;12.0;0.0;-2.0;-0.0;0.0;0.0;-0.0;0.0;14.0
J. Kramer;/players/joris-kramer/402051/;2024-10-27;11;3.0;0.0;1.0;0.0;-0.0;-0.0;0.0;0.0;-2.0;-0.0;0.0;0.0;-0.0;0.0;2.0
M. Deijl;/players/mats-deijl/402457/;2024-10-27;11;3.0;0.0;1.0;0.0;-0.0;-0.0;0.0;0.0;-2.0;-0.0;0.0;0.0;-0.0;0.0;2.0
A. Adelgaard;/players/aske-adelgaard/857149/;2024-10-27;11;2.8;0.0;0.93;0.0;-0.0;-0.0;0.0;0.0;-1.0;-0.0;0.0;0.0;-0.0;0.0;2.73
E. Llansana;/players/enric-llansana/515466/;2024-10-27;11;3.0;0.0;1.0;0.0;-0.0;-0.0;0.0;0.0;0.0;-0.0;0.0;0.0;-0.0;0.0;4.0
E. Linthorst;/players/evert-linthorst/546756/;2024-10-27;11;2.8;0.0;0.93;0.0;-0.0;-0.0;0.0;0.0;0.0;-0.0;0.0;0.0;-0.0;0.0;3.73
V. Edvardsen;/players/victor-edvardsen/409168/;2024-10-27;11;3.0;0.0;1.0;0.0;-2.0;-0.0;8.0;0.0;0.0;-0.0;0.0;0.0;-0.0;0.0;10.0
B. Adekanye;/players/bobby-adekanye/427040/;2024-10-27;11;2.53;0.0;0.84;0.0;-0.0;-0.0;0.0;0.0;0.0;-0.0;0.0;0.0;-0.0;0.0;3.38
O. Edvardsen;/players/oliver-valaker-edvardsen/545481/;2024-10-27;11;2.13;0.0;0.71;0.0;-0.0;-0.0;0.0;0.0;0.0;-0.0;0.0;0.0;-0.0;0.0;2.84
J. Breum;/players/jakob-breum/658739/;2024-10-27;11;3.0;0.0;1.0;0.0;-0.0;-0.0;0.0;4.0;0.0;-0.0;0.0;0.0;-0.0;0.0;8.0
O. Antman;/players/oliver-antman/547497/;2024-10-27;11;0.87;0.0;0.29;0.0;-0.0;-0.0;0.0;4.0;0.0;-0.0;0.0;0.0;-0.0;0.0;5.16
F. Stokkers;/players/finn-stokkers/319661/;2024-10-27;11;0.47;0.0;0.16;0.0;-2.0;-0.0;0.0;0.0;0.0;-0.0;0.0;0.0;-0.0;0.0;-1.38
D. James;/players/dean-ruben--james/537308/;2024-10-27;11;0.2;0.0;0.07;0.0;-0.0;-0.0;0.0;0.0;-1.0;-0.0;0.0;0.0;-0.0;0.0;-0.73
M. Smit;/players/milan-smit/828395/;2024-10-27;11;0.2;0.0;0.07;0.0;-0.0;-0.0;0.0;0.0;0.0;-0.0;0.0;0.0;-0.0;0.0;0.27
C. Twigt;/players/calvin-twigt/669594/;2024-10-27;11;0.0;0.0;0.0;0.0;-0.0;-0.0;0.0;0.0;0.0;-0.0;0.0;0.0;-0.0;0.0;0.0
M. Suray;/players/mathis-suray/517358/;2024-10-27;11;0.0;0.0;0.0;0.0;-0.0;-0.0;0.0;0.0;0.0;-0.0;0.0;0.0;-0.0;0.0;0.0
S. Jansen;/players/sven-jansen/421540/;2024-10-27;11;0.0;0.0;0.0;0.0;-0.0;-0.0;0.0;0.0;-0.0;-0.0;0.0;0.0;-0.0;0.0;0.0
J. De Busser;/players/jari-de-busser/451008/;2024-10-27;11;0.0;0.0;0.0;0.0;-0.0;-0.0;0.0;0.0;-0.0;-0.0;0.0;0.0;-0.0;0.0;0.0
R. Weijenberg;/players/robbin-weijenberg/857132/;2024-10-27;11;0.0;0.0;0.0;0.0;-0.0;-0.0;0.0;0.0;0.0;-0.0;0.0;0.0;-0.0;0.0;0.0
J. Dirksen;/players/julius-dirksen/632220/;2024-10-27;11;0.0;0.0;0.0;0.0;-0.0;-0.0;0.0;0.0;-0.0;-0.0;0.0;0.0;-0.0;0.0;0.0
L. Everink;/players/luca-everink/628510/;2024-10-27;11;0.0;0.0;0.0;0.0;-0.0;-0.0;0.0;0.0;-0.0;-0.0;0.0;0.0;-0.0;0.0;0.0
J. Amofa;/players/jamal-amofa/668121/;2024-10-27;11;0.0;0.0;0.0;0.0;-0.0;-0.0;0.0;0.0;-0.0;-0.0;0.0;0.0;-0.0;0.0;0.0
D. Bielica;/players/daniel-bielica/555492/;2024-10-27;11;3.0;2.0;0.0;0.0;-0.0;-0.0;0.0;0.0;-1.0;-0.0;0.0;0.0;-0.0;0.0;4.0
J. Van den Bergh;/players/jan-van-den-bergh/354185/;2024-10-27;11;3.0;2.0;0.0;0.0;-2.0;-0.0;0.0;0.0;-1.0;-0.0;0.0;0.0;-0.0;0.0;2.0
B. Lucassen;/players/boyd-lucassen/453952/;2024-10-27;11;3.0;2.0;0.0;0.0;-0.0;-0.0;0.0;0.0;-1.0;-0.0;0.0;0.0;-0.0;0.0;4.0
B. Kemper;/players/boy-kemper/463009/;2024-10-27;11;2.9;1.93;0.0;0.0;-0.0;-0.0;0.0;6.0;-1.0;-0.0;0.0;0.0;-0.0;0.0;9.83
L. Greiml;/players/leo-greiml/517683/;2024-10-27;11;3.0;2.0;0.0;0.0;-2.0;-0.0;12.0;0.0;-1.0;-0.0;0.0;0.0;-0.0;0.0;14.0
F. Oldrup Jensen;/players/fredrik-oldrup-jensen/231672/;2024-10-27;11;3.0;2.0;0.0;0.0;-0.0;-0.0;0.0;0.0;0.0;-3.0;0.0;0.0;-0.0;0.0;2.0
C. Leemans;/players/clint-leemans/264397/;2024-10-27;11;2.23;1.49;0.0;0.0;-0.0;-0.0;18.0;0.0;0.0;-0.0;0.0;0.0;-0.0;0.0;21.72
R. Paula;/players/raul-paula/640610/;2024-10-27;11;2.57;1.71;0.0;0.0;-0.0;-0.0;0.0;0.0;0.0;-0.0;0.0;0.0;-0.0;0.0;4.28
M. Balard;/players/maximilien-balard/643695/;2024-10-27;11;3.0;2.0;0.0;0.0;-0.0;-0.0;0.0;0.0;0.0;-0.0;0.0;0.0;-0.0;0.0;5.0
E. Ómarsson;/players/elias-mar-omarsson/213035/;2024-10-27;11;2.23;1.49;0.0;0.0;-0.0;-0.0;0.0;0.0;0.0;-0.0;0.0;0.0;-0.0;0.0;3.72
L. Sauer;/players/leo-sauer/790415/;2024-10-27;11;2.57;1.71;0.0;0.0;-0.0;-0.0;0.0;0.0;0.0;-0.0;0.0;3.0;-0.0;0.0;7.28
K. Kostorz;/players/kacper-kostorz/485378/;2024-10-27;11;0.77;0.51;0.0;0.0;-0.0;-0.0;0.0;0.0;0.0;-0.0;0.0;0.0;-0.0;0.0;1.28
D. Janošek;/players/dominik-janosek/492661/;2024-10-27;11;0.77;0.51;0.0;0.0;-0.0;-0.0;0.0;5.0;0.0;-0.0;0.0;0.0;-0.0;0.0;6.28
R. Kuijpers;/players/roy-kuijpers/663306/;2024-10-27;11;0.43;0.29;0.0;0.0;-0.0;-0.0;0.0;0.0;0.0;-0.0;0.0;0.0;-0.0;0.0;0.72
A. Kaied;/players/adam-kaied/693342/;2024-10-27;11;0.43;0.29;0.0;0.0;-0.0;-0.0;0.0;0.0;0.0;-0.0;0.0;0.0;-0.0;0.0;0.72
Manel Royo;/players/manel-royo-castell/354951/;2024-10-27;11;0.1;0.07;0.0;0.0;-0.0;-0.0;0.0;0.0;-0.0;-0.0;0.0;0.0;-0.0;0.0;0.17
L. Mol;/players/lars-mol/923583/;2024-10-27;11;0.0;0.0;0.0;0.0;-0.0;-0.0;0.0;0.0;-0.0;-0.0;0.0;0.0;-0.0;0.0;0.0
C. Staring;/players/casper-staring/628494/;2024-10-27;11;0.0;0.0;0.0;0.0;-0.0;-0.0;0.0;0.0;0.0;-0.0;0.0;0.0;-0.0;0.0;0.0
T. Kongolo;/players/terence-kongolo/161296/;2024-10-27;11;0.0;0.0;0.0;0.0;-0.0;-0.0;0.0;0.0;-0.0;-0.0;0.0;0.0;-0.0;0.0;0.0
E. Mahmutović;/players/enes-mahmutovic/347775/;2024-10-27;11;0.0;0.0;0.0;0.0;-0.0;-0.0;0.0;0.0;-0.0;-0.0;0.0;0.0;-0.0;0.0;0.0
T. Troost;/players/tein-troost/525919/;2024-10-27;11;0.0;0.0;0.0;0.0;-0.0;-0.0;0.0;0.0;-0.0;-0.0;0.0;0.0;-0.0;0.0;0.0
M. Garbett;/players/matthew-garbett/577465/;2024-10-27;11;0.0;0.0;0.0;0.0;-0.0;-0.0;0.0;0.0;0.0;-0.0;0.0;0.0;-0.0;0.0;0.0
R. Kortsmit;/players/roy-kortsmit/200996/;2024-10-27;11;0.0;0.0;0.0;0.0;-0.0;-0.0;0.0;0.0;-0.0;-0.0;0.0;0.0;-0.0;0.0;0.0
Y. van Osch;/players/van-yanick-osch/319269/;2024-10-27;11;3.0;0.0;0.0;0.0;-0.0;-0.0;0.0;0.0;-4.0;-0.0;0.0;0.0;-0.0;0.0;-1.0
J. Lelieveld;/players/julian-lelieveld/407738/;2024-10-27;11;1.53;0.0;0.0;0.0;-0.0;-0.0;0.0;0.0;-3.0;-0.0;0.0;0.0;-0.0;0.0;-1.47
J. Familia-Castillo;/players/juan-familio-castillo/453849/;2024-10-27;11;3.0;0.0;0.0;0.0;-2.0;-0.0;0.0;0.0;-4.0;-0.0;0.0;0.0;-0.0;0.0;-3.0
L. van Gelderen;/players/liam--van-gelderen/463011/;2024-10-27;11;3.0;0.0;0.0;0.0;-0.0;-0.0;0.0;0.0;-4.0;-0.0;0.0;0.0;-0.0;0.0;-1.0
R. van Eijma;/players/roshon-van-eijma/539577/;2024-10-27;11;3.0;0.0;0.0;0.0;-0.0;-0.0;0.0;0.0;-4.0;-0.0;0.0;0.0;-0.0;0.0;-1.0
G. Roemeratoe;/players/godfried-roemeratoe/426582/;2024-10-27;11;2.03;0.0;0.0;0.0;-2.0;-0.0;0.0;0.0;0.0;-0.0;0.0;0.0;-0.0;0.0;0.03
D. Weidmann;/players/daouda-weidmann/782160/;2024-10-27;11;3.0;0.0;0.0;0.0;-0.0;-0.0;0.0;0.0;0.0;-0.0;0.0;0.0;-0.0;0.0;3.0
T. van de Loo;/players/tim-van-de-loo/813111/;2024-10-27;11;1.53;0.0;0.0;0.0;-0.0;-0.0;0.0;0.0;0.0;-0.0;0.0;0.0;-0.0;0.0;1.53
S. van der Water;/players/silvester-van-der-water/408536/;2024-10-27;11;2.3;0.0;0.0;0.0;-0.0;-0.0;0.0;0.0;0.0;-0.0;0.0;0.0;-0.0;0.0;2.3
R. Margaret;/players/richonell-margaret/508815/;2024-10-27;11;3.0;0.0;0.0;0.0;-0.0;-0.0;0.0;0.0;0.0;-0.0;0.0;0.0;-0.0;0.0;3.0
D. Cleonise;/players/denilho-cleonise/642338/;2024-10-27;11;1.53;0.0;0.0;0.0;-0.0;-0.0;0.0;0.0;0.0;-0.0;0.0;0.0;-0.0;0.0;1.53
F. Al Mazyani;/players/faissal-al-mazyani/790281/;2024-10-27;11;3.0;0.0;0.0;0.0;-0.0;-8.0;0.0;0.0;-4.0;-0.0;0.0;0.0;-0.0;0.0;-9.0
O. Zawada;/players/oskar-zawada/289870/;2024-10-27;11;1.47;0.0;0.0;0.0;-0.0;-0.0;0.0;0.0;0.0;-0.0;0.0;0.0;-0.0;0.0;1.47
M. Ihattaren;/players/mohammed-amine-ihattaren/525933/;2024-10-27;11;1.47;0.0;0.0;0.0;-0.0;-0.0;0.0;0.0;0.0;-0.0;0.0;0.0;-0.0;0.0;1.47
Y. Oukili;/players/yassin-oukili/567948/;2024-10-27;11;0.97;0.0;0.0;0.0;-0.0;-0.0;0.0;0.0;0.0;-0.0;0.0;0.0;-0.0;0.0;0.97
D. Van den Buijs;/players/dario-van-den-buijs/353273/;2024-10-27;11;0.7;0.0;0.0;0.0;-0.0;-0.0;0.0;0.0;-1.0;-0.0;0.0;0.0;-0.0;0.0;-0.3
R. van der Venne;/players/richard-van-der-venne/261975/;2024-10-27;11;0.0;0.0;0.0;0.0;-0.0;-0.0;0.0;0.0;0.0;-0.0;0.0;0.0;-0.0;0.0;0.0
K. Felida;/players/kevin--felida/501817/;2024-10-27;11;0.0;0.0;0.0;0.0;-0.0;-0.0;0.0;0.0;0.0;-0.0;0.0;0.0;-0.0;0.0;0.0
J. Kesting;/players/joey-kesting/567938/;2024-10-27;11;0.0;0.0;0.0;0.0;-0.0;-0.0;0.0;0.0;-0.0;-0.0;0.0;0.0;-0.0;0.0;0.0
C. Lokesa;/players/chris-lokesa/847737/;2024-10-27;11;0.0;0.0;0.0;0.0;-0.0;-0.0;0.0;0.0;0.0;-0.0;0.0;0.0;-0.0;0.0;0.0
R. Niemeijer;/players/reuven-niemeijer/447106/;2024-10-27;11;0.0;0.0;0.0;0.0;-0.0;-0.0;0.0;0.0;0.0;-0.0;0.0;0.0;-0.0;0.0;0.0
L. Wouters;/players/luuk--wouters/537856/;2024-10-27;11;0.0;0.0;0.0;0.0;-0.0;-0.0;0.0;0.0;-0.0;-0.0;0.0;0.0;-0.0;0.0;0.0
J. Houwen;/players/jeroen-houwen/303254/;2024-10-27;11;0.0;0.0;0.0;0.0;-0.0;-0.0;0.0;0.0;-0.0;-0.0;0.0;0.0;-0.0;0.0;0.0
L. Unnerstall;/players/lars-unnerstall/81320/;2024-10-27;11;3.0;2.0;0.0;0.0;-0.0;-0.0;0.0;0.0;-0.0;-0.0;12.0;0.0;-0.0;0.0;17.0
A. Salah-Eddine;/players/anass-salah-eddine/525927/;2024-10-27;11;3.0;2.0;0.0;0.0;-0.0;-0.0;12.0;0.0;-0.0;-0.0;10.0;0.0;-0.0;0.0;27.0
B. van Rooij;/players/bart-van-rooij/557859/;2024-10-27;11;3.0;2.0;0.0;0.0;-0.0;-0.0;0.0;0.0;-0.0;-0.0;10.0;0.0;-0.0;0.0;15.0
M. Hilgers;/players/mees-hilgers/627701/;2024-10-27;11;2.07;1.38;0.0;0.0;-0.0;-0.0;12.0;0.0;-0.0;-0.0;6.89;0.0;-0.0;0.0;22.33
M. Vlap;/players/michel-vlap/407742/;2024-10-27;11;3.0;2.0;0.0;0.0;-0.0;-0.0;9.0;10.0;0.0;-0.0;3.0;0.0;-0.0;0.0;27.0
S. Steijn;/players/sem-steijn/560623/;2024-10-27;11;2.8;1.87;0.0;0.0;-0.0;-0.0;0.0;0.0;0.0;-0.0;2.8;0.0;-0.0;0.0;7.47
M. Bruns;/players/max-bruns/628828/;2024-10-27;11;2.6;1.73;0.0;0.0;-0.0;-0.0;0.0;0.0;0.0;-0.0;2.6;0.0;-0.0;0.0;6.93
Y. Regeer;/players/youri-regeer/632221/;2024-10-27;11;3.0;2.0;0.0;0.0;-0.0;-0.0;0.0;0.0;0.0;-0.0;3.0;0.0;-0.0;0.0;8.0
S. Ltaief;/players/sayfallah-ltaief/659735/;2024-10-27;11;2.6;1.73;0.0;0.0;-0.0;-0.0;0.0;0.0;0.0;-0.0;2.6;0.0;-0.0;0.0;6.93
S. Lammers;/players/sam-lammers/407736/;2024-10-27;11;3.0;2.0;0.0;0.0;-0.0;-0.0;8.0;4.0;0.0;-0.0;1.0;0.0;-0.0;0.0;18.0
D. Rots;/players/daan-rots/628516/;2024-10-27;11;2.07;1.38;0.0;0.0;-0.0;-0.0;0.0;0.0;0.0;-0.0;0.69;0.0;-0.0;0.0;4.13
C. Eiting;/players/carel-eiting/379791/;2024-10-27;11;0.93;0.62;0.0;0.0;-0.0;-0.0;0.0;0.0;0.0;-0.0;0.93;0.0;-0.0;0.0;2.49
G. Lagerbielke;/players/gustaf-lagerbielke/500894/;2024-10-27;11;0.93;0.62;0.0;0.0;-0.0;-0.0;0.0;0.0;-0.0;-0.0;3.11;0.0;-0.0;0.0;4.67
M. Kjølø;/players/mathias-ullereng-kjolo/517477/;2024-10-27;11;0.4;0.27;0.0;0.0;-0.0;-0.0;0.0;0.0;0.0;-0.0;0.4;0.0;-0.0;0.0;1.07
A. Van Hoorenbeeck;/players/alec-van-hoorenbeeck/593523/;2024-10-27;11;0.4;0.27;0.0;0.0;-0.0;-0.0;0.0;0.0;-0.0;-0.0;1.33;0.0;-0.0;0.0;2.0
H. Kuster;/players/harrie-kuster/916880/;2024-10-27;11;0.2;0.13;0.0;0.0;-0.0;-0.0;0.0;0.0;0.0;-0.0;0.2;0.0;-0.0;0.0;0.53
I. El Maach;/players/issam-el-maach/506880/;2024-10-27;11;0.0;0.0;0.0;0.0;-0.0;-0.0;0.0;0.0;-0.0;-0.0;0.0;0.0;-0.0;0.0;0.0
J. Mesbahi;/players/julien-mesbahi/830556/;2024-10-27;11;0.0;0.0;0.0;0.0;-0.0;-0.0;0.0;0.0;-0.0;-0.0;0.0;0.0;-0.0;0.0;0.0
B. Kuipers;/players/bas-edo-kuipers/274649/;2024-10-27;11;0.0;0.0;0.0;0.0;-0.0;-0.0;0.0;0.0;-0.0;-0.0;0.0;0.0;-0.0;0.0;0.0
G. Besselink;/players/gijs-besselink/895383/;2024-10-27;11;0.0;0.0;0.0;0.0;-0.0;-0.0;0.0;0.0;0.0;-0.0;0.0;0.0;-0.0;0.0;0.0
O. Panneflek;/players/owen-panneflek/1002934/;2024-10-27;11;0.0;0.0;0.0;0.0;-0.0;-0.0;0.0;0.0;0.0;-0.0;0.0;0.0;-0.0;0.0;0.0
P. Tytoń;/players/przemyslaw-tyton/17326/;2024-10-27;11;0.0;0.0;0.0;0.0;-0.0;-0.0;0.0;0.0;-0.0;-0.0;0.0;0.0;-0.0;0.0;0.0
M. Rots;/players/mats-rots/830558/;2024-10-27;11;0.0;0.0;0.0;0.0;-0.0;-0.0;0.0;0.0;-0.0;-0.0;0.0;0.0;-0.0;0.0;0.0
F. de Keijzer;/players/fabian-de-keijzer/463695/;2024-10-27;11;3.0;0.0;0.0;0.0;-0.0;-0.0;0.0;0.0;-5.0;-0.0;0.0;0.0;-0.0;0.0;-2.0
D. Mirani;/players/damon-mirani/289811/;2024-10-27;11;3.0;0.0;0.0;0.0;-0.0;-0.0;0.0;0.0;-5.0;-0.0;0.0;0.0;-0.0;0.0;-2.0
I. Mesík;/players/ivan-mesik/513503/;2024-10-27;11;3.0;0.0;0.0;0.0;-0.0;-0.0;0.0;0.0;-5.0;-0.0;0.0;0.0;-0.0;0.0;-2.0
R. Roosken;/players/ruben-roosken/618143/;2024-10-27;11;3.0;0.0;0.0;0.0;-0.0;-0.0;0.0;0.0;-5.0;-0.0;0.0;0.0;-0.0;0.0;-2.0
M. Benita;/players/mimeirhel-benita/645525/;2024-10-27;11;3.0;0.0;0.0;0.0;-0.0;-0.0;0.0;0.0;-5.0;-3.0;0.0;0.0;-0.0;0.0;-5.0
M. Engels;/players/mario-engels/243044/;2024-10-27;11;3.0;0.0;0.0;0.0;-0.0;-0.0;0.0;0.0;0.0;-0.0;0.0;0.0;-0.0;0.0;3.0
D. van Kaam;/players/daniel-van-kaam/477595/;2024-10-27;11;1.87;0.0;0.0;0.0;-0.0;-0.0;0.0;0.0;0.0;-0.0;0.0;0.0;-0.0;0.0;1.87
J. Žambůrek;/players/jan-ambrek/542777/;2024-10-27;11;3.0;0.0;0.0;0.0;-0.0;-0.0;0.0;0.0;0.0;-0.0;0.0;0.0;-0.0;0.0;3.0
S. ’t Zand;/players/shiloh-t-zand/824640/;2024-10-27;11;3.0;0.0;0.0;0.0;-0.0;-0.0;0.0;0.0;0.0;-0.0;0.0;0.0;-0.0;0.0;3.0
S. Podgoreanu;/players/suf-podgoreanu/509673/;2024-10-27;11;1.87;0.0;0.0;0.0;-0.0;-0.0;0.0;0.0;0.0;-0.0;0.0;0.0;-0.0;0.0;1.87
J. Hornkamp;/players/jizz-hornkamp/526566/;2024-10-27;11;2.4;0.0;0.0;0.0;-0.0;-0.0;0.0;0.0;0.0;-0.0;0.0;0.0;-0.0;0.0;2.4
J. Talvitie;/players/juho-talvitie/701365/;2024-10-27;11;1.13;0.0;0.0;0.0;-0.0;-0.0;0.0;0.0;0.0;-0.0;0.0;0.0;-0.0;0.0;1.13
J. Bruijn;/players/jordy-bruijn/314251/;2024-10-27;11;1.13;0.0;0.0;0.0;-0.0;-0.0;0.0;0.0;0.0;-0.0;0.0;0.0;-0.0;0.0;1.13
J. Hoogma for S. ’t Zand 64';/players/justin-hoogma/432697/;2024-10-27;11;0.0;0.0;0.0;0.0;-0.0;-0.0;0.0;0.0;-0.0;-0.0;0.0;0.0;-0.0;0.0;0.0
T. Bruns;/players/thomas-bruns/168503/;2024-10-27;11;0.6;0.0;0.0;0.0;-0.0;-0.0;0.0;0.0;0.0;-0.0;0.0;0.0;-0.0;0.0;0.6
J. Tijink;/players/jop-tijink/970328/;2024-10-27;11;0.0;0.0;0.0;0.0;-0.0;-0.0;0.0;0.0;-0.0;-0.0;0.0;0.0;-0.0;0.0;0.0
L. Kulenović;/players/luka-kulenovi/631882/;2024-10-27;11;0.0;0.0;0.0;0.0;-0.0;-0.0;0.0;0.0;0.0;-0.0;0.0;0.0;-0.0;0.0;0.0
K. Leerdam;/players/kelvin-leerdam/68354/;2024-10-27;11;0.0;0.0;0.0;0.0;-0.0;-0.0;0.0;0.0;-0.0;-0.0;0.0;0.0;-0.0;0.0;0.0
D. van Oorschot;/players/diego-van-oorschot/900479/;2024-10-27;11;0.0;0.0;0.0;0.0;-0.0;-0.0;0.0;0.0;0.0;-0.0;0.0;0.0;-0.0;0.0;0.0
L. Milani;/players/lorenzo-milani/664147/;2024-10-27;11;0.0;0.0;0.0;0.0;-0.0;-0.0;0.0;0.0;-0.0;-0.0;0.0;0.0;-0.0;0.0;0.0
T. Jansink;/players/timo-jansink/632823/;2024-10-27;11;0.0;0.0;0.0;0.0;-0.0;-0.0;0.0;0.0;-0.0;-0.0;0.0;0.0;-0.0;0.0;0.0
J. Wieckhoff;/players/jannes-luca-wieckhoff/497167/;2024-10-27;11;0.0;0.0;0.0;0.0;-0.0;-0.0;0.0;0.0;-0.0;-0.0;0.0;0.0;-0.0;0.0;0.0
R. Mantel;/players/robin-mantel/502712/;2024-10-27;11;0.0;0.0;0.0;0.0;-0.0;-0.0;0.0;0.0;-0.0;-0.0;0.0;0.0;-0.0;0.0;0.0
D. Ramaj;/players/diant-ramaj/562543/;2024-10-27;11;3.0;2.0;0.0;0.0;-0.0;-0.0;0.0;0.0;-0.0;-0.0;12.0;0.0;-0.0;0.0;17.0
D. Rugani;/players/daniele-rugani/162676/;2024-10-27;11;2.13;1.42;0.0;0.0;-0.0;-0.0;0.0;0.0;-0.0;-0.0;7.11;0.0;-0.0;0.0;10.67
O. Wijndal;/players/owen-wijndal/440858/;2024-10-27;11;2.13;1.42;0.0;0.0;-0.0;-0.0;0.0;0.0;-0.0;-0.0;7.11;0.0;-0.0;0.0;10.67
Y. Baas;/players/youri-baas/638355/;2024-10-27;11;3.0;2.0;0.0;0.0;-0.0;-0.0;0.0;0.0;-0.0;-0.0;10.0;0.0;-0.0;0.0;15.0
A. Kaplan;/players/ahmetcan-kaplan/641115/;2024-10-27;11;3.0;2.0;0.0;0.0;-0.0;-0.0;0.0;0.0;-0.0;-0.0;10.0;0.0;-0.0;0.0;15.0
A. Gaaei;/players/anton-gaaei/701784/;2024-10-27;11;3.0;2.0;0.0;0.0;-2.0;-0.0;0.0;0.0;-0.0;-0.0;10.0;0.0;-0.0;0.0;13.0
D. Klaassen;/players/davy-klaassen/158581/;2024-10-27;11;2.8;1.87;0.0;0.0;-0.0;-0.0;0.0;0.0;0.0;-0.0;2.8;3.0;-0.0;0.0;10.47
B. van den Boomen;/players/branco-van-den-boomen/215550/;2024-10-27;11;3.0;2.0;0.0;0.0;-0.0;-0.0;0.0;0.0;0.0;-0.0;3.0;0.0;-0.0;0.0;8.0
B. Tahirović;/players/benjamin-tahirovic/659484/;2024-10-27;11;2.57;1.71;0.0;0.0;-0.0;-0.0;0.0;0.0;0.0;-0.0;2.57;0.0;-0.0;0.0;6.84
B. Traoré;/players/bertrand-traore/102801/;2024-10-27;11;2.57;1.71;0.0;0.0;-0.0;-0.0;0.0;0.0;0.0;-0.0;0.86;0.0;-0.0;0.0;5.13
B. Brobbey;/players/brian-brobbey/520146/;2024-10-27;11;3.0;2.0;0.0;0.0;-0.0;-0.0;0.0;0.0;0.0;-0.0;1.0;0.0;-0.0;0.0;6.0
K. Taylor;/players/kenneth-taylor/508784/;2024-10-27;11;0.87;0.58;0.0;0.0;-0.0;-0.0;0.0;0.0;0.0;-0.0;0.87;0.0;-0.0;0.0;2.31
J. Šutalo;/players/josip-utalo/460387/;2024-10-27;11;0.87;0.58;0.0;0.0;-0.0;-0.0;0.0;0.0;-0.0;-0.0;2.89;0.0;-0.0;0.0;4.33
J. Henderson;/players/jordan-henderson/48010/;2024-10-27;11;0.43;0.29;0.0;0.0;-0.0;-0.0;0.0;0.0;0.0;-0.0;0.43;0.0;-0.0;0.0;1.16
M. Godts;/players/mika-marcel-godts/790325/;2024-10-27;11;0.43;0.29;0.0;0.0;-0.0;-0.0;0.0;0.0;0.0;-0.0;0.14;0.0;-0.0;0.0;0.87
J. Hato;/players/jorrel-hato/783173/;2024-10-27;11;0.2;0.13;0.0;0.0;-0.0;-0.0;0.0;0.0;-0.0;-0.0;0.67;0.0;-0.0;0.0;1.0
C. Akpom;/players/chuba-akpom/215570/;2024-10-27;11;0.0;0.0;0.0;0.0;-0.0;-0.0;0.0;0.0;0.0;-0.0;0.0;0.0;-0.0;0.0;0.0
J. Gorter;/players/jay-gorter/477600/;2024-10-27;11;0.0;0.0;0.0;0.0;-0.0;-0.0;0.0;0.0;-0.0;-0.0;0.0;0.0;-0.0;0.0;0.0
C. Rasmussen;/players/christian-theodor-kjelder-rasmussen/632224/;2024-10-27;11;0.0;0.0;0.0;0.0;-0.0;-0.0;0.0;0.0;0.0;-0.0;0.0;0.0;-0.0;0.0;0.0
W. Weghorst;/players/wout-weghorst/255205/;2024-10-27;11;0.0;0.0;0.0;0.0;-0.0;-0.0;0.0;0.0;0.0;-0.0;0.0;0.0;-0.0;0.0;0.0
R. Pasveer;/players/remko-pasveer/49689/;2024-10-27;11;0.0;0.0;0.0;0.0;-0.0;-0.0;0.0;0.0;-0.0;-0.0;0.0;0.0;-0.0;0.0;0.0
K. Fitz-Jim;/players/kian-fitz-jim/591724/;2024-10-27;11;0.0;0.0;0.0;0.0;-0.0;-0.0;0.0;0.0;0.0;-0.0;0.0;0.0;-0.0;0.0;0.0
D. Rensch;/players/devyne-rensch/601396/;2024-10-27;11;0.0;0.0;0.0;0.0;-0.0;-0.0;0.0;0.0;-0.0;-0.0;0.0;0.0;-0.0;0.0;0.0
T. Didillon-Hödl;/players/thomas-didillon/259971/;2024-10-27;11;3.0;0.0;0.0;0.0;-0.0;-0.0;0.0;0.0;-1.0;-0.0;0.0;0.0;-0.0;0.0;2.0
M. Tirpan;/players/mickael-tirpan/202469/;2024-10-27;11;3.0;0.0;0.0;0.0;-0.0;-0.0;0.0;0.0;-1.0;-0.0;0.0;0.0;-0.0;0.0;2.0
R. Behounek;/players/raffael-behounek/408747/;2024-10-27;11;3.0;0.0;0.0;0.0;-0.0;-0.0;0.0;0.0;-1.0;-0.0;0.0;0.0;-0.0;0.0;2.0
T. St. Jago;/players/tommy-st-jago/477596/;2024-10-27;11;3.0;0.0;0.0;0.0;-0.0;-0.0;0.0;0.0;-1.0;-0.0;0.0;0.0;-0.0;0.0;2.0
R. Sigurgeirsson;/players/runar-thor-sigurgeirsson/491746/;2024-10-27;11;2.33;0.0;0.0;0.0;-0.0;-0.0;0.0;0.0;-1.0;-0.0;0.0;0.0;-0.0;0.0;1.33
A. Lachkar;/players/amine-lachkar/876151/;2024-10-27;11;2.73;0.0;0.0;0.0;-0.0;-0.0;0.0;0.0;-1.0;-0.0;0.0;0.0;-0.0;0.0;1.73
B. Lambert;/players/lambert-boris/551151/;2024-10-27;11;3.0;0.0;0.0;0.0;-0.0;-0.0;0.0;0.0;-1.0;-0.0;0.0;0.0;-0.0;0.0;2.0
J. Bosch;/players/jesse-bosch/621347/;2024-10-27;11;3.0;0.0;0.0;0.0;-0.0;-0.0;0.0;0.0;0.0;-0.0;0.0;0.0;-0.0;0.0;3.0
R. Meerveld;/players/ringo-meerveld/623815/;2024-10-27;11;3.0;0.0;0.0;0.0;-0.0;-0.0;0.0;0.0;0.0;-0.0;0.0;0.0;-0.0;0.0;3.0
C. Sandra;/players/cisse-sandra/638266/;2024-10-27;11;2.3;0.0;0.0;0.0;-0.0;-0.0;0.0;0.0;0.0;-0.0;0.0;0.0;-0.0;0.0;2.3
K. Vaesen;/players/kyan-vaesen/620620/;2024-10-27;11;2.33;0.0;0.0;0.0;-0.0;-0.0;0.0;0.0;0.0;-0.0;0.0;0.0;-0.0;0.0;2.33
A. Fatah;/players/amar-abdirahman-ahmed/801857/;2024-10-27;11;0.7;0.0;0.0;0.0;-0.0;-0.0;0.0;0.0;0.0;-0.0;0.0;0.0;-0.0;0.0;0.7
R. Nizet;/players/rob-nizet/575071/;2024-10-27;11;0.67;0.0;0.0;0.0;-0.0;-0.0;0.0;0.0;-0.0;-0.0;0.0;0.0;-0.0;0.0;0.67
J. Bokila;/players/jeremy-bokila/49538/;2024-10-27;11;0.67;0.0;0.0;0.0;-0.0;-0.0;0.0;0.0;0.0;-0.0;0.0;0.0;-0.0;0.0;0.67
M. Pivaš;/players/miodrag-pivas/745852/;2024-10-27;11;0.27;0.0;0.0;0.0;-0.0;-0.0;0.0;0.0;-0.0;-0.0;0.0;0.0;-0.0;0.0;0.27
C. van den Berg;/players/connor-van-den-berg/569426/;2024-10-27;11;0.0;0.0;0.0;0.0;-0.0;-0.0;0.0;0.0;-0.0;-0.0;0.0;0.0;-0.0;0.0;0.0
M. Schut;/players/maarten-schut/680846/;2024-10-27;11;0.0;0.0;0.0;0.0;-0.0;-0.0;0.0;0.0;-0.0;-0.0;0.0;0.0;-0.0;0.0;0.0
N. Doodeman;/players/nick-doodeman/454478/;2024-10-27;11;0.0;0.0;0.0;0.0;-0.0;-0.0;0.0;0.0;0.0;-0.0;0.0;0.0;-0.0;0.0;0.0
E. Kehrer;/players/emilio-kehrer/609627/;2024-10-27;11;0.0;0.0;0.0;0.0;-0.0;-0.0;0.0;0.0;0.0;-0.0;0.0;0.0;-0.0;0.0;0.0
J. Mathijsen;/players/jens-mathijsen/982233/;2024-10-27;11;0.0;0.0;0.0;0.0;-0.0;-0.0;0.0;0.0;-0.0;-0.0;0.0;0.0;-0.0;0.0;0.0
P. van Loon;/players/per-van-loon/982232/;2024-10-27;11;;;;;;;;;;;;;;;0.0
V. Vermeulen;/players/valentino-vermeulen/523467/;2024-10-27;11;0.0;0.0;0.0;0.0;-0.0;-0.0;0.0;0.0;-0.0;-0.0;0.0;0.0;-0.0;0.0;0.0
P. Joosten;/players/patrick-joosten/394561/;2024-10-27;11;0.0;0.0;0.0;0.0;-0.0;-0.0;0.0;0.0;0.0;-0.0;0.0;0.0;-0.0;0.0;0.0
T. Wellenreuther;/players/timon-wellenreuther/258964/;2024-10-30;12;3.0;0.0;0.0;0.0;-0.0;-0.0;0.0;0.0;-2.0;-0.0;0.0;0.0;-0.0;0.0;1.0
G. Trauner;/players/gernot-trauner/135546/;2024-10-30;12;3.0;0.0;0.0;0.0;-2.0;-0.0;0.0;0.0;-2.0;-0.0;0.0;0.0;-0.0;0.0;-1.0
D. Hancko;/players/david-hancko/391059/;2024-10-30;12;3.0;0.0;0.0;0.0;-0.0;-0.0;0.0;0.0;-2.0;-0.0;0.0;0.0;-0.0;0.0;1.0
Hugo Bueno;/players/hugo-bueno/624935/;2024-10-30;12;2.27;0.0;0.0;0.0;-2.0;-0.0;0.0;0.0;-2.0;-0.0;0.0;0.0;-0.0;0.0;-1.73
G. Read;/players/givairo-read/821635/;2024-10-30;12;2.27;0.0;0.0;0.0;-0.0;-0.0;0.0;0.0;-2.0;-0.0;0.0;0.0;-0.0;0.0;0.27
Hwang In-Beom;/players/in-beom-hwang/400101/;2024-10-30;12;3.0;0.0;0.0;0.0;-0.0;-0.0;0.0;0.0;0.0;-0.0;0.0;0.0;-0.0;0.0;3.0
Q. Timber;/players/quinten-maduro/463017/;2024-10-30;12;3.0;0.0;0.0;0.0;-2.0;-0.0;0.0;0.0;0.0;-0.0;0.0;0.0;-0.0;0.0;1.0
A. Milambo;/players/antoni-djibu-milambo/736392/;2024-10-30;12;2.67;0.0;0.0;0.0;-0.0;-0.0;0.0;0.0;0.0;-0.0;0.0;0.0;-0.0;0.0;2.67
A. Ueda;/players/ayase-ueda/551425/;2024-10-30;12;1.33;0.0;0.0;0.0;-0.0;-0.0;0.0;0.0;0.0;-0.0;0.0;0.0;-0.0;0.0;1.33
Igor Paixão;/players/igor-guilherme-barbosa-da-paixao/593041/;2024-10-30;12;2.67;0.0;0.0;0.0;-0.0;-0.0;0.0;0.0;0.0;-0.0;0.0;0.0;-0.0;0.0;2.67
I. Osman;/players/ibrahim-osman/682733/;2024-10-30;12;3.0;0.0;0.0;0.0;-2.0;-0.0;0.0;0.0;0.0;-0.0;0.0;0.0;-0.0;0.0;1.0
J. Carranza;/players/julian-carranza/475791/;2024-10-30;12;1.67;0.0;0.0;0.0;-0.0;-0.0;0.0;0.0;0.0;-0.0;0.0;0.0;-0.0;0.0;1.67
G. Smal;/players/gijs-smal/508760/;2024-10-30;12;0.73;0.0;0.0;0.0;-0.0;-0.0;0.0;0.0;-0.0;-0.0;0.0;0.0;-0.0;0.0;0.73
B. Nieuwkoop;/players/bart-nieuwkoop/275124/;2024-10-30;12;0.73;0.0;0.0;0.0;-0.0;-0.0;0.0;0.0;-0.0;-0.0;0.0;0.0;-0.0;0.0;0.73
A. Hadj Moussa;/players/anis--hadj-moussa/755639/;2024-10-30;12;0.33;0.0;0.0;0.0;-0.0;-0.0;0.0;0.0;0.0;-0.0;0.0;0.0;-0.0;0.0;0.33
C. Nadje;/players/chris-kevin-nadje/667108/;2024-10-30;12;0.33;0.0;0.0;0.0;-0.0;-0.0;0.0;0.0;0.0;-0.0;0.0;0.0;-0.0;0.0;0.33
L. Ivanušec;/players/luka-ivanuec/424605/;2024-10-30;12;0.0;0.0;0.0;0.0;-0.0;-0.0;0.0;0.0;0.0;-0.0;0.0;0.0;-0.0;0.0;0.0
J. Bijlow;/players/justin-bijlow/340393/;2024-10-30;12;0.0;0.0;0.0;0.0;-0.0;-0.0;0.0;0.0;-0.0;-0.0;0.0;0.0;-0.0;0.0;0.0
R. Zerrouki;/players/ramiz-larbi-zerrouki/621348/;2024-10-30;12;0.0;0.0;0.0;0.0;-0.0;-0.0;0.0;0.0;0.0;-0.0;0.0;0.0;-0.0;0.0;0.0
P. Andreev;/players/plamen-andreev/708730/;2024-10-30;12;0.0;0.0;0.0;0.0;-0.0;-0.0;0.0;0.0;-0.0;-0.0;0.0;0.0;-0.0;0.0;0.0
F. González;/players/facundo-gonzalez-molino/673756/;2024-10-30;12;0.0;0.0;0.0;0.0;-0.0;-0.0;0.0;0.0;-0.0;-0.0;0.0;0.0;-0.0;0.0;0.0
T. Beelen;/players/thomas-beelen/760998/;2024-10-30;12;0.0;0.0;0.0;0.0;-0.0;-0.0;0.0;0.0;-0.0;-0.0;0.0;0.0;-0.0;0.0;0.0
G. Zechiël;/players/gjivai-zechiel/864326/;2024-10-30;12;0.0;0.0;0.0;0.0;-0.0;-0.0;0.0;0.0;0.0;-0.0;0.0;0.0;-0.0;0.0;0.0
R. Pasveer;/players/remko-pasveer/49689/;2024-10-30;12;3.0;2.0;0.0;0.0;-0.0;-0.0;0.0;8.0;-0.0;-0.0;12.0;0.0;-0.0;0.0;25.0
J. Šutalo;/players/josip-utalo/460387/;2024-10-30;12;3.0;2.0;0.0;0.0;-2.0;-0.0;0.0;0.0;-0.0;-0.0;10.0;0.0;-0.0;0.0;13.0
D. Rensch;/players/devyne-rensch/601396/;2024-10-30;12;3.0;2.0;0.0;0.0;-0.0;-0.0;0.0;0.0;-0.0;-0.0;10.0;0.0;-0.0;0.0;15.0
Y. Baas;/players/youri-baas/638355/;2024-10-30;12;3.0;2.0;0.0;0.0;-2.0;-0.0;0.0;0.0;-0.0;-0.0;10.0;0.0;-0.0;0.0;13.0
J. Hato;/players/jorrel-hato/783173/;2024-10-30;12;3.0;2.0;0.0;0.0;-0.0;-0.0;12.0;0.0;-0.0;-0.0;10.0;0.0;-0.0;0.0;27.0
J. Henderson;/players/jordan-henderson/48010/;2024-10-30;12;3.0;2.0;0.0;0.0;-0.0;-0.0;0.0;0.0;0.0;-0.0;3.0;0.0;-0.0;0.0;8.0
D. Klaassen;/players/davy-klaassen/158581/;2024-10-30;12;3.0;2.0;0.0;0.0;-0.0;-0.0;0.0;0.0;0.0;-0.0;3.0;0.0;-0.0;0.0;8.0
K. Taylor;/players/kenneth-taylor/508784/;2024-10-30;12;2.03;1.36;0.0;0.0;-0.0;-0.0;9.0;0.0;0.0;-0.0;2.03;0.0;-0.0;0.0;14.42
C. Akpom;/players/chuba-akpom/215570/;2024-10-30;12;2.83;1.89;0.0;0.0;-0.0;-0.0;0.0;0.0;0.0;-0.0;0.94;0.0;-0.0;0.0;5.67
W. Weghorst;/players/wout-weghorst/255205/;2024-10-30;12;2.8;1.87;0.0;0.0;-0.0;-0.0;0.0;0.0;0.0;-0.0;0.93;0.0;-0.0;0.0;5.6
M. Godts;/players/mika-marcel-godts/790325/;2024-10-30;12;2.3;1.53;0.0;0.0;-0.0;-0.0;0.0;0.0;0.0;-0.0;0.77;0.0;-0.0;0.0;4.6
K. Fitz-Jim;/players/kian-fitz-jim/591724/;2024-10-30;12;0.97;0.64;0.0;0.0;-0.0;-0.0;0.0;0.0;0.0;-0.0;0.97;0.0;-0.0;0.0;2.58
B. Traoré;/players/bertrand-traore/102801/;2024-10-30;12;0.7;0.47;0.0;0.0;-0.0;-0.0;0.0;0.0;0.0;-0.0;0.23;0.0;-0.0;0.0;1.4
B. Brobbey;/players/brian-brobbey/520146/;2024-10-30;12;0.2;0.13;0.0;0.0;-0.0;-0.0;0.0;0.0;0.0;-0.0;0.07;0.0;-0.0;0.0;0.4
A. Gaaei;/players/anton-gaaei/701784/;2024-10-30;12;0.17;0.11;0.0;0.0;-0.0;-0.0;0.0;0.0;-0.0;-0.0;0.56;0.0;-0.0;0.0;0.83
O. Wijndal;/players/owen-wijndal/440858/;2024-10-30;12;0.0;0.0;0.0;0.0;-0.0;-0.0;0.0;0.0;-0.0;-0.0;0.0;0.0;-0.0;0.0;0.0
C. Rasmussen;/players/christian-theodor-kjelder-rasmussen/632224/;2024-10-30;12;0.0;0.0;0.0;0.0;-0.0;-0.0;0.0;0.0;0.0;-0.0;0.0;0.0;-0.0;0.0;0.0
B. van den Boomen;/players/branco-van-den-boomen/215550/;2024-10-30;12;0.0;0.0;0.0;0.0;-0.0;-0.0;0.0;0.0;0.0;-0.0;0.0;0.0;-0.0;0.0;0.0
D. Ramaj;/players/diant-ramaj/562543/;2024-10-30;12;0.0;0.0;0.0;0.0;-0.0;-0.0;0.0;0.0;-0.0;-0.0;0.0;0.0;-0.0;0.0;0.0
J. Gorter;/players/jay-gorter/477600/;2024-10-30;12;0.0;0.0;0.0;0.0;-0.0;-0.0;0.0;0.0;-0.0;-0.0;0.0;0.0;-0.0;0.0;0.0
S. Berghuis;/players/steven-berghuis/134080/;2024-10-30;12;0.0;0.0;0.0;0.0;-0.0;-0.0;0.0;0.0;0.0;-0.0;0.0;0.0;-0.0;0.0;0.0
D. Rugani;/players/daniele-rugani/162676/;2024-10-30;12;0.0;0.0;0.0;0.0;-0.0;-0.0;0.0;0.0;-0.0;-0.0;0.0;0.0;-0.0;0.0;0.0
A. Kaplan;/players/ahmetcan-kaplan/641115/;2024-10-30;12;0.0;0.0;0.0;0.0;-0.0;-0.0;0.0;0.0;-0.0;-0.0;0.0;0.0;-0.0;0.0;0.0
T. Didillon-Hödl;/players/thomas-didillon/259971/;2024-11-02;13;3.0;0.0;0.0;0.0;-0.0;-0.0;0.0;0.0;-1.0;-0.0;0.0;0.0;-0.0;0.0;2.0
M. Tirpan;/players/mickael-tirpan/202469/;2024-11-02;13;3.0;0.0;0.0;0.0;-0.0;-0.0;0.0;0.0;-1.0;-0.0;0.0;0.0;-0.0;0.0;2.0
R. Behounek;/players/raffael-behounek/408747/;2024-11-02;13;3.0;0.0;0.0;0.0;-0.0;-0.0;0.0;0.0;-1.0;-0.0;0.0;0.0;-0.0;0.0;2.0
T. St. Jago;/players/tommy-st-jago/477596/;2024-11-02;13;3.0;0.0;0.0;0.0;-0.0;-0.0;0.0;0.0;-1.0;-0.0;0.0;0.0;-0.0;0.0;2.0
R. Sigurgeirsson;/players/runar-thor-sigurgeirsson/491746/;2024-11-02;13;2.77;0.0;0.0;0.0;-2.0;-0.0;0.0;0.0;-1.0;-0.0;0.0;0.0;-0.0;0.0;-0.23
A. Lachkar;/players/amine-lachkar/876151/;2024-11-02;13;2.37;0.0;0.0;0.0;-0.0;-0.0;0.0;0.0;-1.0;-0.0;0.0;0.0;-0.0;0.0;1.37
J. Bosch;/players/jesse-bosch/621347/;2024-11-02;13;3.0;0.0;0.0;0.0;-0.0;-0.0;0.0;0.0;0.0;-0.0;0.0;0.0;-0.0;0.0;3.0
R. Meerveld;/players/ringo-meerveld/623815/;2024-11-02;13;3.0;0.0;0.0;0.0;-0.0;-0.0;0.0;0.0;0.0;-0.0;0.0;0.0;-0.0;0.0;3.0
C. Sandra;/players/cisse-sandra/638266/;2024-11-02;13;2.37;0.0;0.0;0.0;-0.0;-0.0;0.0;0.0;0.0;-0.0;0.0;0.0;-0.0;0.0;2.37
K. Vaesen;/players/kyan-vaesen/620620/;2024-11-02;13;2.37;0.0;0.0;0.0;-0.0;-0.0;0.0;0.0;0.0;-0.0;0.0;0.0;-0.0;0.0;2.37
A. Fatah;/players/amar-abdirahman-ahmed/801857/;2024-11-02;13;1.1;0.0;0.0;0.0;-2.0;-0.0;0.0;0.0;0.0;-0.0;0.0;0.0;-0.0;0.0;-0.9
E. Kehrer;/players/emilio-kehrer/609627/;2024-11-02;13;1.9;0.0;0.0;0.0;-0.0;-0.0;0.0;0.0;0.0;-0.0;0.0;0.0;-0.0;0.0;1.9
J. Bokila;/players/jeremy-bokila/49538/;2024-11-02;13;0.63;0.0;0.0;0.0;-2.0;-0.0;0.0;0.0;0.0;-0.0;0.0;0.0;-0.0;0.0;-1.37
B. Lambert;/players/lambert-boris/551151/;2024-11-02;13;0.63;0.0;0.0;0.0;-2.0;-0.0;0.0;0.0;-0.0;-0.0;0.0;0.0;-0.0;0.0;-1.37
P. Joosten;/players/patrick-joosten/394561/;2024-11-02;13;0.63;0.0;0.0;0.0;-0.0;-0.0;0.0;0.0;0.0;-0.0;0.0;0.0;-0.0;0.0;0.63
R. Nizet;/players/rob-nizet/575071/;2024-11-02;13;0.23;0.0;0.0;0.0;-0.0;-0.0;0.0;0.0;-0.0;-0.0;0.0;0.0;-0.0;0.0;0.23
N. Doodeman;/players/nick-doodeman/454478/;2024-11-02;13;0.0;0.0;0.0;0.0;-0.0;-0.0;0.0;0.0;0.0;-0.0;0.0;0.0;-0.0;0.0;0.0
C. van den Berg;/players/connor-van-den-berg/569426/;2024-11-02;13;0.0;0.0;0.0;0.0;-0.0;-0.0;0.0;0.0;-0.0;-0.0;0.0;0.0;-0.0;0.0;0.0
J. Mathijsen;/players/jens-mathijsen/982233/;2024-11-02;13;0.0;0.0;0.0;0.0;-0.0;-0.0;0.0;0.0;-0.0;-0.0;0.0;0.0;-0.0;0.0;0.0
P. van Loon;/players/per-van-loon/982232/;2024-11-02;13;;;;;;;;;;;;;;;0.0
M. Schut;/players/maarten-schut/680846/;2024-11-02;13;0.0;0.0;0.0;0.0;-0.0;-0.0;0.0;0.0;-0.0;-0.0;0.0;0.0;-0.0;0.0;0.0
M. Pivaš;/players/miodrag-pivas/745852/;2024-11-02;13;0.0;0.0;0.0;0.0;-0.0;-0.0;0.0;0.0;-0.0;-0.0;0.0;0.0;-0.0;0.0;0.0
L. Unnerstall;/players/lars-unnerstall/81320/;2024-11-02;13;3.0;2.0;0.0;0.0;-0.0;-0.0;0.0;0.0;-0.0;-0.0;12.0;0.0;-0.0;0.0;17.0
A. Salah-Eddine;/players/anass-salah-eddine/525927/;2024-11-02;13;3.0;2.0;0.0;0.0;-0.0;-0.0;0.0;0.0;-0.0;-0.0;10.0;0.0;-0.0;0.0;15.0
B. van Rooij;/players/bart-van-rooij/557859/;2024-11-02;13;3.0;2.0;0.0;0.0;-0.0;-0.0;0.0;0.0;-0.0;-0.0;10.0;0.0;-0.0;0.0;15.0
M. Hilgers;/players/mees-hilgers/627701/;2024-11-02;13;1.53;1.02;0.0;0.0;-0.0;-0.0;0.0;0.0;-0.0;-0.0;5.11;0.0;-0.0;0.0;7.67
C. Eiting;/players/carel-eiting/379791/;2024-11-02;13;3.0;2.0;0.0;0.0;-0.0;-0.0;0.0;0.0;0.0;-0.0;3.0;0.0;-0.0;0.0;8.0
M. Vlap;/players/michel-vlap/407742/;2024-11-02;13;2.7;1.8;0.0;0.0;-0.0;-0.0;0.0;0.0;0.0;-0.0;2.7;0.0;-0.0;0.0;7.2
M. Bruns;/players/max-bruns/628828/;2024-11-02;13;3.0;2.0;0.0;0.0;-0.0;-0.0;0.0;0.0;0.0;-0.0;3.0;0.0;-0.0;0.0;8.0
Y. Regeer;/players/youri-regeer/632221/;2024-11-02;13;3.0;2.0;0.0;0.0;-0.0;-0.0;0.0;0.0;0.0;-0.0;3.0;0.0;-0.0;0.0;8.0
S. Ltaief;/players/sayfallah-ltaief/659735/;2024-11-02;13;2.03;1.36;0.0;0.0;-0.0;-0.0;0.0;5.0;0.0;-0.0;2.03;0.0;-0.0;0.0;10.42
S. Lammers;/players/sam-lammers/407736/;2024-11-02;13;2.53;1.69;0.0;0.0;-0.0;-0.0;8.0;0.0;0.0;-0.0;0.84;0.0;-0.0;0.0;13.07
D. Rots;/players/daan-rots/628516/;2024-11-02;13;2.53;1.69;0.0;0.0;-2.0;-0.0;0.0;0.0;0.0;-0.0;0.84;0.0;-0.0;0.0;3.07
G. Lagerbielke;/players/gustaf-lagerbielke/500894/;2024-11-02;13;1.47;0.98;0.0;0.0;-0.0;-0.0;0.0;0.0;-0.0;-0.0;4.89;0.0;-0.0;0.0;7.33
M. van Bergen;/players/mitchell-van-bergen/426574/;2024-11-02;13;0.97;0.64;0.0;0.0;-0.0;-0.0;0.0;0.0;0.0;-0.0;0.32;0.0;-0.0;0.0;1.93
B. Kuipers;/players/bas-edo-kuipers/274649/;2024-11-02;13;0.47;0.31;0.0;0.0;-0.0;-0.0;0.0;0.0;-0.0;-0.0;1.56;0.0;-0.0;0.0;2.33
R. van Wolfswinkel;/players/ricky-van-wolfswinkel/59407/;2024-11-02;13;0.47;0.31;0.0;0.0;-0.0;-0.0;0.0;0.0;0.0;-0.0;0.16;0.0;-0.0;0.0;0.93
G. Besselink;/players/gijs-besselink/895383/;2024-11-02;13;0.3;0.2;0.0;0.0;-0.0;-0.0;0.0;0.0;0.0;-0.0;0.3;0.0;-0.0;0.0;0.8
P. Tytoń;/players/przemyslaw-tyton/17326/;2024-11-02;13;0.0;0.0;0.0;0.0;-0.0;-0.0;0.0;0.0;-0.0;-0.0;0.0;0.0;-0.0;0.0;0.0
M. Rots;/players/mats-rots/830558/;2024-11-02;13;0.0;0.0;0.0;0.0;-0.0;-0.0;0.0;0.0;-0.0;-0.0;0.0;0.0;-0.0;0.0;0.0
H. Kuster;/players/harrie-kuster/916880/;2024-11-02;13;0.0;0.0;0.0;0.0;-0.0;-0.0;0.0;0.0;0.0;-0.0;0.0;0.0;-0.0;0.0;0.0
M. Sadílek;/players/michal-sadilek/377539/;2024-11-02;13;0.0;0.0;0.0;0.0;-0.0;-0.0;0.0;0.0;0.0;-0.0;0.0;0.0;-0.0;0.0;0.0
A. Van Hoorenbeeck;/players/alec-van-hoorenbeeck/593523/;2024-11-02;13;0.0;0.0;0.0;0.0;-0.0;-0.0;0.0;0.0;-0.0;-0.0;0.0;0.0;-0.0;0.0;0.0
I. El Maach;/players/issam-el-maach/506880/;2024-11-02;13;0.0;0.0;0.0;0.0;-0.0;-0.0;0.0;0.0;-0.0;-0.0;0.0;0.0;-0.0;0.0;0.0
M. Kjølø;/players/mathias-ullereng-kjolo/517477/;2024-11-02;13;0.0;0.0;0.0;0.0;-0.0;-0.0;0.0;0.0;0.0;-0.0;0.0;0.0;-0.0;0.0;0.0
J. Bijlow;/players/justin-bijlow/340393/;2024-11-02;13;3.0;2.0;0.0;0.0;-0.0;-0.0;0.0;0.0;-2.0;-0.0;0.0;0.0;-0.0;0.0;3.0
D. Hancko;/players/david-hancko/391059/;2024-11-02;13;3.0;2.0;0.0;0.0;-0.0;-0.0;0.0;0.0;-2.0;-0.0;0.0;0.0;-0.0;0.0;3.0
Hugo Bueno;/players/hugo-bueno/624935/;2024-11-02;13;3.0;2.0;0.0;0.0;-0.0;-0.0;0.0;0.0;-2.0;-0.0;0.0;0.0;-0.0;0.0;3.0
T. Beelen;/players/thomas-beelen/760998/;2024-11-02;13;3.0;2.0;0.0;0.0;-0.0;-0.0;0.0;0.0;-2.0;-0.0;0.0;0.0;-0.0;0.0;3.0
G. Read;/players/givairo-read/821635/;2024-11-02;13;2.0;1.33;0.0;0.0;-0.0;-0.0;0.0;0.0;-0.0;-0.0;0.0;0.0;-0.0;0.0;3.33
Hwang In-Beom;/players/in-beom-hwang/400101/;2024-11-02;13;3.0;2.0;0.0;0.0;-0.0;-0.0;0.0;0.0;0.0;-0.0;0.0;0.0;-0.0;0.0;5.0
Q. Timber;/players/quinten-maduro/463017/;2024-11-02;13;3.0;2.0;0.0;0.0;-0.0;-0.0;0.0;0.0;0.0;-0.0;0.0;0.0;-0.0;0.0;5.0
R. Zerrouki;/players/ramiz-larbi-zerrouki/621348/;2024-11-02;13;2.0;1.33;0.0;0.0;-0.0;-0.0;0.0;0.0;0.0;-0.0;0.0;0.0;-0.0;0.0;3.33
L. Ivanušec;/players/luka-ivanuec/424605/;2024-11-02;13;2.47;1.64;0.0;0.0;-0.0;-0.0;8.0;0.0;0.0;-0.0;0.0;0.0;-0.0;0.0;12.11
J. Carranza;/players/julian-carranza/475791/;2024-11-02;13;2.67;1.78;0.0;0.0;-0.0;-0.0;0.0;4.0;0.0;-0.0;0.0;0.0;-0.0;0.0;8.44
Igor Paixão;/players/igor-guilherme-barbosa-da-paixao/593041/;2024-11-02;13;2.67;1.78;0.0;0.0;-0.0;-0.0;0.0;0.0;0.0;-0.0;0.0;0.0;-0.0;0.0;4.44
B. Nieuwkoop;/players/bart-nieuwkoop/275124/;2024-11-02;13;1.0;0.67;0.0;0.0;-0.0;-0.0;0.0;6.0;-2.0;-0.0;0.0;0.0;-0.0;0.0;5.67
C. Nadje;/players/chris-kevin-nadje/667108/;2024-11-02;13;1.0;0.67;0.0;0.0;-0.0;-0.0;0.0;0.0;0.0;-0.0;0.0;0.0;-0.0;0.0;1.67
A. Hadj Moussa;/players/anis--hadj-moussa/755639/;2024-11-02;13;0.53;0.36;0.0;0.0;-0.0;-0.0;0.0;0.0;0.0;-0.0;0.0;0.0;-0.0;0.0;0.89
G. Smal;/players/gijs-smal/508760/;2024-11-02;13;0.33;0.22;0.0;0.0;-0.0;-0.0;0.0;0.0;-1.0;-0.0;0.0;0.0;-0.0;0.0;-0.44
I. Osman;/players/ibrahim-osman/682733/;2024-11-02;13;0.33;0.22;0.0;0.0;-0.0;-0.0;8.0;0.0;0.0;-0.0;0.0;0.0;-0.0;0.0;8.56
Z. Redmond;/players/zepiqueno-redmond/830547/;2024-11-02;13;0.0;0.0;0.0;0.0;-0.0;-0.0;0.0;0.0;0.0;-0.0;0.0;0.0;-0.0;0.0;0.0
F. González;/players/facundo-gonzalez-molino/673756/;2024-11-02;13;0.0;0.0;0.0;0.0;-0.0;-0.0;0.0;0.0;-0.0;-0.0;0.0;0.0;-0.0;0.0;0.0
P. Andreev;/players/plamen-andreev/708730/;2024-11-02;13;0.0;0.0;0.0;0.0;-0.0;-0.0;0.0;0.0;-0.0;-0.0;0.0;0.0;-0.0;0.0;0.0
G. Zechiël;/players/gjivai-zechiel/864326/;2024-11-02;13;0.0;0.0;0.0;0.0;-0.0;-0.0;0.0;0.0;0.0;-0.0;0.0;0.0;-0.0;0.0;0.0
G. Trauner;/players/gernot-trauner/135546/;2024-11-02;13;0.0;0.0;0.0;0.0;-0.0;-0.0;0.0;0.0;-0.0;-0.0;0.0;0.0;-0.0;0.0;0.0
T. Wellenreuther;/players/timon-wellenreuther/258964/;2024-11-02;13;0.0;0.0;0.0;0.0;-0.0;-0.0;0.0;0.0;-0.0;-0.0;0.0;0.0;-0.0;0.0;0.0
R. Owusu-Oduro;/players/rome-jayden-owusu-oduro/789860/;2024-11-02;13;3.0;0.0;0.0;0.0;-0.0;-0.0;0.0;0.0;-3.0;-0.0;0.0;0.0;-0.0;0.0;0.0
D. Kasius;/players/denso-kasius/569311/;2024-11-02;13;2.67;0.0;0.0;0.0;-0.0;-0.0;0.0;0.0;-3.0;-0.0;0.0;0.0;-0.0;0.0;-0.33
Alexandre Penetra;/players/alexandre-manuel-penetra-correia/572102/;2024-11-02;13;3.0;0.0;0.0;0.0;-0.0;-0.0;0.0;0.0;-3.0;-0.0;0.0;0.0;-0.0;0.0;0.0
D. Møller Wolfe;/players/david-moller-wolfe/603294/;2024-11-02;13;2.43;0.0;0.0;0.0;-0.0;-0.0;0.0;6.0;-3.0;-3.0;0.0;0.0;-0.0;0.0;2.43
M. Dekker;/players/maxim-dekker/700543/;2024-11-02;13;2.43;0.0;0.0;0.0;-0.0;-0.0;0.0;0.0;-3.0;-0.0;0.0;0.0;-0.0;0.0;-0.57
J. Clasie;/players/jordy-clasie/134078/;2024-11-02;13;2.23;0.0;0.0;0.0;-0.0;-0.0;0.0;0.0;0.0;-0.0;0.0;0.0;-0.0;0.0;2.23
P. Koopmeiners;/players/peer-koopmeiners/533281/;2024-11-02;13;3.0;0.0;0.0;0.0;-0.0;-0.0;0.0;0.0;0.0;-0.0;0.0;0.0;-0.0;0.0;3.0
S. Mijnans;/players/sven-mijnans/566000/;2024-11-02;13;3.0;0.0;0.0;0.0;-0.0;-0.0;0.0;0.0;0.0;-0.0;0.0;0.0;-0.0;0.0;3.0
T. Parrott;/players/troy-parrot/515624/;2024-11-02;13;3.0;0.0;0.0;0.0;-0.0;-0.0;8.0;0.0;0.0;-0.0;0.0;0.0;-0.0;0.0;11.0
M. Lahdo;/players/mayckel-lahdo/660897/;2024-11-02;13;2.23;0.0;0.0;0.0;-0.0;-0.0;0.0;0.0;0.0;-0.0;0.0;0.0;-0.0;0.0;2.23
E. Poku;/players/ernest-poku/700544/;2024-11-02;13;3.0;0.0;0.0;0.0;-0.0;-0.0;0.0;4.0;0.0;-0.0;0.0;0.0;-0.0;0.0;7.0
D. Kwakman;/players/dave-kwakman/777219/;2024-11-02;13;0.77;0.0;0.0;0.0;-0.0;-0.0;0.0;0.0;0.0;-0.0;0.0;0.0;-0.0;0.0;0.77
J. Addai;/players/jayden-addai/789997/;2024-11-02;13;0.77;0.0;0.0;0.0;-0.0;-0.0;0.0;0.0;0.0;-0.0;0.0;0.0;-0.0;0.0;0.77
M. de Wit;/players/mees-de-wit/423562/;2024-11-02;13;0.57;0.0;0.0;0.0;-0.0;-0.0;0.0;0.0;-0.0;-0.0;0.0;0.0;-0.0;0.0;0.57
W. Goes;/players/wouter-goes/777233/;2024-11-02;13;0.57;0.0;0.0;0.0;-0.0;-0.0;0.0;0.0;-0.0;-0.0;0.0;0.0;-0.0;0.0;0.57
M. Meerdink;/players/mexx-meerdink/796451/;2024-11-02;13;0.33;0.0;0.0;0.0;-0.0;-0.0;8.0;0.0;0.0;-0.0;0.0;0.0;-0.0;0.0;8.33
S. Maikuma;/players/seiya-maikuma/651537/;2024-11-02;13;0.0;0.0;0.0;0.0;-0.0;-0.0;0.0;0.0;-0.0;-0.0;0.0;0.0;-0.0;0.0;0.0
H. Verhulst;/players/hobie-verhulst/138446/;2024-11-02;13;0.0;0.0;0.0;0.0;-0.0;-0.0;0.0;0.0;-0.0;-0.0;0.0;0.0;-0.0;0.0;0.0
K. Smit;/players/kees-smit/789945/;2024-11-02;13;0.0;0.0;0.0;0.0;-0.0;-0.0;0.0;0.0;0.0;-0.0;0.0;0.0;-0.0;0.0;0.0
J. Zoet;/players/jeroen-zoet/61206/;2024-11-02;13;0.0;0.0;0.0;0.0;-0.0;-0.0;0.0;0.0;-0.0;-0.0;0.0;0.0;-0.0;0.0;0.0
R. Daal;/players/ro-zangelo-daal/777225/;2024-11-02;13;0.0;0.0;0.0;0.0;-0.0;-0.0;0.0;0.0;0.0;-0.0;0.0;0.0;-0.0;0.0;0.0
R. Pasveer;/players/remko-pasveer/49689/;2024-11-02;13;3.0;2.0;0.0;0.0;-0.0;-0.0;0.0;0.0;-2.0;-0.0;0.0;0.0;-0.0;0.0;3.0
J. Šutalo;/players/josip-utalo/460387/;2024-11-02;13;3.0;2.0;0.0;0.0;-0.0;-0.0;0.0;0.0;-2.0;-0.0;0.0;0.0;-0.0;0.0;3.0
D. Rensch;/players/devyne-rensch/601396/;2024-11-02;13;3.0;2.0;0.0;0.0;-0.0;-0.0;0.0;0.0;-2.0;-0.0;0.0;0.0;-0.0;0.0;3.0
Y. Baas;/players/youri-baas/638355/;2024-11-02;13;3.0;2.0;0.0;0.0;-0.0;-0.0;0.0;0.0;-2.0;-0.0;0.0;0.0;-0.0;0.0;3.0
J. Hato;/players/jorrel-hato/783173/;2024-11-02;13;3.0;2.0;0.0;0.0;-0.0;-0.0;0.0;6.0;-2.0;-0.0;0.0;0.0;-0.0;0.0;9.0
J. Henderson;/players/jordan-henderson/48010/;2024-11-02;13;3.0;2.0;0.0;0.0;-0.0;-0.0;0.0;0.0;0.0;-0.0;0.0;0.0;-0.0;0.0;5.0
D. Klaassen;/players/davy-klaassen/158581/;2024-11-02;13;2.87;1.91;0.0;0.0;-0.0;-0.0;9.0;0.0;0.0;-0.0;0.0;0.0;-0.0;0.0;13.78
K. Fitz-Jim;/players/kian-fitz-jim/591724/;2024-11-02;13;2.37;1.58;0.0;0.0;-0.0;-0.0;9.0;0.0;0.0;-0.0;0.0;0.0;-0.0;0.0;12.94
B. Traoré;/players/bertrand-traore/102801/;2024-11-02;13;2.87;1.91;0.0;0.0;-0.0;-0.0;0.0;0.0;0.0;-0.0;0.0;0.0;-0.0;0.0;4.78
C. Akpom;/players/chuba-akpom/215570/;2024-11-02;13;2.03;1.36;0.0;0.0;-0.0;-0.0;0.0;0.0;0.0;-0.0;0.0;0.0;-0.0;0.0;3.39
B. Brobbey;/players/brian-brobbey/520146/;2024-11-02;13;2.37;1.58;0.0;0.0;-2.0;-0.0;0.0;0.0;0.0;-0.0;0.0;0.0;-0.0;0.0;1.94
M. Godts;/players/mika-marcel-godts/790325/;2024-11-02;13;0.97;0.64;0.0;0.0;-0.0;-0.0;8.0;0.0;0.0;-0.0;0.0;0.0;-0.0;0.0;9.61
K. Taylor;/players/kenneth-taylor/508784/;2024-11-02;13;0.63;0.42;0.0;0.0;-0.0;-0.0;0.0;0.0;0.0;-0.0;0.0;0.0;-0.0;0.0;1.06
W. Weghorst;/players/wout-weghorst/255205/;2024-11-02;13;0.63;0.42;0.0;0.0;-0.0;-0.0;0.0;0.0;0.0;-0.0;0.0;0.0;-0.0;0.0;1.06
S. Berghuis;/players/steven-berghuis/134080/;2024-11-02;13;0.13;0.09;0.0;0.0;-2.0;-0.0;0.0;0.0;0.0;-0.0;0.0;0.0;-0.0;0.0;-1.78
D. Rugani;/players/daniele-rugani/162676/;2024-11-02;13;0.13;0.09;0.0;0.0;-0.0;-0.0;0.0;0.0;-0.0;-0.0;0.0;0.0;-0.0;0.0;0.22
J. Gorter;/players/jay-gorter/477600/;2024-11-02;13;0.0;0.0;0.0;0.0;-0.0;-0.0;0.0;0.0;-0.0;-0.0;0.0;0.0;-0.0;0.0;0.0
A. Gaaei;/players/anton-gaaei/701784/;2024-11-02;13;0.0;0.0;0.0;0.0;-0.0;-0.0;0.0;0.0;-0.0;-0.0;0.0;0.0;-0.0;0.0;0.0
D. Ramaj;/players/diant-ramaj/562543/;2024-11-02;13;0.0;0.0;0.0;0.0;-0.0;-0.0;0.0;0.0;-0.0;-0.0;0.0;0.0;-0.0;0.0;0.0
A. Kaplan;/players/ahmetcan-kaplan/641115/;2024-11-02;13;0.0;0.0;0.0;0.0;-0.0;-0.0;0.0;0.0;-0.0;-0.0;0.0;0.0;-0.0;0.0;0.0
B. van den Boomen;/players/branco-van-den-boomen/215550/;2024-11-02;13;0.0;0.0;0.0;0.0;-0.0;-0.0;0.0;0.0;0.0;-0.0;0.0;0.0;-0.0;0.0;0.0
C. Rasmussen;/players/christian-theodor-kjelder-rasmussen/632224/;2024-11-02;13;0.0;0.0;0.0;0.0;-0.0;-0.0;0.0;0.0;0.0;-0.0;0.0;0.0;-0.0;0.0;0.0
O. Wijndal;/players/owen-wijndal/440858/;2024-11-02;13;0.0;0.0;0.0;0.0;-0.0;-0.0;0.0;0.0;-0.0;-0.0;0.0;0.0;-0.0;0.0;0.0
W. Benítez;/players/walter-benitez/210145/;2024-11-02;13;3.0;0.0;0.0;0.0;-0.0;-0.0;0.0;0.0;-3.0;-0.0;0.0;0.0;-0.0;0.0;0.0
R. Karsdorp;/players/rick-karsdorp/322327/;2024-11-02;13;3.0;0.0;0.0;0.0;-2.0;-0.0;0.0;0.0;-3.0;-0.0;0.0;0.0;-0.0;0.0;-2.0
O. Boscagli;/players/olivier-boscagli/329542/;2024-11-02;13;3.0;0.0;0.0;0.0;-0.0;-0.0;0.0;0.0;-3.0;-0.0;0.0;0.0;-0.0;0.0;0.0
R. Flamingo;/players/ryan-flamingo/627724/;2024-11-02;13;2.97;0.0;0.0;0.0;-2.0;-0.0;0.0;0.0;-3.0;-0.0;0.0;0.0;-0.0;0.0;-2.03
M. Dams;/players/matteo-dams/805736/;2024-11-02;13;1.53;0.0;0.0;0.0;-0.0;-0.0;0.0;0.0;-1.0;-0.0;0.0;0.0;-0.0;0.0;0.53
G. Til;/players/guus-til/451981/;2024-11-02;13;2.7;0.0;0.0;0.0;-0.0;-0.0;0.0;0.0;0.0;-0.0;0.0;0.0;-0.0;0.0;2.7
M. Tillman;/players/malik-tillman/561787/;2024-11-02;13;3.0;0.0;0.0;0.0;-0.0;-0.0;0.0;0.0;0.0;-0.0;0.0;0.0;-0.0;0.0;3.0
I. Saibari;/players/ismael-saibari/632481/;2024-11-02;13;3.0;0.0;0.0;0.0;-0.0;-0.0;0.0;5.0;0.0;-0.0;0.0;0.0;-0.0;0.0;8.0
I. Perišić;/players/ivan-perisic/13756/;2024-11-02;13;2.97;0.0;0.0;0.0;-0.0;-0.0;8.0;0.0;0.0;-0.0;0.0;0.0;-0.0;0.0;10.97
L. de Jong;/players/luuk-de-jong/65056/;2024-11-02;13;3.0;0.0;0.0;0.0;-2.0;-0.0;8.0;0.0;0.0;-0.0;0.0;0.0;-0.0;0.0;9.0
N. Lang;/players/noa-lang/463018/;2024-11-02;13;2.4;0.0;0.0;0.0;-0.0;-0.0;0.0;4.0;0.0;-0.0;0.0;0.0;-0.0;0.0;6.4
Mauro Júnior;/players/mauro-jaqueson-junior-ferreira-dos-santos/398754/;2024-11-02;13;1.47;0.0;0.0;0.0;-0.0;-0.0;0.0;0.0;-2.0;-0.0;0.0;0.0;-0.0;0.0;-0.53
J. Bakayoko;/players/johan-bakayoko/638229/;2024-11-02;13;0.6;0.0;0.0;0.0;-0.0;-0.0;0.0;0.0;0.0;-0.0;0.0;0.0;-0.0;0.0;0.6
R. Pepi;/players/ricardo-pepi/523964/;2024-11-02;13;0.3;0.0;0.0;0.0;-0.0;-0.0;0.0;0.0;0.0;-0.0;0.0;0.0;-0.0;0.0;0.3
A. Obispo;/players/armando-obispo/426581/;2024-11-02;13;0.03;0.0;0.0;0.0;-0.0;-0.0;0.0;0.0;-0.0;-0.0;0.0;0.0;-0.0;0.0;0.03
C. Driouech;/players/couhaib-driouech/632812/;2024-11-02;13;0.03;0.0;0.0;0.0;-0.0;-0.0;0.0;0.0;0.0;-0.0;0.0;0.0;-0.0;0.0;0.03
N. Schiks;/players/niek-schiks/643502/;2024-11-02;13;0.0;0.0;0.0;0.0;-0.0;-0.0;0.0;0.0;-0.0;-0.0;0.0;0.0;-0.0;0.0;0.0
I. Babadi;/players/isaac-babadi/700867/;2024-11-02;13;0.0;0.0;0.0;0.0;-0.0;-0.0;0.0;0.0;0.0;-0.0;0.0;0.0;-0.0;0.0;0.0
R. Ledezma;/players/richard-ledezma/512218/;2024-11-02;13;0.0;0.0;0.0;0.0;-0.0;-0.0;0.0;0.0;0.0;-0.0;0.0;0.0;-0.0;0.0;0.0
J. Drommel;/players/joel-drommel/355869/;2024-11-02;13;0.0;0.0;0.0;0.0;-0.0;-0.0;0.0;0.0;-0.0;-0.0;0.0;0.0;-0.0;0.0;0.0
F. Oppegård;/players/fredrik-oppegard/575059/;2024-11-02;13;0.0;0.0;0.0;0.0;-0.0;-0.0;0.0;0.0;-0.0;-0.0;0.0;0.0;-0.0;0.0;0.0
T. Land;/players/tygo-land/830551/;2024-11-02;13;0.0;0.0;0.0;0.0;-0.0;-0.0;0.0;0.0;0.0;-0.0;0.0;0.0;-0.0;0.0;0.0
F. de Keijzer;/players/fabian-de-keijzer/463695/;2024-11-02;13;3.0;2.0;0.0;0.0;-0.0;-0.0;0.0;0.0;-0.0;-0.0;12.0;0.0;-0.0;0.0;17.0
D. Mirani;/players/damon-mirani/289811/;2024-11-02;13;3.0;2.0;0.0;0.0;-0.0;-0.0;0.0;0.0;-0.0;-0.0;10.0;0.0;-0.0;0.0;15.0
I. Mesík;/players/ivan-mesik/513503/;2024-11-02;13;3.0;2.0;0.0;0.0;-0.0;-0.0;0.0;0.0;-0.0;-0.0;10.0;0.0;-0.0;0.0;15.0
R. Roosken;/players/ruben-roosken/618143/;2024-11-02;13;3.0;2.0;0.0;0.0;-2.0;-0.0;0.0;0.0;-0.0;-0.0;10.0;0.0;-0.0;0.0;13.0
M. Benita;/players/mimeirhel-benita/645525/;2024-11-02;13;3.0;2.0;0.0;0.0;-0.0;-0.0;0.0;0.0;-0.0;-0.0;10.0;0.0;-0.0;0.0;15.0
M. Engels;/players/mario-engels/243044/;2024-11-02;13;2.77;1.84;0.0;0.0;-0.0;-0.0;0.0;0.0;0.0;-0.0;2.77;0.0;-0.0;0.0;7.38
J. Bruijn;/players/jordy-bruijn/314251/;2024-11-02;13;2.73;1.82;0.0;0.0;-0.0;-0.0;0.0;0.0;0.0;-0.0;2.73;0.0;-0.0;0.0;7.29
J. Žambůrek;/players/jan-ambrek/542777/;2024-11-02;13;2.73;1.82;0.0;0.0;-0.0;-0.0;0.0;0.0;0.0;-0.0;2.73;0.0;-0.0;0.0;7.29
B. De Keersmaecker;/players/brian-de-keersmaecker/605558/;2024-11-02;13;3.0;2.0;0.0;0.0;-0.0;-0.0;9.0;0.0;0.0;-0.0;3.0;3.0;-0.0;0.0;20.0
S. Podgoreanu;/players/suf-podgoreanu/509673/;2024-11-02;13;3.0;2.0;0.0;0.0;-0.0;-0.0;0.0;4.0;0.0;-0.0;1.0;0.0;-0.0;0.0;10.0
L. Kulenović;/players/luka-kulenovi/631882/;2024-11-02;13;2.37;1.58;0.0;0.0;-0.0;-0.0;0.0;0.0;0.0;-0.0;0.79;0.0;-0.0;0.0;4.73
J. Hornkamp;/players/jizz-hornkamp/526566/;2024-11-02;13;0.63;0.42;0.0;0.0;-0.0;-0.0;0.0;0.0;0.0;-0.0;0.21;0.0;-0.0;0.0;1.27
t Zand;/players/shiloh-t-zand/824640/;2024-11-02;13;0.27;0.18;0.0;0.0;-0.0;-0.0;0.0;0.0;0.0;-0.0;0.27;0.0;-0.0;0.0;0.71
D. van Kaam;/players/daniel-van-kaam/477595/;2024-11-02;13;0.27;0.18;0.0;0.0;-0.0;-0.0;0.0;0.0;0.0;-0.0;0.27;0.0;-0.0;0.0;0.71
J. Talvitie;/players/juho-talvitie/701365/;2024-11-02;13;0.23;0.16;0.0;0.0;-0.0;-0.0;0.0;0.0;0.0;-0.0;0.08;0.0;-0.0;0.0;0.47
L. Milani;/players/lorenzo-milani/664147/;2024-11-02;13;0.0;0.0;0.0;0.0;-0.0;-0.0;0.0;0.0;-0.0;-0.0;0.0;0.0;-0.0;0.0;0.0
J. Hoogma;/players/justin-hoogma/432697/;2024-11-02;13;0.0;0.0;0.0;0.0;-0.0;-0.0;0.0;0.0;-0.0;-0.0;0.0;0.0;-0.0;0.0;0.0
K. Leerdam;/players/kelvin-leerdam/68354/;2024-11-02;13;0.0;0.0;0.0;0.0;-0.0;-0.0;0.0;0.0;-0.0;-0.0;0.0;0.0;-0.0;0.0;0.0
T. Bruns;/players/thomas-bruns/168503/;2024-11-02;13;0.0;0.0;0.0;0.0;-0.0;-0.0;0.0;0.0;0.0;-0.0;0.0;0.0;-0.0;0.0;0.0
R. Mantel;/players/robin-mantel/502712/;2024-11-02;13;0.0;0.0;0.0;0.0;-0.0;-0.0;0.0;0.0;-0.0;-0.0;0.0;0.0;-0.0;0.0;0.0
J. Wieckhoff;/players/jannes-luca-wieckhoff/497167/;2024-11-02;13;0.0;0.0;0.0;0.0;-0.0;-0.0;0.0;0.0;-0.0;-0.0;0.0;0.0;-0.0;0.0;0.0
T. Jansink;/players/timo-jansink/632823/;2024-11-02;13;0.0;0.0;0.0;0.0;-0.0;-0.0;0.0;0.0;-0.0;-0.0;0.0;0.0;-0.0;0.0;0.0
D. Bielica;/players/daniel-bielica/555492/;2024-11-02;13;3.0;0.0;0.0;0.0;-0.0;-0.0;0.0;0.0;-2.0;-0.0;0.0;0.0;-0.0;0.0;1.0
T. Kongolo;/players/terence-kongolo/161296/;2024-11-02;13;3.0;0.0;0.0;0.0;-0.0;-0.0;0.0;0.0;-2.0;-0.0;0.0;0.0;-0.0;0.0;1.0
B. Kemper;/players/boy-kemper/463009/;2024-11-02;13;3.0;0.0;0.0;0.0;-0.0;-0.0;0.0;0.0;-2.0;-0.0;0.0;0.0;-0.0;0.0;1.0
L. Greiml;/players/leo-greiml/517683/;2024-11-02;13;3.0;0.0;0.0;0.0;-2.0;-0.0;0.0;0.0;-2.0;-0.0;0.0;0.0;-0.0;0.0;-1.0
F. Oldrup Jensen;/players/fredrik-oldrup-jensen/231672/;2024-11-02;13;3.0;0.0;0.0;0.0;-0.0;-0.0;0.0;0.0;0.0;-0.0;0.0;0.0;-0.0;0.0;3.0
C. Leemans;/players/clint-leemans/264397/;2024-11-02;13;2.27;0.0;0.0;0.0;-0.0;-0.0;0.0;0.0;0.0;-0.0;0.0;0.0;-0.0;0.0;2.27
R. Paula;/players/raul-paula/640610/;2024-11-02;13;2.07;0.0;0.0;0.0;-0.0;-0.0;0.0;0.0;0.0;-0.0;0.0;0.0;-0.0;0.0;2.07
M. Balard;/players/maximilien-balard/643695/;2024-11-02;13;3.0;0.0;0.0;0.0;-0.0;-0.0;0.0;0.0;0.0;-0.0;0.0;0.0;-0.0;0.0;3.0
E. Ómarsson;/players/elias-mar-omarsson/213035/;2024-11-02;13;2.27;0.0;0.0;0.0;-0.0;-0.0;0.0;0.0;0.0;-0.0;0.0;0.0;-0.0;0.0;2.27
A. Kaied;/players/adam-kaied/693342/;2024-11-02;13;2.07;0.0;0.0;0.0;-0.0;-0.0;0.0;0.0;0.0;-0.0;0.0;0.0;-0.0;0.0;2.07
L. Sauer;/players/leo-sauer/790415/;2024-11-02;13;2.27;0.0;0.0;0.0;-0.0;-0.0;0.0;0.0;0.0;-0.0;0.0;0.0;-0.0;0.0;2.27
B. Lucassen;/players/boyd-lucassen/453952/;2024-11-02;13;0.93;0.0;0.0;0.0;-0.0;-0.0;0.0;0.0;-1.0;-0.0;0.0;0.0;-0.0;0.0;-0.07
M. Garbett;/players/matthew-garbett/577465/;2024-11-02;13;0.93;0.0;0.0;0.0;-0.0;-0.0;0.0;0.0;0.0;-0.0;0.0;0.0;-0.0;0.0;0.93
Saná Fernandes;/players/sana-fernandes/926017/;2024-11-02;13;0.73;0.0;0.0;0.0;-0.0;-0.0;0.0;0.0;0.0;-0.0;0.0;0.0;-0.0;0.0;0.73
D. Janošek;/players/dominik-janosek/492661/;2024-11-02;13;0.73;0.0;0.0;0.0;-0.0;-0.0;0.0;0.0;0.0;-0.0;0.0;0.0;-0.0;0.0;0.73
K. Kostorz;/players/kacper-kostorz/485378/;2024-11-02;13;0.73;0.0;0.0;0.0;-0.0;-0.0;0.0;0.0;0.0;-0.0;0.0;0.0;-0.0;0.0;0.73
R. Kuijpers;/players/roy-kuijpers/663306/;2024-11-02;13;0.0;0.0;0.0;0.0;-0.0;-0.0;0.0;0.0;0.0;-0.0;0.0;0.0;-0.0;0.0;0.0
Manel Royo;/players/manel-royo-castell/354951/;2024-11-02;13;0.0;0.0;0.0;0.0;-0.0;-0.0;0.0;0.0;-0.0;-0.0;0.0;0.0;-0.0;0.0;0.0
R. Kortsmit;/players/roy-kortsmit/200996/;2024-11-02;13;0.0;0.0;0.0;0.0;-0.0;-0.0;0.0;0.0;-0.0;-0.0;0.0;0.0;-0.0;0.0;0.0
L. Mol;/players/lars-mol/923583/;2024-11-02;13;0.0;0.0;0.0;0.0;-0.0;-0.0;0.0;0.0;-0.0;-0.0;0.0;0.0;-0.0;0.0;0.0
E. Mahmutović;/players/enes-mahmutovic/347775/;2024-11-02;13;0.0;0.0;0.0;0.0;-0.0;-0.0;0.0;0.0;-0.0;-0.0;0.0;0.0;-0.0;0.0;0.0
C. Staring;/players/casper-staring/628494/;2024-11-02;13;0.0;0.0;0.0;0.0;-0.0;-0.0;0.0;0.0;0.0;-0.0;0.0;0.0;-0.0;0.0;0.0
M. Branderhorst;/players/mathijs-branderhorst/175358/;2024-11-02;13;3.0;2.0;0.0;0.0;-0.0;-0.0;0.0;0.0;-0.0;-0.0;12.0;0.0;-0.0;0.0;17.0
Ivo Pinto;/players/ivo-pinto/86672/;2024-11-02;13;3.0;2.0;0.0;0.0;-0.0;-0.0;0.0;0.0;-0.0;-0.0;10.0;0.0;-0.0;0.0;15.0
M. Dijks;/players/mitchel-dijks/219029/;2024-11-02;13;3.0;2.0;0.0;0.0;-0.0;-0.0;0.0;6.0;-0.0;-0.0;10.0;0.0;-0.0;0.0;21.0
Rodrigo Guth;/players/rodrigo-guth/475116/;2024-11-02;13;3.0;2.0;0.0;0.0;-0.0;-0.0;0.0;0.0;-0.0;-0.0;10.0;0.0;-0.0;0.0;15.0
J. Dahlhaus;/players/jasper-dahlhaus/567944/;2024-11-02;13;1.87;1.24;0.0;0.0;-0.0;-0.0;0.0;0.0;-0.0;-0.0;6.22;0.0;-0.0;0.0;9.33
S. Adewoye;/players/shawn-adewoye/618207/;2024-11-02;13;3.0;2.0;0.0;0.0;-0.0;-0.0;0.0;0.0;-0.0;-0.0;10.0;0.0;-0.0;0.0;15.0
S. Bastien;/players/samuel-bastien/314097/;2024-11-02;13;2.57;1.71;0.0;0.0;-0.0;-0.0;0.0;0.0;0.0;-0.0;2.57;0.0;-0.0;0.0;6.84
Alessio da Cruz;/players/alessio-da-cruz/391603/;2024-11-02;13;1.87;1.24;0.0;0.0;-0.0;-0.0;0.0;0.0;0.0;-0.0;0.62;0.0;-0.0;0.0;3.73
L. Rosier;/players/lorentz-rosier/456607/;2024-11-02;13;3.0;2.0;0.0;0.0;-0.0;-0.0;18.0;0.0;0.0;-0.0;3.0;0.0;-0.0;0.0;26.0
E. Bullaude;/players/ezequiel-eduardo-bullaude/577164/;2024-11-02;13;2.9;1.93;0.0;0.0;-0.0;-0.0;0.0;0.0;0.0;-0.0;2.9;0.0;-0.0;0.0;7.73
R. Fosso;/players/ryan-fosso/637283/;2024-11-02;13;2.57;1.71;0.0;0.0;-0.0;-0.0;0.0;0.0;0.0;-0.0;2.57;0.0;-0.0;0.0;6.84
K. Peterson;/players/kristoffer-peterson/218002/;2024-11-02;13;1.13;0.76;0.0;0.0;-0.0;-0.0;8.0;0.0;0.0;-0.0;0.38;0.0;-0.0;0.0;10.27
M. Aïko;/players/makan-aiko/608125/;2024-11-02;13;1.13;0.76;0.0;0.0;-0.0;-0.0;0.0;0.0;0.0;-0.0;1.13;0.0;-0.0;0.0;3.02
A. Halilović;/players/alen-halilovi/270136/;2024-11-02;13;0.43;0.29;0.0;0.0;-0.0;-0.0;0.0;0.0;0.0;-0.0;0.43;0.0;-0.0;0.0;1.16
S. van Ottele;/players/syb-van-ottele/525930/;2024-11-02;13;0.43;0.29;0.0;0.0;-0.0;-0.0;0.0;0.0;-0.0;-0.0;1.44;0.0;-0.0;0.0;2.17
A. Erceg;/players/ante-erceg/137741/;2024-11-02;13;0.1;0.07;0.0;0.0;-0.0;-0.0;0.0;0.0;0.0;-0.0;0.03;0.0;-0.0;0.0;0.2
D. Grujčić;/players/darijo-grujcic/478384/;2024-11-02;13;0.0;0.0;0.0;0.0;-0.0;-0.0;0.0;0.0;-0.0;-0.0;0.0;0.0;-0.0;0.0;0.0
L. Koopmans;/players/luuk-koopmans/149059/;2024-11-02;13;0.0;0.0;0.0;0.0;-0.0;-0.0;0.0;0.0;-0.0;-0.0;0.0;0.0;-0.0;0.0;0.0
Úmaro Embaló;/players/umaro-embalo/460644/;2024-11-02;13;0.0;0.0;0.0;0.0;-0.0;-0.0;0.0;0.0;0.0;-0.0;0.0;0.0;-0.0;0.0;0.0
N. Martens;/players/niels-martens/915583/;2024-11-02;13;0.0;0.0;0.0;0.0;-0.0;-0.0;0.0;0.0;-0.0;-0.0;0.0;0.0;-0.0;0.0;0.0
J. Mitrović;/players/josip-mitrovi/482602/;2024-11-02;13;0.0;0.0;0.0;0.0;-0.0;-0.0;0.0;0.0;0.0;-0.0;0.0;0.0;-0.0;0.0;0.0
A. Noppert;/players/andries-noppert/300862/;2024-11-02;13;3.0;0.0;0.0;0.0;-0.0;-0.0;0.0;0.0;-3.0;-0.0;0.0;0.0;-0.0;0.0;0.0
P. Bochniewicz;/players/pawe-bochniewicz/273911/;2024-11-02;13;3.0;0.0;0.0;0.0;-0.0;-0.0;0.0;0.0;-3.0;-0.0;0.0;0.0;-0.0;0.0;0.0
M. Köhlert;/players/mats-kohlert/400423/;2024-11-02;13;3.0;0.0;0.0;0.0;-0.0;-0.0;0.0;0.0;-3.0;-0.0;0.0;0.0;-0.0;0.0;0.0
N. Hopland;/players/nikolai-soyset-hopland/703339/;2024-11-02;13;3.0;0.0;0.0;0.0;-0.0;-0.0;0.0;0.0;-3.0;-0.0;0.0;0.0;-0.0;0.0;0.0
A. Condé;/players/amara-conde/310101/;2024-11-02;13;3.0;0.0;0.0;0.0;-0.0;-0.0;0.0;0.0;0.0;-0.0;0.0;0.0;-0.0;0.0;3.0
L. Brouwers;/players/luuk-brouwers/402458/;2024-11-02;13;1.53;0.0;0.0;0.0;-0.0;-0.0;0.0;0.0;0.0;-0.0;0.0;0.0;-0.0;0.0;1.53
L. Smans;/players/levi-smans/757104/;2024-11-02;13;3.0;0.0;0.0;0.0;-0.0;-0.0;0.0;0.0;0.0;-0.0;0.0;0.0;-0.0;0.0;3.0
O. Braude;/players/oliver-johansen-braude/794018/;2024-11-02;13;2.2;0.0;0.0;0.0;-0.0;-0.0;0.0;0.0;-1.0;-0.0;0.0;0.0;-0.0;0.0;1.2
E. van Ee;/players/espen-van-ee/921919/;2024-11-02;13;3.0;0.0;0.0;0.0;-0.0;-0.0;0.0;0.0;0.0;-0.0;0.0;0.0;-0.0;0.0;3.0
I. Nicolăescu;/players/ion-nicolescu/446191/;2024-11-02;13;2.47;0.0;0.0;0.0;-0.0;-0.0;0.0;0.0;0.0;-0.0;0.0;0.0;-0.0;0.0;2.47
J. Trenskow;/players/jacob-trenskow/672937/;2024-11-02;13;2.47;0.0;0.0;0.0;-0.0;-0.0;0.0;0.0;0.0;-0.0;0.0;0.0;-0.0;0.0;2.47
I. Sebaoui;/players/ilias-sebaoui/797954/;2024-11-02;13;1.47;0.0;0.0;0.0;-0.0;-0.0;0.0;0.0;0.0;-0.0;0.0;0.0;-0.0;0.0;1.47
D. Hall;/players/denzel-hall/508910/;2024-11-02;13;0.8;0.0;0.0;0.0;-0.0;-0.0;0.0;0.0;-2.0;-0.0;0.0;0.0;-0.0;0.0;-1.2
C. Nunnely;/players/che-nunnely/423827/;2024-11-02;13;0.53;0.0;0.0;0.0;-0.0;-0.0;0.0;0.0;0.0;-0.0;0.0;0.0;-0.0;0.0;0.53
D. Rallis;/players/dimitris-rallis/982464/;2024-11-02;13;;;;;;;;;;;;;;;0.0
S. Kersten;/players/sam-kersten/453644/;2024-11-02;13;0.0;0.0;0.0;0.0;-0.0;-0.0;0.0;0.0;-0.0;-0.0;0.0;0.0;-0.0;0.0;0.0
S. Olsson;/players/simon-olsson/423888/;2024-11-02;13;0.0;0.0;0.0;0.0;-0.0;-0.0;0.0;0.0;0.0;-0.0;0.0;0.0;-0.0;0.0;0.0
Danilo Al Saed;/players/danilo-al-saed/530444/;2024-11-02;13;0.0;0.0;0.0;0.0;-0.0;-0.0;0.0;0.0;0.0;-0.0;0.0;0.0;-0.0;0.0;0.0
B. Klaverboer;/players/bernt-klaverboer/645513/;2024-11-02;13;0.0;0.0;0.0;0.0;-0.0;-0.0;0.0;0.0;-0.0;-0.0;0.0;0.0;-0.0;0.0;0.0
M. Milovanović;/players/mateja-milovanovic/783196/;2024-11-02;13;0.0;0.0;0.0;0.0;-0.0;-0.0;0.0;0.0;-0.0;-0.0;0.0;0.0;-0.0;0.0;0.0
J. Bekkema;/players/jan-bekkema/452051/;2024-11-02;13;0.0;0.0;0.0;0.0;-0.0;-0.0;0.0;0.0;-0.0;-0.0;0.0;0.0;-0.0;0.0;0.0
J. Houwen;/players/jeroen-houwen/303254/;2024-11-03;13;3.0;2.0;0.0;0.0;-0.0;-0.0;0.0;0.0;-0.0;-0.0;12.0;0.0;-0.0;0.0;17.0
D. Van den Buijs;/players/dario-van-den-buijs/353273/;2024-11-03;13;3.0;2.0;0.0;0.0;-0.0;-0.0;0.0;0.0;-0.0;-0.0;10.0;0.0;-0.0;0.0;15.0
J. Familia-Castillo;/players/juan-familio-castillo/453849/;2024-11-03;13;0.57;0.38;0.0;0.0;-0.0;-0.0;0.0;0.0;-0.0;-0.0;1.89;0.0;-0.0;0.0;2.83
L. van Gelderen;/players/liam--van-gelderen/463011/;2024-11-03;13;3.0;2.0;0.0;0.0;-0.0;-0.0;0.0;0.0;-0.0;-0.0;10.0;0.0;-0.0;0.0;15.0
R. van Eijma;/players/roshon-van-eijma/539577/;2024-11-03;13;3.0;2.0;0.0;0.0;-0.0;-0.0;0.0;0.0;-0.0;-0.0;10.0;0.0;-0.0;0.0;15.0
R. van der Venne;/players/richard-van-der-venne/261975/;2024-11-03;13;2.67;1.78;0.0;0.0;-0.0;-0.0;9.0;0.0;0.0;-0.0;2.67;0.0;-0.0;0.0;16.11
G. Roemeratoe;/players/godfried-roemeratoe/426582/;2024-11-03;13;3.0;2.0;0.0;0.0;-0.0;-0.0;0.0;0.0;0.0;-0.0;3.0;0.0;-0.0;0.0;8.0
D. Weidmann;/players/daouda-weidmann/782160/;2024-11-03;13;3.0;2.0;0.0;0.0;-0.0;-0.0;0.0;0.0;0.0;-0.0;3.0;0.0;-0.0;0.0;8.0
O. Zawada;/players/oskar-zawada/289870/;2024-11-03;13;1.53;1.02;0.0;0.0;-0.0;-0.0;0.0;0.0;0.0;-0.0;0.51;0.0;-0.0;0.0;3.07
S. van der Water;/players/silvester-van-der-water/408536/;2024-11-03;13;2.47;1.64;0.0;0.0;-0.0;-0.0;8.0;0.0;0.0;-0.0;0.82;0.0;-0.0;0.0;12.93
R. Margaret;/players/richonell-margaret/508815/;2024-11-03;13;3.0;2.0;0.0;0.0;-0.0;-0.0;0.0;0.0;0.0;-0.0;1.0;0.0;-0.0;0.0;6.0
L. Wouters;/players/luuk--wouters/537856/;2024-11-03;13;2.43;1.62;0.0;0.0;-0.0;-0.0;0.0;0.0;-0.0;-0.0;8.11;0.0;-0.0;0.0;12.17
D. Cleonise;/players/denilho-cleonise/642338/;2024-11-03;13;1.47;0.98;0.0;0.0;-0.0;-0.0;0.0;4.0;0.0;-0.0;0.49;0.0;-0.0;0.0;6.93
F. Al Mazyani;/players/faissal-al-mazyani/790281/;2024-11-03;13;0.53;0.36;0.0;0.0;-0.0;-0.0;0.0;0.0;-0.0;-0.0;1.78;0.0;-0.0;0.0;2.67
T. van de Loo;/players/tim-van-de-loo/813111/;2024-11-03;13;0.33;0.22;0.0;0.0;-0.0;-0.0;0.0;0.0;0.0;-0.0;0.33;0.0;-0.0;0.0;0.89
J. Kesting;/players/joey-kesting/567938/;2024-11-03;13;0.0;0.0;0.0;0.0;-0.0;-0.0;0.0;0.0;-0.0;-0.0;0.0;0.0;-0.0;0.0;0.0
L. Vogels;/players/luuk-vogels/858294/;2024-11-03;13;0.0;0.0;0.0;0.0;-0.0;-0.0;0.0;0.0;-0.0;-0.0;0.0;0.0;-0.0;0.0;0.0
J. Lelieveld;/players/julian-lelieveld/407738/;2024-11-03;13;0.0;0.0;0.0;0.0;-0.0;-0.0;0.0;0.0;-0.0;-0.0;0.0;0.0;-0.0;0.0;0.0
C. Lokesa;/players/chris-lokesa/847737/;2024-11-03;13;0.0;0.0;0.0;0.0;-0.0;-0.0;0.0;0.0;0.0;-0.0;0.0;0.0;-0.0;0.0;0.0
R. Niemeijer;/players/reuven-niemeijer/447106/;2024-11-03;13;0.0;0.0;0.0;0.0;-0.0;-0.0;0.0;0.0;0.0;-0.0;0.0;0.0;-0.0;0.0;0.0
K. Felida;/players/kevin--felida/501817/;2024-11-03;13;0.0;0.0;0.0;0.0;-0.0;-0.0;0.0;0.0;0.0;-0.0;0.0;0.0;-0.0;0.0;0.0
M. Ihattaren;/players/mohammed-amine-ihattaren/525933/;2024-11-03;13;0.0;0.0;0.0;0.0;-0.0;-0.0;0.0;0.0;0.0;-0.0;0.0;0.0;-0.0;0.0;0.0
Y. Oukili;/players/yassin-oukili/567948/;2024-11-03;13;0.0;0.0;0.0;0.0;-0.0;-0.0;0.0;0.0;0.0;-0.0;0.0;0.0;-0.0;0.0;0.0
N. Bakker;/players/nordin-bakker/563909/;2024-11-03;13;3.0;0.0;0.0;0.0;-0.0;-0.0;0.0;0.0;-2.0;-0.0;0.0;0.0;-0.0;0.0;1.0
T. Barbet;/players/theo-barbet/515917/;2024-11-03;13;1.83;0.0;0.0;0.0;-0.0;-0.0;0.0;0.0;-1.0;-0.0;0.0;0.0;-0.0;0.0;0.83
H. Akujobi;/players/hamdi-akujobi/567599/;2024-11-03;13;3.0;0.0;0.0;0.0;-0.0;-0.0;0.0;0.0;-2.0;-0.0;0.0;0.0;-0.0;0.0;1.0
V. Zagaritis;/players/vasilios-zagaritis/617928/;2024-11-03;13;3.0;0.0;0.0;0.0;-0.0;-0.0;0.0;0.0;-2.0;-0.0;0.0;0.0;-0.0;0.0;1.0
Visus;/players/ricardo-visus-contreras/642402/;2024-11-03;13;3.0;0.0;0.0;0.0;-0.0;-0.0;0.0;0.0;-2.0;-0.0;0.0;0.0;-0.0;0.0;1.0
T. Haye;/players/thom-haye/182931/;2024-11-03;13;1.83;0.0;0.0;0.0;-0.0;-0.0;0.0;0.0;0.0;-0.0;0.0;0.0;-0.0;0.0;1.83
A. Tahiri;/players/anas-tahiri/323282/;2024-11-03;13;1.83;0.0;0.0;0.0;-0.0;-0.0;0.0;0.0;0.0;-0.0;0.0;0.0;-0.0;0.0;1.83
J. Ritmeester van de Kamp;/players/jochem-ritmeester-van-de-kamp/801840/;2024-11-03;13;3.0;0.0;0.0;0.0;-0.0;-0.0;0.0;0.0;0.0;-0.0;0.0;0.0;-0.0;0.0;3.0
T. Robinet;/players/thomas-robinet/312659/;2024-11-03;13;3.0;0.0;0.0;0.0;-0.0;-0.0;0.0;0.0;0.0;-0.0;0.0;0.0;-0.0;0.0;3.0
J. Kadile;/players/junior-morau-kadile-/590286/;2024-11-03;13;2.67;0.0;0.0;0.0;-0.0;-0.0;0.0;0.0;0.0;-0.0;0.0;0.0;-0.0;0.0;2.67
L. Delaurier-Chaubet;/players/logan-delaurier-chaubet/626512/;2024-11-03;13;2.33;0.0;0.0;0.0;-0.0;-0.0;0.0;0.0;0.0;-0.0;0.0;0.0;-0.0;0.0;2.33
R. Providence;/players/ruben-providence/509854/;2024-11-03;13;1.17;0.0;0.0;0.0;-0.0;-0.0;0.0;0.0;0.0;-0.0;0.0;0.0;-0.0;0.0;1.17
Àlex Carbonell;/players/alejandro-carbonell/316438/;2024-11-03;13;1.17;0.0;0.0;0.0;-0.0;-0.0;0.0;0.0;0.0;-0.0;0.0;0.0;-0.0;0.0;1.17
J. Lawrence;/players/jamie-lawrence/216767/;2024-11-03;13;1.17;0.0;0.0;0.0;-0.0;-0.0;0.0;0.0;-1.0;-0.0;0.0;0.0;-0.0;0.0;0.17
K. Hansen;/players/kornelius-normann-hansen/496125/;2024-11-03;13;0.67;0.0;0.0;0.0;-0.0;-0.0;0.0;0.0;0.0;-0.0;0.0;0.0;-0.0;0.0;0.67
A. Nalić;/players/adi-nalic/459631/;2024-11-03;13;0.33;0.0;0.0;0.0;-0.0;-0.0;0.0;0.0;0.0;-0.0;0.0;0.0;-0.0;0.0;0.33
J. van der Wilt;/players/joel-van-der-wilt/771874/;2024-11-03;13;0.0;0.0;0.0;0.0;-0.0;-0.0;0.0;0.0;-0.0;-0.0;0.0;0.0;-0.0;0.0;0.0
F. Mattoir;/players/faiz-mattoir/547050/;2024-11-03;13;0.0;0.0;0.0;0.0;-0.0;-0.0;0.0;0.0;0.0;-0.0;0.0;0.0;-0.0;0.0;0.0
D. Dankerlui;/players/damil-dankerlui/314252/;2024-11-03;13;0.0;0.0;0.0;0.0;-0.0;-0.0;0.0;0.0;-0.0;-0.0;0.0;0.0;-0.0;0.0;0.0
C. Mamengi;/players/christopher-mamengi/540620/;2024-11-03;13;0.0;0.0;0.0;0.0;-0.0;-0.0;0.0;0.0;-0.0;-0.0;0.0;0.0;-0.0;0.0;0.0
J. Wendlinger;/players/jonas-wendlinger/469451/;2024-11-03;13;0.0;0.0;0.0;0.0;-0.0;-0.0;0.0;0.0;-0.0;-0.0;0.0;0.0;-0.0;0.0;0.0
R. Roefs;/players/robin-roefs/636190/;2024-11-03;13;3.0;2.0;0.0;0.0;-0.0;-0.0;0.0;0.0;-0.0;-0.0;12.0;0.0;-0.0;0.0;17.0
C. Verdonk;/players/calvin-verdonk/319288/;2024-11-03;13;3.0;2.0;0.0;0.0;-2.0;-0.0;0.0;0.0;-0.0;-0.0;10.0;0.0;-0.0;0.0;13.0
Iván Márquez;/players/ivan-marquez-alvarez/352663/;2024-11-03;13;3.0;2.0;0.0;0.0;-0.0;-0.0;0.0;0.0;-0.0;-0.0;10.0;0.0;-0.0;0.0;15.0
P. Sandler;/players/philippe-sandler/381097/;2024-11-03;13;1.53;1.02;0.0;0.0;-0.0;-0.0;0.0;0.0;-0.0;-0.0;5.11;0.0;-0.0;0.0;7.67
B. Pereira;/players/brayann-pereira/640596/;2024-11-03;13;3.0;2.0;0.0;0.0;-0.0;-0.0;0.0;0.0;-0.0;-0.0;10.0;0.0;-0.0;0.0;15.0
M. Hoedemakers;/players/mees-hoedemakers/465082/;2024-11-03;13;3.0;2.0;0.0;0.0;-0.0;-0.0;0.0;0.0;0.0;-0.0;3.0;0.0;-0.0;0.0;8.0
Róber;/players/roberto-gonzalez-bayon/500171/;2024-11-03;13;2.63;1.76;0.0;0.0;-0.0;-0.0;0.0;0.0;0.0;-0.0;2.63;0.0;-0.0;0.0;7.02
K. Sano;/players/kodai-sano/815318/;2024-11-03;13;3.0;2.0;0.0;0.0;-0.0;-0.0;0.0;0.0;0.0;-0.0;3.0;0.0;-0.0;0.0;8.0
V. van Crooij;/players/vito-van-crooy/330044/;2024-11-03;13;2.2;1.47;0.0;0.0;-0.0;-0.0;8.0;8.0;0.0;-0.0;0.73;0.0;-0.0;0.0;20.4
K. Ogawa;/players/koki-ogawa/435835/;2024-11-03;13;2.63;1.76;0.0;0.0;-0.0;-0.0;8.0;4.0;0.0;-0.0;0.88;3.0;-0.0;0.0;20.27
S. Hansen;/players/sontje-hansen/508823/;2024-11-03;13;2.03;1.36;0.0;0.0;-0.0;-0.0;8.0;0.0;0.0;-0.0;0.68;0.0;-0.0;0.0;12.07
T. Ouwejan;/players/thomas-ouwejan/407740/;2024-11-03;13;1.47;0.98;0.0;0.0;-0.0;-0.0;0.0;0.0;-0.0;-0.0;4.89;3.0;-0.0;0.0;10.33
B. Önal;/players/basar-onal/822550/;2024-11-03;13;0.97;0.64;0.0;0.0;-0.0;-0.0;0.0;4.0;0.0;-0.0;0.32;0.0;-0.0;0.0;5.93
S. Ouaissa;/players/sami-ouaissa/856399/;2024-11-03;13;0.8;0.53;0.0;0.0;-0.0;-0.0;9.0;0.0;0.0;-0.0;0.8;0.0;-0.0;0.0;11.13
K. Shiogai;/players/kento-shiogai/910330/;2024-11-03;13;0.37;0.24;0.0;0.0;-0.0;-0.0;0.0;0.0;0.0;-0.0;0.12;0.0;-0.0;0.0;0.73
A. Darelas;/players/argyrios-darelas/637189/;2024-11-03;13;0.37;0.24;0.0;0.0;-0.0;-0.0;0.0;0.0;0.0;-0.0;0.37;0.0;-0.0;0.0;0.98
S. van Gassel;/players/stijn-van-gassel/323665/;2024-11-03;13;0.0;0.0;0.0;0.0;-0.0;-0.0;0.0;0.0;-0.0;-0.0;0.0;0.0;-0.0;0.0;0.0
L. Schöne;/players/lasse-schone/17366/;2024-11-03;13;0.0;0.0;0.0;0.0;-0.0;-0.0;0.0;0.0;0.0;-0.0;0.0;0.0;-0.0;0.0;0.0
L. Lyratzis;/players/eleutherios-lyratzis/463371/;2024-11-03;13;0.0;0.0;0.0;0.0;-0.0;-0.0;0.0;0.0;-0.0;-0.0;0.0;0.0;-0.0;0.0;0.0
R. Janse;/players/rijk-janse/632550/;2024-11-03;13;0.0;0.0;0.0;0.0;-0.0;-0.0;0.0;0.0;-0.0;-0.0;0.0;0.0;-0.0;0.0;0.0
E. Vaessen;/players/etienne-vaessen/408572/;2024-11-03;13;3.0;0.0;0.0;0.0;-0.0;-0.0;0.0;0.0;-6.0;-0.0;0.0;0.0;-0.0;0.0;-3.0
L. Bacuna;/players/leandro-bacuna/88003/;2024-11-03;13;3.0;0.0;0.0;0.0;-0.0;-0.0;0.0;0.0;0.0;-0.0;0.0;0.0;-0.0;0.0;3.0
M. Peersman;/players/marvin-peersman/89988/;2024-11-03;13;3.0;0.0;0.0;0.0;-2.0;-0.0;0.0;0.0;-6.0;-0.0;0.0;0.0;-0.0;0.0;-5.0
M. Rente;/players/marco-rente/450717/;2024-11-03;13;3.0;0.0;0.0;0.0;-0.0;-0.0;0.0;0.0;-6.0;-0.0;0.0;0.0;-0.0;0.0;-3.0
W. Prins;/players/wouter-prins/930296/;2024-11-03;13;3.0;0.0;0.0;0.0;-0.0;-0.0;0.0;0.0;-6.0;-0.0;0.0;0.0;-0.0;0.0;-3.0
J. Hove;/players/johan-hove/444353/;2024-11-03;13;3.0;0.0;0.0;0.0;-0.0;-0.0;0.0;0.0;0.0;-0.0;0.0;0.0;-0.0;0.0;3.0
T. de Jonge;/players/tika-de-jonge/643975/;2024-11-03;13;1.53;0.0;0.0;0.0;-0.0;-0.0;0.0;0.0;0.0;-0.0;0.0;0.0;-0.0;0.0;1.53
L. Valente;/players/luciano-valente/703884/;2024-11-03;13;2.73;0.0;0.0;0.0;-2.0;-0.0;0.0;0.0;0.0;-0.0;0.0;0.0;-0.0;0.0;0.73
J. Schreuders;/players/jorg-schreuders/877779/;2024-11-03;13;2.23;0.0;0.0;0.0;-2.0;-0.0;0.0;0.0;0.0;-0.0;0.0;0.0;-0.0;0.0;0.23
B. Willumsson;/players/brynjolfur-darri-willumsson/463548/;2024-11-03;13;2.5;0.0;0.0;0.0;-0.0;-0.0;0.0;0.0;0.0;-0.0;0.0;0.0;-0.0;0.0;2.5
T. van Bergen;/players/thom-van-bergen/873104/;2024-11-03;13;2.27;0.0;0.0;0.0;-0.0;-0.0;0.0;0.0;0.0;-0.0;0.0;0.0;-0.0;0.0;2.27
S. Resink;/players/stije-resink/681459/;2024-11-03;13;1.47;0.0;0.0;0.0;-0.0;-0.0;0.0;0.0;0.0;-0.0;0.0;0.0;-0.0;0.0;1.47
J. Pelupessy;/players/joey-pelupessy/197572/;2024-11-03;13;0.77;0.0;0.0;0.0;-0.0;-0.0;0.0;0.0;0.0;-0.0;0.0;0.0;-0.0;0.0;0.77
R. Postema;/players/romano-postema/625358/;2024-11-03;13;0.73;0.0;0.0;0.0;-0.0;-0.0;0.0;0.0;0.0;-0.0;0.0;0.0;-0.0;0.0;0.73
T. Oosting;/players/thijs-oosting/477591/;2024-11-03;13;0.5;0.0;0.0;0.0;-0.0;-0.0;0.0;0.0;0.0;-0.0;0.0;0.0;-0.0;0.0;0.5
Rui Mendes;/players/rui-jorge-monteiro-mendes/453390/;2024-11-03;13;0.27;0.0;0.0;0.0;-0.0;-0.0;0.0;0.0;0.0;-0.0;0.0;0.0;-0.0;0.0;0.27
M. Mariani;/players/maxim-mariani/888265/;2024-11-03;13;0.0;0.0;0.0;0.0;-0.0;-0.0;0.0;0.0;-0.0;-0.0;0.0;0.0;-0.0;0.0;0.0
S. Bouland;/players/sven-bouland/948734/;2024-11-03;13;0.0;0.0;0.0;0.0;-0.0;-0.0;0.0;0.0;-0.0;-0.0;0.0;0.0;-0.0;0.0;0.0
T. Blokzijl;/players/thijmen-blokzijl/703893/;2024-11-03;13;0.0;0.0;0.0;0.0;-0.0;-0.0;0.0;0.0;-0.0;-0.0;0.0;0.0;-0.0;0.0;0.0
F. Stam;/players/finn-stam/736439/;2024-11-03;13;0.0;0.0;0.0;0.0;-0.0;-0.0;0.0;0.0;-0.0;-0.0;0.0;0.0;-0.0;0.0;0.0
N. Emeran;/players/noam-emeran/671004/;2024-11-03;13;0.0;0.0;0.0;0.0;-0.0;-0.0;0.0;0.0;0.0;-0.0;0.0;0.0;-0.0;0.0;0.0
D. Baron;/players/dirk-baron/821647/;2024-11-03;13;0.0;0.0;0.0;0.0;-0.0;-0.0;0.0;0.0;-0.0;-0.0;0.0;0.0;-0.0;0.0;0.0
H. Jurjus;/players/hidde-jurjus/301076/;2024-11-03;13;0.0;0.0;0.0;0.0;-0.0;-0.0;0.0;0.0;-0.0;-0.0;0.0;0.0;-0.0;0.0;0.0
L. Plogmann;/players/luca-plogmann/470121/;2024-11-03;13;3.0;0.0;1.0;0.0;-0.0;-0.0;0.0;0.0;-2.0;-0.0;0.0;0.0;-0.0;0.0;2.0
G. Nauber;/players/gerrit-nauber/102528/;2024-11-03;13;3.0;0.0;1.0;0.0;-0.0;-0.0;0.0;0.0;-2.0;-0.0;0.0;0.0;-0.0;0.0;2.0
J. Kramer;/players/joris-kramer/402051/;2024-11-03;13;3.0;0.0;1.0;0.0;-0.0;-0.0;0.0;0.0;-2.0;-0.0;0.0;0.0;-0.0;0.0;2.0
M. Deijl;/players/mats-deijl/402457/;2024-11-03;13;3.0;0.0;1.0;0.0;-0.0;-0.0;0.0;0.0;-2.0;-0.0;0.0;0.0;-0.0;0.0;2.0
A. Adelgaard;/players/aske-adelgaard/857149/;2024-11-03;13;1.97;0.0;0.66;0.0;-2.0;-0.0;0.0;0.0;-2.0;-0.0;0.0;0.0;-0.0;0.0;-1.38
E. Llansana;/players/enric-llansana/515466/;2024-11-03;13;2.93;0.0;0.98;0.0;-0.0;-0.0;9.0;5.0;0.0;-0.0;0.0;0.0;-0.0;0.0;17.91
E. Linthorst;/players/evert-linthorst/546756/;2024-11-03;13;3.0;0.0;1.0;0.0;-0.0;-0.0;0.0;0.0;0.0;-0.0;0.0;0.0;-0.0;0.0;4.0
V. Edvardsen;/players/victor-edvardsen/409168/;2024-11-03;13;2.83;0.0;0.94;0.0;-0.0;-0.0;0.0;0.0;0.0;-0.0;0.0;0.0;-0.0;0.0;3.78
B. Adekanye;/players/bobby-adekanye/427040/;2024-11-03;13;1.97;0.0;0.66;0.0;-0.0;-0.0;0.0;0.0;0.0;-0.0;0.0;0.0;-0.0;0.0;2.62
O. Edvardsen;/players/oliver-valaker-edvardsen/545481/;2024-11-03;13;2.83;0.0;0.94;0.0;-0.0;-0.0;8.0;0.0;0.0;-0.0;0.0;0.0;-0.0;0.0;11.78
J. Breum;/players/jakob-breum/658739/;2024-11-03;13;3.0;0.0;1.0;0.0;-0.0;-0.0;0.0;0.0;0.0;-0.0;0.0;0.0;-0.0;0.0;4.0
O. Antman;/players/oliver-antman/547497/;2024-11-03;13;1.03;0.0;0.34;0.0;-0.0;-0.0;0.0;4.0;0.0;-0.0;0.0;0.0;-0.0;0.0;5.38
D. James;/players/dean-ruben--james/537308/;2024-11-03;13;1.03;0.0;0.34;0.0;-0.0;-0.0;0.0;0.0;-0.0;-0.0;0.0;0.0;-0.0;0.0;1.38
M. Suray;/players/mathis-suray/517358/;2024-11-03;13;0.17;0.0;0.06;0.0;-0.0;-0.0;0.0;0.0;0.0;-0.0;0.0;0.0;-0.0;0.0;0.22
F. Stokkers;/players/finn-stokkers/319661/;2024-11-03;13;0.17;0.0;0.06;0.0;-0.0;-0.0;0.0;0.0;0.0;-0.0;0.0;0.0;-0.0;0.0;0.22
C. Twigt;/players/calvin-twigt/669594/;2024-11-03;13;0.07;0.0;0.02;0.0;-0.0;-0.0;0.0;0.0;0.0;-0.0;0.0;0.0;-0.0;0.0;0.09
J. Amofa;/players/jamal-amofa/668121/;2024-11-03;13;0.0;0.0;0.0;0.0;-0.0;-0.0;0.0;0.0;-0.0;-0.0;0.0;0.0;-0.0;0.0;0.0
J. De Busser;/players/jari-de-busser/451008/;2024-11-03;13;0.0;0.0;0.0;0.0;-0.0;-0.0;0.0;0.0;-0.0;-0.0;0.0;0.0;-0.0;0.0;0.0
N. Verdoni;/players/nando-verdoni/813110/;2024-11-03;13;0.0;0.0;0.0;0.0;-0.0;-0.0;0.0;0.0;-0.0;-0.0;0.0;0.0;-0.0;0.0;0.0
J. Dirksen;/players/julius-dirksen/632220/;2024-11-03;13;0.0;0.0;0.0;0.0;-0.0;-0.0;0.0;0.0;-0.0;-0.0;0.0;0.0;-0.0;0.0;0.0
M. Smit;/players/milan-smit/828395/;2024-11-03;13;0.0;0.0;0.0;0.0;-0.0;-0.0;0.0;0.0;0.0;-0.0;0.0;0.0;-0.0;0.0;0.0
L. Everink;/players/luca-everink/628510/;2024-11-03;13;0.0;0.0;0.0;0.0;-0.0;-0.0;0.0;0.0;-0.0;-0.0;0.0;0.0;-0.0;0.0;0.0
J. Schendelaar;/players/jasper-schendelaar/454473/;2024-11-03;13;3.0;0.0;1.0;0.0;-0.0;-0.0;0.0;0.0;-2.0;-0.0;0.0;0.0;-0.0;0.0;2.0
S. Floranus;/players/sherel-floranus/385271/;2024-11-03;13;3.0;0.0;1.0;0.0;-0.0;-0.0;0.0;0.0;-2.0;-0.0;0.0;0.0;-0.0;0.0;2.0
A. El Azzouzi;/players/anouar-el-azzouzi/567947/;2024-11-03;13;2.83;0.0;0.94;0.0;-0.0;-0.0;0.0;0.0;-2.0;-0.0;0.0;0.0;-0.0;0.0;1.78
A. MacNulty;/players/anselmo-garcia-mcnulty/608607/;2024-11-03;13;3.0;0.0;1.0;0.0;-0.0;-0.0;0.0;0.0;-2.0;-0.0;0.0;0.0;-0.0;0.0;2.0
O. Aertssen;/players/olivier-aertssen/664645/;2024-11-03;13;3.0;0.0;1.0;0.0;-0.0;-0.0;0.0;0.0;-2.0;-0.0;0.0;0.0;-0.0;0.0;2.0
D. van der Haar;/players/damian-van-der-haar/812205/;2024-11-03;13;2.57;0.0;0.86;0.0;-0.0;-0.0;0.0;0.0;-2.0;-0.0;0.0;0.0;-0.0;0.0;1.42
Jamiro Monteiro;/players/jamiro-gregory-monteiro-alvarenga/421293/;2024-11-03;13;2.57;0.0;0.86;0.0;-0.0;-0.0;9.0;0.0;0.0;-0.0;0.0;0.0;-0.0;0.0;12.42
D. van den Berg;/players/dave-van-den-berg-/475335/;2024-11-03;13;3.0;0.0;1.0;0.0;-2.0;-0.0;9.0;0.0;0.0;-0.0;0.0;0.0;-0.0;0.0;11.0
F. Krastev;/players/filip-yavorov-krastev/550509/;2024-11-03;13;1.8;0.0;0.6;0.0;-0.0;-0.0;0.0;0.0;0.0;-0.0;0.0;0.0;-0.0;0.0;2.4
D. Vente;/players/dylan-vente/426585/;2024-11-03;13;3.0;0.0;1.0;0.0;-0.0;-0.0;0.0;0.0;0.0;-0.0;0.0;0.0;-0.0;0.0;4.0
D. Mbayo;/players/dylan-mbayo/599681/;2024-11-03;13;2.57;0.0;0.86;0.0;-0.0;-0.0;0.0;8.0;0.0;-0.0;0.0;0.0;-0.0;0.0;11.42
K. de Rooij;/players/kaj-de-rooij/539368/;2024-11-03;13;1.2;0.0;0.4;0.0;-0.0;-0.0;0.0;0.0;0.0;-0.0;0.0;0.0;-0.0;0.0;1.6
O. Velanas;/players/odysseus-velanas/452059/;2024-11-03;13;0.43;0.0;0.14;0.0;-0.0;-0.0;0.0;0.0;0.0;-0.0;0.0;0.0;-0.0;0.0;0.58
N. Fichtinger;/players/nick-fichtinger/914267/;2024-11-03;13;0.43;0.0;0.14;0.0;-0.0;-0.0;0.0;0.0;0.0;-0.0;0.0;0.0;-0.0;0.0;0.58
T. Lutonda;/players/thierry-lutonda/462568/;2024-11-03;13;0.43;0.0;0.14;0.0;-0.0;-0.0;0.0;0.0;-0.0;-0.0;0.0;0.0;-0.0;0.0;0.58
E. Reijnders;/players/eliano-reijnders/577288/;2024-11-03;13;0.17;0.0;0.06;0.0;-0.0;-0.0;0.0;0.0;0.0;-0.0;0.0;0.0;-0.0;0.0;0.22
M. Oukhattou;/players/mohamed-oukhattou/878072/;2024-11-03;13;0.0;0.0;0.0;0.0;-0.0;-0.0;0.0;0.0;0.0;-0.0;0.0;0.0;-0.0;0.0;0.0
T. Gijselhart;/players/teun-gijselhart/789919/;2024-11-03;13;0.0;0.0;0.0;0.0;-0.0;-0.0;0.0;0.0;0.0;-0.0;0.0;0.0;-0.0;0.0;0.0
R. Thomas;/players/ryan-thomas/215382/;2024-11-03;13;0.0;0.0;0.0;0.0;-0.0;-0.0;0.0;0.0;0.0;-0.0;0.0;0.0;-0.0;0.0;0.0
M. Hauptmeijer;/players/mike-hauptmeijer/321048/;2024-11-03;13;0.0;0.0;0.0;0.0;-0.0;-0.0;0.0;0.0;-0.0;-0.0;0.0;0.0;-0.0;0.0;0.0
B. Manu;/players/braydon-marvin-manu/414639/;2024-11-03;13;0.0;0.0;0.0;0.0;-0.0;-0.0;0.0;0.0;0.0;-0.0;0.0;0.0;-0.0;0.0;0.0
T. Buitink;/players/thomas-buitnik/457668/;2024-11-03;13;0.0;0.0;0.0;0.0;-0.0;-0.0;0.0;0.0;0.0;-0.0;0.0;0.0;-0.0;0.0;0.0
K. Vermeer;/players/kenneth-vermeer/2175/;2024-11-03;13;0.0;0.0;0.0;0.0;-0.0;-0.0;0.0;0.0;-0.0;-0.0;0.0;0.0;-0.0;0.0;0.0
N. Olij;/players/nick-olij/235322/;2024-11-03;13;3.0;0.0;0.0;0.0;-0.0;-0.0;0.0;0.0;-4.0;-0.0;0.0;0.0;-0.0;0.0;-1.0
S. Bakari;/players/said-bakari/325391/;2024-11-03;13;3.0;0.0;0.0;0.0;-0.0;-0.0;0.0;0.0;-4.0;-0.0;0.0;0.0;-0.0;0.0;-1.0
M. Eerdhuijzen;/players/mike--eerdhuijzen/537301/;2024-11-03;13;3.0;0.0;0.0;0.0;-0.0;-0.0;0.0;0.0;-4.0;-0.0;0.0;0.0;-0.0;0.0;-1.0
D. van der Kust;/players/djevencio-van-der-kust/569309/;2024-11-03;13;3.0;0.0;0.0;0.0;-0.0;-8.0;0.0;0.0;-4.0;-0.0;0.0;0.0;-0.0;0.0;-9.0
M. Young;/players/marvin-young/890667/;2024-11-03;13;3.0;0.0;0.0;0.0;-0.0;-0.0;0.0;0.0;-4.0;-0.0;0.0;0.0;-0.0;0.0;-1.0
A. Verschueren;/players/arno-vershueren/319385/;2024-11-03;13;3.0;0.0;0.0;0.0;-0.0;-0.0;0.0;0.0;0.0;-0.0;0.0;0.0;-0.0;0.0;3.0
P. Clement;/players/pelle-clement/379793/;2024-11-03;13;2.43;0.0;0.0;0.0;-2.0;-0.0;0.0;0.0;0.0;-0.0;0.0;0.0;-0.0;0.0;0.43
J. Kitolano;/players/joshua-gaston-kitolano/517475/;2024-11-03;13;2.43;0.0;0.0;0.0;-0.0;-0.0;0.0;0.0;0.0;-0.0;0.0;0.0;-0.0;0.0;2.43
M. Nassoh;/players/mohamed-nassoh/680659/;2024-11-03;13;1.53;0.0;0.0;0.0;-0.0;-0.0;0.0;0.0;0.0;-0.0;0.0;0.0;-0.0;0.0;1.53
C. Brym;/players/charles-andreas-brym/538704/;2024-11-03;13;2.93;0.0;0.0;0.0;-0.0;-0.0;0.0;0.0;0.0;-0.0;0.0;0.0;-0.0;0.0;2.93
Kayky;/players/kayky-da-silva-chagas/669420/;2024-11-03;13;1.53;0.0;0.0;0.0;-0.0;-0.0;0.0;0.0;0.0;-0.0;0.0;0.0;-0.0;0.0;1.53
C. Neghli;/players/camiel-neghli/680707/;2024-11-03;13;1.47;0.0;0.0;0.0;-0.0;-0.0;0.0;0.0;0.0;-0.0;0.0;0.0;-0.0;0.0;1.47
S. Mito;/players/shunsuke-mito/640252/;2024-11-03;13;1.47;0.0;0.0;0.0;-0.0;-0.0;0.0;0.0;0.0;-0.0;0.0;0.0;-0.0;0.0;1.47
M. Kleijn;/players/mike-kleijn/778111/;2024-11-03;13;0.57;0.0;0.0;0.0;-0.0;-0.0;0.0;0.0;-3.0;-0.0;0.0;0.0;-0.0;0.0;-2.43
T. Lauritsen;/players/tobias-lauritsen/406745/;2024-11-03;13;0.57;0.0;0.0;0.0;-0.0;-0.0;0.0;0.0;0.0;-0.0;0.0;3.0;-0.0;0.0;3.57
A. Oufkir;/players/ayoub-oufkir/935867/;2024-11-03;13;0.07;0.0;0.0;0.0;-0.0;-0.0;0.0;0.0;0.0;-0.0;0.0;0.0;-0.0;0.0;0.07
H. El Dahri;/players/hamza-el-dahri/819347/;2024-11-03;13;0.0;0.0;0.0;0.0;-0.0;-0.0;0.0;0.0;0.0;-0.0;0.0;0.0;-0.0;0.0;0.0
R. Meissen;/players/rick-meissen/571955/;2024-11-03;13;0.0;0.0;0.0;0.0;-0.0;-0.0;0.0;0.0;-0.0;-0.0;0.0;0.0;-0.0;0.0;0.0
B. Reith;/players/boyd-reith/427038/;2024-11-03;13;0.0;0.0;0.0;0.0;-0.0;-0.0;0.0;0.0;-0.0;-0.0;0.0;0.0;-0.0;0.0;0.0
Metinho;/players/abemly-meto-silu/691959/;2024-11-03;13;0.0;0.0;0.0;0.0;-0.0;-0.0;0.0;0.0;0.0;-0.0;0.0;0.0;-0.0;0.0;0.0
K. Reitmaier;/players/kaylen-jermaine-danny-reitmaier/674708/;2024-11-03;13;0.0;0.0;0.0;0.0;-0.0;-0.0;0.0;0.0;-0.0;-0.0;0.0;0.0;-0.0;0.0;0.0
J. Baas;/players/julian-baas/663406/;2024-11-03;13;0.0;0.0;0.0;0.0;-0.0;-0.0;0.0;0.0;0.0;-0.0;0.0;0.0;-0.0;0.0;0.0
Y. Schoonderwaldt;/players/youri-youri-schoonderwaldt/537694/;2024-11-03;13;0.0;0.0;0.0;0.0;-0.0;-0.0;0.0;0.0;-0.0;-0.0;0.0;0.0;-0.0;0.0;0.0
V. Barkas;/players/vasileios-barkas/272919/;2024-11-03;13;3.0;2.0;0.0;0.0;-0.0;-0.0;0.0;0.0;-1.0;-0.0;0.0;0.0;-0.0;0.0;4.0
N. Viergever;/players/nick--viergever/78529/;2024-11-03;13;3.0;2.0;0.0;0.0;-0.0;-0.0;0.0;0.0;-1.0;-0.0;0.0;0.0;-0.0;0.0;4.0
M. van der Hoorn;/players/mike-van-der-hoorn/190540/;2024-11-03;13;3.0;2.0;0.0;0.0;-2.0;-0.0;12.0;0.0;-1.0;-0.0;0.0;0.0;-0.0;0.0;14.0
S. Horemans;/players/siebe-horemans/399758/;2024-11-03;13;3.0;2.0;0.0;0.0;-0.0;-0.0;0.0;0.0;-1.0;-0.0;0.0;0.0;-0.0;0.0;4.0
S. El Karouani;/players/souffian-elkarouani/537878/;2024-11-03;13;3.0;2.0;0.0;0.0;-0.0;-0.0;0.0;0.0;-1.0;-0.0;0.0;0.0;-0.0;0.0;4.0
T. Booth;/players/taylor-booth/441556/;2024-11-03;13;1.53;1.02;0.0;0.0;-0.0;-0.0;0.0;0.0;0.0;-0.0;0.0;0.0;-0.0;0.0;2.56
V. Jensen;/players/victor-jensen/460509/;2024-11-03;13;2.73;1.82;0.0;0.0;-0.0;-0.0;9.0;0.0;0.0;-0.0;0.0;0.0;-0.0;0.0;13.56
C. Bozdoğan;/players/can-bozdogan/529101/;2024-11-03;13;1.4;0.93;0.0;0.0;-0.0;-0.0;0.0;0.0;0.0;-0.0;0.0;0.0;-0.0;0.0;2.33
P. Aaronson;/players/paxten-aaronson/576828/;2024-11-03;13;3.0;2.0;0.0;0.0;-0.0;-0.0;9.0;0.0;0.0;-0.0;0.0;0.0;-0.0;0.0;14.0
N. Ohio;/players/noah-ohio/571268/;2024-11-03;13;2.33;1.56;0.0;0.0;-0.0;-0.0;0.0;0.0;0.0;-0.0;0.0;0.0;-0.0;0.0;3.89
Y. Cathline;/players/yoann-cathline/660710/;2024-11-03;13;2.73;1.82;0.0;0.0;-0.0;-0.0;0.0;4.0;0.0;-0.0;0.0;0.0;-0.0;0.0;8.56
O. Fraulo;/players/oscar-fraulo/637161/;2024-11-03;13;1.6;1.07;0.0;0.0;-0.0;-0.0;0.0;0.0;0.0;-0.0;0.0;0.0;-0.0;0.0;2.67
Miguel Rodríguez;/players/miguel-rodriguez-vidal/576516/;2024-11-03;13;1.47;0.98;0.0;0.0;-0.0;-0.0;8.0;0.0;0.0;-0.0;0.0;0.0;-0.0;0.0;10.44
A. Descotte;/players/anthony-descotte/638248/;2024-11-03;13;0.67;0.44;0.0;0.0;-0.0;-0.0;0.0;0.0;0.0;-0.0;0.0;0.0;-0.0;0.0;1.11
J. Toornstra;/players/jens-toornstra/110217/;2024-11-03;13;0.27;0.18;0.0;0.0;-0.0;-0.0;0.0;10.0;0.0;-0.0;0.0;0.0;-0.0;0.0;10.44
O. Romeny;/players/ole-ter-haar-romeny/532140/;2024-11-03;13;0.27;0.18;0.0;0.0;-0.0;-0.0;0.0;0.0;0.0;-0.0;0.0;0.0;-0.0;0.0;0.44
T. de Graaff;/players/tom-gerard-de-graaff/783148/;2024-11-03;13;0.0;0.0;0.0;0.0;-0.0;-0.0;0.0;0.0;-0.0;-0.0;0.0;0.0;-0.0;0.0;0.0
M. Didden;/players/matisse-didden/541794/;2024-11-03;13;0.0;0.0;0.0;0.0;-0.0;-0.0;0.0;0.0;-0.0;-0.0;0.0;0.0;-0.0;0.0;0.0
Zidane Iqbal;/players/zidane-iqbal/644834/;2024-11-03;13;0.0;0.0;0.0;0.0;-0.0;-0.0;0.0;0.0;0.0;-0.0;0.0;0.0;-0.0;0.0;0.0
M. Brouwer;/players/michael-brouwer/250395/;2024-11-03;13;0.0;0.0;0.0;0.0;-0.0;-0.0;0.0;0.0;-0.0;-0.0;0.0;0.0;-0.0;0.0;0.0
K. Finnsson;/players/kolbeinn-finnsson/384487/;2024-11-03;13;0.0;0.0;0.0;0.0;-0.0;-0.0;0.0;0.0;-0.0;-0.0;0.0;0.0;-0.0;0.0;0.0
N. Vesterlund;/players/niklas-brondsted-vesterlund-nielsen/441234/;2024-11-03;13;0.0;0.0;0.0;0.0;-0.0;-0.0;0.0;0.0;-0.0;-0.0;0.0;0.0;-0.0;0.0;0.0
D. Min;/players/david-min/587715/;2024-11-03;13;0.0;0.0;0.0;0.0;-0.0;-0.0;0.0;0.0;0.0;-0.0;0.0;0.0;-0.0;0.0;0.0
V. Barkas;/players/vasileios-barkas/272919/;2024-11-08;14;3.0;2.0;0.0;0.0;-0.0;-0.0;0.0;0.0;-0.0;-0.0;12.0;0.0;-0.0;0.0;17.0
N. Viergever;/players/nick--viergever/78529/;2024-11-08;14;3.0;2.0;0.0;0.0;-0.0;-0.0;0.0;0.0;-0.0;-0.0;10.0;0.0;-0.0;0.0;15.0
M. van der Hoorn;/players/mike-van-der-hoorn/190540/;2024-11-08;14;0.57;0.38;0.0;0.0;-0.0;-0.0;0.0;0.0;-0.0;-0.0;1.89;0.0;-0.0;0.0;2.83
S. Horemans;/players/siebe-horemans/399758/;2024-11-08;14;3.0;2.0;0.0;0.0;-0.0;-0.0;0.0;0.0;-0.0;-0.0;10.0;0.0;-0.0;0.0;15.0
S. El Karouani;/players/souffian-elkarouani/537878/;2024-11-08;14;3.0;2.0;0.0;0.0;-0.0;-0.0;0.0;0.0;-0.0;-0.0;10.0;0.0;-0.0;0.0;15.0
V. Jensen;/players/victor-jensen/460509/;2024-11-08;14;1.97;1.31;0.0;0.0;-0.0;-0.0;0.0;0.0;0.0;-0.0;1.97;0.0;-0.0;0.0;5.24
P. Aaronson;/players/paxten-aaronson/576828/;2024-11-08;14;3.0;2.0;0.0;0.0;-0.0;-0.0;9.0;0.0;0.0;-0.0;3.0;0.0;-0.0;0.0;17.0
O. Fraulo;/players/oscar-fraulo/637161/;2024-11-08;14;2.3;1.53;0.0;0.0;-0.0;-0.0;0.0;0.0;0.0;-0.0;2.3;0.0;-0.0;0.0;6.13
Miguel Rodríguez;/players/miguel-rodriguez-vidal/576516/;2024-11-08;14;1.97;1.31;0.0;0.0;-0.0;-0.0;0.0;0.0;0.0;-0.0;0.66;0.0;-0.0;0.0;3.93
A. Descotte;/players/anthony-descotte/638248/;2024-11-08;14;1.97;1.31;0.0;0.0;-0.0;-0.0;0.0;0.0;0.0;-0.0;0.66;0.0;-0.0;0.0;3.93
Y. Cathline;/players/yoann-cathline/660710/;2024-11-08;14;2.93;1.96;0.0;0.0;-0.0;-0.0;0.0;0.0;0.0;-0.0;0.98;0.0;-0.0;0.0;5.87
M. Didden;/players/matisse-didden/541794/;2024-11-08;14;2.43;1.62;0.0;0.0;-0.0;-0.0;0.0;0.0;-0.0;-0.0;8.11;0.0;-0.0;0.0;12.17
J. Toornstra;/players/jens-toornstra/110217/;2024-11-08;14;1.03;0.69;0.0;0.0;-0.0;-0.0;0.0;0.0;0.0;-0.0;1.03;0.0;-0.0;0.0;2.76
N. Ohio;/players/noah-ohio/571268/;2024-11-08;14;1.03;0.69;0.0;0.0;-0.0;-0.0;0.0;0.0;0.0;-0.0;0.34;0.0;-0.0;0.0;2.07
O. Romeny;/players/ole-ter-haar-romeny/532140/;2024-11-08;14;1.03;0.69;0.0;0.0;-0.0;-0.0;0.0;0.0;0.0;-0.0;0.34;0.0;-0.0;0.0;2.07
D. Min;/players/david-min/587715/;2024-11-08;14;0.7;0.47;0.0;0.0;-0.0;-0.0;0.0;0.0;0.0;-0.0;0.23;0.0;-0.0;0.0;1.4
T. Booth;/players/taylor-booth/441556/;2024-11-08;14;0.07;0.04;0.0;0.0;-0.0;-0.0;0.0;0.0;0.0;-0.0;0.07;0.0;-0.0;0.0;0.18
N. Vesterlund;/players/niklas-brondsted-vesterlund-nielsen/441234/;2024-11-08;14;0.0;0.0;0.0;0.0;-0.0;-0.0;0.0;0.0;-0.0;-0.0;0.0;0.0;-0.0;0.0;0.0
M. Brouwer;/players/michael-brouwer/250395/;2024-11-08;14;0.0;0.0;0.0;0.0;-0.0;-0.0;0.0;0.0;-0.0;-0.0;0.0;0.0;-0.0;0.0;0.0
T. de Graaff;/players/tom-gerard-de-graaff/783148/;2024-11-08;14;0.0;0.0;0.0;0.0;-0.0;-0.0;0.0;0.0;-0.0;-0.0;0.0;0.0;-0.0;0.0;0.0
F. de Keijzer;/players/fabian-de-keijzer/463695/;2024-11-08;14;3.0;0.0;0.0;0.0;-0.0;-0.0;0.0;0.0;-1.0;-0.0;0.0;0.0;-0.0;0.0;2.0
D. Mirani;/players/damon-mirani/289811/;2024-11-08;14;3.0;0.0;0.0;0.0;-0.0;-0.0;0.0;0.0;-1.0;-0.0;0.0;0.0;-0.0;0.0;2.0
I. Mesík;/players/ivan-mesik/513503/;2024-11-08;14;3.0;0.0;0.0;0.0;-2.0;-0.0;0.0;0.0;-1.0;-0.0;0.0;0.0;-0.0;0.0;0.0
R. Roosken;/players/ruben-roosken/618143/;2024-11-08;14;3.0;0.0;0.0;0.0;-0.0;-0.0;0.0;0.0;-1.0;-0.0;0.0;0.0;-0.0;0.0;2.0
M. Benita;/players/mimeirhel-benita/645525/;2024-11-08;14;3.0;0.0;0.0;0.0;-0.0;-0.0;0.0;0.0;-1.0;-0.0;0.0;0.0;-0.0;0.0;2.0
M. Engels;/players/mario-engels/243044/;2024-11-08;14;2.83;0.0;0.0;0.0;-0.0;-0.0;0.0;0.0;0.0;-0.0;0.0;0.0;-0.0;0.0;2.83
J. Bruijn;/players/jordy-bruijn/314251/;2024-11-08;14;2.4;0.0;0.0;0.0;-0.0;-0.0;0.0;0.0;0.0;-0.0;0.0;0.0;-0.0;0.0;2.4
J. Žambůrek;/players/jan-ambrek/542777/;2024-11-08;14;2.83;0.0;0.0;0.0;-0.0;-0.0;0.0;0.0;0.0;-0.0;0.0;0.0;-0.0;0.0;2.83
B. De Keersmaecker;/players/brian-de-keersmaecker/605558/;2024-11-08;14;3.0;0.0;0.0;0.0;-0.0;-0.0;0.0;0.0;0.0;-0.0;0.0;0.0;-0.0;0.0;3.0
S. Podgoreanu;/players/suf-podgoreanu/509673/;2024-11-08;14;3.0;0.0;0.0;0.0;-0.0;-0.0;0.0;0.0;0.0;-0.0;0.0;0.0;-0.0;0.0;3.0
L. Kulenović;/players/luka-kulenovi/631882/;2024-11-08;14;3.0;0.0;0.0;0.0;-0.0;-0.0;0.0;0.0;0.0;-0.0;0.0;0.0;-0.0;0.0;3.0
J. Hornkamp;/players/jizz-hornkamp/526566/;2024-11-08;14;0.6;0.0;0.0;0.0;-0.0;-0.0;0.0;0.0;0.0;-0.0;0.0;0.0;-0.0;0.0;0.6
t Zand;/players/shiloh-t-zand/824640/;2024-11-08;14;0.17;0.0;0.0;0.0;-0.0;-0.0;0.0;0.0;0.0;-0.0;0.0;0.0;-0.0;0.0;0.17
D. van Kaam;/players/daniel-van-kaam/477595/;2024-11-08;14;0.17;0.0;0.0;0.0;-0.0;-0.0;0.0;0.0;0.0;-0.0;0.0;0.0;-0.0;0.0;0.17
L. Milani;/players/lorenzo-milani/664147/;2024-11-08;14;0.0;0.0;0.0;0.0;-0.0;-0.0;0.0;0.0;-0.0;-0.0;0.0;0.0;-0.0;0.0;0.0
J. Hoogma;/players/justin-hoogma/432697/;2024-11-08;14;0.0;0.0;0.0;0.0;-0.0;-0.0;0.0;0.0;-0.0;-0.0;0.0;0.0;-0.0;0.0;0.0
J. Wieckhoff;/players/jannes-luca-wieckhoff/497167/;2024-11-08;14;0.0;0.0;0.0;0.0;-0.0;-0.0;0.0;0.0;-0.0;-0.0;0.0;0.0;-0.0;0.0;0.0
T. Jansink;/players/timo-jansink/632823/;2024-11-08;14;0.0;0.0;0.0;0.0;-0.0;-0.0;0.0;0.0;-0.0;-0.0;0.0;0.0;-0.0;0.0;0.0
T. Bruns;/players/thomas-bruns/168503/;2024-11-08;14;0.0;0.0;0.0;0.0;-0.0;-0.0;0.0;0.0;0.0;-0.0;0.0;0.0;-0.0;0.0;0.0
J. Talvitie;/players/juho-talvitie/701365/;2024-11-08;14;0.0;0.0;0.0;0.0;-0.0;-0.0;0.0;0.0;0.0;-0.0;0.0;0.0;-0.0;0.0;0.0
K. Leerdam;/players/kelvin-leerdam/68354/;2024-11-08;14;0.0;0.0;0.0;0.0;-0.0;-0.0;0.0;0.0;-0.0;-0.0;0.0;0.0;-0.0;0.0;0.0
R. Mantel;/players/robin-mantel/502712/;2024-11-08;14;0.0;0.0;0.0;0.0;-0.0;-0.0;0.0;0.0;-0.0;-0.0;0.0;0.0;-0.0;0.0;0.0
J. Schendelaar;/players/jasper-schendelaar/454473/;2024-11-09;14;3.0;2.0;0.0;0.0;-0.0;-0.0;0.0;8.0;-1.0;-0.0;0.0;0.0;-0.0;14.0;26.0
S. Floranus;/players/sherel-floranus/385271/;2024-11-09;14;3.0;2.0;0.0;0.0;-0.0;-0.0;0.0;0.0;-1.0;-0.0;0.0;0.0;-0.0;0.0;4.0
A. El Azzouzi;/players/anouar-el-azzouzi/567947/;2024-11-09;14;2.63;1.76;0.0;0.0;-0.0;-0.0;0.0;0.0;-1.0;-0.0;0.0;0.0;-0.0;0.0;3.39
A. MacNulty;/players/anselmo-garcia-mcnulty/608607/;2024-11-09;14;3.0;2.0;0.0;0.0;-0.0;-0.0;0.0;0.0;-1.0;-0.0;0.0;0.0;-0.0;0.0;4.0
O. Aertssen;/players/olivier-aertssen/664645/;2024-11-09;14;3.0;2.0;0.0;0.0;-0.0;-0.0;0.0;0.0;-1.0;-0.0;0.0;0.0;-0.0;0.0;4.0
D. van der Haar;/players/damian-van-der-haar/812205/;2024-11-09;14;3.0;2.0;0.0;0.0;-0.0;-0.0;12.0;6.0;-1.0;-0.0;0.0;0.0;-0.0;0.0;22.0
Y. Namli;/players/younes-namli/291585/;2024-11-09;14;2.63;1.76;0.0;0.0;-0.0;-0.0;0.0;0.0;0.0;-0.0;0.0;0.0;-0.0;0.0;4.39
Jamiro Monteiro;/players/jamiro-gregory-monteiro-alvarenga/421293/;2024-11-09;14;2.93;1.96;0.0;0.0;-2.0;-0.0;0.0;0.0;0.0;-0.0;0.0;0.0;-0.0;0.0;2.89
D. van den Berg;/players/dave-van-den-berg-/475335/;2024-11-09;14;3.0;2.0;0.0;0.0;-0.0;-8.0;0.0;0.0;0.0;-0.0;0.0;0.0;-0.0;0.0;-3.0
D. Vente;/players/dylan-vente/426585/;2024-11-09;14;3.0;2.0;0.0;0.0;-2.0;-0.0;0.0;0.0;0.0;-0.0;0.0;0.0;-0.0;0.0;3.0
D. Mbayo;/players/dylan-mbayo/599681/;2024-11-09;14;2.93;1.96;0.0;0.0;-0.0;-0.0;16.0;0.0;0.0;-0.0;0.0;0.0;-0.0;0.0;20.89
N. Fichtinger;/players/nick-fichtinger/914267/;2024-11-09;14;0.37;0.24;0.0;0.0;-0.0;-0.0;0.0;0.0;0.0;-0.0;0.0;0.0;-0.0;0.0;0.61
O. Velanas;/players/odysseus-velanas/452059/;2024-11-09;14;0.37;0.24;0.0;0.0;-0.0;-0.0;0.0;0.0;0.0;-0.0;0.0;0.0;-0.0;0.0;0.61
F. Krastev;/players/filip-yavorov-krastev/550509/;2024-11-09;14;0.07;0.04;0.0;0.0;-0.0;-0.0;0.0;0.0;0.0;-0.0;0.0;0.0;-0.0;0.0;0.11
K. de Rooij;/players/kaj-de-rooij/539368/;2024-11-09;14;0.07;0.04;0.0;0.0;-0.0;-0.0;0.0;0.0;0.0;-0.0;0.0;0.0;-0.0;0.0;0.11
T. Buitink;/players/thomas-buitnik/457668/;2024-11-09;14;0.0;0.0;0.0;0.0;-0.0;-0.0;0.0;0.0;0.0;-0.0;0.0;0.0;-0.0;0.0;0.0
M. Hauptmeijer;/players/mike-hauptmeijer/321048/;2024-11-09;14;0.0;0.0;0.0;0.0;-0.0;-0.0;0.0;0.0;-0.0;-0.0;0.0;0.0;-0.0;0.0;0.0
B. Manu;/players/braydon-marvin-manu/414639/;2024-11-09;14;0.0;0.0;0.0;0.0;-0.0;-0.0;0.0;0.0;0.0;-0.0;0.0;0.0;-0.0;0.0;0.0
E. Reijnders;/players/eliano-reijnders/577288/;2024-11-09;14;0.0;0.0;0.0;0.0;-0.0;-0.0;0.0;0.0;0.0;-0.0;0.0;0.0;-0.0;0.0;0.0
K. Vermeer;/players/kenneth-vermeer/2175/;2024-11-09;14;0.0;0.0;0.0;0.0;-0.0;-0.0;0.0;0.0;-0.0;-0.0;0.0;0.0;-0.0;0.0;0.0
T. Lutonda;/players/thierry-lutonda/462568/;2024-11-09;14;0.0;0.0;0.0;0.0;-0.0;-0.0;0.0;0.0;-0.0;-0.0;0.0;0.0;-0.0;0.0;0.0
M. Branderhorst;/players/mathijs-branderhorst/175358/;2024-11-09;14;3.0;0.0;0.0;0.0;-0.0;-0.0;0.0;0.0;-3.0;-0.0;0.0;0.0;-0.0;0.0;0.0
Ivo Pinto;/players/ivo-pinto/86672/;2024-11-09;14;2.1;0.0;0.0;0.0;-0.0;-0.0;0.0;0.0;-2.0;-0.0;0.0;0.0;-0.0;0.0;0.1
M. Dijks;/players/mitchel-dijks/219029/;2024-11-09;14;2.07;0.0;0.0;0.0;-0.0;-0.0;0.0;0.0;-2.0;-0.0;0.0;0.0;-0.0;0.0;0.07
Rodrigo Guth;/players/rodrigo-guth/475116/;2024-11-09;14;3.0;0.0;0.0;0.0;-0.0;-0.0;0.0;0.0;-3.0;-0.0;0.0;0.0;-0.0;0.0;0.0
S. Adewoye;/players/shawn-adewoye/618207/;2024-11-09;14;3.0;0.0;0.0;0.0;-0.0;-0.0;0.0;0.0;-3.0;-0.0;0.0;0.0;-0.0;0.0;0.0
A. Halilović;/players/alen-halilovi/270136/;2024-11-09;14;2.63;0.0;0.0;0.0;-0.0;-0.0;0.0;0.0;0.0;-0.0;0.0;0.0;-0.0;0.0;2.63
S. Bastien;/players/samuel-bastien/314097/;2024-11-09;14;3.0;0.0;0.0;0.0;-0.0;-0.0;0.0;0.0;0.0;-0.0;0.0;0.0;-0.0;0.0;3.0
Alessio da Cruz;/players/alessio-da-cruz/391603/;2024-11-09;14;2.07;0.0;0.0;0.0;-0.0;-0.0;0.0;0.0;0.0;-0.0;0.0;0.0;-0.0;0.0;2.07
L. Rosier;/players/lorentz-rosier/456607/;2024-11-09;14;3.0;0.0;0.0;0.0;-2.0;-0.0;0.0;0.0;0.0;-0.0;0.0;0.0;-0.0;0.0;1.0
E. Bullaude;/players/ezequiel-eduardo-bullaude/577164/;2024-11-09;14;3.0;0.0;0.0;0.0;-0.0;-0.0;0.0;0.0;0.0;-0.0;0.0;3.0;-3.0;0.0;3.0
R. Fosso;/players/ryan-fosso/637283/;2024-11-09;14;1.53;0.0;0.0;0.0;-0.0;-0.0;0.0;0.0;0.0;-0.0;0.0;0.0;-0.0;0.0;1.53
J. Dahlhaus;/players/jasper-dahlhaus/567944/;2024-11-09;14;1.47;0.0;0.0;0.0;-0.0;-0.0;0.0;0.0;-3.0;-0.0;0.0;0.0;-0.0;0.0;-1.53
M. Aïko;/players/makan-aiko/608125/;2024-11-09;14;0.93;0.0;0.0;0.0;-0.0;-0.0;0.0;0.0;0.0;-0.0;0.0;0.0;-0.0;0.0;0.93
K. Peterson;/players/kristoffer-peterson/218002/;2024-11-09;14;0.93;0.0;0.0;0.0;-0.0;-0.0;0.0;0.0;0.0;-0.0;0.0;0.0;-0.0;0.0;0.93
J. Mitrović;/players/josip-mitrovi/482602/;2024-11-09;14;0.9;0.0;0.0;0.0;-0.0;-0.0;0.0;0.0;0.0;-0.0;0.0;0.0;-0.0;0.0;0.9
A. Erceg;/players/ante-erceg/137741/;2024-11-09;14;0.37;0.0;0.0;0.0;-2.0;-0.0;0.0;0.0;0.0;-0.0;0.0;0.0;-0.0;0.0;-1.63
S. van Ottele;/players/syb-van-ottele/525930/;2024-11-09;14;0.0;0.0;0.0;0.0;-0.0;-0.0;0.0;0.0;-0.0;-0.0;0.0;0.0;-0.0;0.0;0.0
Úmaro Embaló;/players/umaro-embalo/460644/;2024-11-09;14;0.0;0.0;0.0;0.0;-0.0;-0.0;0.0;0.0;0.0;-0.0;0.0;0.0;-0.0;0.0;0.0
L. Koopmans;/players/luuk-koopmans/149059/;2024-11-09;14;0.0;0.0;0.0;0.0;-0.0;-0.0;0.0;0.0;-0.0;-0.0;0.0;0.0;-0.0;0.0;0.0
D. Grujčić;/players/darijo-grujcic/478384/;2024-11-09;14;0.0;0.0;0.0;0.0;-0.0;-0.0;0.0;0.0;-0.0;-0.0;0.0;0.0;-0.0;0.0;0.0
R. Bayram;/players/ramazan-bayram/965960/;2024-11-09;14;0.0;0.0;0.0;0.0;-0.0;-0.0;0.0;0.0;-0.0;-0.0;0.0;0.0;-0.0;0.0;0.0
D. Bielica;/players/daniel-bielica/555492/;2024-11-09;14;3.0;0.0;0.0;0.0;-0.0;-0.0;0.0;0.0;-3.0;-0.0;0.0;0.0;-0.0;0.0;0.0
T. Kongolo;/players/terence-kongolo/161296/;2024-11-09;14;3.0;0.0;0.0;0.0;-0.0;-0.0;0.0;0.0;-3.0;-0.0;0.0;0.0;-0.0;0.0;0.0
J. Van den Bergh;/players/jan-van-den-bergh/354185/;2024-11-09;14;3.0;0.0;0.0;0.0;-0.0;-0.0;0.0;0.0;-3.0;-0.0;0.0;0.0;-0.0;0.0;0.0
B. Lucassen;/players/boyd-lucassen/453952/;2024-11-09;14;3.0;0.0;0.0;0.0;-2.0;-0.0;0.0;0.0;-3.0;-0.0;0.0;0.0;-0.0;0.0;-2.0
B. Kemper;/players/boy-kemper/463009/;2024-11-09;14;3.0;0.0;0.0;0.0;-2.0;-0.0;0.0;0.0;-3.0;-0.0;0.0;0.0;-0.0;0.0;-2.0
F. Oldrup Jensen;/players/fredrik-oldrup-jensen/231672/;2024-11-09;14;2.7;0.0;0.0;0.0;-0.0;-0.0;0.0;0.0;0.0;-0.0;0.0;0.0;-0.0;0.0;2.7
C. Leemans;/players/clint-leemans/264397/;2024-11-09;14;2.07;0.0;0.0;0.0;-0.0;-0.0;0.0;0.0;0.0;-0.0;0.0;0.0;-0.0;0.0;2.07
M. Garbett;/players/matthew-garbett/577465/;2024-11-09;14;2.07;0.0;0.0;0.0;-0.0;-0.0;0.0;0.0;0.0;-0.0;0.0;0.0;-0.0;0.0;2.07
R. Paula;/players/raul-paula/640610/;2024-11-09;14;2.07;0.0;0.0;0.0;-0.0;-0.0;0.0;0.0;0.0;-0.0;0.0;0.0;-0.0;0.0;2.07
M. Balard;/players/maximilien-balard/643695/;2024-11-09;14;3.0;0.0;0.0;0.0;-0.0;-0.0;0.0;0.0;0.0;-0.0;0.0;0.0;-0.0;0.0;3.0
L. Sauer;/players/leo-sauer/790415/;2024-11-09;14;2.7;0.0;0.0;0.0;-0.0;-0.0;0.0;0.0;0.0;-0.0;0.0;0.0;-0.0;0.0;2.7
L. Mol;/players/lars-mol/923583/;2024-11-09;14;0.93;0.0;0.0;0.0;-0.0;-0.0;0.0;0.0;-1.0;-0.0;0.0;0.0;-0.0;0.0;-0.07
K. Kostorz;/players/kacper-kostorz/485378/;2024-11-09;14;0.93;0.0;0.0;0.0;-0.0;-0.0;0.0;0.0;0.0;-0.0;0.0;0.0;-0.0;0.0;0.93
D. Janošek;/players/dominik-janosek/492661/;2024-11-09;14;0.93;0.0;0.0;0.0;-0.0;-0.0;0.0;0.0;0.0;-0.0;0.0;0.0;-0.0;0.0;0.93
C. Staring;/players/casper-staring/628494/;2024-11-09;14;0.3;0.0;0.0;0.0;-0.0;-0.0;0.0;0.0;0.0;-0.0;0.0;0.0;-0.0;0.0;0.3
Saná Fernandes;/players/sana-fernandes/926017/;2024-11-09;14;0.3;0.0;0.0;0.0;-0.0;-0.0;0.0;0.0;0.0;-0.0;0.0;0.0;-0.0;0.0;0.3
Manel Royo;/players/manel-royo-castell/354951/;2024-11-09;14;0.0;0.0;0.0;0.0;-0.0;-0.0;0.0;0.0;-0.0;-0.0;0.0;0.0;-0.0;0.0;0.0
R. Kuijpers;/players/roy-kuijpers/663306/;2024-11-09;14;0.0;0.0;0.0;0.0;-0.0;-0.0;0.0;0.0;0.0;-0.0;0.0;0.0;-0.0;0.0;0.0
T. Troost;/players/tein-troost/525919/;2024-11-09;14;0.0;0.0;0.0;0.0;-0.0;-0.0;0.0;0.0;-0.0;-0.0;0.0;0.0;-0.0;0.0;0.0
E. Mahmutović;/players/enes-mahmutovic/347775/;2024-11-09;14;0.0;0.0;0.0;0.0;-0.0;-0.0;0.0;0.0;-0.0;-0.0;0.0;0.0;-0.0;0.0;0.0
A. Kaied;/players/adam-kaied/693342/;2024-11-09;14;0.0;0.0;0.0;0.0;-0.0;-0.0;0.0;0.0;0.0;-0.0;0.0;0.0;-0.0;0.0;0.0
R. Kortsmit;/players/roy-kortsmit/200996/;2024-11-09;14;0.0;0.0;0.0;0.0;-0.0;-0.0;0.0;0.0;-0.0;-0.0;0.0;0.0;-0.0;0.0;0.0
E. Ómarsson;/players/elias-mar-omarsson/213035/;2024-11-09;14;0.0;0.0;0.0;0.0;-0.0;-0.0;0.0;0.0;0.0;-0.0;0.0;0.0;-0.0;0.0;0.0
W. Benítez;/players/walter-benitez/210145/;2024-11-09;14;3.0;2.0;0.0;0.0;-0.0;-0.0;0.0;0.0;-0.0;-0.0;12.0;0.0;-0.0;0.0;17.0
R. Karsdorp;/players/rick-karsdorp/322327/;2024-11-09;14;2.77;1.84;0.0;0.0;-0.0;-0.0;0.0;0.0;-0.0;-0.0;9.22;0.0;-0.0;0.0;13.83
O. Boscagli;/players/olivier-boscagli/329542/;2024-11-09;14;3.0;2.0;0.0;0.0;-0.0;-0.0;0.0;0.0;-0.0;-0.0;10.0;0.0;-0.0;0.0;15.0
Mauro Júnior;/players/mauro-jaqueson-junior-ferreira-dos-santos/398754/;2024-11-09;14;3.0;2.0;0.0;0.0;-0.0;-0.0;0.0;0.0;-0.0;-0.0;10.0;0.0;-0.0;0.0;15.0
R. Flamingo;/players/ryan-flamingo/627724/;2024-11-09;14;3.0;2.0;0.0;0.0;-0.0;-0.0;0.0;0.0;-0.0;-0.0;10.0;0.0;-0.0;0.0;15.0
M. Dams;/players/matteo-dams/805736/;2024-11-09;14;3.0;2.0;0.0;0.0;-0.0;-0.0;0.0;0.0;-0.0;-0.0;10.0;0.0;-0.0;0.0;15.0
M. Tillman;/players/malik-tillman/561787/;2024-11-09;14;2.77;1.84;0.0;0.0;-0.0;-0.0;0.0;0.0;0.0;-0.0;2.77;0.0;-0.0;0.0;7.38
I. Saibari;/players/ismael-saibari/632481/;2024-11-09;14;3.0;2.0;0.0;0.0;-0.0;-0.0;9.0;5.0;0.0;-0.0;3.0;0.0;-0.0;0.0;22.0
N. Lang;/players/noa-lang/463018/;2024-11-09;14;2.37;1.58;0.0;0.0;-0.0;-0.0;0.0;0.0;0.0;-0.0;0.79;0.0;-0.0;0.0;4.73
R. Pepi;/players/ricardo-pepi/523964/;2024-11-09;14;2.37;1.58;0.0;0.0;-2.0;-0.0;8.0;4.0;0.0;-0.0;0.79;0.0;-0.0;0.0;14.73
J. Bakayoko;/players/johan-bakayoko/638229/;2024-11-09;14;2.37;1.58;0.0;0.0;-2.0;-0.0;8.0;0.0;0.0;-0.0;0.79;0.0;-0.0;0.0;10.73
C. Driouech;/players/couhaib-driouech/632812/;2024-11-09;14;0.63;0.42;0.0;0.0;-0.0;-0.0;0.0;0.0;0.0;-0.0;0.21;0.0;-0.0;0.0;1.27
I. Perišić;/players/ivan-perisic/13756/;2024-11-09;14;0.63;0.42;0.0;0.0;-0.0;-0.0;0.0;0.0;0.0;-0.0;0.21;0.0;-0.0;0.0;1.27
L. de Jong;/players/luuk-de-jong/65056/;2024-11-09;14;0.63;0.42;0.0;0.0;-0.0;-0.0;0.0;0.0;0.0;-0.0;0.21;0.0;-0.0;0.0;1.27
I. Babadi;/players/isaac-babadi/700867/;2024-11-09;14;0.23;0.16;0.0;0.0;-0.0;-0.0;0.0;0.0;0.0;-0.0;0.23;0.0;-0.0;0.0;0.62
R. Ledezma;/players/richard-ledezma/512218/;2024-11-09;14;0.23;0.16;0.0;0.0;-0.0;-0.0;0.0;0.0;0.0;-0.0;0.23;0.0;-0.0;0.0;0.62
G. Til;/players/guus-til/451981/;2024-11-09;14;0.0;0.0;0.0;0.0;-0.0;-0.0;0.0;0.0;0.0;-0.0;0.0;0.0;-0.0;0.0;0.0
F. Oppegård;/players/fredrik-oppegard/575059/;2024-11-09;14;0.0;0.0;0.0;0.0;-0.0;-0.0;0.0;0.0;-0.0;-0.0;0.0;0.0;-0.0;0.0;0.0
J. Drommel;/players/joel-drommel/355869/;2024-11-09;14;0.0;0.0;0.0;0.0;-0.0;-0.0;0.0;0.0;-0.0;-0.0;0.0;0.0;-0.0;0.0;0.0
N. Schiks;/players/niek-schiks/643502/;2024-11-09;14;0.0;0.0;0.0;0.0;-0.0;-0.0;0.0;0.0;-0.0;-0.0;0.0;0.0;-0.0;0.0;0.0
J. Houwen;/players/jeroen-houwen/303254/;2024-11-09;14;3.0;0.0;0.0;0.0;-0.0;-0.0;0.0;0.0;-3.0;-0.0;0.0;0.0;-0.0;0.0;0.0
D. Van den Buijs;/players/dario-van-den-buijs/353273/;2024-11-09;14;3.0;0.0;0.0;0.0;-0.0;-0.0;0.0;0.0;-3.0;-0.0;0.0;0.0;-0.0;0.0;0.0
L. van Gelderen;/players/liam--van-gelderen/463011/;2024-11-09;14;3.0;0.0;0.0;0.0;-0.0;-0.0;0.0;0.0;-3.0;-0.0;0.0;0.0;-0.0;0.0;0.0
L. Wouters;/players/luuk--wouters/537856/;2024-11-09;14;3.0;0.0;0.0;0.0;-0.0;-0.0;0.0;0.0;-3.0;-0.0;0.0;0.0;-0.0;0.0;0.0
R. van Eijma;/players/roshon-van-eijma/539577/;2024-11-09;14;3.0;0.0;0.0;0.0;-0.0;-0.0;0.0;0.0;-3.0;-0.0;0.0;0.0;-0.0;0.0;0.0
R. van der Venne;/players/richard-van-der-venne/261975/;2024-11-09;14;2.57;0.0;0.0;0.0;-0.0;-0.0;0.0;0.0;0.0;-0.0;0.0;0.0;-0.0;0.0;2.57
G. Roemeratoe;/players/godfried-roemeratoe/426582/;2024-11-09;14;3.0;0.0;0.0;0.0;-0.0;-0.0;0.0;0.0;0.0;-0.0;0.0;0.0;-0.0;0.0;3.0
D. Weidmann;/players/daouda-weidmann/782160/;2024-11-09;14;3.0;0.0;0.0;0.0;-0.0;-8.0;0.0;0.0;0.0;-0.0;0.0;0.0;-0.0;0.0;-5.0
O. Zawada;/players/oskar-zawada/289870/;2024-11-09;14;2.57;0.0;0.0;0.0;-0.0;-0.0;0.0;0.0;0.0;-0.0;0.0;0.0;-0.0;0.0;2.57
S. van der Water;/players/silvester-van-der-water/408536/;2024-11-09;14;2.57;0.0;0.0;0.0;-0.0;-0.0;0.0;0.0;0.0;-0.0;0.0;0.0;-0.0;0.0;2.57
R. Margaret;/players/richonell-margaret/508815/;2024-11-09;14;3.0;0.0;0.0;0.0;-0.0;-0.0;0.0;0.0;0.0;-0.0;0.0;0.0;-0.0;0.0;3.0
D. Cleonise;/players/denilho-cleonise/642338/;2024-11-09;14;0.43;0.0;0.0;0.0;-0.0;-0.0;0.0;0.0;0.0;-0.0;0.0;0.0;-0.0;0.0;0.43
F. Al Mazyani;/players/faissal-al-mazyani/790281/;2024-11-09;14;0.43;0.0;0.0;0.0;-0.0;-0.0;0.0;0.0;-1.0;-0.0;0.0;0.0;-0.0;0.0;-0.57
Y. Oukili;/players/yassin-oukili/567948/;2024-11-09;14;0.43;0.0;0.0;0.0;-0.0;-0.0;0.0;0.0;0.0;-0.0;0.0;0.0;-0.0;0.0;0.43
J. Kesting;/players/joey-kesting/567938/;2024-11-09;14;0.0;0.0;0.0;0.0;-0.0;-0.0;0.0;0.0;-0.0;-0.0;0.0;0.0;-0.0;0.0;0.0
T. van de Loo;/players/tim-van-de-loo/813111/;2024-11-09;14;0.0;0.0;0.0;0.0;-0.0;-0.0;0.0;0.0;0.0;-0.0;0.0;0.0;-0.0;0.0;0.0
P. Vroegh;/players/patrick-vroegh/457667/;2024-11-09;14;0.0;0.0;0.0;0.0;-0.0;-0.0;0.0;0.0;0.0;-0.0;0.0;0.0;-0.0;0.0;0.0
K. Felida;/players/kevin--felida/501817/;2024-11-09;14;0.0;0.0;0.0;0.0;-0.0;-0.0;0.0;0.0;0.0;-0.0;0.0;0.0;-0.0;0.0;0.0
C. Lokesa;/players/chris-lokesa/847737/;2024-11-09;14;0.0;0.0;0.0;0.0;-0.0;-0.0;0.0;0.0;0.0;-0.0;0.0;0.0;-0.0;0.0;0.0
R. Niemeijer;/players/reuven-niemeijer/447106/;2024-11-09;14;0.0;0.0;0.0;0.0;-0.0;-0.0;0.0;0.0;0.0;-0.0;0.0;0.0;-0.0;0.0;0.0
L. Vogels;/players/luuk-vogels/858294/;2024-11-09;14;0.0;0.0;0.0;0.0;-0.0;-0.0;0.0;0.0;-0.0;-0.0;0.0;0.0;-0.0;0.0;0.0
M. Ihattaren;/players/mohammed-amine-ihattaren/525933/;2024-11-09;14;0.0;0.0;0.0;0.0;-0.0;-0.0;0.0;0.0;0.0;-0.0;0.0;0.0;-0.0;0.0;0.0
J. Lelieveld;/players/julian-lelieveld/407738/;2024-11-09;14;0.0;0.0;0.0;0.0;-0.0;-0.0;0.0;0.0;-0.0;-0.0;0.0;0.0;-0.0;0.0;0.0
R. Roefs;/players/robin-roefs/636190/;2024-11-09;14;3.0;2.0;0.0;0.0;-0.0;-0.0;0.0;0.0;-0.0;-0.0;12.0;0.0;-0.0;0.0;17.0
C. Verdonk;/players/calvin-verdonk/319288/;2024-11-09;14;3.0;2.0;0.0;0.0;-0.0;-0.0;0.0;0.0;-0.0;-0.0;10.0;0.0;-0.0;0.0;15.0
Iván Márquez;/players/ivan-marquez-alvarez/352663/;2024-11-09;14;3.0;2.0;0.0;0.0;-0.0;-0.0;12.0;0.0;-0.0;-0.0;10.0;0.0;-0.0;0.0;27.0
P. Sandler;/players/philippe-sandler/381097/;2024-11-09;14;2.03;1.36;0.0;0.0;-0.0;-0.0;0.0;0.0;-0.0;-0.0;6.78;0.0;-0.0;0.0;10.17
B. Pereira;/players/brayann-pereira/640596/;2024-11-09;14;2.6;1.73;0.0;0.0;-0.0;-0.0;0.0;6.0;-0.0;-0.0;8.67;0.0;-0.0;0.0;19.0
M. Hoedemakers;/players/mees-hoedemakers/465082/;2024-11-09;14;3.0;2.0;0.0;0.0;-0.0;-0.0;0.0;0.0;0.0;-0.0;3.0;0.0;-0.0;0.0;8.0
Róber;/players/roberto-gonzalez-bayon/500171/;2024-11-09;14;2.3;1.53;0.0;0.0;-0.0;-0.0;0.0;0.0;0.0;-0.0;2.3;0.0;-0.0;0.0;6.13
K. Sano;/players/kodai-sano/815318/;2024-11-09;14;3.0;2.0;0.0;0.0;-0.0;-0.0;0.0;0.0;0.0;-0.0;3.0;0.0;-0.0;0.0;8.0
V. van Crooij;/players/vito-van-crooy/330044/;2024-11-09;14;3.0;2.0;0.0;0.0;-2.0;-0.0;0.0;4.0;0.0;-0.0;1.0;0.0;-0.0;0.0;8.0
K. Ogawa;/players/koki-ogawa/435835/;2024-11-09;14;2.6;1.73;0.0;0.0;-0.0;-0.0;8.0;0.0;0.0;-0.0;0.87;0.0;-0.0;0.0;13.2
S. Hansen;/players/sontje-hansen/508823/;2024-11-09;14;2.3;1.53;0.0;0.0;-0.0;-0.0;0.0;0.0;0.0;-0.0;0.77;0.0;-0.0;0.0;4.6
B. Nuytinck;/players/bram-nuytinck/86442/;2024-11-09;14;0.97;0.64;0.0;0.0;-0.0;-0.0;0.0;0.0;-0.0;-0.0;3.22;0.0;-0.0;0.0;4.83
S. Ouaissa;/players/sami-ouaissa/856399/;2024-11-09;14;0.7;0.47;0.0;0.0;-0.0;-0.0;9.0;0.0;0.0;-0.0;0.7;0.0;-0.0;0.0;10.87
B. Önal;/players/basar-onal/822550/;2024-11-09;14;0.7;0.47;0.0;0.0;-0.0;-0.0;0.0;0.0;0.0;-0.0;0.23;0.0;-0.0;0.0;1.4
L. Lyratzis;/players/eleutherios-lyratzis/463371/;2024-11-09;14;0.4;0.27;0.0;0.0;-0.0;-0.0;0.0;0.0;-0.0;-0.0;1.33;0.0;-0.0;0.0;2.0
K. Shiogai;/players/kento-shiogai/910330/;2024-11-09;14;0.4;0.27;0.0;0.0;-0.0;-0.0;0.0;0.0;0.0;-0.0;0.13;0.0;-0.0;0.0;0.8
S. van Gassel;/players/stijn-van-gassel/323665/;2024-11-09;14;0.0;0.0;0.0;0.0;-0.0;-0.0;0.0;0.0;-0.0;-0.0;0.0;0.0;-0.0;0.0;0.0
L. Schöne;/players/lasse-schone/17366/;2024-11-09;14;0.0;0.0;0.0;0.0;-0.0;-0.0;0.0;0.0;0.0;-0.0;0.0;0.0;-0.0;0.0;0.0
A. Darelas;/players/argyrios-darelas/637189/;2024-11-09;14;0.0;0.0;0.0;0.0;-0.0;-0.0;0.0;0.0;0.0;-0.0;0.0;0.0;-0.0;0.0;0.0
R. Janse;/players/rijk-janse/632550/;2024-11-09;14;0.0;0.0;0.0;0.0;-0.0;-0.0;0.0;0.0;-0.0;-0.0;0.0;0.0;-0.0;0.0;0.0
E. Vaessen;/players/etienne-vaessen/408572/;2024-11-09;14;3.0;2.0;0.0;0.0;-0.0;-0.0;0.0;0.0;-0.0;-0.0;12.0;0.0;-0.0;0.0;17.0
L. Bacuna;/players/leandro-bacuna/88003/;2024-11-09;14;3.0;2.0;0.0;0.0;-0.0;-0.0;0.0;0.0;0.0;-0.0;3.0;0.0;-0.0;0.0;8.0
M. Peersman;/players/marvin-peersman/89988/;2024-11-09;14;3.0;2.0;0.0;0.0;-2.0;-0.0;0.0;0.0;-0.0;-0.0;10.0;0.0;-0.0;0.0;13.0
M. Rente;/players/marco-rente/450717/;2024-11-09;14;3.0;2.0;0.0;0.0;-0.0;-0.0;0.0;0.0;-0.0;-0.0;10.0;0.0;-0.0;0.0;15.0
W. Prins;/players/wouter-prins/930296/;2024-11-09;14;2.73;1.82;0.0;0.0;-0.0;-0.0;0.0;0.0;-0.0;-0.0;9.11;0.0;-0.0;0.0;13.67
J. Hove;/players/johan-hove/444353/;2024-11-09;14;3.0;2.0;0.0;0.0;-0.0;-0.0;0.0;0.0;0.0;-0.0;3.0;0.0;-0.0;0.0;8.0
S. Resink;/players/stije-resink/681459/;2024-11-09;14;3.0;2.0;0.0;0.0;-0.0;-0.0;0.0;0.0;0.0;-0.0;3.0;0.0;-0.0;0.0;8.0
L. Valente;/players/luciano-valente/703884/;2024-11-09;14;2.63;1.76;0.0;0.0;-0.0;-0.0;0.0;0.0;0.0;-0.0;2.63;0.0;-0.0;0.0;7.02
J. Schreuders;/players/jorg-schreuders/877779/;2024-11-09;14;3.0;2.0;0.0;0.0;-0.0;-0.0;0.0;0.0;0.0;-0.0;3.0;0.0;-0.0;0.0;8.0
R. Postema;/players/romano-postema/625358/;2024-11-09;14;3.0;2.0;0.0;0.0;-0.0;-0.0;8.0;0.0;0.0;-0.0;1.0;0.0;-0.0;0.0;14.0
T. van Bergen;/players/thom-van-bergen/873104/;2024-11-09;14;1.53;1.02;0.0;0.0;-0.0;-0.0;0.0;0.0;0.0;-0.0;0.51;0.0;-0.0;0.0;3.07
B. Willumsson;/players/brynjolfur-darri-willumsson/463548/;2024-11-09;14;1.47;0.98;0.0;0.0;-0.0;-0.0;0.0;0.0;0.0;-0.0;0.49;0.0;-0.0;0.0;2.93
J. Pelupessy;/players/joey-pelupessy/197572/;2024-11-09;14;0.37;0.24;0.0;0.0;-0.0;-0.0;0.0;0.0;0.0;-0.0;0.37;0.0;-0.0;0.0;0.98
F. Stam;/players/finn-stam/736439/;2024-11-09;14;0.27;0.18;0.0;0.0;-0.0;-0.0;0.0;0.0;-0.0;-0.0;0.89;0.0;-0.0;0.0;1.33
T. Blokzijl;/players/thijmen-blokzijl/703893/;2024-11-09;14;0.0;0.0;0.0;0.0;-0.0;-0.0;0.0;0.0;-0.0;-0.0;0.0;0.0;-0.0;0.0;0.0
Rui Mendes;/players/rui-jorge-monteiro-mendes/453390/;2024-11-09;14;0.0;0.0;0.0;0.0;-0.0;-0.0;0.0;0.0;0.0;-0.0;0.0;0.0;-0.0;0.0;0.0
T. Oosting;/players/thijs-oosting/477591/;2024-11-09;14;0.0;0.0;0.0;0.0;-0.0;-0.0;0.0;0.0;0.0;-0.0;0.0;0.0;-0.0;0.0;0.0
D. Baron;/players/dirk-baron/821647/;2024-11-09;14;0.0;0.0;0.0;0.0;-0.0;-0.0;0.0;0.0;-0.0;-0.0;0.0;0.0;-0.0;0.0;0.0
H. Jurjus;/players/hidde-jurjus/301076/;2024-11-09;14;0.0;0.0;0.0;0.0;-0.0;-0.0;0.0;0.0;-0.0;-0.0;0.0;0.0;-0.0;0.0;0.0
M. Mariani;/players/maxim-mariani/888265/;2024-11-09;14;0.0;0.0;0.0;0.0;-0.0;-0.0;0.0;0.0;-0.0;-0.0;0.0;0.0;-0.0;0.0;0.0
N. Emeran;/players/noam-emeran/671004/;2024-11-09;14;0.0;0.0;0.0;0.0;-0.0;-0.0;0.0;0.0;0.0;-0.0;0.0;0.0;-0.0;0.0;0.0
N. Olij;/players/nick-olij/235322/;2024-11-09;14;3.0;0.0;0.0;0.0;-0.0;-0.0;0.0;0.0;-1.0;-0.0;0.0;0.0;-0.0;0.0;2.0
S. Bakari;/players/said-bakari/325391/;2024-11-09;14;2.9;0.0;0.0;0.0;-0.0;-0.0;0.0;0.0;-1.0;-0.0;0.0;0.0;-0.0;0.0;1.9
B. Reith;/players/boyd-reith/427038/;2024-11-09;14;3.0;0.0;0.0;0.0;-0.0;-0.0;0.0;0.0;-1.0;-0.0;0.0;0.0;-0.0;0.0;2.0
M. Eerdhuijzen;/players/mike--eerdhuijzen/537301/;2024-11-09;14;3.0;0.0;0.0;0.0;-0.0;-0.0;0.0;0.0;-1.0;-0.0;0.0;0.0;-0.0;0.0;2.0
M. Young;/players/marvin-young/890667/;2024-11-09;14;3.0;0.0;0.0;0.0;-0.0;-0.0;0.0;0.0;-1.0;-0.0;0.0;0.0;-0.0;0.0;2.0
A. Verschueren;/players/arno-vershueren/319385/;2024-11-09;14;3.0;0.0;0.0;0.0;-0.0;-0.0;0.0;0.0;0.0;-0.0;0.0;0.0;-0.0;0.0;3.0
P. Clement;/players/pelle-clement/379793/;2024-11-09;14;1.53;0.0;0.0;0.0;-2.0;-0.0;0.0;0.0;0.0;-0.0;0.0;0.0;-0.0;0.0;-0.47
J. Kitolano;/players/joshua-gaston-kitolano/517475/;2024-11-09;14;3.0;0.0;0.0;0.0;-0.0;-0.0;0.0;0.0;0.0;-0.0;0.0;0.0;-0.0;0.0;3.0
T. Lauritsen;/players/tobias-lauritsen/406745/;2024-11-09;14;3.0;0.0;0.0;0.0;-0.0;-0.0;0.0;0.0;0.0;-0.0;0.0;0.0;-0.0;0.0;3.0
Kayky;/players/kayky-da-silva-chagas/669420/;2024-11-09;14;0.83;0.0;0.0;0.0;-0.0;-0.0;0.0;0.0;0.0;-0.0;0.0;0.0;-0.0;0.0;0.83
C. Neghli;/players/camiel-neghli/680707/;2024-11-09;14;2.47;0.0;0.0;0.0;-0.0;-0.0;0.0;0.0;0.0;-0.0;0.0;0.0;-0.0;0.0;2.47
M. Nassoh;/players/mohamed-nassoh/680659/;2024-11-09;14;2.17;0.0;0.0;0.0;-0.0;-0.0;0.0;0.0;0.0;-0.0;0.0;0.0;-0.0;0.0;2.17
Metinho;/players/abemly-meto-silu/691959/;2024-11-09;14;1.47;0.0;0.0;0.0;-2.0;-0.0;0.0;0.0;0.0;-0.0;0.0;0.0;-0.0;0.0;-0.53
S. Mito;/players/shunsuke-mito/640252/;2024-11-09;14;0.53;0.0;0.0;0.0;-0.0;-0.0;0.0;0.0;0.0;-0.0;0.0;0.0;-0.0;0.0;0.53
C. Brym;/players/charles-andreas-brym/538704/;2024-11-09;14;0.1;0.0;0.0;0.0;-0.0;-0.0;0.0;0.0;0.0;-0.0;0.0;0.0;-0.0;0.0;0.1
J. Baas;/players/julian-baas/663406/;2024-11-09;14;0.0;0.0;0.0;0.0;-0.0;-0.0;0.0;0.0;0.0;-0.0;0.0;0.0;-0.0;0.0;0.0
R. Meissen;/players/rick-meissen/571955/;2024-11-09;14;0.0;0.0;0.0;0.0;-0.0;-0.0;0.0;0.0;-0.0;-0.0;0.0;0.0;-0.0;0.0;0.0
D. Tevreden;/players/dylan-tevreden/866324/;2024-11-09;14;0.0;0.0;0.0;0.0;-0.0;-0.0;0.0;0.0;-0.0;-0.0;0.0;0.0;-0.0;0.0;0.0
A. Oufkir;/players/ayoub-oufkir/935867/;2024-11-09;14;0.0;0.0;0.0;0.0;-0.0;-0.0;0.0;0.0;0.0;-0.0;0.0;0.0;-0.0;0.0;0.0
M. Kleijn;/players/mike-kleijn/778111/;2024-11-09;14;0.0;0.0;0.0;0.0;-0.0;-0.0;0.0;0.0;-0.0;-0.0;0.0;0.0;-0.0;0.0;0.0
Y. Schoonderwaldt;/players/youri-youri-schoonderwaldt/537694/;2024-11-09;14;0.0;0.0;0.0;0.0;-0.0;-0.0;0.0;0.0;-0.0;-0.0;0.0;0.0;-0.0;0.0;0.0
L. Unnerstall;/players/lars-unnerstall/81320/;2024-11-10;14;3.0;0.0;1.0;0.0;-0.0;-0.0;0.0;0.0;-2.0;-0.0;0.0;0.0;-0.0;0.0;2.0
A. Salah-Eddine;/players/anass-salah-eddine/525927/;2024-11-10;14;2.8;0.0;0.93;0.0;-0.0;-0.0;0.0;6.0;-2.0;-0.0;0.0;0.0;-0.0;0.0;7.73
B. van Rooij;/players/bart-van-rooij/557859/;2024-11-10;14;3.0;0.0;1.0;0.0;-0.0;-0.0;0.0;0.0;-2.0;-0.0;0.0;0.0;-0.0;0.0;2.0
M. Hilgers;/players/mees-hilgers/627701/;2024-11-10;14;2.8;0.0;0.93;0.0;-0.0;-0.0;0.0;0.0;-2.0;-0.0;0.0;0.0;-0.0;0.0;1.73
C. Eiting;/players/carel-eiting/379791/;2024-11-10;14;2.03;0.0;0.68;0.0;-0.0;-0.0;0.0;0.0;0.0;-0.0;0.0;0.0;-0.0;0.0;2.71
M. Vlap;/players/michel-vlap/407742/;2024-11-10;14;3.0;0.0;1.0;0.0;-0.0;-0.0;18.0;0.0;0.0;-0.0;0.0;0.0;-0.0;0.0;22.0
M. Bruns;/players/max-bruns/628828/;2024-11-10;14;3.0;0.0;1.0;0.0;-0.0;-0.0;0.0;0.0;0.0;-0.0;0.0;0.0;-0.0;0.0;4.0
Y. Regeer;/players/youri-regeer/632221/;2024-11-10;14;2.8;0.0;0.93;0.0;-0.0;-0.0;0.0;0.0;0.0;-0.0;0.0;0.0;-0.0;0.0;3.73
G. Besselink;/players/gijs-besselink/895383/;2024-11-10;14;3.0;0.0;1.0;0.0;-2.0;-0.0;0.0;0.0;0.0;-0.0;0.0;0.0;-0.0;0.0;2.0
S. Lammers;/players/sam-lammers/407736/;2024-11-10;14;2.03;0.0;0.68;0.0;-0.0;-0.0;0.0;0.0;0.0;-0.0;0.0;0.0;-0.0;0.0;2.71
D. Rots;/players/daan-rots/628516/;2024-11-10;14;3.0;0.0;1.0;0.0;-0.0;-0.0;0.0;0.0;0.0;-0.0;0.0;0.0;-0.0;0.0;4.0
S. Steijn;/players/sem-steijn/560623/;2024-11-10;14;0.97;0.0;0.32;0.0;-0.0;-0.0;0.0;0.0;0.0;-0.0;0.0;0.0;-0.0;0.0;1.29
R. van Wolfswinkel;/players/ricky-van-wolfswinkel/59407/;2024-11-10;14;0.97;0.0;0.32;0.0;-0.0;-0.0;0.0;0.0;0.0;-0.0;0.0;0.0;-0.0;0.0;1.29
M. Kjølø;/players/mathias-ullereng-kjolo/517477/;2024-11-10;14;0.2;0.0;0.07;0.0;-0.0;-0.0;0.0;0.0;0.0;-0.0;0.0;0.0;-0.0;0.0;0.27
B. Kuipers;/players/bas-edo-kuipers/274649/;2024-11-10;14;0.2;0.0;0.07;0.0;-0.0;-0.0;0.0;0.0;-0.0;-0.0;0.0;0.0;-0.0;0.0;0.27
G. Lagerbielke;/players/gustaf-lagerbielke/500894/;2024-11-10;14;0.2;0.0;0.07;0.0;-0.0;-0.0;0.0;0.0;-0.0;-0.0;0.0;0.0;-0.0;0.0;0.27
M. van Bergen;/players/mitchell-van-bergen/426574/;2024-11-10;14;0.0;0.0;0.0;0.0;-0.0;-0.0;0.0;0.0;0.0;-0.0;0.0;0.0;-0.0;0.0;0.0
A. Van Hoorenbeeck;/players/alec-van-hoorenbeeck/593523/;2024-11-10;14;0.0;0.0;0.0;0.0;-0.0;-0.0;0.0;0.0;-0.0;-0.0;0.0;0.0;-0.0;0.0;0.0
M. Sadílek;/players/michal-sadilek/377539/;2024-11-10;14;0.0;0.0;0.0;0.0;-0.0;-0.0;0.0;0.0;0.0;-0.0;0.0;0.0;-0.0;0.0;0.0
S. Ltaief;/players/sayfallah-ltaief/659735/;2024-11-10;14;0.0;0.0;0.0;0.0;-0.0;-0.0;0.0;0.0;0.0;-0.0;0.0;0.0;-0.0;0.0;0.0
M. Rots;/players/mats-rots/830558/;2024-11-10;14;0.0;0.0;0.0;0.0;-0.0;-0.0;0.0;0.0;-0.0;-0.0;0.0;0.0;-0.0;0.0;0.0
P. Tytoń;/players/przemyslaw-tyton/17326/;2024-11-10;14;0.0;0.0;0.0;0.0;-0.0;-0.0;0.0;0.0;-0.0;-0.0;0.0;0.0;-0.0;0.0;0.0
I. El Maach;/players/issam-el-maach/506880/;2024-11-10;14;0.0;0.0;0.0;0.0;-0.0;-0.0;0.0;0.0;-0.0;-0.0;0.0;0.0;-0.0;0.0;0.0
R. Pasveer;/players/remko-pasveer/49689/;2024-11-10;14;3.0;0.0;1.0;0.0;-0.0;-0.0;0.0;0.0;-2.0;-0.0;0.0;0.0;-0.0;0.0;2.0
J. Šutalo;/players/josip-utalo/460387/;2024-11-10;14;3.0;0.0;1.0;0.0;-0.0;-0.0;0.0;0.0;-2.0;-0.0;0.0;0.0;-0.0;0.0;2.0
D. Rensch;/players/devyne-rensch/601396/;2024-11-10;14;3.0;0.0;1.0;0.0;-0.0;-0.0;0.0;0.0;-2.0;-0.0;0.0;0.0;-0.0;0.0;2.0
Y. Baas;/players/youri-baas/638355/;2024-11-10;14;3.0;0.0;1.0;0.0;-0.0;-0.0;0.0;0.0;-2.0;-0.0;0.0;0.0;-0.0;0.0;2.0
J. Hato;/players/jorrel-hato/783173/;2024-11-10;14;3.0;0.0;1.0;0.0;-2.0;-0.0;0.0;0.0;-2.0;-0.0;0.0;0.0;-0.0;0.0;0.0
J. Henderson;/players/jordan-henderson/48010/;2024-11-10;14;3.0;0.0;1.0;0.0;-0.0;-0.0;0.0;0.0;0.0;-0.0;0.0;0.0;-0.0;0.0;4.0
D. Klaassen;/players/davy-klaassen/158581/;2024-11-10;14;2.1;0.0;0.7;0.0;-0.0;-0.0;9.0;0.0;0.0;-0.0;0.0;0.0;-0.0;0.0;11.8
K. Taylor;/players/kenneth-taylor/508784/;2024-11-10;14;2.33;0.0;0.78;0.0;-0.0;-0.0;0.0;10.0;0.0;-0.0;0.0;0.0;-0.0;0.0;13.11
C. Akpom;/players/chuba-akpom/215570/;2024-11-10;14;3.0;0.0;1.0;0.0;-0.0;-0.0;0.0;0.0;0.0;-0.0;0.0;0.0;-0.0;0.0;4.0
W. Weghorst;/players/wout-weghorst/255205/;2024-11-10;14;2.33;0.0;0.78;0.0;-0.0;-0.0;0.0;0.0;0.0;-0.0;0.0;0.0;-0.0;0.0;3.11
M. Godts;/players/mika-marcel-godts/790325/;2024-11-10;14;1.53;0.0;0.51;0.0;-0.0;-0.0;0.0;0.0;0.0;-0.0;0.0;0.0;-0.0;0.0;2.04
B. Traoré;/players/bertrand-traore/102801/;2024-11-10;14;1.47;0.0;0.49;0.0;-0.0;-0.0;8.0;0.0;0.0;-0.0;0.0;0.0;-0.0;0.0;9.96
K. Fitz-Jim;/players/kian-fitz-jim/591724/;2024-11-10;14;0.9;0.0;0.3;0.0;-0.0;-0.0;0.0;0.0;0.0;-0.0;0.0;0.0;-0.0;0.0;1.2
S. Berghuis;/players/steven-berghuis/134080/;2024-11-10;14;0.67;0.0;0.22;0.0;-0.0;-0.0;0.0;0.0;0.0;-0.0;0.0;0.0;-0.0;0.0;0.89
B. Brobbey;/players/brian-brobbey/520146/;2024-11-10;14;0.67;0.0;0.22;0.0;-0.0;-0.0;0.0;0.0;0.0;-0.0;0.0;0.0;-0.0;0.0;0.89
B. van den Boomen;/players/branco-van-den-boomen/215550/;2024-11-10;14;0.0;0.0;0.0;0.0;-0.0;-0.0;0.0;0.0;0.0;-0.0;0.0;0.0;-0.0;0.0;0.0
C. Rasmussen;/players/christian-theodor-kjelder-rasmussen/632224/;2024-11-10;14;0.0;0.0;0.0;0.0;-0.0;-0.0;0.0;0.0;0.0;-0.0;0.0;0.0;-0.0;0.0;0.0
J. Gorter;/players/jay-gorter/477600/;2024-11-10;14;0.0;0.0;0.0;0.0;-0.0;-0.0;0.0;0.0;-0.0;-0.0;0.0;0.0;-0.0;0.0;0.0
D. Rugani;/players/daniele-rugani/162676/;2024-11-10;14;0.0;0.0;0.0;0.0;-0.0;-0.0;0.0;0.0;-0.0;-0.0;0.0;0.0;-0.0;0.0;0.0
A. Kaplan;/players/ahmetcan-kaplan/641115/;2024-11-10;14;0.0;0.0;0.0;0.0;-0.0;-0.0;0.0;0.0;-0.0;-0.0;0.0;0.0;-0.0;0.0;0.0
A. Gaaei;/players/anton-gaaei/701784/;2024-11-10;14;0.0;0.0;0.0;0.0;-0.0;-0.0;0.0;0.0;-0.0;-0.0;0.0;0.0;-0.0;0.0;0.0
O. Wijndal;/players/owen-wijndal/440858/;2024-11-10;14;0.0;0.0;0.0;0.0;-0.0;-0.0;0.0;0.0;-0.0;-0.0;0.0;0.0;-0.0;0.0;0.0
D. Ramaj;/players/diant-ramaj/562543/;2024-11-10;14;0.0;0.0;0.0;0.0;-0.0;-0.0;0.0;0.0;-0.0;-0.0;0.0;0.0;-0.0;0.0;0.0
R. Owusu-Oduro;/players/rome-jayden-owusu-oduro/789860/;2024-11-10;14;3.0;0.0;0.0;0.0;-0.0;-0.0;0.0;0.0;-2.0;-0.0;0.0;0.0;-0.0;0.0;1.0
M. de Wit;/players/mees-de-wit/423562/;2024-11-10;14;1.53;0.0;0.0;0.0;-0.0;-0.0;0.0;0.0;-2.0;-0.0;0.0;0.0;-0.0;0.0;-0.47
D. Kasius;/players/denso-kasius/569311/;2024-11-10;14;3.0;0.0;0.0;0.0;-0.0;-0.0;0.0;0.0;-2.0;-0.0;0.0;0.0;-0.0;0.0;1.0
Alexandre Penetra;/players/alexandre-manuel-penetra-correia/572102/;2024-11-10;14;2.5;0.0;0.0;0.0;-0.0;-0.0;0.0;0.0;-2.0;-0.0;0.0;0.0;-0.0;0.0;0.5
M. Dekker;/players/maxim-dekker/700543/;2024-11-10;14;3.0;0.0;0.0;0.0;-0.0;-0.0;0.0;0.0;-2.0;-0.0;0.0;0.0;-0.0;0.0;1.0
P. Koopmeiners;/players/peer-koopmeiners/533281/;2024-11-10;14;3.0;0.0;0.0;0.0;-0.0;-0.0;0.0;0.0;0.0;-0.0;0.0;0.0;-0.0;0.0;3.0
S. Mijnans;/players/sven-mijnans/566000/;2024-11-10;14;3.0;0.0;0.0;0.0;-0.0;-0.0;0.0;0.0;0.0;-0.0;0.0;0.0;-0.0;0.0;3.0
D. Kwakman;/players/dave-kwakman/777219/;2024-11-10;14;1.53;0.0;0.0;0.0;-0.0;-0.0;0.0;0.0;0.0;-0.0;0.0;0.0;-0.0;0.0;1.53
T. Parrott;/players/troy-parrot/515624/;2024-11-10;14;3.0;0.0;0.0;0.0;-0.0;-0.0;0.0;0.0;0.0;-0.0;0.0;0.0;-0.0;0.0;3.0
M. Lahdo;/players/mayckel-lahdo/660897/;2024-11-10;14;2.87;0.0;0.0;0.0;-0.0;-0.0;0.0;0.0;0.0;-0.0;0.0;0.0;-0.0;0.0;2.87
R. Daal;/players/ro-zangelo-daal/777225/;2024-11-10;14;1.53;0.0;0.0;0.0;-0.0;-0.0;0.0;0.0;0.0;-0.0;0.0;0.0;-0.0;0.0;1.53
M. Meerdink;/players/mexx-meerdink/796451/;2024-11-10;14;1.47;0.0;0.0;0.0;-0.0;-0.0;8.0;0.0;0.0;-0.0;0.0;0.0;-0.0;0.0;9.47
K. Smit;/players/kees-smit/789945/;2024-11-10;14;1.47;0.0;0.0;0.0;-0.0;-0.0;0.0;0.0;0.0;-0.0;0.0;0.0;-0.0;0.0;1.47
D. Møller Wolfe;/players/david-moller-wolfe/603294/;2024-11-10;14;1.47;0.0;0.0;0.0;-0.0;-0.0;0.0;6.0;-0.0;-0.0;0.0;0.0;-0.0;0.0;7.47
W. Goes;/players/wouter-goes/777233/;2024-11-10;14;0.5;0.0;0.0;0.0;-0.0;-0.0;0.0;0.0;-0.0;-0.0;0.0;0.0;-0.0;0.0;0.5
J. Addai;/players/jayden-addai/789997/;2024-11-10;14;0.13;0.0;0.0;0.0;-0.0;-0.0;0.0;0.0;0.0;-0.0;0.0;0.0;-0.0;0.0;0.13
H. Verhulst;/players/hobie-verhulst/138446/;2024-11-10;14;0.0;0.0;0.0;0.0;-0.0;-0.0;0.0;0.0;-0.0;-0.0;0.0;0.0;-0.0;0.0;0.0
J. Zoet;/players/jeroen-zoet/61206/;2024-11-10;14;0.0;0.0;0.0;0.0;-0.0;-0.0;0.0;0.0;-0.0;-0.0;0.0;0.0;-0.0;0.0;0.0
E. Dijkstra;/players/elijah-dijkstra/830535/;2024-11-10;14;0.0;0.0;0.0;0.0;-0.0;-0.0;0.0;0.0;-0.0;-0.0;0.0;0.0;-0.0;0.0;0.0
S. Maikuma;/players/seiya-maikuma/651537/;2024-11-10;14;0.0;0.0;0.0;0.0;-0.0;-0.0;0.0;0.0;-0.0;-0.0;0.0;0.0;-0.0;0.0;0.0
T. Didillon-Hödl;/players/thomas-didillon/259971/;2024-11-10;14;3.0;2.0;0.0;0.0;-2.0;-0.0;0.0;0.0;-1.0;-0.0;0.0;0.0;-0.0;0.0;2.0
M. Tirpan;/players/mickael-tirpan/202469/;2024-11-10;14;3.0;2.0;0.0;0.0;-0.0;-0.0;0.0;0.0;-1.0;-0.0;0.0;0.0;-0.0;0.0;4.0
R. Behounek;/players/raffael-behounek/408747/;2024-11-10;14;3.0;2.0;0.0;0.0;-2.0;-0.0;0.0;0.0;-1.0;-0.0;0.0;0.0;-0.0;0.0;2.0
T. St. Jago;/players/tommy-st-jago/477596/;2024-11-10;14;3.0;2.0;0.0;0.0;-0.0;-0.0;0.0;0.0;-1.0;-0.0;0.0;0.0;-0.0;0.0;4.0
R. Sigurgeirsson;/players/runar-thor-sigurgeirsson/491746/;2024-11-10;14;2.7;1.8;0.0;0.0;-0.0;-0.0;0.0;0.0;-1.0;-0.0;0.0;0.0;-0.0;0.0;3.5
B. Lambert;/players/lambert-boris/551151/;2024-11-10;14;3.0;2.0;0.0;0.0;-2.0;-0.0;0.0;0.0;-1.0;-0.0;0.0;0.0;-0.0;0.0;2.0
J. Bosch;/players/jesse-bosch/621347/;2024-11-10;14;3.0;2.0;0.0;0.0;-0.0;-0.0;0.0;0.0;0.0;-0.0;0.0;0.0;-0.0;0.0;5.0
R. Meerveld;/players/ringo-meerveld/623815/;2024-11-10;14;3.0;2.0;0.0;0.0;-0.0;-0.0;0.0;0.0;0.0;-0.0;0.0;0.0;-0.0;0.0;5.0
C. Sandra;/players/cisse-sandra/638266/;2024-11-10;14;2.67;1.78;0.0;0.0;-0.0;-0.0;9.0;0.0;0.0;-0.0;0.0;0.0;-0.0;0.0;13.44
E. Kehrer;/players/emilio-kehrer/609627/;2024-11-10;14;2.93;1.96;0.0;0.0;-0.0;-0.0;0.0;4.0;0.0;-0.0;0.0;0.0;-0.0;0.0;8.89
K. Vaesen;/players/kyan-vaesen/620620/;2024-11-10;14;2.67;1.78;0.0;0.0;-0.0;-0.0;8.0;0.0;0.0;-0.0;0.0;0.0;-0.0;0.0;12.44
A. Lachkar;/players/amine-lachkar/876151/;2024-11-10;14;0.33;0.22;0.0;0.0;-0.0;-0.0;0.0;0.0;-0.0;-0.0;0.0;0.0;-0.0;0.0;0.56
J. Bokila;/players/jeremy-bokila/49538/;2024-11-10;14;0.33;0.22;0.0;0.0;-0.0;-0.0;0.0;0.0;0.0;-0.0;0.0;0.0;-0.0;0.0;0.56
R. Nizet;/players/rob-nizet/575071/;2024-11-10;14;0.3;0.2;0.0;0.0;-0.0;-0.0;0.0;0.0;-0.0;-0.0;0.0;0.0;-0.0;0.0;0.5
N. Doodeman;/players/nick-doodeman/454478/;2024-11-10;14;0.07;0.04;0.0;0.0;-0.0;-0.0;0.0;0.0;0.0;-0.0;0.0;0.0;-0.0;0.0;0.11
P. Joosten;/players/patrick-joosten/394561/;2024-11-10;14;0.0;0.0;0.0;0.0;-0.0;-0.0;0.0;0.0;0.0;-0.0;0.0;0.0;-0.0;0.0;0.0
P. van Loon;/players/per-van-loon/982232/;2024-11-10;14;;;;;;;;;;;;;;;0.0
M. Pivaš;/players/miodrag-pivas/745852/;2024-11-10;14;0.0;0.0;0.0;0.0;-0.0;-0.0;0.0;0.0;-0.0;-0.0;0.0;0.0;-0.0;0.0;0.0
C. van den Berg;/players/connor-van-den-berg/569426/;2024-11-10;14;0.0;0.0;0.0;0.0;-0.0;-0.0;0.0;0.0;-0.0;-0.0;0.0;0.0;-0.0;0.0;0.0
M. Schut;/players/maarten-schut/680846/;2024-11-10;14;0.0;0.0;0.0;0.0;-0.0;-0.0;0.0;0.0;-0.0;-0.0;0.0;0.0;-0.0;0.0;0.0
A. Noppert;/players/andries-noppert/300862/;2024-11-10;14;3.0;2.0;0.0;0.0;-0.0;-0.0;0.0;0.0;-0.0;-0.0;12.0;0.0;-0.0;0.0;17.0
P. Bochniewicz;/players/pawe-bochniewicz/273911/;2024-11-10;14;3.0;2.0;0.0;0.0;-0.0;-0.0;0.0;0.0;-0.0;-0.0;10.0;0.0;-0.0;0.0;15.0
M. Köhlert;/players/mats-kohlert/400423/;2024-11-10;14;3.0;2.0;0.0;0.0;-0.0;-0.0;0.0;0.0;-0.0;-0.0;10.0;0.0;-0.0;0.0;15.0
N. Hopland;/players/nikolai-soyset-hopland/703339/;2024-11-10;14;3.0;2.0;0.0;0.0;-0.0;-0.0;0.0;0.0;-0.0;-0.0;10.0;0.0;-0.0;0.0;15.0
A. Condé;/players/amara-conde/310101/;2024-11-10;14;2.67;1.78;0.0;0.0;-0.0;-0.0;0.0;0.0;0.0;-0.0;2.67;0.0;-0.0;0.0;7.11
L. Brouwers;/players/luuk-brouwers/402458/;2024-11-10;14;3.0;2.0;0.0;0.0;-2.0;-0.0;0.0;5.0;0.0;-0.0;3.0;0.0;-0.0;0.0;11.0
L. Smans;/players/levi-smans/757104/;2024-11-10;14;2.93;1.96;0.0;0.0;-0.0;-0.0;0.0;0.0;0.0;-0.0;2.93;0.0;-0.0;0.0;7.82
O. Braude;/players/oliver-johansen-braude/794018/;2024-11-10;14;2.47;1.64;0.0;0.0;-0.0;-0.0;0.0;0.0;-0.0;-0.0;8.22;0.0;-0.0;0.0;12.33
E. van Ee;/players/espen-van-ee/921919/;2024-11-10;14;3.0;2.0;0.0;0.0;-2.0;-0.0;0.0;0.0;0.0;-0.0;3.0;0.0;-0.0;0.0;6.0
I. Nicolăescu;/players/ion-nicolescu/446191/;2024-11-10;14;2.67;1.78;0.0;0.0;-0.0;-0.0;0.0;0.0;0.0;-0.0;0.89;0.0;-0.0;0.0;5.33
J. Trenskow;/players/jacob-trenskow/672937/;2024-11-10;14;2.5;1.67;0.0;0.0;-0.0;-0.0;8.0;0.0;0.0;-0.0;0.83;0.0;-0.0;0.0;13.0
D. Hall;/players/denzel-hall/508910/;2024-11-10;14;0.53;0.36;0.0;0.0;-0.0;-0.0;0.0;0.0;-0.0;-0.0;1.78;0.0;-0.0;0.0;2.67
A. Jahanbakhsh;/players/alireza-jahanbakhsh/207918/;2024-11-10;14;0.5;0.33;0.0;0.0;-0.0;-0.0;0.0;0.0;0.0;-0.0;0.17;0.0;-0.0;0.0;1.0
S. Kersten;/players/sam-kersten/453644/;2024-11-10;14;0.33;0.22;0.0;0.0;-0.0;-0.0;0.0;0.0;-0.0;-0.0;1.11;0.0;-0.0;0.0;1.67
D. Rallis;/players/dimitris-rallis/982464/;2024-11-10;14;;;;;;;;;;;;;;;0.0
I. Sebaoui;/players/ilias-sebaoui/797954/;2024-11-10;14;0.07;0.04;0.0;0.0;-0.0;-0.0;0.0;0.0;0.0;-0.0;0.02;0.0;-0.0;0.0;0.13
Danilo Al Saed;/players/danilo-al-saed/530444/;2024-11-10;14;0.0;0.0;0.0;0.0;-0.0;-0.0;0.0;0.0;0.0;-0.0;0.0;0.0;-0.0;0.0;0.0
J. Bekkema;/players/jan-bekkema/452051/;2024-11-10;14;0.0;0.0;0.0;0.0;-0.0;-0.0;0.0;0.0;-0.0;-0.0;0.0;0.0;-0.0;0.0;0.0
S. Olsson;/players/simon-olsson/423888/;2024-11-10;14;0.0;0.0;0.0;0.0;-0.0;-0.0;0.0;0.0;0.0;-0.0;0.0;0.0;-0.0;0.0;0.0
C. Nunnely;/players/che-nunnely/423827/;2024-11-10;14;0.0;0.0;0.0;0.0;-0.0;-0.0;0.0;0.0;0.0;-0.0;0.0;0.0;-0.0;0.0;0.0
M. van der Hart;/players/mickey-van-der-hart/218009/;2024-11-10;14;0.0;0.0;0.0;0.0;-0.0;-0.0;0.0;0.0;-0.0;-0.0;0.0;0.0;-0.0;0.0;0.0
M. Milovanović;/players/mateja-milovanovic/783196/;2024-11-10;14;0.0;0.0;0.0;0.0;-0.0;-0.0;0.0;0.0;-0.0;-0.0;0.0;0.0;-0.0;0.0;0.0
L. Plogmann;/players/luca-plogmann/470121/;2024-11-10;14;3.0;0.0;0.0;0.0;-0.0;-0.0;0.0;0.0;-1.0;-0.0;0.0;0.0;-0.0;0.0;2.0
G. Nauber;/players/gerrit-nauber/102528/;2024-11-10;14;3.0;0.0;0.0;0.0;-0.0;-0.0;0.0;0.0;-1.0;-0.0;0.0;0.0;-0.0;0.0;2.0
J. Kramer;/players/joris-kramer/402051/;2024-11-10;14;3.0;0.0;0.0;0.0;-0.0;-0.0;0.0;0.0;-1.0;-0.0;0.0;0.0;-0.0;0.0;2.0
M. Deijl;/players/mats-deijl/402457/;2024-11-10;14;3.0;0.0;0.0;0.0;-0.0;-0.0;0.0;0.0;-1.0;-0.0;0.0;0.0;-0.0;0.0;2.0
A. Adelgaard;/players/aske-adelgaard/857149/;2024-11-10;14;1.53;0.0;0.0;0.0;-0.0;-0.0;0.0;0.0;-1.0;-0.0;0.0;0.0;-0.0;0.0;0.53
E. Llansana;/players/enric-llansana/515466/;2024-11-10;14;3.0;0.0;0.0;0.0;-0.0;-0.0;0.0;0.0;0.0;-0.0;0.0;0.0;-0.0;0.0;3.0
E. Linthorst;/players/evert-linthorst/546756/;2024-11-10;14;2.47;0.0;0.0;0.0;-0.0;-0.0;0.0;0.0;0.0;-0.0;0.0;0.0;-0.0;0.0;2.47
V. Edvardsen;/players/victor-edvardsen/409168/;2024-11-10;14;2.17;0.0;0.0;0.0;-0.0;-0.0;0.0;0.0;0.0;-0.0;0.0;0.0;-0.0;0.0;2.17
O. Edvardsen;/players/oliver-valaker-edvardsen/545481/;2024-11-10;14;2.67;0.0;0.0;0.0;-0.0;-0.0;0.0;0.0;0.0;-0.0;0.0;0.0;-0.0;0.0;2.67
O. Antman;/players/oliver-antman/547497/;2024-11-10;14;2.17;0.0;0.0;0.0;-0.0;-0.0;0.0;0.0;0.0;-0.0;0.0;0.0;-0.0;0.0;2.17
J. Breum;/players/jakob-breum/658739/;2024-11-10;14;3.0;0.0;0.0;0.0;-2.0;-0.0;0.0;0.0;0.0;-0.0;0.0;0.0;-0.0;0.0;1.0
D. James;/players/dean-ruben--james/537308/;2024-11-10;14;1.47;0.0;0.0;0.0;-0.0;-0.0;0.0;0.0;-0.0;-0.0;0.0;0.0;-0.0;0.0;1.47
F. Stokkers;/players/finn-stokkers/319661/;2024-11-10;14;0.83;0.0;0.0;0.0;-0.0;-0.0;0.0;0.0;0.0;-0.0;0.0;0.0;-0.0;0.0;0.83
B. Adekanye;/players/bobby-adekanye/427040/;2024-11-10;14;0.83;0.0;0.0;0.0;-2.0;-0.0;0.0;0.0;0.0;-0.0;0.0;0.0;-0.0;0.0;-1.17
M. Smit;/players/milan-smit/828395/;2024-11-10;14;0.53;0.0;0.0;0.0;-0.0;-0.0;0.0;0.0;0.0;-0.0;0.0;0.0;-0.0;0.0;0.53
M. Suray;/players/mathis-suray/517358/;2024-11-10;14;0.33;0.0;0.0;0.0;-0.0;-0.0;0.0;0.0;0.0;-0.0;0.0;0.0;-0.0;0.0;0.33
N. Verdoni;/players/nando-verdoni/813110/;2024-11-10;14;0.0;0.0;0.0;0.0;-0.0;-0.0;0.0;0.0;-0.0;-0.0;0.0;0.0;-0.0;0.0;0.0
C. Twigt;/players/calvin-twigt/669594/;2024-11-10;14;0.0;0.0;0.0;0.0;-0.0;-0.0;0.0;0.0;0.0;-0.0;0.0;0.0;-0.0;0.0;0.0
J. Dirksen;/players/julius-dirksen/632220/;2024-11-10;14;0.0;0.0;0.0;0.0;-0.0;-0.0;0.0;0.0;-0.0;-0.0;0.0;0.0;-0.0;0.0;0.0
J. De Busser;/players/jari-de-busser/451008/;2024-11-10;14;0.0;0.0;0.0;0.0;-0.0;-0.0;0.0;0.0;-0.0;-0.0;0.0;0.0;-0.0;0.0;0.0
L. Everink;/players/luca-everink/628510/;2024-11-10;14;0.0;0.0;0.0;0.0;-0.0;-0.0;0.0;0.0;-0.0;-0.0;0.0;0.0;-0.0;0.0;0.0
N. Bakker;/players/nordin-bakker/563909/;2024-11-10;14;3.0;0.0;0.0;0.0;-0.0;-0.0;0.0;0.0;-4.0;-0.0;0.0;0.0;-0.0;0.0;-1.0
J. Lawrence;/players/jamie-lawrence/216767/;2024-11-10;14;1.87;0.0;0.0;0.0;-0.0;-0.0;0.0;0.0;-2.0;-0.0;0.0;0.0;-0.0;0.0;-0.13
J. Jacobs;/players/joey-jacobs/537705/;2024-11-10;14;3.0;0.0;0.0;0.0;-0.0;-0.0;0.0;0.0;-4.0;-0.0;0.0;0.0;-0.0;0.0;-1.0
H. Akujobi;/players/hamdi-akujobi/567599/;2024-11-10;14;3.0;0.0;0.0;0.0;-0.0;-0.0;0.0;0.0;-4.0;-0.0;0.0;0.0;-0.0;0.0;-1.0
V. Zagaritis;/players/vasilios-zagaritis/617928/;2024-11-10;14;3.0;0.0;0.0;0.0;-0.0;-0.0;0.0;0.0;-4.0;-0.0;0.0;0.0;-0.0;0.0;-1.0
Visus;/players/ricardo-visus-contreras/642402/;2024-11-10;14;1.87;0.0;0.0;0.0;-2.0;-0.0;0.0;0.0;-2.0;-0.0;0.0;0.0;-0.0;0.0;-2.13
T. Haye;/players/thom-haye/182931/;2024-11-10;14;2.7;0.0;0.0;0.0;-0.0;-0.0;0.0;0.0;0.0;-0.0;0.0;0.0;-0.0;0.0;2.7
A. Tahiri;/players/anas-tahiri/323282/;2024-11-10;14;3.0;0.0;0.0;0.0;-0.0;-0.0;0.0;0.0;0.0;-0.0;0.0;0.0;-0.0;0.0;3.0
J. Ritmeester van de Kamp;/players/jochem-ritmeester-van-de-kamp/801840/;2024-11-10;14;3.0;0.0;0.0;0.0;-0.0;-0.0;0.0;0.0;0.0;-0.0;0.0;0.0;-0.0;0.0;3.0
K. Hansen;/players/kornelius-normann-hansen/496125/;2024-11-10;14;2.17;0.0;0.0;0.0;-0.0;-0.0;8.0;0.0;0.0;-0.0;0.0;0.0;-0.0;0.0;10.17
J. Kadile;/players/junior-morau-kadile-/590286/;2024-11-10;14;2.7;0.0;0.0;0.0;-0.0;-0.0;0.0;0.0;0.0;-0.0;0.0;0.0;-0.0;0.0;2.7
C. Mamengi;/players/christopher-mamengi/540620/;2024-11-10;14;1.13;0.0;0.0;0.0;-0.0;-0.0;0.0;0.0;-2.0;-0.0;0.0;0.0;-0.0;0.0;-0.87
D. Dankerlui;/players/damil-dankerlui/314252/;2024-11-10;14;1.13;0.0;0.0;0.0;-0.0;-0.0;0.0;0.0;-2.0;-0.0;0.0;0.0;-0.0;0.0;-0.87
R. Providence;/players/ruben-providence/509854/;2024-11-10;14;0.83;0.0;0.0;0.0;-0.0;-0.0;0.0;0.0;0.0;-0.0;0.0;0.0;-0.0;0.0;0.83
F. Mattoir;/players/faiz-mattoir/547050/;2024-11-10;14;0.3;0.0;0.0;0.0;-0.0;-0.0;0.0;0.0;0.0;-0.0;0.0;0.0;-0.0;0.0;0.3
A. Nalić;/players/adi-nalic/459631/;2024-11-10;14;0.3;0.0;0.0;0.0;-2.0;-0.0;0.0;0.0;0.0;-0.0;0.0;0.0;-0.0;0.0;-1.7
L. Delaurier-Chaubet;/players/logan-delaurier-chaubet/626512/;2024-11-10;14;0.0;0.0;0.0;0.0;-0.0;-0.0;0.0;0.0;0.0;-0.0;0.0;0.0;-0.0;0.0;0.0
T. Receveur;/players/tim-receveur/190544/;2024-11-10;14;0.0;0.0;0.0;0.0;-0.0;-0.0;0.0;0.0;0.0;-0.0;0.0;0.0;-0.0;0.0;0.0
J. Wendlinger;/players/jonas-wendlinger/469451/;2024-11-10;14;0.0;0.0;0.0;0.0;-0.0;-0.0;0.0;0.0;-0.0;-0.0;0.0;0.0;-0.0;0.0;0.0
J. van der Wilt;/players/joel-van-der-wilt/771874/;2024-11-10;14;0.0;0.0;0.0;0.0;-0.0;-0.0;0.0;0.0;-0.0;-0.0;0.0;0.0;-0.0;0.0;0.0
A. Foah-Sam;/players/amoah-foa-sam/639015/;2024-11-10;14;0.0;0.0;0.0;0.0;-0.0;-0.0;0.0;0.0;-0.0;-0.0;0.0;0.0;-0.0;0.0;0.0
G. Beaumont;/players/guus-beaumont/628831/;2024-11-10;14;0.0;0.0;0.0;0.0;-0.0;-0.0;0.0;0.0;0.0;-0.0;0.0;0.0;-0.0;0.0;0.0
T. Wellenreuther;/players/timon-wellenreuther/258964/;2024-11-10;14;3.0;2.0;0.0;0.0;-0.0;-0.0;0.0;0.0;-1.0;-0.0;0.0;0.0;-0.0;0.0;4.0
G. Trauner;/players/gernot-trauner/135546/;2024-11-10;14;2.03;1.36;0.0;0.0;-0.0;-0.0;0.0;0.0;-1.0;-0.0;0.0;0.0;-0.0;0.0;2.39
D. Hancko;/players/david-hancko/391059/;2024-11-10;14;3.0;2.0;0.0;0.0;-0.0;-0.0;0.0;6.0;-1.0;-0.0;0.0;0.0;-0.0;0.0;10.0
G. Smal;/players/gijs-smal/508760/;2024-11-10;14;2.77;1.84;0.0;0.0;-0.0;-0.0;0.0;0.0;-1.0;-0.0;0.0;0.0;-0.0;0.0;3.61
G. Read;/players/givairo-read/821635/;2024-11-10;14;3.0;2.0;0.0;0.0;-0.0;-0.0;0.0;0.0;-1.0;-0.0;0.0;0.0;-0.0;0.0;4.0
Hwang In-Beom;/players/in-beom-hwang/400101/;2024-11-10;14;2.03;1.36;0.0;0.0;-0.0;-0.0;9.0;0.0;0.0;-0.0;0.0;0.0;-0.0;0.0;12.39
Q. Timber;/players/quinten-maduro/463017/;2024-11-10;14;2.03;1.36;0.0;0.0;-0.0;-0.0;0.0;0.0;0.0;-0.0;0.0;0.0;-0.0;0.0;3.39
R. Zerrouki;/players/ramiz-larbi-zerrouki/621348/;2024-11-10;14;3.0;2.0;0.0;0.0;-0.0;-0.0;9.0;5.0;0.0;-0.0;0.0;0.0;-0.0;0.0;19.0
Igor Paixão;/players/igor-guilherme-barbosa-da-paixao/593041/;2024-11-10;14;3.0;2.0;0.0;0.0;-0.0;-0.0;0.0;4.0;0.0;-0.0;0.0;0.0;-0.0;0.0;9.0
A. Hadj Moussa;/players/anis--hadj-moussa/755639/;2024-11-10;14;3.0;2.0;0.0;0.0;-0.0;-0.0;8.0;0.0;0.0;-0.0;0.0;0.0;-0.0;0.0;13.0
Z. Redmond;/players/zepiqueno-redmond/830547/;2024-11-10;14;2.27;1.51;0.0;0.0;-0.0;-0.0;0.0;0.0;0.0;-0.0;0.0;0.0;-0.0;0.0;3.78
T. Beelen;/players/thomas-beelen/760998/;2024-11-10;14;0.97;0.64;0.0;0.0;-0.0;-0.0;12.0;0.0;-0.0;-0.0;0.0;0.0;-0.0;0.0;13.61
G. Zechiël;/players/gjivai-zechiel/864326/;2024-11-10;14;0.97;0.64;0.0;0.0;-0.0;-0.0;0.0;0.0;0.0;-0.0;0.0;0.0;-0.0;0.0;1.61
C. Nadje;/players/chris-kevin-nadje/667108/;2024-11-10;14;0.97;0.64;0.0;0.0;-0.0;-0.0;0.0;0.0;0.0;-0.0;0.0;0.0;-0.0;0.0;1.61
L. Ivanušec;/players/luka-ivanuec/424605/;2024-11-10;14;0.73;0.49;0.0;0.0;-0.0;-0.0;0.0;0.0;0.0;-0.0;0.0;0.0;-0.0;0.0;1.22
F. González;/players/facundo-gonzalez-molino/673756/;2024-11-10;14;0.23;0.16;0.0;0.0;-0.0;-0.0;0.0;0.0;-0.0;-0.0;0.0;0.0;-0.0;0.0;0.39
Hugo Bueno;/players/hugo-bueno/624935/;2024-11-10;14;0.0;0.0;0.0;0.0;-0.0;-0.0;0.0;0.0;-0.0;-0.0;0.0;0.0;-0.0;0.0;0.0
J. Mitchell;/players/jeyland-mitchell/687479/;2024-11-10;14;0.0;0.0;0.0;0.0;-0.0;-0.0;0.0;0.0;-0.0;-0.0;0.0;0.0;-0.0;0.0;0.0
B. Nieuwkoop;/players/bart-nieuwkoop/275124/;2024-11-10;14;0.0;0.0;0.0;0.0;-0.0;-0.0;0.0;0.0;-0.0;-0.0;0.0;0.0;-0.0;0.0;0.0
P. Andreev;/players/plamen-andreev/708730/;2024-11-10;14;0.0;0.0;0.0;0.0;-0.0;-0.0;0.0;0.0;-0.0;-0.0;0.0;0.0;-0.0;0.0;0.0
A. Sliti;/players/aymen-sliti/830541/;2024-11-10;14;0.0;0.0;0.0;0.0;-0.0;-0.0;0.0;0.0;0.0;-0.0;0.0;0.0;-0.0;0.0;0.0
M. Berger;/players/mannou-berger/851452/;2024-11-10;14;0.0;0.0;0.0;0.0;-0.0;-0.0;0.0;0.0;-0.0;-0.0;0.0;0.0;-0.0;0.0;0.0
L. Plogmann;/players/luca-plogmann/470121/;2024-11-23;15;3.0;2.0;0.0;0.0;-0.0;-0.0;0.0;0.0;-0.0;-0.0;12.0;0.0;-0.0;0.0;17.0
G. Nauber;/players/gerrit-nauber/102528/;2024-11-23;15;3.0;2.0;0.0;0.0;-0.0;-0.0;0.0;0.0;-0.0;-0.0;10.0;0.0;-0.0;0.0;15.0
J. Kramer;/players/joris-kramer/402051/;2024-11-23;15;3.0;2.0;0.0;0.0;-0.0;-0.0;0.0;0.0;-0.0;-0.0;10.0;0.0;-0.0;0.0;15.0
M. Deijl;/players/mats-deijl/402457/;2024-11-23;15;3.0;2.0;0.0;0.0;-0.0;-0.0;12.0;0.0;-0.0;-0.0;10.0;0.0;-0.0;0.0;27.0
D. James;/players/dean-ruben--james/537308/;2024-11-23;15;2.47;1.64;0.0;0.0;-0.0;-0.0;0.0;0.0;-0.0;-0.0;8.22;0.0;-0.0;0.0;12.33
E. Llansana;/players/enric-llansana/515466/;2024-11-23;15;3.0;2.0;0.0;0.0;-0.0;-0.0;0.0;0.0;0.0;-0.0;3.0;0.0;-0.0;0.0;8.0
E. Linthorst;/players/evert-linthorst/546756/;2024-11-23;15;3.0;2.0;0.0;0.0;-0.0;-0.0;0.0;0.0;0.0;-0.0;3.0;0.0;-0.0;0.0;8.0
V. Edvardsen;/players/victor-edvardsen/409168/;2024-11-23;15;2.5;1.67;0.0;0.0;-0.0;-0.0;8.0;4.0;0.0;-0.0;0.83;0.0;-0.0;0.0;17.0
O. Edvardsen;/players/oliver-valaker-edvardsen/545481/;2024-11-23;15;2.27;1.51;0.0;0.0;-0.0;-0.0;8.0;0.0;0.0;-0.0;0.76;0.0;-0.0;0.0;12.53
O. Antman;/players/oliver-antman/547497/;2024-11-23;15;2.7;1.8;0.0;0.0;-0.0;-0.0;0.0;4.0;0.0;-0.0;0.9;0.0;-0.0;0.0;9.4
J. Breum;/players/jakob-breum/658739/;2024-11-23;15;2.27;1.51;0.0;0.0;-0.0;-0.0;0.0;4.0;0.0;-0.0;0.76;0.0;-0.0;0.0;8.53
S. Tengstedt;/players/soren-tengstedt/615917/;2024-11-23;15;0.73;0.49;0.0;0.0;-0.0;-0.0;0.0;0.0;0.0;-0.0;0.24;0.0;-0.0;0.0;1.47
M. Suray;/players/mathis-suray/517358/;2024-11-23;15;0.73;0.49;0.0;0.0;-0.0;-0.0;0.0;0.0;0.0;-0.0;0.73;0.0;-0.0;0.0;1.96
A. Adelgaard;/players/aske-adelgaard/857149/;2024-11-23;15;0.53;0.36;0.0;0.0;-0.0;-0.0;0.0;0.0;-0.0;-0.0;1.78;0.0;-0.0;0.0;2.67
F. Stokkers;/players/finn-stokkers/319661/;2024-11-23;15;0.5;0.33;0.0;0.0;-0.0;-0.0;0.0;0.0;0.0;-0.0;0.17;0.0;-0.0;0.0;1.0
M. Smit;/players/milan-smit/828395/;2024-11-23;15;0.3;0.2;0.0;0.0;-0.0;-0.0;0.0;0.0;0.0;-0.0;0.1;0.0;-0.0;0.0;0.6
L. Everink;/players/luca-everink/628510/;2024-11-23;15;0.0;0.0;0.0;0.0;-0.0;-0.0;0.0;0.0;-0.0;-0.0;0.0;0.0;-0.0;0.0;0.0
J. Amofa;/players/jamal-amofa/668121/;2024-11-23;15;0.0;0.0;0.0;0.0;-0.0;-0.0;0.0;0.0;-0.0;-0.0;0.0;0.0;-0.0;0.0;0.0
J. Dirksen;/players/julius-dirksen/632220/;2024-11-23;15;0.0;0.0;0.0;0.0;-0.0;-0.0;0.0;0.0;-0.0;-0.0;0.0;0.0;-0.0;0.0;0.0
S. Jansen;/players/sven-jansen/421540/;2024-11-23;15;0.0;0.0;0.0;0.0;-0.0;-0.0;0.0;0.0;-0.0;-0.0;0.0;0.0;-0.0;0.0;0.0
C. Twigt;/players/calvin-twigt/669594/;2024-11-23;15;0.0;0.0;0.0;0.0;-0.0;-0.0;0.0;0.0;0.0;-0.0;0.0;0.0;-0.0;0.0;0.0
J. De Busser;/players/jari-de-busser/451008/;2024-11-23;15;0.0;0.0;0.0;0.0;-0.0;-0.0;0.0;0.0;-0.0;-0.0;0.0;0.0;-0.0;0.0;0.0
N. Bakker;/players/nordin-bakker/563909/;2024-11-23;15;3.0;0.0;0.0;0.0;-0.0;-0.0;0.0;0.0;-3.0;-0.0;0.0;0.0;-0.0;0.0;0.0
J. Lawrence;/players/jamie-lawrence/216767/;2024-11-23;15;2.57;0.0;0.0;0.0;-0.0;-0.0;0.0;0.0;-3.0;-0.0;0.0;0.0;-0.0;0.0;-0.43
J. Jacobs;/players/joey-jacobs/537705/;2024-11-23;15;3.0;0.0;0.0;0.0;-0.0;-0.0;0.0;0.0;-3.0;-0.0;0.0;0.0;-0.0;0.0;0.0
H. Akujobi;/players/hamdi-akujobi/567599/;2024-11-23;15;3.0;0.0;0.0;0.0;-0.0;-0.0;0.0;0.0;-3.0;-0.0;0.0;0.0;-0.0;0.0;0.0
V. Zagaritis;/players/vasilios-zagaritis/617928/;2024-11-23;15;3.0;0.0;0.0;0.0;-0.0;-0.0;0.0;0.0;-3.0;-0.0;0.0;0.0;-0.0;0.0;0.0
Visus;/players/ricardo-visus-contreras/642402/;2024-11-23;15;2.3;0.0;0.0;0.0;-0.0;-0.0;0.0;0.0;-3.0;-0.0;0.0;0.0;-0.0;0.0;-0.7
T. Haye;/players/thom-haye/182931/;2024-11-23;15;2.57;0.0;0.0;0.0;-0.0;-0.0;0.0;0.0;0.0;-0.0;0.0;0.0;-0.0;0.0;2.57
A. Tahiri;/players/anas-tahiri/323282/;2024-11-23;15;3.0;0.0;0.0;0.0;-0.0;-0.0;0.0;0.0;0.0;-0.0;0.0;0.0;-0.0;0.0;3.0
T. Robinet;/players/thomas-robinet/312659/;2024-11-23;15;1.93;0.0;0.0;0.0;-0.0;-0.0;0.0;0.0;0.0;-0.0;0.0;0.0;-0.0;0.0;1.93
K. Hansen;/players/kornelius-normann-hansen/496125/;2024-11-23;15;3.0;0.0;0.0;0.0;-0.0;-0.0;0.0;0.0;0.0;-0.0;0.0;0.0;-0.0;0.0;3.0
J. Kadile;/players/junior-morau-kadile-/590286/;2024-11-23;15;1.93;0.0;0.0;0.0;-0.0;-0.0;0.0;0.0;0.0;-0.0;0.0;0.0;-0.0;0.0;1.93
L. Delaurier-Chaubet;/players/logan-delaurier-chaubet/626512/;2024-11-23;15;1.07;0.0;0.0;0.0;-0.0;-0.0;0.0;0.0;0.0;-0.0;0.0;0.0;-0.0;0.0;1.07
R. Providence;/players/ruben-providence/509854/;2024-11-23;15;1.07;0.0;0.0;0.0;-0.0;-0.0;0.0;0.0;0.0;-0.0;0.0;0.0;-0.0;0.0;1.07
F. Mattoir;/players/faiz-mattoir/547050/;2024-11-23;15;0.7;0.0;0.0;0.0;-0.0;-0.0;0.0;0.0;0.0;-0.0;0.0;0.0;-0.0;0.0;0.7
A. Nalić;/players/adi-nalic/459631/;2024-11-23;15;0.43;0.0;0.0;0.0;-0.0;-0.0;0.0;0.0;0.0;-0.0;0.0;0.0;-0.0;0.0;0.43
C. Mamengi;/players/christopher-mamengi/540620/;2024-11-23;15;0.43;0.0;0.0;0.0;-0.0;-0.0;0.0;0.0;-0.0;-0.0;0.0;0.0;-0.0;0.0;0.43
T. Receveur;/players/tim-receveur/190544/;2024-11-23;15;0.0;0.0;0.0;0.0;-0.0;-0.0;0.0;0.0;0.0;-0.0;0.0;0.0;-0.0;0.0;0.0
G. Beaumont;/players/guus-beaumont/628831/;2024-11-23;15;0.0;0.0;0.0;0.0;-0.0;-0.0;0.0;0.0;0.0;-0.0;0.0;0.0;-0.0;0.0;0.0
J. Ritmeester van de Kamp;/players/jochem-ritmeester-van-de-kamp/801840/;2024-11-23;15;0.0;0.0;0.0;0.0;-0.0;-0.0;0.0;0.0;0.0;-0.0;0.0;0.0;-0.0;0.0;0.0
J. Wendlinger;/players/jonas-wendlinger/469451/;2024-11-23;15;0.0;0.0;0.0;0.0;-0.0;-0.0;0.0;0.0;-0.0;-0.0;0.0;0.0;-0.0;0.0;0.0
D. Dankerlui;/players/damil-dankerlui/314252/;2024-11-23;15;0.0;0.0;0.0;0.0;-0.0;-0.0;0.0;0.0;-0.0;-0.0;0.0;0.0;-0.0;0.0;0.0
J. van der Wilt;/players/joel-van-der-wilt/771874/;2024-11-23;15;0.0;0.0;0.0;0.0;-0.0;-0.0;0.0;0.0;-0.0;-0.0;0.0;0.0;-0.0;0.0;0.0
A. Foah-Sam;/players/amoah-foa-sam/639015/;2024-11-23;15;0.0;0.0;0.0;0.0;-0.0;-0.0;0.0;0.0;-0.0;-0.0;0.0;0.0;-0.0;0.0;0.0
T. Wellenreuther;/players/timon-wellenreuther/258964/;2024-11-23;15;3.0;2.0;0.0;0.0;-0.0;-0.0;0.0;0.0;-0.0;-0.0;12.0;0.0;-0.0;0.0;17.0
D. Hancko;/players/david-hancko/391059/;2024-11-23;15;3.0;2.0;0.0;0.0;-0.0;-0.0;0.0;0.0;-0.0;-0.0;10.0;0.0;-0.0;0.0;15.0
G. Smal;/players/gijs-smal/508760/;2024-11-23;15;3.0;2.0;0.0;0.0;-0.0;-0.0;0.0;0.0;-0.0;-0.0;10.0;0.0;-0.0;0.0;15.0
T. Beelen;/players/thomas-beelen/760998/;2024-11-23;15;2.5;1.67;0.0;0.0;-0.0;-0.0;0.0;0.0;-0.0;-0.0;8.33;0.0;-0.0;0.0;12.5
G. Read;/players/givairo-read/821635/;2024-11-23;15;2.0;1.33;0.0;0.0;-0.0;-0.0;0.0;0.0;-0.0;-0.0;6.67;0.0;-0.0;0.0;10.0
Hwang In-Beom;/players/in-beom-hwang/400101/;2024-11-23;15;2.23;1.49;0.0;0.0;-0.0;-0.0;0.0;0.0;0.0;-0.0;2.23;0.0;-0.0;0.0;5.96
R. Zerrouki;/players/ramiz-larbi-zerrouki/621348/;2024-11-23;15;3.0;2.0;0.0;0.0;-0.0;-0.0;0.0;0.0;0.0;-0.0;3.0;0.0;-0.0;0.0;8.0
A. Milambo;/players/antoni-djibu-milambo/736392/;2024-11-23;15;2.0;1.33;0.0;0.0;-0.0;-0.0;0.0;0.0;0.0;-0.0;2.0;0.0;-0.0;0.0;5.33
J. Carranza;/players/julian-carranza/475791/;2024-11-23;15;2.23;1.49;0.0;0.0;-0.0;-0.0;8.0;0.0;0.0;-0.0;0.74;0.0;-0.0;0.0;12.47
Igor Paixão;/players/igor-guilherme-barbosa-da-paixao/593041/;2024-11-23;15;3.0;2.0;0.0;0.0;-0.0;-0.0;8.0;4.0;0.0;-0.0;1.0;0.0;-0.0;0.0;18.0
A. Hadj Moussa;/players/anis--hadj-moussa/755639/;2024-11-23;15;3.0;2.0;0.0;0.0;-0.0;-0.0;8.0;0.0;0.0;-0.0;1.0;0.0;-0.0;0.0;14.0
C. Stengs;/players/calvin-stengs/458659/;2024-11-23;15;1.0;0.67;0.0;0.0;-0.0;-0.0;0.0;0.0;0.0;-0.0;1.0;0.0;-0.0;0.0;2.67
B. Nieuwkoop;/players/bart-nieuwkoop/275124/;2024-11-23;15;1.0;0.67;0.0;0.0;-0.0;-0.0;0.0;0.0;-0.0;-0.0;3.33;0.0;-0.0;0.0;5.0
Z. Redmond;/players/zepiqueno-redmond/830547/;2024-11-23;15;0.77;0.51;0.0;0.0;-0.0;-0.0;0.0;0.0;0.0;-0.0;0.26;0.0;-0.0;0.0;1.53
G. Zechiël;/players/gjivai-zechiel/864326/;2024-11-23;15;0.77;0.51;0.0;0.0;-0.0;-0.0;0.0;5.0;0.0;-0.0;0.77;0.0;-0.0;0.0;7.04
G. Trauner;/players/gernot-trauner/135546/;2024-11-23;15;0.5;0.33;0.0;0.0;-0.0;-0.0;0.0;0.0;-0.0;-0.0;1.67;0.0;-0.0;0.0;2.5
I. Ka;/players/ismail-ka/931206/;2024-11-23;15;0.0;0.0;0.0;0.0;-0.0;-0.0;0.0;0.0;-0.0;-0.0;0.0;0.0;-0.0;0.0;0.0
C. Nadje;/players/chris-kevin-nadje/667108/;2024-11-23;15;0.0;0.0;0.0;0.0;-0.0;-0.0;0.0;0.0;0.0;-0.0;0.0;0.0;-0.0;0.0;0.0
L. Ivanušec;/players/luka-ivanuec/424605/;2024-11-23;15;0.0;0.0;0.0;0.0;-0.0;-0.0;0.0;0.0;0.0;-0.0;0.0;0.0;-0.0;0.0;0.0
P. Andreev;/players/plamen-andreev/708730/;2024-11-23;15;0.0;0.0;0.0;0.0;-0.0;-0.0;0.0;0.0;-0.0;-0.0;0.0;0.0;-0.0;0.0;0.0
F. González;/players/facundo-gonzalez-molino/673756/;2024-11-23;15;0.0;0.0;0.0;0.0;-0.0;-0.0;0.0;0.0;-0.0;-0.0;0.0;0.0;-0.0;0.0;0.0
A. Noppert;/players/andries-noppert/300862/;2024-11-23;15;3.0;0.0;0.0;0.0;-0.0;-0.0;0.0;0.0;-3.0;-0.0;0.0;0.0;-0.0;0.0;0.0
P. Bochniewicz;/players/pawe-bochniewicz/273911/;2024-11-23;15;3.0;0.0;0.0;0.0;-0.0;-0.0;0.0;0.0;-3.0;-0.0;0.0;0.0;-0.0;0.0;0.0
S. Kersten;/players/sam-kersten/453644/;2024-11-23;15;3.0;0.0;0.0;0.0;-2.0;-0.0;0.0;0.0;-3.0;-0.0;0.0;0.0;-0.0;0.0;-2.0
N. Hopland;/players/nikolai-soyset-hopland/703339/;2024-11-23;15;3.0;0.0;0.0;0.0;-0.0;-0.0;0.0;0.0;-3.0;-0.0;0.0;0.0;-0.0;0.0;0.0
A. Condé;/players/amara-conde/310101/;2024-11-23;15;1.53;0.0;0.0;0.0;-0.0;-0.0;0.0;0.0;0.0;-0.0;0.0;0.0;-0.0;0.0;1.53
L. Brouwers;/players/luuk-brouwers/402458/;2024-11-23;15;3.0;0.0;0.0;0.0;-0.0;-0.0;0.0;0.0;0.0;-0.0;0.0;0.0;-0.0;0.0;3.0
L. Smans;/players/levi-smans/757104/;2024-11-23;15;3.0;0.0;0.0;0.0;-0.0;-0.0;0.0;0.0;0.0;-0.0;0.0;0.0;-0.0;0.0;3.0
O. Braude;/players/oliver-johansen-braude/794018/;2024-11-23;15;3.0;0.0;0.0;0.0;-2.0;-0.0;0.0;0.0;-3.0;-0.0;0.0;0.0;-0.0;0.0;-2.0
E. van Ee;/players/espen-van-ee/921919/;2024-11-23;15;3.0;0.0;0.0;0.0;-0.0;-0.0;0.0;0.0;0.0;-0.0;0.0;0.0;-0.0;0.0;3.0
I. Nicolăescu;/players/ion-nicolescu/446191/;2024-11-23;15;1.53;0.0;0.0;0.0;-0.0;-0.0;0.0;0.0;0.0;-0.0;0.0;0.0;-0.0;0.0;1.53
J. Trenskow;/players/jacob-trenskow/672937/;2024-11-23;15;3.0;0.0;0.0;0.0;-0.0;-0.0;0.0;0.0;0.0;-0.0;0.0;0.0;-0.0;0.0;3.0
A. Jahanbakhsh;/players/alireza-jahanbakhsh/207918/;2024-11-23;15;1.47;0.0;0.0;0.0;-0.0;-0.0;0.0;0.0;0.0;-0.0;0.0;0.0;-0.0;0.0;1.47
I. Sebaoui;/players/ilias-sebaoui/797954/;2024-11-23;15;1.47;0.0;0.0;0.0;-0.0;-0.0;0.0;0.0;0.0;-0.0;0.0;0.0;-0.0;0.0;1.47
J. Bekkema;/players/jan-bekkema/452051/;2024-11-23;15;0.0;0.0;0.0;0.0;-0.0;-0.0;0.0;0.0;-0.0;-0.0;0.0;0.0;-0.0;0.0;0.0
D. Rallis;/players/dimitris-rallis/982464/;2024-11-23;15;;;;;;;;;;;;;;;0.0
M. Milovanović;/players/mateja-milovanovic/783196/;2024-11-23;15;0.0;0.0;0.0;0.0;-0.0;-0.0;0.0;0.0;-0.0;-0.0;0.0;0.0;-0.0;0.0;0.0
D. Karlsbakk;/players/daniel-seland-karlsbakk/629619/;2024-11-23;15;0.0;0.0;0.0;0.0;-0.0;-0.0;0.0;0.0;0.0;-0.0;0.0;0.0;-0.0;0.0;0.0
S. Olsson;/players/simon-olsson/423888/;2024-11-23;15;0.0;0.0;0.0;0.0;-0.0;-0.0;0.0;0.0;0.0;-0.0;0.0;0.0;-0.0;0.0;0.0
Danilo Al Saed;/players/danilo-al-saed/530444/;2024-11-23;15;0.0;0.0;0.0;0.0;-0.0;-0.0;0.0;0.0;0.0;-0.0;0.0;0.0;-0.0;0.0;0.0
C. Nunnely;/players/che-nunnely/423827/;2024-11-23;15;0.0;0.0;0.0;0.0;-0.0;-0.0;0.0;0.0;0.0;-0.0;0.0;0.0;-0.0;0.0;0.0
D. Hall;/players/denzel-hall/508910/;2024-11-23;15;0.0;0.0;0.0;0.0;-0.0;-0.0;0.0;0.0;-0.0;-0.0;0.0;0.0;-0.0;0.0;0.0
M. van der Hart;/players/mickey-van-der-hart/218009/;2024-11-23;15;0.0;0.0;0.0;0.0;-0.0;-0.0;0.0;0.0;-0.0;-0.0;0.0;0.0;-0.0;0.0;0.0
M. Branderhorst;/players/mathijs-branderhorst/175358/;2024-11-23;15;3.0;0.0;0.0;0.0;-0.0;-0.0;0.0;0.0;-2.0;-0.0;0.0;0.0;-0.0;0.0;1.0
Ivo Pinto;/players/ivo-pinto/86672/;2024-11-23;15;2.67;0.0;0.0;0.0;-0.0;-0.0;0.0;0.0;-2.0;-0.0;0.0;0.0;-0.0;0.0;0.67
M. Dijks;/players/mitchel-dijks/219029/;2024-11-23;15;3.0;0.0;0.0;0.0;-0.0;-0.0;0.0;0.0;-2.0;-0.0;0.0;0.0;-0.0;0.0;1.0
Rodrigo Guth;/players/rodrigo-guth/475116/;2024-11-23;15;3.0;0.0;0.0;0.0;-0.0;-0.0;0.0;0.0;-2.0;-0.0;0.0;0.0;-0.0;0.0;1.0
S. Adewoye;/players/shawn-adewoye/618207/;2024-11-23;15;3.0;0.0;0.0;0.0;-0.0;-0.0;0.0;0.0;-2.0;-0.0;0.0;0.0;-0.0;0.0;1.0
A. Halilović;/players/alen-halilovi/270136/;2024-11-23;15;2.1;0.0;0.0;0.0;-2.0;-0.0;0.0;0.0;0.0;-0.0;0.0;0.0;-0.0;0.0;0.1
S. Bastien;/players/samuel-bastien/314097/;2024-11-23;15;2.67;0.0;0.0;0.0;-0.0;-0.0;0.0;0.0;0.0;-0.0;0.0;0.0;-0.0;0.0;2.67
L. Rosier;/players/lorentz-rosier/456607/;2024-11-23;15;1.53;0.0;0.0;0.0;-0.0;-0.0;0.0;0.0;0.0;-0.0;0.0;0.0;-0.0;0.0;1.53
E. Bullaude;/players/ezequiel-eduardo-bullaude/577164/;2024-11-23;15;3.0;0.0;0.0;0.0;-0.0;-0.0;0.0;0.0;0.0;-0.0;0.0;0.0;-0.0;0.0;3.0
R. Fosso;/players/ryan-fosso/637283/;2024-11-23;15;3.0;0.0;0.0;0.0;-0.0;-0.0;0.0;0.0;0.0;-0.0;0.0;0.0;-0.0;0.0;3.0
K. Peterson;/players/kristoffer-peterson/218002/;2024-11-23;15;2.67;0.0;0.0;0.0;-0.0;-0.0;0.0;0.0;0.0;-0.0;0.0;3.0;-0.0;0.0;5.67
M. Aïko;/players/makan-aiko/608125/;2024-11-23;15;1.47;0.0;0.0;0.0;-0.0;-0.0;0.0;0.0;0.0;-0.0;0.0;0.0;-0.0;0.0;1.47
Alessio da Cruz;/players/alessio-da-cruz/391603/;2024-11-23;15;0.9;0.0;0.0;0.0;-0.0;-0.0;0.0;0.0;0.0;-0.0;0.0;0.0;-0.0;0.0;0.9
S. van Ottele;/players/syb-van-ottele/525930/;2024-11-23;15;0.33;0.0;0.0;0.0;-0.0;-0.0;0.0;0.0;-0.0;-0.0;0.0;0.0;-0.0;0.0;0.33
J. Mitrović;/players/josip-mitrovi/482602/;2024-11-23;15;0.33;0.0;0.0;0.0;-0.0;-0.0;0.0;0.0;0.0;-0.0;0.0;0.0;-0.0;0.0;0.33
Úmaro Embaló;/players/umaro-embalo/460644/;2024-11-23;15;0.33;0.0;0.0;0.0;-0.0;-0.0;0.0;0.0;0.0;-0.0;0.0;0.0;-0.0;0.0;0.33
J. Dahlhaus;/players/jasper-dahlhaus/567944/;2024-11-23;15;0.0;0.0;0.0;0.0;-0.0;-0.0;0.0;0.0;-0.0;-0.0;0.0;0.0;-0.0;0.0;0.0
R. Bayram;/players/ramazan-bayram/965960/;2024-11-23;15;0.0;0.0;0.0;0.0;-0.0;-0.0;0.0;0.0;-0.0;-0.0;0.0;0.0;-0.0;0.0;0.0
L. Tunjić;/players/luka-tunjic/759911/;2024-11-23;15;0.0;0.0;0.0;0.0;-0.0;-0.0;0.0;0.0;0.0;-0.0;0.0;0.0;-0.0;0.0;0.0
D. Grujčić;/players/darijo-grujcic/478384/;2024-11-23;15;0.0;0.0;0.0;0.0;-0.0;-0.0;0.0;0.0;-0.0;-0.0;0.0;0.0;-0.0;0.0;0.0
N. Martens;/players/niels-martens/915583/;2024-11-23;15;0.0;0.0;0.0;0.0;-0.0;-0.0;0.0;0.0;-0.0;-0.0;0.0;0.0;-0.0;0.0;0.0
É. Michut;/players/edouard-michut/632965/;2024-11-23;15;0.0;0.0;0.0;0.0;-0.0;-0.0;0.0;0.0;0.0;-0.0;0.0;0.0;-0.0;0.0;0.0
L. Unnerstall;/players/lars-unnerstall/81320/;2024-11-23;15;3.0;2.0;0.0;0.0;-0.0;-0.0;0.0;0.0;-1.0;-0.0;0.0;0.0;-0.0;0.0;4.0
A. Salah-Eddine;/players/anass-salah-eddine/525927/;2024-11-23;15;3.0;2.0;0.0;0.0;-0.0;-0.0;0.0;0.0;-1.0;-0.0;0.0;0.0;-0.0;0.0;4.0
B. van Rooij;/players/bart-van-rooij/557859/;2024-11-23;15;3.0;2.0;0.0;0.0;-2.0;-0.0;0.0;0.0;-1.0;-0.0;0.0;0.0;-0.0;0.0;2.0
M. Hilgers;/players/mees-hilgers/627701/;2024-11-23;15;3.0;2.0;0.0;0.0;-2.0;-0.0;0.0;0.0;-1.0;-0.0;0.0;0.0;-0.0;0.0;2.0
M. Vlap;/players/michel-vlap/407742/;2024-11-23;15;1.97;1.31;0.0;0.0;-0.0;-0.0;0.0;5.0;0.0;-0.0;0.0;0.0;-0.0;0.0;8.28
S. Steijn;/players/sem-steijn/560623/;2024-11-23;15;2.6;1.73;0.0;0.0;-0.0;-0.0;9.0;5.0;0.0;-0.0;0.0;0.0;-0.0;0.0;18.33
M. Bruns;/players/max-bruns/628828/;2024-11-23;15;3.0;2.0;0.0;0.0;-0.0;-0.0;0.0;0.0;0.0;-0.0;0.0;0.0;-0.0;0.0;5.0
Y. Regeer;/players/youri-regeer/632221/;2024-11-23;15;2.93;1.96;0.0;0.0;-0.0;-0.0;0.0;0.0;0.0;-0.0;0.0;0.0;-0.0;0.0;4.89
G. Besselink;/players/gijs-besselink/895383/;2024-11-23;15;3.0;2.0;0.0;0.0;-0.0;-0.0;0.0;0.0;0.0;-0.0;0.0;0.0;-0.0;0.0;5.0
S. Lammers;/players/sam-lammers/407736/;2024-11-23;15;1.97;1.31;0.0;0.0;-0.0;-0.0;0.0;0.0;0.0;-0.0;0.0;0.0;-0.0;0.0;3.28
D. Rots;/players/daan-rots/628516/;2024-11-23;15;2.93;1.96;0.0;0.0;-0.0;-0.0;0.0;0.0;0.0;-0.0;0.0;0.0;-0.0;0.0;4.89
M. van Bergen;/players/mitchell-van-bergen/426574/;2024-11-23;15;1.03;0.69;0.0;0.0;-0.0;-0.0;0.0;0.0;0.0;-0.0;0.0;0.0;-0.0;0.0;1.72
R. van Wolfswinkel;/players/ricky-van-wolfswinkel/59407/;2024-11-23;15;1.03;0.69;0.0;0.0;-0.0;-0.0;8.0;0.0;0.0;-0.0;0.0;0.0;-0.0;0.0;9.72
M. Sadílek;/players/michal-sadilek/377539/;2024-11-23;15;0.4;0.27;0.0;0.0;-0.0;-0.0;0.0;0.0;0.0;-0.0;0.0;0.0;-0.0;0.0;0.67
S. Ltaief;/players/sayfallah-ltaief/659735/;2024-11-23;15;0.07;0.04;0.0;0.0;-0.0;-0.0;0.0;0.0;0.0;-0.0;0.0;0.0;-0.0;0.0;0.11
C. Eiting;/players/carel-eiting/379791/;2024-11-23;15;0.07;0.04;0.0;0.0;-0.0;-0.0;0.0;0.0;0.0;-0.0;0.0;0.0;-0.0;0.0;0.11
M. Kjølø;/players/mathias-ullereng-kjolo/517477/;2024-11-23;15;0.0;0.0;0.0;0.0;-0.0;-0.0;0.0;0.0;0.0;-0.0;0.0;0.0;-0.0;0.0;0.0
G. Lagerbielke;/players/gustaf-lagerbielke/500894/;2024-11-23;15;0.0;0.0;0.0;0.0;-0.0;-0.0;0.0;0.0;-0.0;-0.0;0.0;0.0;-0.0;0.0;0.0
A. Van Hoorenbeeck;/players/alec-van-hoorenbeeck/593523/;2024-11-23;15;0.0;0.0;0.0;0.0;-0.0;-0.0;0.0;0.0;-0.0;-0.0;0.0;0.0;-0.0;0.0;0.0
I. El Maach;/players/issam-el-maach/506880/;2024-11-23;15;0.0;0.0;0.0;0.0;-0.0;-0.0;0.0;0.0;-0.0;-0.0;0.0;0.0;-0.0;0.0;0.0
P. Tytoń;/players/przemyslaw-tyton/17326/;2024-11-23;15;0.0;0.0;0.0;0.0;-0.0;-0.0;0.0;0.0;-0.0;-0.0;0.0;0.0;-0.0;0.0;0.0
B. Kuipers;/players/bas-edo-kuipers/274649/;2024-11-23;15;0.0;0.0;0.0;0.0;-0.0;-0.0;0.0;0.0;-0.0;-0.0;0.0;0.0;-0.0;0.0;0.0
W. Benítez;/players/walter-benitez/210145/;2024-11-23;15;3.0;2.0;0.0;0.0;-0.0;-0.0;0.0;0.0;-0.0;-0.0;12.0;0.0;-0.0;0.0;17.0
R. Karsdorp;/players/rick-karsdorp/322327/;2024-11-23;15;2.5;1.67;0.0;0.0;-0.0;-0.0;0.0;6.0;-0.0;-0.0;8.33;0.0;-0.0;0.0;18.5
O. Boscagli;/players/olivier-boscagli/329542/;2024-11-23;15;3.0;2.0;0.0;0.0;-0.0;-0.0;12.0;0.0;-0.0;-0.0;10.0;0.0;-0.0;0.0;27.0
Mauro Júnior;/players/mauro-jaqueson-junior-ferreira-dos-santos/398754/;2024-11-23;15;2.5;1.67;0.0;0.0;-0.0;-0.0;0.0;6.0;-0.0;-0.0;8.33;0.0;-0.0;0.0;18.5
R. Flamingo;/players/ryan-flamingo/627724/;2024-11-23;15;3.0;2.0;0.0;0.0;-0.0;-0.0;0.0;6.0;-0.0;-0.0;10.0;0.0;-0.0;0.0;21.0
M. Dams;/players/matteo-dams/805736/;2024-11-23;15;3.0;2.0;0.0;0.0;-0.0;-0.0;0.0;0.0;-0.0;-0.0;10.0;0.0;-0.0;0.0;15.0
G. Til;/players/guus-til/451981/;2024-11-23;15;3.0;2.0;0.0;0.0;-0.0;-0.0;9.0;0.0;0.0;-0.0;3.0;0.0;-0.0;0.0;17.0
I. Saibari;/players/ismael-saibari/632481/;2024-11-23;15;2.07;1.38;0.0;0.0;-0.0;-0.0;0.0;0.0;0.0;-0.0;2.07;0.0;-0.0;0.0;5.51
I. Perišić;/players/ivan-perisic/13756/;2024-11-23;15;2.73;1.82;0.0;0.0;-0.0;-0.0;0.0;4.0;0.0;-0.0;0.91;0.0;-0.0;0.0;9.47
R. Pepi;/players/ricardo-pepi/523964/;2024-11-23;15;3.0;2.0;0.0;0.0;-0.0;-0.0;24.0;0.0;0.0;-0.0;1.0;0.0;-0.0;0.0;30.0
J. Bakayoko;/players/johan-bakayoko/638229/;2024-11-23;15;2.5;1.67;0.0;0.0;-0.0;-0.0;0.0;4.0;0.0;-0.0;0.83;0.0;-0.0;0.0;9.0
M. Tillman;/players/malik-tillman/561787/;2024-11-23;15;0.93;0.62;0.0;0.0;-0.0;-0.0;0.0;0.0;0.0;-0.0;0.93;0.0;-0.0;0.0;2.49
T. Land;/players/tygo-land/830551/;2024-11-23;15;0.5;0.33;0.0;0.0;-0.0;-0.0;0.0;0.0;0.0;-0.0;0.5;0.0;-0.0;0.0;1.33
R. Ledezma;/players/richard-ledezma/512218/;2024-11-23;15;0.5;0.33;0.0;0.0;-0.0;-0.0;0.0;0.0;0.0;-0.0;0.5;0.0;-0.0;0.0;1.33
C. Driouech;/players/couhaib-driouech/632812/;2024-11-23;15;0.5;0.33;0.0;0.0;-0.0;-0.0;0.0;0.0;0.0;-0.0;0.17;0.0;-0.0;0.0;1.0
H. Lozano;/players/hirving-rodrigo-lozano-bahena/327531/;2024-11-23;15;0.27;0.18;0.0;0.0;-0.0;-0.0;0.0;0.0;0.0;-0.0;0.09;0.0;-0.0;0.0;0.53
N. Schiks;/players/niek-schiks/643502/;2024-11-23;15;0.0;0.0;0.0;0.0;-0.0;-0.0;0.0;0.0;-0.0;-0.0;0.0;0.0;-0.0;0.0;0.0
J. Drommel;/players/joel-drommel/355869/;2024-11-23;15;0.0;0.0;0.0;0.0;-0.0;-0.0;0.0;0.0;-0.0;-0.0;0.0;0.0;-0.0;0.0;0.0
A. Obispo;/players/armando-obispo/426581/;2024-11-23;15;0.0;0.0;0.0;0.0;-0.0;-0.0;0.0;0.0;-0.0;-0.0;0.0;0.0;-0.0;0.0;0.0
J. Uneken;/players/jesper-uneken/896685/;2024-11-23;15;0.0;0.0;0.0;0.0;-0.0;-0.0;0.0;0.0;0.0;-0.0;0.0;0.0;-0.0;0.0;0.0
F. Oppegård;/players/fredrik-oppegard/575059/;2024-11-23;15;0.0;0.0;0.0;0.0;-0.0;-0.0;0.0;0.0;-0.0;-0.0;0.0;0.0;-0.0;0.0;0.0
E. Vaessen;/players/etienne-vaessen/408572/;2024-11-23;15;3.0;0.0;0.0;0.0;-0.0;-0.0;0.0;0.0;-5.0;-0.0;0.0;0.0;-0.0;0.0;-2.0
L. Bacuna;/players/leandro-bacuna/88003/;2024-11-23;15;2.87;0.0;0.0;0.0;-0.0;-0.0;0.0;0.0;0.0;-0.0;0.0;0.0;-0.0;0.0;2.87
M. Rente;/players/marco-rente/450717/;2024-11-23;15;3.0;0.0;0.0;0.0;-0.0;-0.0;0.0;0.0;-5.0;-0.0;0.0;0.0;-0.0;0.0;-2.0
T. Blokzijl;/players/thijmen-blokzijl/703893/;2024-11-23;15;3.0;0.0;0.0;0.0;-0.0;-0.0;0.0;0.0;-5.0;-0.0;0.0;0.0;-0.0;0.0;-2.0
W. Prins;/players/wouter-prins/930296/;2024-11-23;15;3.0;0.0;0.0;0.0;-0.0;-0.0;0.0;0.0;-5.0;-0.0;0.0;0.0;-0.0;0.0;-2.0
J. Hove;/players/johan-hove/444353/;2024-11-23;15;3.0;0.0;0.0;0.0;-0.0;-0.0;0.0;0.0;0.0;-0.0;0.0;0.0;-0.0;0.0;3.0
S. Resink;/players/stije-resink/681459/;2024-11-23;15;3.0;0.0;0.0;0.0;-0.0;-0.0;0.0;0.0;0.0;-0.0;0.0;0.0;-0.0;0.0;3.0
L. Valente;/players/luciano-valente/703884/;2024-11-23;15;2.83;0.0;0.0;0.0;-0.0;-0.0;0.0;0.0;0.0;-0.0;0.0;0.0;-0.0;0.0;2.83
Rui Mendes;/players/rui-jorge-monteiro-mendes/453390/;2024-11-23;15;2.0;0.0;0.0;0.0;-0.0;-0.0;0.0;0.0;0.0;-0.0;0.0;0.0;-0.0;0.0;2.0
R. Postema;/players/romano-postema/625358/;2024-11-23;15;2.27;0.0;0.0;0.0;-0.0;-0.0;0.0;0.0;0.0;-0.0;0.0;0.0;-0.0;0.0;2.27
T. van Bergen;/players/thom-van-bergen/873104/;2024-11-23;15;1.53;0.0;0.0;0.0;-0.0;-0.0;0.0;0.0;0.0;-0.0;0.0;0.0;-0.0;0.0;1.53
T. Oosting;/players/thijs-oosting/477591/;2024-11-23;15;1.47;0.0;0.0;0.0;-0.0;-0.0;0.0;0.0;0.0;-0.0;0.0;0.0;-0.0;0.0;1.47
J. Schreuders;/players/jorg-schreuders/877779/;2024-11-23;15;1.0;0.0;0.0;0.0;-0.0;-0.0;0.0;0.0;0.0;-0.0;0.0;0.0;-0.0;0.0;1.0
J. Pelupessy;/players/joey-pelupessy/197572/;2024-11-23;15;0.73;0.0;0.0;0.0;-0.0;-0.0;0.0;0.0;0.0;-0.0;0.0;0.0;-0.0;0.0;0.73
B. Willumsson;/players/brynjolfur-darri-willumsson/463548/;2024-11-23;15;0.17;0.0;0.0;0.0;-0.0;-0.0;0.0;0.0;0.0;-0.0;0.0;0.0;-0.0;0.0;0.17
M. Mariani;/players/maxim-mariani/888265/;2024-11-23;15;0.13;0.0;0.0;0.0;-0.0;-0.0;0.0;0.0;-0.0;-0.0;0.0;0.0;-0.0;0.0;0.13
H. Jurjus;/players/hidde-jurjus/301076/;2024-11-23;15;0.0;0.0;0.0;0.0;-0.0;-0.0;0.0;0.0;-0.0;-0.0;0.0;0.0;-0.0;0.0;0.0
D. Baron;/players/dirk-baron/821647/;2024-11-23;15;0.0;0.0;0.0;0.0;-0.0;-0.0;0.0;0.0;-0.0;-0.0;0.0;0.0;-0.0;0.0;0.0
D. van der Werff;/players/david-van-der-werff/973034/;2024-11-23;15;0.0;0.0;0.0;0.0;-0.0;-0.0;0.0;0.0;0.0;-0.0;0.0;0.0;-0.0;0.0;0.0
N. Emeran;/players/noam-emeran/671004/;2024-11-23;15;0.0;0.0;0.0;0.0;-0.0;-0.0;0.0;0.0;0.0;-0.0;0.0;0.0;-0.0;0.0;0.0
S. Bouland;/players/sven-bouland/948734/;2024-11-23;15;0.0;0.0;0.0;0.0;-0.0;-0.0;0.0;0.0;-0.0;-0.0;0.0;0.0;-0.0;0.0;0.0
F. de Keijzer;/players/fabian-de-keijzer/463695/;2024-11-23;15;3.0;0.0;1.0;0.0;-0.0;-0.0;0.0;0.0;-2.0;-0.0;0.0;0.0;-0.0;0.0;2.0
D. Mirani;/players/damon-mirani/289811/;2024-11-23;15;3.0;0.0;1.0;0.0;-0.0;-0.0;0.0;0.0;-2.0;-0.0;0.0;0.0;-0.0;0.0;2.0
I. Mesík;/players/ivan-mesik/513503/;2024-11-23;15;3.0;0.0;1.0;0.0;-0.0;-0.0;0.0;0.0;-2.0;-0.0;0.0;0.0;-0.0;0.0;2.0
R. Roosken;/players/ruben-roosken/618143/;2024-11-23;15;3.0;0.0;1.0;0.0;-0.0;-0.0;0.0;6.0;-2.0;-0.0;0.0;0.0;-0.0;0.0;8.0
M. Benita;/players/mimeirhel-benita/645525/;2024-11-23;15;3.0;0.0;1.0;0.0;-0.0;-0.0;0.0;0.0;-2.0;-0.0;0.0;0.0;-0.0;0.0;2.0
M. Engels;/players/mario-engels/243044/;2024-11-23;15;2.07;0.0;0.69;0.0;-0.0;-0.0;0.0;0.0;0.0;-0.0;0.0;0.0;-0.0;0.0;2.76
J. Bruijn;/players/jordy-bruijn/314251/;2024-11-23;15;2.07;0.0;0.69;0.0;-0.0;-0.0;0.0;0.0;0.0;-0.0;0.0;0.0;-0.0;0.0;2.76
J. Žambůrek;/players/jan-ambrek/542777/;2024-11-23;15;1.53;0.0;0.51;0.0;-0.0;-0.0;0.0;0.0;0.0;-0.0;0.0;0.0;-0.0;0.0;2.04
B. De Keersmaecker;/players/brian-de-keersmaecker/605558/;2024-11-23;15;3.0;0.0;1.0;0.0;-2.0;-0.0;0.0;0.0;0.0;-0.0;0.0;0.0;-0.0;0.0;2.0
L. Kulenović;/players/luka-kulenovi/631882/;2024-11-23;15;2.9;0.0;0.97;0.0;-0.0;-0.0;8.0;0.0;0.0;-0.0;0.0;0.0;-0.0;0.0;11.87
J. Talvitie;/players/juho-talvitie/701365/;2024-11-23;15;2.07;0.0;0.69;0.0;-0.0;-0.0;0.0;0.0;0.0;-0.0;0.0;0.0;-0.0;0.0;2.76
t Zand;/players/shiloh-t-zand/824640/;2024-11-23;15;1.47;0.0;0.49;0.0;-0.0;-0.0;0.0;0.0;0.0;-0.0;0.0;0.0;-0.0;0.0;1.96
D. van Kaam;/players/daniel-van-kaam/477595/;2024-11-23;15;0.93;0.0;0.31;0.0;-0.0;-0.0;0.0;0.0;0.0;-0.0;0.0;0.0;-0.0;0.0;1.24
S. Podgoreanu;/players/suf-podgoreanu/509673/;2024-11-23;15;0.93;0.0;0.31;0.0;-0.0;-0.0;0.0;0.0;0.0;-0.0;0.0;0.0;-0.0;0.0;1.24
J. Hornkamp;/players/jizz-hornkamp/526566/;2024-11-23;15;0.93;0.0;0.31;0.0;-0.0;-0.0;0.0;0.0;0.0;-0.0;0.0;3.0;-0.0;0.0;4.24
J. Hoogma;/players/justin-hoogma/432697/;2024-11-23;15;0.1;0.0;0.03;0.0;-0.0;-0.0;0.0;0.0;-1.0;-0.0;0.0;0.0;-0.0;0.0;-0.87
T. Jansink;/players/timo-jansink/632823/;2024-11-23;15;0.0;0.0;0.0;0.0;-0.0;-0.0;0.0;0.0;-0.0;-0.0;0.0;0.0;-0.0;0.0;0.0
S. Scheperman;/players/sem-scheperman/641190/;2024-11-23;15;0.0;0.0;0.0;0.0;-0.0;-0.0;0.0;0.0;0.0;-0.0;0.0;0.0;-0.0;0.0;0.0
J. Wieckhoff;/players/jannes-luca-wieckhoff/497167/;2024-11-23;15;0.0;0.0;0.0;0.0;-0.0;-0.0;0.0;0.0;-0.0;-0.0;0.0;0.0;-0.0;0.0;0.0
K. Leerdam;/players/kelvin-leerdam/68354/;2024-11-23;15;0.0;0.0;0.0;0.0;-0.0;-0.0;0.0;0.0;-0.0;-0.0;0.0;0.0;-0.0;0.0;0.0
T. Bruns;/players/thomas-bruns/168503/;2024-11-23;15;0.0;0.0;0.0;0.0;-0.0;-0.0;0.0;0.0;0.0;-0.0;0.0;0.0;-0.0;0.0;0.0
R. Mantel;/players/robin-mantel/502712/;2024-11-23;15;0.0;0.0;0.0;0.0;-0.0;-0.0;0.0;0.0;-0.0;-0.0;0.0;0.0;-0.0;0.0;0.0
L. Milani;/players/lorenzo-milani/664147/;2024-11-23;15;0.0;0.0;0.0;0.0;-0.0;-0.0;0.0;0.0;-0.0;-0.0;0.0;0.0;-0.0;0.0;0.0
J. Kesting;/players/joey-kesting/567938/;2024-11-23;15;3.0;0.0;1.0;0.0;-0.0;-0.0;0.0;0.0;-2.0;-0.0;0.0;0.0;-0.0;0.0;2.0
D. Van den Buijs;/players/dario-van-den-buijs/353273/;2024-11-23;15;2.9;0.0;0.97;0.0;-0.0;-0.0;0.0;0.0;-2.0;-0.0;0.0;0.0;-0.0;0.0;1.87
L. van Gelderen;/players/liam--van-gelderen/463011/;2024-11-23;15;3.0;0.0;1.0;0.0;-0.0;-0.0;0.0;0.0;-2.0;-0.0;0.0;0.0;-0.0;0.0;2.0
L. Wouters;/players/luuk--wouters/537856/;2024-11-23;15;3.0;0.0;1.0;0.0;-0.0;-0.0;0.0;0.0;-2.0;-0.0;0.0;0.0;-0.0;0.0;2.0
R. van Eijma;/players/roshon-van-eijma/539577/;2024-11-23;15;1.8;0.0;0.6;0.0;-0.0;-0.0;0.0;0.0;-1.0;-0.0;0.0;0.0;-0.0;0.0;1.4
R. van der Venne;/players/richard-van-der-venne/261975/;2024-11-23;15;3.0;0.0;1.0;0.0;-0.0;-0.0;9.0;5.0;0.0;-0.0;0.0;0.0;-0.0;0.0;18.0
G. Roemeratoe;/players/godfried-roemeratoe/426582/;2024-11-23;15;1.53;0.0;0.51;0.0;-0.0;-0.0;0.0;0.0;0.0;-0.0;0.0;0.0;-0.0;0.0;2.04
T. van de Loo;/players/tim-van-de-loo/813111/;2024-11-23;15;2.73;0.0;0.91;0.0;-0.0;-0.0;0.0;0.0;0.0;-0.0;0.0;0.0;-0.0;0.0;3.64
O. Zawada;/players/oskar-zawada/289870/;2024-11-23;15;3.0;0.0;1.0;0.0;-0.0;-0.0;8.0;0.0;0.0;-0.0;0.0;0.0;-0.0;0.0;12.0
S. van der Water;/players/silvester-van-der-water/408536/;2024-11-23;15;1.8;0.0;0.6;0.0;-0.0;-0.0;0.0;0.0;0.0;-0.0;0.0;0.0;-0.0;0.0;2.4
R. Margaret;/players/richonell-margaret/508815/;2024-11-23;15;3.0;0.0;1.0;0.0;-0.0;-0.0;0.0;0.0;0.0;-0.0;0.0;0.0;-0.0;0.0;4.0
Y. Oukili;/players/yassin-oukili/567948/;2024-11-23;15;1.47;0.0;0.49;0.0;-0.0;-0.0;0.0;0.0;0.0;-0.0;0.0;0.0;-0.0;0.0;1.96
J. Lelieveld;/players/julian-lelieveld/407738/;2024-11-23;15;1.2;0.0;0.4;0.0;-0.0;-0.0;0.0;0.0;-1.0;-0.0;0.0;0.0;-0.0;0.0;0.6
D. Cleonise;/players/denilho-cleonise/642338/;2024-11-23;15;1.2;0.0;0.4;0.0;-0.0;-0.0;0.0;0.0;0.0;-0.0;0.0;0.0;-0.0;0.0;1.6
M. Kramer;/players/michiel-kramer/19677/;2024-11-23;15;0.27;0.0;0.09;0.0;-0.0;-0.0;0.0;0.0;0.0;-0.0;0.0;0.0;-0.0;0.0;0.36
M. Ihattaren;/players/mohammed-amine-ihattaren/525933/;2024-11-23;15;0.1;0.0;0.03;0.0;-0.0;-0.0;0.0;0.0;0.0;-0.0;0.0;0.0;-0.0;0.0;0.13
R. Niemeijer;/players/reuven-niemeijer/447106/;2024-11-23;15;0.0;0.0;0.0;0.0;-0.0;-0.0;0.0;0.0;0.0;-0.0;0.0;0.0;-0.0;0.0;0.0
L. Vogels;/players/luuk-vogels/858294/;2024-11-23;15;0.0;0.0;0.0;0.0;-0.0;-0.0;0.0;0.0;-0.0;-0.0;0.0;0.0;-0.0;0.0;0.0
B. Tinus;/players/bart-tinus/97360/;2024-11-23;15;0.0;0.0;0.0;0.0;-0.0;-0.0;0.0;0.0;-0.0;-0.0;0.0;0.0;-0.0;0.0;0.0
C. Lokesa;/players/chris-lokesa/847737/;2024-11-23;15;0.0;0.0;0.0;0.0;-0.0;-0.0;0.0;0.0;0.0;-0.0;0.0;0.0;-0.0;0.0;0.0
A. Meijers;/players/aaron-meijers/59081/;2024-11-23;15;0.0;0.0;0.0;0.0;-0.0;-0.0;0.0;0.0;-0.0;-0.0;0.0;0.0;-0.0;0.0;0.0
K. Felida;/players/kevin--felida/501817/;2024-11-23;15;0.0;0.0;0.0;0.0;-0.0;-0.0;0.0;0.0;0.0;-0.0;0.0;0.0;-0.0;0.0;0.0
P. Vroegh;/players/patrick-vroegh/457667/;2024-11-23;15;0.0;0.0;0.0;0.0;-0.0;-0.0;0.0;0.0;0.0;-0.0;0.0;0.0;-0.0;0.0;0.0
R. Pasveer;/players/remko-pasveer/49689/;2024-11-24;15;3.0;2.0;0.0;0.0;-0.0;-0.0;0.0;0.0;-0.0;-0.0;12.0;0.0;-0.0;0.0;17.0
J. Šutalo;/players/josip-utalo/460387/;2024-11-24;15;3.0;2.0;0.0;0.0;-0.0;-0.0;12.0;0.0;-0.0;-0.0;10.0;0.0;-0.0;0.0;27.0
D. Rensch;/players/devyne-rensch/601396/;2024-11-24;15;2.67;1.78;0.0;0.0;-0.0;-0.0;0.0;0.0;-0.0;-0.0;8.89;0.0;-0.0;0.0;13.33
Y. Baas;/players/youri-baas/638355/;2024-11-24;15;3.0;2.0;0.0;0.0;-0.0;-0.0;0.0;0.0;-0.0;-0.0;10.0;0.0;-0.0;0.0;15.0
J. Hato;/players/jorrel-hato/783173/;2024-11-24;15;2.67;1.78;0.0;0.0;-2.0;-0.0;0.0;0.0;-0.0;-0.0;8.89;0.0;-0.0;0.0;11.33
J. Henderson;/players/jordan-henderson/48010/;2024-11-24;15;3.0;2.0;0.0;0.0;-2.0;-0.0;0.0;5.0;0.0;-0.0;3.0;0.0;-0.0;0.0;11.0
D. Klaassen;/players/davy-klaassen/158581/;2024-11-24;15;3.0;2.0;0.0;0.0;-0.0;-0.0;0.0;0.0;0.0;-0.0;3.0;0.0;-0.0;0.0;8.0
K. Taylor;/players/kenneth-taylor/508784/;2024-11-24;15;3.0;2.0;0.0;0.0;-0.0;-0.0;0.0;0.0;0.0;-0.0;3.0;0.0;-0.0;0.0;8.0
B. Traoré;/players/bertrand-traore/102801/;2024-11-24;15;1.87;1.24;0.0;0.0;-0.0;-0.0;0.0;0.0;0.0;-0.0;0.62;0.0;-0.0;0.0;3.73
S. Berghuis;/players/steven-berghuis/134080/;2024-11-24;15;1.87;1.24;0.0;0.0;-0.0;-0.0;0.0;0.0;0.0;-0.0;0.62;0.0;-0.0;0.0;3.73
B. Brobbey;/players/brian-brobbey/520146/;2024-11-24;15;2.2;1.47;0.0;0.0;-0.0;-0.0;8.0;0.0;0.0;-0.0;0.73;0.0;-0.0;0.0;12.4
C. Akpom;/players/chuba-akpom/215570/;2024-11-24;15;1.13;0.76;0.0;0.0;-0.0;-0.0;0.0;0.0;0.0;-0.0;0.38;0.0;-0.0;0.0;2.27
K. Fitz-Jim;/players/kian-fitz-jim/591724/;2024-11-24;15;1.13;0.76;0.0;0.0;-0.0;-0.0;0.0;0.0;0.0;-0.0;1.13;0.0;-0.0;0.0;3.02
W. Weghorst;/players/wout-weghorst/255205/;2024-11-24;15;0.8;0.53;0.0;0.0;-0.0;-0.0;0.0;0.0;0.0;-0.0;0.27;0.0;-0.0;0.0;1.6
O. Wijndal;/players/owen-wijndal/440858/;2024-11-24;15;0.33;0.22;0.0;0.0;-2.0;-0.0;0.0;0.0;-0.0;-0.0;1.11;0.0;-0.0;0.0;-0.33
A. Gaaei;/players/anton-gaaei/701784/;2024-11-24;15;0.33;0.22;0.0;0.0;-0.0;-0.0;0.0;0.0;-0.0;-0.0;1.11;0.0;-0.0;0.0;1.67
B. van den Boomen;/players/branco-van-den-boomen/215550/;2024-11-24;15;0.0;0.0;0.0;0.0;-0.0;-0.0;0.0;0.0;0.0;-0.0;0.0;0.0;-0.0;0.0;0.0
A. Kaplan;/players/ahmetcan-kaplan/641115/;2024-11-24;15;0.0;0.0;0.0;0.0;-0.0;-0.0;0.0;0.0;-0.0;-0.0;0.0;0.0;-0.0;0.0;0.0
J. Gorter;/players/jay-gorter/477600/;2024-11-24;15;0.0;0.0;0.0;0.0;-0.0;-0.0;0.0;0.0;-0.0;-0.0;0.0;0.0;-0.0;0.0;0.0
D. Ramaj;/players/diant-ramaj/562543/;2024-11-24;15;0.0;0.0;0.0;0.0;-0.0;-0.0;0.0;0.0;-0.0;-0.0;0.0;0.0;-0.0;0.0;0.0
C. Rasmussen;/players/christian-theodor-kjelder-rasmussen/632224/;2024-11-24;15;0.0;0.0;0.0;0.0;-0.0;-0.0;0.0;0.0;0.0;-0.0;0.0;0.0;-0.0;0.0;0.0
P. Ugwu;/players/precious-joel-uche-chukwu-ugwu/899673/;2024-11-24;15;0.0;0.0;0.0;0.0;-0.0;-0.0;0.0;0.0;-0.0;-0.0;0.0;0.0;-0.0;0.0;0.0
K. Hlynsson;/players/kristian-nokkvi-hlynsson/636342/;2024-11-24;15;0.0;0.0;0.0;0.0;-0.0;-0.0;0.0;0.0;0.0;-0.0;0.0;0.0;-0.0;0.0;0.0
J. Schendelaar;/players/jasper-schendelaar/454473/;2024-11-24;15;3.0;0.0;0.0;0.0;-0.0;-0.0;0.0;0.0;-2.0;-0.0;0.0;0.0;-0.0;0.0;1.0
S. Floranus;/players/sherel-floranus/385271/;2024-11-24;15;3.0;0.0;0.0;0.0;-0.0;-0.0;0.0;0.0;-2.0;-0.0;0.0;0.0;-0.0;0.0;1.0
S. Graves;/players/simon-graves-jensen/538684/;2024-11-24;15;2.9;0.0;0.0;0.0;-0.0;-0.0;0.0;0.0;-2.0;-0.0;0.0;0.0;-0.0;0.0;0.9
A. El Azzouzi;/players/anouar-el-azzouzi/567947/;2024-11-24;15;3.0;0.0;0.0;0.0;-0.0;-0.0;0.0;0.0;-2.0;-0.0;0.0;0.0;-0.0;0.0;1.0
A. MacNulty;/players/anselmo-garcia-mcnulty/608607/;2024-11-24;15;3.0;0.0;0.0;0.0;-0.0;-0.0;0.0;0.0;-2.0;-0.0;0.0;0.0;-0.0;0.0;1.0
D. van der Haar;/players/damian-van-der-haar/812205/;2024-11-24;15;3.0;0.0;0.0;0.0;-0.0;-0.0;0.0;0.0;-2.0;-0.0;0.0;0.0;-0.0;0.0;1.0
Y. Namli;/players/younes-namli/291585/;2024-11-24;15;2.33;0.0;0.0;0.0;-0.0;-0.0;0.0;0.0;0.0;-0.0;0.0;0.0;-0.0;0.0;2.33
Jamiro Monteiro;/players/jamiro-gregory-monteiro-alvarenga/421293/;2024-11-24;15;2.57;0.0;0.0;0.0;-0.0;-0.0;0.0;0.0;0.0;-0.0;0.0;0.0;-0.0;0.0;2.57
N. Fichtinger;/players/nick-fichtinger/914267/;2024-11-24;15;3.0;0.0;0.0;0.0;-0.0;-0.0;0.0;0.0;0.0;-0.0;0.0;0.0;-0.0;0.0;3.0
D. Vente;/players/dylan-vente/426585/;2024-11-24;15;2.57;0.0;0.0;0.0;-0.0;-0.0;0.0;0.0;0.0;-0.0;0.0;0.0;-0.0;0.0;2.57
D. Mbayo;/players/dylan-mbayo/599681/;2024-11-24;15;3.0;0.0;0.0;0.0;-2.0;-0.0;0.0;0.0;0.0;-0.0;0.0;0.0;-0.0;0.0;1.0
F. Krastev;/players/filip-yavorov-krastev/550509/;2024-11-24;15;0.67;0.0;0.0;0.0;-0.0;-0.0;0.0;0.0;0.0;-0.0;0.0;0.0;-0.0;0.0;0.67
T. Buitink;/players/thomas-buitnik/457668/;2024-11-24;15;0.43;0.0;0.0;0.0;-0.0;-0.0;0.0;0.0;0.0;-0.0;0.0;0.0;-0.0;0.0;0.43
O. Velanas;/players/odysseus-velanas/452059/;2024-11-24;15;0.43;0.0;0.0;0.0;-0.0;-0.0;0.0;0.0;0.0;-0.0;0.0;0.0;-0.0;0.0;0.43
O. Aertssen;/players/olivier-aertssen/664645/;2024-11-24;15;0.1;0.0;0.0;0.0;-0.0;-0.0;0.0;0.0;-0.0;-0.0;0.0;0.0;-0.0;0.0;0.1
K. de Rooij;/players/kaj-de-rooij/539368/;2024-11-24;15;0.0;0.0;0.0;0.0;-0.0;-0.0;0.0;0.0;0.0;-0.0;0.0;0.0;-0.0;0.0;0.0
K. Vermeer;/players/kenneth-vermeer/2175/;2024-11-24;15;0.0;0.0;0.0;0.0;-0.0;-0.0;0.0;0.0;-0.0;-0.0;0.0;0.0;-0.0;0.0;0.0
M. Hauptmeijer;/players/mike-hauptmeijer/321048/;2024-11-24;15;0.0;0.0;0.0;0.0;-0.0;-0.0;0.0;0.0;-0.0;-0.0;0.0;0.0;-0.0;0.0;0.0
T. Lutonda;/players/thierry-lutonda/462568/;2024-11-24;15;0.0;0.0;0.0;0.0;-0.0;-0.0;0.0;0.0;-0.0;-0.0;0.0;0.0;-0.0;0.0;0.0
B. Manu;/players/braydon-marvin-manu/414639/;2024-11-24;15;0.0;0.0;0.0;0.0;-0.0;-0.0;0.0;0.0;0.0;-0.0;0.0;0.0;-0.0;0.0;0.0
E. Reijnders;/players/eliano-reijnders/577288/;2024-11-24;15;0.0;0.0;0.0;0.0;-0.0;-0.0;0.0;0.0;0.0;-0.0;0.0;0.0;-0.0;0.0;0.0
T. Gijselhart;/players/teun-gijselhart/789919/;2024-11-24;15;0.0;0.0;0.0;0.0;-0.0;-0.0;0.0;0.0;0.0;-0.0;0.0;0.0;-0.0;0.0;0.0
M. Oukhattou;/players/mohamed-oukhattou/878072/;2024-11-24;15;0.0;0.0;0.0;0.0;-0.0;-0.0;0.0;0.0;0.0;-0.0;0.0;0.0;-0.0;0.0;0.0
R. Roefs;/players/robin-roefs/636190/;2024-11-24;15;3.0;0.0;0.0;0.0;-0.0;-0.0;0.0;0.0;-2.0;-0.0;0.0;0.0;-0.0;0.0;1.0
B. Nuytinck;/players/bram-nuytinck/86442/;2024-11-24;15;3.0;0.0;0.0;0.0;-0.0;-0.0;0.0;0.0;-2.0;-0.0;0.0;0.0;-0.0;0.0;1.0
C. Verdonk;/players/calvin-verdonk/319288/;2024-11-24;15;3.0;0.0;0.0;0.0;-0.0;-0.0;0.0;0.0;-2.0;-0.0;0.0;0.0;-0.0;0.0;1.0
Iván Márquez;/players/ivan-marquez-alvarez/352663/;2024-11-24;15;2.87;0.0;0.0;0.0;-0.0;-0.0;0.0;0.0;-2.0;-0.0;0.0;0.0;-0.0;0.0;0.87
B. Pereira;/players/brayann-pereira/640596/;2024-11-24;15;2.33;0.0;0.0;0.0;-0.0;-0.0;0.0;0.0;-2.0;-0.0;0.0;0.0;-0.0;0.0;0.33
M. Hoedemakers;/players/mees-hoedemakers/465082/;2024-11-24;15;2.1;0.0;0.0;0.0;-0.0;-0.0;0.0;0.0;0.0;-0.0;0.0;0.0;-0.0;0.0;2.1
Róber;/players/roberto-gonzalez-bayon/500171/;2024-11-24;15;2.33;0.0;0.0;0.0;-0.0;-0.0;0.0;0.0;0.0;-0.0;0.0;0.0;-0.0;0.0;2.33
K. Sano;/players/kodai-sano/815318/;2024-11-24;15;3.0;0.0;0.0;0.0;-0.0;-0.0;0.0;0.0;0.0;-0.0;0.0;0.0;-0.0;0.0;3.0
V. van Crooij;/players/vito-van-crooy/330044/;2024-11-24;15;2.33;0.0;0.0;0.0;-0.0;-0.0;0.0;0.0;0.0;-0.0;0.0;0.0;-0.0;0.0;2.33
K. Ogawa;/players/koki-ogawa/435835/;2024-11-24;15;3.0;0.0;0.0;0.0;-0.0;-0.0;0.0;0.0;0.0;-0.0;0.0;0.0;-0.0;0.0;3.0
S. Hansen;/players/sontje-hansen/508823/;2024-11-24;15;3.0;0.0;0.0;0.0;-0.0;-0.0;8.0;0.0;0.0;-0.0;0.0;0.0;-0.0;0.0;11.0
D. Proper;/players/dirk-proper/525939/;2024-11-24;15;0.9;0.0;0.0;0.0;-0.0;-0.0;0.0;0.0;0.0;-0.0;0.0;0.0;-0.0;0.0;0.9
S. Ouaissa;/players/sami-ouaissa/856399/;2024-11-24;15;0.67;0.0;0.0;0.0;-0.0;-0.0;0.0;0.0;0.0;-0.0;0.0;0.0;-0.0;0.0;0.67
L. Lyratzis;/players/eleutherios-lyratzis/463371/;2024-11-24;15;0.67;0.0;0.0;0.0;-0.0;-0.0;0.0;0.0;-0.0;-0.0;0.0;0.0;-0.0;0.0;0.67
B. Önal;/players/basar-onal/822550/;2024-11-24;15;0.67;0.0;0.0;0.0;-0.0;-0.0;0.0;0.0;0.0;-0.0;0.0;0.0;-0.0;0.0;0.67
K. Shiogai;/players/kento-shiogai/910330/;2024-11-24;15;0.13;0.0;0.0;0.0;-0.0;-0.0;0.0;0.0;0.0;-0.0;0.0;0.0;-0.0;0.0;0.13
S. van Gassel;/players/stijn-van-gassel/323665/;2024-11-24;15;0.0;0.0;0.0;0.0;-0.0;-0.0;0.0;0.0;-0.0;-0.0;0.0;0.0;-0.0;0.0;0.0
T. Ouwejan;/players/thomas-ouwejan/407740/;2024-11-24;15;0.0;0.0;0.0;0.0;-0.0;-0.0;0.0;0.0;-0.0;-0.0;0.0;0.0;-0.0;0.0;0.0
A. Darelas;/players/argyrios-darelas/637189/;2024-11-24;15;0.0;0.0;0.0;0.0;-0.0;-0.0;0.0;0.0;0.0;-0.0;0.0;0.0;-0.0;0.0;0.0
R. Janse;/players/rijk-janse/632550/;2024-11-24;15;0.0;0.0;0.0;0.0;-0.0;-0.0;0.0;0.0;-0.0;-0.0;0.0;0.0;-0.0;0.0;0.0
L. Schöne;/players/lasse-schone/17366/;2024-11-24;15;0.0;0.0;0.0;0.0;-0.0;-0.0;0.0;0.0;0.0;-0.0;0.0;0.0;-0.0;0.0;0.0
V. Barkas;/players/vasileios-barkas/272919/;2024-11-24;15;3.0;2.0;0.0;0.0;-0.0;-0.0;0.0;0.0;-1.0;-0.0;0.0;0.0;-0.0;0.0;4.0
N. Viergever;/players/nick--viergever/78529/;2024-11-24;15;3.0;2.0;0.0;0.0;-0.0;-0.0;0.0;0.0;-1.0;-0.0;0.0;0.0;-0.0;0.0;4.0
M. van der Hoorn;/players/mike-van-der-hoorn/190540/;2024-11-24;15;3.0;2.0;0.0;0.0;-0.0;-0.0;0.0;0.0;-1.0;-0.0;0.0;0.0;-0.0;0.0;4.0
S. Horemans;/players/siebe-horemans/399758/;2024-11-24;15;3.0;2.0;0.0;0.0;-0.0;-0.0;0.0;6.0;-1.0;-0.0;0.0;0.0;-0.0;0.0;10.0
S. El Karouani;/players/souffian-elkarouani/537878/;2024-11-24;15;3.0;2.0;0.0;0.0;-0.0;-0.0;0.0;0.0;-1.0;-0.0;0.0;0.0;-0.0;0.0;4.0
V. Jensen;/players/victor-jensen/460509/;2024-11-24;15;3.0;2.0;0.0;0.0;-0.0;-0.0;9.0;0.0;0.0;-0.0;0.0;0.0;-0.0;0.0;14.0
P. Aaronson;/players/paxten-aaronson/576828/;2024-11-24;15;3.0;2.0;0.0;0.0;-0.0;-0.0;0.0;5.0;0.0;-0.0;0.0;0.0;-0.0;0.0;10.0
O. Fraulo;/players/oscar-fraulo/637161/;2024-11-24;15;3.0;2.0;0.0;0.0;-0.0;-0.0;0.0;0.0;0.0;-0.0;0.0;0.0;-0.0;0.0;5.0
Miguel Rodríguez;/players/miguel-rodriguez-vidal/576516/;2024-11-24;15;1.93;1.29;0.0;0.0;-0.0;-0.0;0.0;0.0;0.0;-0.0;0.0;0.0;-0.0;0.0;3.22
A. Descotte;/players/anthony-descotte/638248/;2024-11-24;15;2.63;1.76;0.0;0.0;-0.0;-0.0;0.0;0.0;0.0;-0.0;0.0;0.0;-0.0;0.0;4.39
Y. Cathline;/players/yoann-cathline/660710/;2024-11-24;15;2.63;1.76;0.0;0.0;-2.0;-0.0;8.0;0.0;0.0;-0.0;0.0;0.0;-0.0;0.0;10.39
T. Booth;/players/taylor-booth/441556/;2024-11-24;15;1.07;0.71;0.0;0.0;-0.0;-0.0;0.0;0.0;0.0;-0.0;0.0;0.0;-0.0;0.0;1.78
D. Min;/players/david-min/587715/;2024-11-24;15;0.37;0.24;0.0;0.0;-0.0;-0.0;0.0;0.0;0.0;-0.0;0.0;0.0;-0.0;0.0;0.61
O. Romeny;/players/ole-ter-haar-romeny/532140/;2024-11-24;15;0.37;0.24;0.0;0.0;-0.0;-0.0;0.0;0.0;0.0;-0.0;0.0;0.0;-0.0;0.0;0.61
M. Didden;/players/matisse-didden/541794/;2024-11-24;15;0.0;0.0;0.0;0.0;-0.0;-0.0;0.0;0.0;-0.0;-0.0;0.0;0.0;-0.0;0.0;0.0
M. Brouwer;/players/michael-brouwer/250395/;2024-11-24;15;0.0;0.0;0.0;0.0;-0.0;-0.0;0.0;0.0;-0.0;-0.0;0.0;0.0;-0.0;0.0;0.0
N. Vesterlund;/players/niklas-brondsted-vesterlund-nielsen/441234/;2024-11-24;15;0.0;0.0;0.0;0.0;-0.0;-0.0;0.0;0.0;-0.0;-0.0;0.0;0.0;-0.0;0.0;0.0
T. de Graaff;/players/tom-gerard-de-graaff/783148/;2024-11-24;15;0.0;0.0;0.0;0.0;-0.0;-0.0;0.0;0.0;-0.0;-0.0;0.0;0.0;-0.0;0.0;0.0
A. Blake;/players/adrian-blake/695557/;2024-11-24;15;0.0;0.0;0.0;0.0;-0.0;-0.0;0.0;0.0;0.0;-0.0;0.0;0.0;-0.0;0.0;0.0
J. Toornstra;/players/jens-toornstra/110217/;2024-11-24;15;0.0;0.0;0.0;0.0;-0.0;-0.0;0.0;0.0;0.0;-0.0;0.0;0.0;-0.0;0.0;0.0
K. Finnsson;/players/kolbeinn-finnsson/384487/;2024-11-24;15;0.0;0.0;0.0;0.0;-0.0;-0.0;0.0;0.0;-0.0;-0.0;0.0;0.0;-0.0;0.0;0.0
N. Ohio;/players/noah-ohio/571268/;2024-11-24;15;0.0;0.0;0.0;0.0;-0.0;-0.0;0.0;0.0;0.0;-0.0;0.0;0.0;-0.0;0.0;0.0
Zidane Iqbal;/players/zidane-iqbal/644834/;2024-11-24;15;0.0;0.0;0.0;0.0;-0.0;-0.0;0.0;0.0;0.0;-0.0;0.0;0.0;-0.0;0.0;0.0
T. Didillon-Hödl;/players/thomas-didillon/259971/;2024-11-24;15;3.0;0.0;1.0;0.0;-0.0;-0.0;0.0;0.0;-2.0;-0.0;0.0;0.0;-0.0;0.0;2.0
M. Tirpan;/players/mickael-tirpan/202469/;2024-11-24;15;3.0;0.0;1.0;0.0;-2.0;-0.0;0.0;0.0;-2.0;-0.0;0.0;0.0;-0.0;0.0;0.0
R. Behounek;/players/raffael-behounek/408747/;2024-11-24;15;3.0;0.0;1.0;0.0;-0.0;-0.0;0.0;0.0;-2.0;-0.0;0.0;0.0;-0.0;0.0;2.0
T. St. Jago;/players/tommy-st-jago/477596/;2024-11-24;15;3.0;0.0;1.0;0.0;-0.0;-0.0;0.0;0.0;-2.0;-0.0;0.0;0.0;-0.0;0.0;2.0
R. Sigurgeirsson;/players/runar-thor-sigurgeirsson/491746/;2024-11-24;15;2.1;0.0;0.7;0.0;-0.0;-0.0;0.0;0.0;-2.0;-0.0;0.0;0.0;-0.0;0.0;0.8
B. Lambert;/players/lambert-boris/551151/;2024-11-24;15;2.1;0.0;0.7;0.0;-0.0;-0.0;0.0;0.0;-2.0;-0.0;0.0;0.0;-0.0;0.0;0.8
J. Bosch;/players/jesse-bosch/621347/;2024-11-24;15;3.0;0.0;1.0;0.0;-0.0;-0.0;9.0;0.0;0.0;-0.0;0.0;0.0;-0.0;0.0;13.0
R. Meerveld;/players/ringo-meerveld/623815/;2024-11-24;15;3.0;0.0;1.0;0.0;-0.0;-0.0;0.0;0.0;0.0;-0.0;0.0;0.0;-0.0;0.0;4.0
C. Sandra;/players/cisse-sandra/638266/;2024-11-24;15;3.0;0.0;1.0;0.0;-0.0;-0.0;0.0;0.0;0.0;-0.0;0.0;0.0;-0.0;0.0;4.0
E. Kehrer;/players/emilio-kehrer/609627/;2024-11-24;15;2.47;0.0;0.82;0.0;-0.0;-0.0;0.0;0.0;0.0;-0.0;0.0;0.0;-0.0;0.0;3.29
K. Vaesen;/players/kyan-vaesen/620620/;2024-11-24;15;2.1;0.0;0.7;0.0;-2.0;-0.0;0.0;0.0;0.0;-0.0;0.0;0.0;-0.0;0.0;0.8
A. Lachkar;/players/amine-lachkar/876151/;2024-11-24;15;0.9;0.0;0.3;0.0;-0.0;-0.0;0.0;0.0;-0.0;-0.0;0.0;0.0;-0.0;0.0;1.2
J. Bokila;/players/jeremy-bokila/49538/;2024-11-24;15;0.9;0.0;0.3;0.0;-2.0;-0.0;0.0;0.0;0.0;-0.0;0.0;3.0;-0.0;0.0;2.2
R. Nizet;/players/rob-nizet/575071/;2024-11-24;15;0.9;0.0;0.3;0.0;-2.0;-0.0;0.0;0.0;-0.0;-0.0;0.0;0.0;-0.0;0.0;-0.8
P. Joosten;/players/patrick-joosten/394561/;2024-11-24;15;0.53;0.0;0.18;0.0;-0.0;-0.0;0.0;0.0;0.0;-0.0;0.0;0.0;-0.0;0.0;0.71
N. Doodeman;/players/nick-doodeman/454478/;2024-11-24;15;0.0;0.0;0.0;0.0;-0.0;-0.0;0.0;0.0;0.0;-0.0;0.0;0.0;-0.0;0.0;0.0
J. Mathijsen;/players/jens-mathijsen/982233/;2024-11-24;15;0.0;0.0;0.0;0.0;-0.0;-0.0;0.0;0.0;-0.0;-0.0;0.0;0.0;-0.0;0.0;0.0
K. Razak;/players/khaled-razak/882843/;2024-11-24;15;0.0;0.0;0.0;0.0;-0.0;-0.0;0.0;0.0;0.0;-0.0;0.0;0.0;-0.0;0.0;0.0
M. Schut;/players/maarten-schut/680846/;2024-11-24;15;0.0;0.0;0.0;0.0;-0.0;-0.0;0.0;0.0;-0.0;-0.0;0.0;0.0;-0.0;0.0;0.0
E. Schouten;/players/erik-schouten/134072/;2024-11-24;15;0.0;0.0;0.0;0.0;-0.0;-0.0;0.0;0.0;-0.0;-0.0;0.0;0.0;-0.0;0.0;0.0
C. van den Berg;/players/connor-van-den-berg/569426/;2024-11-24;15;0.0;0.0;0.0;0.0;-0.0;-0.0;0.0;0.0;-0.0;-0.0;0.0;0.0;-0.0;0.0;0.0
M. Pivaš;/players/miodrag-pivas/745852/;2024-11-24;15;0.0;0.0;0.0;0.0;-0.0;-0.0;0.0;0.0;-0.0;-0.0;0.0;0.0;-0.0;0.0;0.0
D. Bielica;/players/daniel-bielica/555492/;2024-11-24;15;3.0;0.0;1.0;0.0;-0.0;-0.0;0.0;0.0;-2.0;-0.0;0.0;0.0;-0.0;0.0;2.0
J. Van den Bergh;/players/jan-van-den-bergh/354185/;2024-11-24;15;3.0;0.0;1.0;0.0;-2.0;-0.0;0.0;6.0;-2.0;-0.0;0.0;0.0;-0.0;0.0;6.0
B. Lucassen;/players/boyd-lucassen/453952/;2024-11-24;15;3.0;0.0;1.0;0.0;-0.0;-0.0;0.0;0.0;-2.0;-0.0;0.0;0.0;-0.0;0.0;2.0
B. Kemper;/players/boy-kemper/463009/;2024-11-24;15;3.0;0.0;1.0;0.0;-0.0;-0.0;0.0;0.0;-2.0;-0.0;0.0;0.0;-0.0;0.0;2.0
L. Greiml;/players/leo-greiml/517683/;2024-11-24;15;3.0;0.0;1.0;0.0;-0.0;-0.0;12.0;0.0;-2.0;-0.0;0.0;0.0;-0.0;0.0;14.0
F. Oldrup Jensen;/players/fredrik-oldrup-jensen/231672/;2024-11-24;15;2.43;0.0;0.81;0.0;-0.0;-0.0;0.0;0.0;0.0;-0.0;0.0;0.0;-0.0;0.0;3.24
C. Leemans;/players/clint-leemans/264397/;2024-11-24;15;2.43;0.0;0.81;0.0;-2.0;-0.0;0.0;0.0;0.0;-0.0;0.0;0.0;-0.0;0.0;1.24
M. Garbett;/players/matthew-garbett/577465/;2024-11-24;15;2.17;0.0;0.72;0.0;-0.0;-0.0;0.0;0.0;0.0;-0.0;0.0;0.0;-0.0;0.0;2.89
M. Balard;/players/maximilien-balard/643695/;2024-11-24;15;3.0;0.0;1.0;0.0;-0.0;-0.0;0.0;5.0;0.0;-0.0;0.0;0.0;-0.0;0.0;9.0
E. Ómarsson;/players/elias-mar-omarsson/213035/;2024-11-24;15;2.17;0.0;0.72;0.0;-0.0;-0.0;0.0;0.0;0.0;-0.0;0.0;0.0;-0.0;0.0;2.89
L. Sauer;/players/leo-sauer/790415/;2024-11-24;15;3.0;0.0;1.0;0.0;-0.0;-0.0;8.0;0.0;0.0;-0.0;0.0;0.0;-0.0;0.0;12.0
K. Kostorz;/players/kacper-kostorz/485378/;2024-11-24;15;0.83;0.0;0.28;0.0;-0.0;-0.0;0.0;0.0;0.0;-0.0;0.0;0.0;-0.0;0.0;1.11
T. Kongolo;/players/terence-kongolo/161296/;2024-11-24;15;0.83;0.0;0.28;0.0;-0.0;-0.0;0.0;0.0;-1.0;-0.0;0.0;0.0;-0.0;0.0;0.11
D. Janošek;/players/dominik-janosek/492661/;2024-11-24;15;0.57;0.0;0.19;0.0;-0.0;-0.0;0.0;0.0;0.0;-0.0;0.0;0.0;-0.0;0.0;0.76
C. Staring;/players/casper-staring/628494/;2024-11-24;15;0.57;0.0;0.19;0.0;-0.0;-0.0;0.0;0.0;0.0;-0.0;0.0;0.0;-0.0;0.0;0.76
Manel Royo;/players/manel-royo-castell/354951/;2024-11-24;15;0.0;0.0;0.0;0.0;-0.0;-0.0;0.0;0.0;-0.0;-0.0;0.0;0.0;-0.0;0.0;0.0
R. Kuijpers;/players/roy-kuijpers/663306/;2024-11-24;15;0.0;0.0;0.0;0.0;-0.0;-0.0;0.0;0.0;0.0;-0.0;0.0;0.0;-0.0;0.0;0.0
L. Mol;/players/lars-mol/923583/;2024-11-24;15;0.0;0.0;0.0;0.0;-0.0;-0.0;0.0;0.0;-0.0;-0.0;0.0;0.0;-0.0;0.0;0.0
Saná Fernandes;/players/sana-fernandes/926017/;2024-11-24;15;0.0;0.0;0.0;0.0;-0.0;-0.0;0.0;0.0;0.0;-0.0;0.0;0.0;-0.0;0.0;0.0
R. Paula;/players/raul-paula/640610/;2024-11-24;15;0.0;0.0;0.0;0.0;-0.0;-0.0;0.0;0.0;0.0;-0.0;0.0;0.0;-0.0;0.0;0.0
R. Kortsmit;/players/roy-kortsmit/200996/;2024-11-24;15;0.0;0.0;0.0;0.0;-0.0;-0.0;0.0;0.0;-0.0;-0.0;0.0;0.0;-0.0;0.0;0.0
E. Mahmutović;/players/enes-mahmutovic/347775/;2024-11-24;15;0.0;0.0;0.0;0.0;-0.0;-0.0;0.0;0.0;-0.0;-0.0;0.0;0.0;-0.0;0.0;0.0
A. Kaied;/players/adam-kaied/693342/;2024-11-24;15;0.0;0.0;0.0;0.0;-0.0;-0.0;0.0;0.0;0.0;-0.0;0.0;0.0;-0.0;0.0;0.0
N. Olij;/players/nick-olij/235322/;2024-11-24;15;3.0;0.0;0.0;0.0;-0.0;-0.0;0.0;0.0;-2.0;-0.0;0.0;0.0;-0.0;0.0;1.0
P. van Aanholt;/players/patrick-van-aanholt/88136/;2024-11-24;15;2.2;0.0;0.0;0.0;-0.0;-0.0;0.0;0.0;-1.0;-0.0;0.0;0.0;-0.0;0.0;1.2
S. Bakari;/players/said-bakari/325391/;2024-11-24;15;2.87;0.0;0.0;0.0;-2.0;-0.0;0.0;0.0;-2.0;-0.0;0.0;0.0;-0.0;0.0;-1.13
M. Eerdhuijzen;/players/mike--eerdhuijzen/537301/;2024-11-24;15;3.0;0.0;0.0;0.0;-2.0;-0.0;0.0;0.0;-2.0;-0.0;0.0;0.0;-0.0;0.0;-1.0
M. Young;/players/marvin-young/890667/;2024-11-24;15;3.0;0.0;0.0;0.0;-0.0;-0.0;0.0;0.0;-2.0;-0.0;0.0;0.0;-0.0;0.0;1.0
A. Verschueren;/players/arno-vershueren/319385/;2024-11-24;15;2.23;0.0;0.0;0.0;-0.0;-0.0;0.0;0.0;0.0;-0.0;0.0;0.0;-0.0;0.0;2.23
P. Clement;/players/pelle-clement/379793/;2024-11-24;15;3.0;0.0;0.0;0.0;-2.0;-0.0;0.0;0.0;0.0;-0.0;0.0;0.0;-0.0;0.0;1.0
J. Kitolano;/players/joshua-gaston-kitolano/517475/;2024-11-24;15;2.67;0.0;0.0;0.0;-0.0;-0.0;0.0;5.0;0.0;-0.0;0.0;0.0;-0.0;0.0;7.67
J. Baas;/players/julian-baas/663406/;2024-11-24;15;3.0;0.0;0.0;0.0;-0.0;-0.0;0.0;0.0;0.0;-0.0;0.0;0.0;-0.0;0.0;3.0
M. Nassoh;/players/mohamed-nassoh/680659/;2024-11-24;15;3.0;0.0;0.0;0.0;-0.0;-0.0;0.0;0.0;0.0;-0.0;0.0;0.0;-0.0;0.0;3.0
T. Lauritsen;/players/tobias-lauritsen/406745/;2024-11-24;15;3.0;0.0;0.0;0.0;-0.0;-0.0;8.0;0.0;0.0;-0.0;0.0;0.0;-0.0;0.0;11.0
B. Reith;/players/boyd-reith/427038/;2024-11-24;15;0.8;0.0;0.0;0.0;-0.0;-0.0;0.0;0.0;-1.0;-0.0;0.0;0.0;-0.0;0.0;-0.2
S. Mito;/players/shunsuke-mito/640252/;2024-11-24;15;0.77;0.0;0.0;0.0;-0.0;-0.0;0.0;0.0;0.0;-0.0;0.0;0.0;-0.0;0.0;0.77
C. Neghli;/players/camiel-neghli/680707/;2024-11-24;15;0.33;0.0;0.0;0.0;-0.0;-0.0;0.0;0.0;0.0;-0.0;0.0;0.0;-0.0;0.0;0.33
A. Oufkir;/players/ayoub-oufkir/935867/;2024-11-24;15;0.13;0.0;0.0;0.0;-0.0;-0.0;0.0;0.0;0.0;-0.0;0.0;0.0;-0.0;0.0;0.13
Metinho;/players/abemly-meto-silu/691959/;2024-11-24;15;0.0;0.0;0.0;0.0;-0.0;-0.0;0.0;0.0;0.0;-0.0;0.0;0.0;-0.0;0.0;0.0
C. Brym;/players/charles-andreas-brym/538704/;2024-11-24;15;0.0;0.0;0.0;0.0;-0.0;-0.0;0.0;0.0;0.0;-0.0;0.0;0.0;-0.0;0.0;0.0
M. Kleijn;/players/mike-kleijn/778111/;2024-11-24;15;0.0;0.0;0.0;0.0;-0.0;-0.0;0.0;0.0;-0.0;-0.0;0.0;0.0;-0.0;0.0;0.0
H. El Dahri;/players/hamza-el-dahri/819347/;2024-11-24;15;0.0;0.0;0.0;0.0;-0.0;-0.0;0.0;0.0;0.0;-0.0;0.0;0.0;-0.0;0.0;0.0
Y. Schoonderwaldt;/players/youri-youri-schoonderwaldt/537694/;2024-11-24;15;0.0;0.0;0.0;0.0;-0.0;-0.0;0.0;0.0;-0.0;-0.0;0.0;0.0;-0.0;0.0;0.0
R. Meissen;/players/rick-meissen/571955/;2024-11-24;15;0.0;0.0;0.0;0.0;-0.0;-0.0;0.0;0.0;-0.0;-0.0;0.0;0.0;-0.0;0.0;0.0
T. Quintero;/players/teo-quintero/565562/;2024-11-24;15;0.0;0.0;0.0;0.0;-0.0;-0.0;0.0;0.0;-0.0;-0.0;0.0;0.0;-0.0;0.0;0.0
D. Tevreden;/players/dylan-tevreden/866324/;2024-11-24;15;0.0;0.0;0.0;0.0;-0.0;-0.0;0.0;0.0;-0.0;-0.0;0.0;0.0;-0.0;0.0;0.0
J. Zoet;/players/jeroen-zoet/61206/;2024-11-24;15;3.0;2.0;0.0;0.0;-0.0;-0.0;0.0;0.0;-1.0;-0.0;0.0;0.0;-0.0;0.0;4.0
D. Kasius;/players/denso-kasius/569311/;2024-11-24;15;3.0;2.0;0.0;0.0;-0.0;-0.0;0.0;0.0;-1.0;-0.0;0.0;0.0;-0.0;0.0;4.0
Alexandre Penetra;/players/alexandre-manuel-penetra-correia/572102/;2024-11-24;15;3.0;2.0;0.0;0.0;-0.0;-0.0;0.0;0.0;-1.0;-0.0;0.0;0.0;-0.0;0.0;4.0
D. Møller Wolfe;/players/david-moller-wolfe/603294/;2024-11-24;15;2.17;1.44;0.0;0.0;-0.0;-0.0;0.0;0.0;-1.0;-0.0;0.0;0.0;-0.0;0.0;2.61
W. Goes;/players/wouter-goes/777233/;2024-11-24;15;2.13;1.42;0.0;0.0;-0.0;-0.0;0.0;0.0;-1.0;-0.0;0.0;0.0;-0.0;0.0;2.56
P. Koopmeiners;/players/peer-koopmeiners/533281/;2024-11-24;15;3.0;2.0;0.0;0.0;-0.0;-0.0;9.0;0.0;0.0;-0.0;0.0;0.0;-0.0;0.0;14.0
S. Mijnans;/players/sven-mijnans/566000/;2024-11-24;15;3.0;2.0;0.0;0.0;-2.0;-0.0;9.0;0.0;0.0;-0.0;0.0;0.0;-0.0;0.0;12.0
D. Kwakman;/players/dave-kwakman/777219/;2024-11-24;15;2.17;1.44;0.0;0.0;-2.0;-0.0;0.0;0.0;0.0;-0.0;0.0;0.0;-0.0;0.0;1.61
K. Smit;/players/kees-smit/789945/;2024-11-24;15;2.73;1.82;0.0;0.0;-0.0;-0.0;0.0;0.0;0.0;-0.0;0.0;0.0;-0.0;0.0;4.56
T. Parrott;/players/troy-parrot/515624/;2024-11-24;15;3.0;2.0;0.0;0.0;-0.0;-0.0;0.0;0.0;0.0;-0.0;0.0;0.0;-0.0;0.0;5.0
M. Meerdink;/players/mexx-meerdink/796451/;2024-11-24;15;2.57;1.71;0.0;0.0;-0.0;-0.0;0.0;0.0;0.0;-0.0;0.0;0.0;-0.0;0.0;4.28
B. Martins Indi;/players/rolando-martins-indi/102888/;2024-11-24;15;0.87;0.58;0.0;0.0;-0.0;-0.0;0.0;0.0;-0.0;-0.0;0.0;0.0;-0.0;0.0;1.44
S. Maikuma;/players/seiya-maikuma/651537/;2024-11-24;15;0.83;0.56;0.0;0.0;-0.0;-0.0;0.0;0.0;-0.0;-0.0;0.0;0.0;-0.0;0.0;1.39
J. Clasie;/players/jordy-clasie/134078/;2024-11-24;15;0.83;0.56;0.0;0.0;-0.0;-0.0;0.0;0.0;0.0;-0.0;0.0;0.0;-0.0;0.0;1.39
R. van Bommel;/players/ruben-van-bommel/834074/;2024-11-24;15;0.43;0.29;0.0;0.0;-0.0;-0.0;0.0;0.0;0.0;-0.0;0.0;0.0;-0.0;0.0;0.72
E. Poku;/players/ernest-poku/700544/;2024-11-24;15;0.27;0.18;0.0;0.0;-2.0;-0.0;0.0;0.0;0.0;-0.0;0.0;0.0;-0.0;0.0;-1.56
M. Lahdo;/players/mayckel-lahdo/660897/;2024-11-24;15;0.0;0.0;0.0;0.0;-0.0;-0.0;0.0;0.0;0.0;-0.0;0.0;0.0;-0.0;0.0;0.0
Z. Buurmeester;/players/zico-buurmeester/627669/;2024-11-24;15;0.0;0.0;0.0;0.0;-0.0;-0.0;0.0;0.0;0.0;-0.0;0.0;0.0;-0.0;0.0;0.0
H. Verhulst;/players/hobie-verhulst/138446/;2024-11-24;15;0.0;0.0;0.0;0.0;-0.0;-0.0;0.0;0.0;-0.0;-0.0;0.0;0.0;-0.0;0.0;0.0
D. Deen;/players/daniel-deen/670179/;2024-11-24;15;0.0;0.0;0.0;0.0;-0.0;-0.0;0.0;0.0;-0.0;-0.0;0.0;0.0;-0.0;0.0;0.0
M. de Wit;/players/mees-de-wit/423562/;2024-11-24;15;0.0;0.0;0.0;0.0;-0.0;-0.0;0.0;0.0;-0.0;-0.0;0.0;0.0;-0.0;0.0;0.0
M. van der Hart;/players/mickey-van-der-hart/218009/;2024-11-29;16;3.0;0.0;1.0;0.0;-0.0;-0.0;0.0;0.0;-1.0;-0.0;0.0;0.0;-0.0;0.0;3.0
P. Bochniewicz;/players/pawe-bochniewicz/273911/;2024-11-29;16;2.77;0.0;0.92;0.0;-0.0;-0.0;0.0;0.0;-0.0;-0.0;0.0;0.0;-0.0;0.0;3.69
S. Kersten;/players/sam-kersten/453644/;2024-11-29;16;2.6;0.0;0.87;0.0;-0.0;-0.0;0.0;0.0;-0.0;-0.0;0.0;0.0;-0.0;0.0;3.47
N. Hopland;/players/nikolai-soyset-hopland/703339/;2024-11-29;16;3.0;0.0;1.0;0.0;-0.0;-0.0;0.0;0.0;-1.0;-0.0;0.0;0.0;-0.0;0.0;3.0
L. Brouwers;/players/luuk-brouwers/402458/;2024-11-29;16;3.0;0.0;1.0;0.0;-0.0;-0.0;0.0;0.0;0.0;-0.0;0.0;0.0;-0.0;0.0;4.0
L. Smans;/players/levi-smans/757104/;2024-11-29;16;3.0;0.0;1.0;0.0;-0.0;-0.0;9.0;0.0;0.0;-0.0;0.0;0.0;-0.0;0.0;13.0
O. Braude;/players/oliver-johansen-braude/794018/;2024-11-29;16;3.0;0.0;1.0;0.0;-0.0;-0.0;0.0;0.0;-1.0;-0.0;0.0;0.0;-0.0;0.0;3.0
E. van Ee;/players/espen-van-ee/921919/;2024-11-29;16;3.0;0.0;1.0;0.0;-0.0;-0.0;0.0;0.0;0.0;-0.0;0.0;0.0;-0.0;0.0;4.0
A. Jahanbakhsh;/players/alireza-jahanbakhsh/207918/;2024-11-29;16;2.6;0.0;0.87;0.0;-0.0;-0.0;0.0;0.0;0.0;-0.0;0.0;0.0;-0.0;0.0;3.47
I. Nicolăescu;/players/ion-nicolescu/446191/;2024-11-29;16;2.6;0.0;0.87;0.0;-0.0;-0.0;0.0;0.0;0.0;-0.0;0.0;0.0;-0.0;0.0;3.47
J. Trenskow;/players/jacob-trenskow/672937/;2024-11-29;16;1.13;0.0;0.38;0.0;-0.0;-0.0;0.0;4.0;0.0;-0.0;0.0;0.0;-0.0;0.0;5.51
I. Sebaoui;/players/ilias-sebaoui/797954/;2024-11-29;16;1.87;0.0;0.62;0.0;-0.0;-0.0;0.0;0.0;0.0;-0.0;0.0;0.0;-0.0;0.0;2.49
D. Hall;/players/denzel-hall/508910/;2024-11-29;16;0.4;0.0;0.13;0.0;-0.0;-0.0;0.0;0.0;-1.0;-0.0;0.0;0.0;-0.0;0.0;-0.47
Danilo Al Saed;/players/danilo-al-saed/530444/;2024-11-29;16;0.4;0.0;0.13;0.0;-0.0;-0.0;0.0;0.0;0.0;-0.0;0.0;0.0;-0.0;0.0;0.53
D. Rallis;/players/dimitris-rallis/982464/;2024-11-29;16;;;;;;;;;;;;;;;0.0
M. Milovanović;/players/mateja-milovanovic/783196/;2024-11-29;16;0.23;0.0;0.08;0.0;-0.0;-0.0;0.0;0.0;-1.0;-0.0;0.0;0.0;-0.0;0.0;-0.69
Hussein Ali;/players/hussein-ali/573309/;2024-11-29;16;0.0;0.0;0.0;0.0;-0.0;-0.0;0.0;0.0;-0.0;-0.0;0.0;0.0;-0.0;0.0;0.0
C. Nunnely;/players/che-nunnely/423827/;2024-11-29;16;0.0;0.0;0.0;0.0;-0.0;-0.0;0.0;0.0;0.0;-0.0;0.0;0.0;-0.0;0.0;0.0
D. Karlsbakk;/players/daniel-seland-karlsbakk/629619/;2024-11-29;16;0.0;0.0;0.0;0.0;-0.0;-0.0;0.0;0.0;0.0;-0.0;0.0;0.0;-0.0;0.0;0.0
A. Condé;/players/amara-conde/310101/;2024-11-29;16;0.0;0.0;0.0;0.0;-0.0;-0.0;0.0;0.0;0.0;-0.0;0.0;0.0;-0.0;0.0;0.0
B. Klaverboer;/players/bernt-klaverboer/645513/;2024-11-29;16;0.0;0.0;0.0;0.0;-0.0;-0.0;0.0;0.0;-0.0;-0.0;0.0;0.0;-0.0;0.0;0.0
A. Noppert;/players/andries-noppert/300862/;2024-11-29;16;0.0;0.0;0.0;0.0;-0.0;-0.0;0.0;0.0;-0.0;-0.0;0.0;0.0;-0.0;0.0;0.0
S. Olsson;/players/simon-olsson/423888/;2024-11-29;16;0.0;0.0;0.0;0.0;-0.0;-0.0;0.0;0.0;0.0;-0.0;0.0;0.0;-0.0;0.0;0.0
J. Houwen;/players/jeroen-houwen/303254/;2024-11-29;16;3.0;0.0;1.0;0.0;-0.0;-0.0;0.0;0.0;-1.0;-0.0;0.0;0.0;-0.0;0.0;3.0
D. Van den Buijs;/players/dario-van-den-buijs/353273/;2024-11-29;16;2.6;0.0;0.87;0.0;-0.0;-0.0;0.0;0.0;-1.0;-0.0;0.0;0.0;-0.0;0.0;2.47
L. van Gelderen;/players/liam--van-gelderen/463011/;2024-11-29;16;3.0;0.0;1.0;0.0;-0.0;-0.0;0.0;0.0;-1.0;-0.0;0.0;0.0;-0.0;0.0;3.0
L. Wouters;/players/luuk--wouters/537856/;2024-11-29;16;3.0;0.0;1.0;0.0;-0.0;-0.0;0.0;0.0;-1.0;-0.0;0.0;0.0;-0.0;0.0;3.0
R. van Eijma;/players/roshon-van-eijma/539577/;2024-11-29;16;3.0;0.0;1.0;0.0;-0.0;-0.0;0.0;0.0;-1.0;-0.0;0.0;0.0;-0.0;0.0;3.0
R. van der Venne;/players/richard-van-der-venne/261975/;2024-11-29;16;2.23;0.0;0.74;0.0;-0.0;-0.0;0.0;0.0;0.0;-0.0;0.0;0.0;-0.0;0.0;2.98
G. Roemeratoe;/players/godfried-roemeratoe/426582/;2024-11-29;16;3.0;0.0;1.0;0.0;-0.0;-0.0;0.0;0.0;0.0;-0.0;0.0;0.0;-0.0;0.0;4.0
T. van de Loo;/players/tim-van-de-loo/813111/;2024-11-29;16;2.03;0.0;0.68;0.0;-0.0;-0.0;0.0;0.0;0.0;-0.0;0.0;0.0;-0.0;0.0;2.71
O. Zawada;/players/oskar-zawada/289870/;2024-11-29;16;2.03;0.0;0.68;0.0;-0.0;-0.0;0.0;0.0;0.0;-0.0;0.0;0.0;-0.0;0.0;2.71
S. van der Water;/players/silvester-van-der-water/408536/;2024-11-29;16;1.53;0.0;0.51;0.0;-0.0;-0.0;0.0;0.0;0.0;-0.0;0.0;0.0;-0.0;0.0;2.04
R. Margaret;/players/richonell-margaret/508815/;2024-11-29;16;3.0;0.0;1.0;0.0;-0.0;-0.0;0.0;0.0;0.0;-0.0;0.0;0.0;-0.0;0.0;4.0
D. Cleonise;/players/denilho-cleonise/642338/;2024-11-29;16;1.47;0.0;0.49;0.0;-0.0;-0.0;0.0;0.0;0.0;-0.0;0.0;0.0;-0.0;0.0;1.96
Y. Oukili;/players/yassin-oukili/567948/;2024-11-29;16;0.97;0.0;0.32;0.0;-0.0;-0.0;0.0;0.0;0.0;-0.0;0.0;0.0;-0.0;0.0;1.29
M. Ihattaren;/players/mohammed-amine-ihattaren/525933/;2024-11-29;16;0.97;0.0;0.32;0.0;-0.0;-0.0;0.0;0.0;0.0;-0.0;0.0;3.0;-0.0;0.0;4.29
M. Kramer;/players/michiel-kramer/19677/;2024-11-29;16;0.77;0.0;0.26;0.0;-0.0;-0.0;0.0;0.0;0.0;-0.0;0.0;0.0;-0.0;0.0;1.02
R. Niemeijer;/players/reuven-niemeijer/447106/;2024-11-29;16;0.4;0.0;0.13;0.0;-0.0;-0.0;0.0;0.0;0.0;-0.0;0.0;0.0;-0.0;0.0;0.53
A. Meijers;/players/aaron-meijers/59081/;2024-11-29;16;0.0;0.0;0.0;0.0;-0.0;-0.0;0.0;0.0;-0.0;-0.0;0.0;0.0;-0.0;0.0;0.0
P. Vroegh;/players/patrick-vroegh/457667/;2024-11-29;16;0.0;0.0;0.0;0.0;-0.0;-0.0;0.0;0.0;0.0;-0.0;0.0;0.0;-0.0;0.0;0.0
L. Vogels;/players/luuk-vogels/858294/;2024-11-29;16;0.0;0.0;0.0;0.0;-0.0;-0.0;0.0;0.0;-0.0;-0.0;0.0;0.0;-0.0;0.0;0.0
C. Lokesa;/players/chris-lokesa/847737/;2024-11-29;16;0.0;0.0;0.0;0.0;-0.0;-0.0;0.0;0.0;0.0;-0.0;0.0;0.0;-0.0;0.0;0.0
J. Kesting;/players/joey-kesting/567938/;2024-11-29;16;0.0;0.0;0.0;0.0;-0.0;-0.0;0.0;0.0;-0.0;-0.0;0.0;0.0;-0.0;0.0;0.0
K. Felida;/players/kevin--felida/501817/;2024-11-29;16;0.0;0.0;0.0;0.0;-0.0;-0.0;0.0;0.0;0.0;-0.0;0.0;0.0;-0.0;0.0;0.0
J. Lelieveld;/players/julian-lelieveld/407738/;2024-11-29;16;0.0;0.0;0.0;0.0;-0.0;-0.0;0.0;0.0;-0.0;-0.0;0.0;0.0;-0.0;0.0;0.0
J. Schendelaar;/players/jasper-schendelaar/454473/;2024-11-30;16;3.0;2.0;0.0;0.0;-0.0;-0.0;0.0;0.0;-0.0;-0.0;12.0;0.0;-0.0;0.0;17.0
S. Floranus;/players/sherel-floranus/385271/;2024-11-30;16;3.0;2.0;0.0;0.0;-2.0;-0.0;0.0;0.0;-0.0;-0.0;10.0;0.0;-0.0;0.0;13.0
S. Graves;/players/simon-graves-jensen/538684/;2024-11-30;16;3.0;2.0;0.0;0.0;-0.0;-0.0;0.0;0.0;-0.0;-0.0;10.0;0.0;-0.0;0.0;15.0
A. El Azzouzi;/players/anouar-el-azzouzi/567947/;2024-11-30;16;3.0;2.0;0.0;0.0;-0.0;-0.0;0.0;0.0;-0.0;-0.0;10.0;0.0;-0.0;0.0;15.0
A. MacNulty;/players/anselmo-garcia-mcnulty/608607/;2024-11-30;16;3.0;2.0;0.0;0.0;-0.0;-0.0;0.0;0.0;-0.0;-0.0;10.0;0.0;-0.0;0.0;15.0
D. van der Haar;/players/damian-van-der-haar/812205/;2024-11-30;16;3.0;2.0;0.0;0.0;-0.0;-0.0;0.0;0.0;-0.0;-0.0;10.0;0.0;-0.0;0.0;15.0
Y. Namli;/players/younes-namli/291585/;2024-11-30;16;2.63;1.76;0.0;0.0;-0.0;-0.0;0.0;0.0;0.0;-0.0;2.63;0.0;-0.0;0.0;7.02
Jamiro Monteiro;/players/jamiro-gregory-monteiro-alvarenga/421293/;2024-11-30;16;3.0;2.0;0.0;0.0;-2.0;-0.0;9.0;0.0;0.0;-0.0;3.0;0.0;-0.0;0.0;15.0
N. Fichtinger;/players/nick-fichtinger/914267/;2024-11-30;16;3.0;2.0;0.0;0.0;-0.0;-0.0;0.0;0.0;0.0;-0.0;3.0;0.0;-0.0;0.0;8.0
D. Vente;/players/dylan-vente/426585/;2024-11-30;16;3.0;2.0;0.0;0.0;-0.0;-0.0;0.0;0.0;0.0;-0.0;1.0;0.0;-0.0;0.0;6.0
D. Mbayo;/players/dylan-mbayo/599681/;2024-11-30;16;2.67;1.78;0.0;0.0;-2.0;-0.0;0.0;4.0;0.0;-0.0;0.89;0.0;-0.0;0.0;7.33
O. Velanas;/players/odysseus-velanas/452059/;2024-11-30;16;0.37;0.24;0.0;0.0;-0.0;-0.0;0.0;0.0;0.0;-0.0;0.37;0.0;-0.0;0.0;0.98
K. de Rooij;/players/kaj-de-rooij/539368/;2024-11-30;16;0.33;0.22;0.0;0.0;-0.0;-0.0;0.0;0.0;0.0;-0.0;0.11;0.0;-0.0;0.0;0.67
O. Aertssen;/players/olivier-aertssen/664645/;2024-11-30;16;0.0;0.0;0.0;0.0;-0.0;-0.0;0.0;0.0;-0.0;-0.0;0.0;0.0;-0.0;0.0;0.0
B. Manu;/players/braydon-marvin-manu/414639/;2024-11-30;16;0.0;0.0;0.0;0.0;-0.0;-0.0;0.0;0.0;0.0;-0.0;0.0;0.0;-0.0;0.0;0.0
T. Lutonda;/players/thierry-lutonda/462568/;2024-11-30;16;0.0;0.0;0.0;0.0;-0.0;-0.0;0.0;0.0;-0.0;-0.0;0.0;0.0;-0.0;0.0;0.0
K. Vermeer;/players/kenneth-vermeer/2175/;2024-11-30;16;0.0;0.0;0.0;0.0;-0.0;-0.0;0.0;0.0;-0.0;-0.0;0.0;0.0;-0.0;0.0;0.0
T. Buitink;/players/thomas-buitnik/457668/;2024-11-30;16;0.0;0.0;0.0;0.0;-0.0;-0.0;0.0;0.0;0.0;-0.0;0.0;0.0;-0.0;0.0;0.0
F. Krastev;/players/filip-yavorov-krastev/550509/;2024-11-30;16;0.0;0.0;0.0;0.0;-0.0;-0.0;0.0;0.0;0.0;-0.0;0.0;0.0;-0.0;0.0;0.0
D. van den Berg;/players/dave-van-den-berg-/475335/;2024-11-30;16;0.0;0.0;0.0;0.0;-0.0;-0.0;0.0;0.0;0.0;-0.0;0.0;0.0;-0.0;0.0;0.0
T. Gijselhart;/players/teun-gijselhart/789919/;2024-11-30;16;0.0;0.0;0.0;0.0;-0.0;-0.0;0.0;0.0;0.0;-0.0;0.0;0.0;-0.0;0.0;0.0
E. Reijnders;/players/eliano-reijnders/577288/;2024-11-30;16;0.0;0.0;0.0;0.0;-0.0;-0.0;0.0;0.0;0.0;-0.0;0.0;0.0;-0.0;0.0;0.0
M. Hauptmeijer;/players/mike-hauptmeijer/321048/;2024-11-30;16;0.0;0.0;0.0;0.0;-0.0;-0.0;0.0;0.0;-0.0;-0.0;0.0;0.0;-0.0;0.0;0.0
N. Olij;/players/nick-olij/235322/;2024-11-30;16;3.0;0.0;0.0;0.0;-2.0;-0.0;0.0;0.0;-1.0;-0.0;0.0;0.0;-0.0;0.0;0.0
P. van Aanholt;/players/patrick-van-aanholt/88136/;2024-11-30;16;2.5;0.0;0.0;0.0;-2.0;-0.0;0.0;0.0;-1.0;-0.0;0.0;0.0;-0.0;0.0;-0.5
M. Eerdhuijzen;/players/mike--eerdhuijzen/537301/;2024-11-30;16;3.0;0.0;0.0;0.0;-0.0;-0.0;0.0;0.0;-1.0;-0.0;0.0;0.0;-0.0;0.0;2.0
T. Quintero;/players/teo-quintero/565562/;2024-11-30;16;2.2;0.0;0.0;0.0;-0.0;-0.0;0.0;0.0;-1.0;-0.0;0.0;0.0;-0.0;0.0;1.2
M. Young;/players/marvin-young/890667/;2024-11-30;16;3.0;0.0;0.0;0.0;-0.0;-0.0;0.0;0.0;-1.0;-0.0;0.0;0.0;-0.0;0.0;2.0
A. Verschueren;/players/arno-vershueren/319385/;2024-11-30;16;2.2;0.0;0.0;0.0;-0.0;-0.0;0.0;0.0;0.0;-0.0;0.0;0.0;-0.0;0.0;2.2
J. Kitolano;/players/joshua-gaston-kitolano/517475/;2024-11-30;16;3.0;0.0;0.0;0.0;-0.0;-0.0;0.0;0.0;0.0;-0.0;0.0;0.0;-0.0;0.0;3.0
J. Baas;/players/julian-baas/663406/;2024-11-30;16;2.5;0.0;0.0;0.0;-0.0;-0.0;0.0;0.0;0.0;-0.0;0.0;0.0;-0.0;0.0;2.5
M. Nassoh;/players/mohamed-nassoh/680659/;2024-11-30;16;2.73;0.0;0.0;0.0;-0.0;-0.0;0.0;0.0;0.0;-0.0;0.0;0.0;-0.0;0.0;2.73
T. Lauritsen;/players/tobias-lauritsen/406745/;2024-11-30;16;3.0;0.0;0.0;0.0;-0.0;-0.0;0.0;0.0;0.0;-0.0;0.0;0.0;-0.0;0.0;3.0
C. Neghli;/players/camiel-neghli/680707/;2024-11-30;16;3.0;0.0;0.0;0.0;-0.0;-0.0;0.0;0.0;0.0;-0.0;0.0;0.0;-0.0;0.0;3.0
S. Mito;/players/shunsuke-mito/640252/;2024-11-30;16;0.8;0.0;0.0;0.0;-0.0;-0.0;0.0;0.0;0.0;-0.0;0.0;0.0;-0.0;0.0;0.8
R. Meissen;/players/rick-meissen/571955/;2024-11-30;16;0.8;0.0;0.0;0.0;-0.0;-0.0;0.0;0.0;-0.0;-0.0;0.0;0.0;-0.0;0.0;0.8
Metinho;/players/abemly-meto-silu/691959/;2024-11-30;16;0.5;0.0;0.0;0.0;-0.0;-0.0;0.0;0.0;0.0;-0.0;0.0;0.0;-0.0;0.0;0.5
D. van der Kust;/players/djevencio-van-der-kust/569309/;2024-11-30;16;0.5;0.0;0.0;0.0;-0.0;-0.0;0.0;0.0;-0.0;-0.0;0.0;0.0;-0.0;0.0;0.5
C. Brym;/players/charles-andreas-brym/538704/;2024-11-30;16;0.27;0.0;0.0;0.0;-0.0;-0.0;0.0;0.0;0.0;-0.0;0.0;0.0;-0.0;0.0;0.27
A. Oufkir;/players/ayoub-oufkir/935867/;2024-11-30;16;0.0;0.0;0.0;0.0;-0.0;-0.0;0.0;0.0;0.0;-0.0;0.0;0.0;-0.0;0.0;0.0
B. Reith;/players/boyd-reith/427038/;2024-11-30;16;0.0;0.0;0.0;0.0;-0.0;-0.0;0.0;0.0;-0.0;-0.0;0.0;0.0;-0.0;0.0;0.0
H. El Dahri;/players/hamza-el-dahri/819347/;2024-11-30;16;0.0;0.0;0.0;0.0;-0.0;-0.0;0.0;0.0;0.0;-0.0;0.0;0.0;-0.0;0.0;0.0
D. Tevreden;/players/dylan-tevreden/866324/;2024-11-30;16;0.0;0.0;0.0;0.0;-0.0;-0.0;0.0;0.0;-0.0;-0.0;0.0;0.0;-0.0;0.0;0.0
Y. Schoonderwaldt;/players/youri-youri-schoonderwaldt/537694/;2024-11-30;16;0.0;0.0;0.0;0.0;-0.0;-0.0;0.0;0.0;-0.0;-0.0;0.0;0.0;-0.0;0.0;0.0
S. Bakari;/players/said-bakari/325391/;2024-11-30;16;0.0;0.0;0.0;0.0;-0.0;-0.0;0.0;0.0;-0.0;-0.0;0.0;0.0;-0.0;0.0;0.0
D. Bielica;/players/daniel-bielica/555492/;2024-11-30;16;3.0;2.0;0.0;0.0;-0.0;-0.0;0.0;0.0;-0.0;-0.0;12.0;0.0;-0.0;0.0;17.0
J. Van den Bergh;/players/jan-van-den-bergh/354185/;2024-11-30;16;3.0;2.0;0.0;0.0;-0.0;-0.0;0.0;0.0;-0.0;-0.0;10.0;0.0;-0.0;0.0;15.0
B. Lucassen;/players/boyd-lucassen/453952/;2024-11-30;16;3.0;2.0;0.0;0.0;-2.0;-0.0;0.0;0.0;-0.0;-0.0;10.0;0.0;-0.0;0.0;13.0
B. Kemper;/players/boy-kemper/463009/;2024-11-30;16;2.63;1.76;0.0;0.0;-0.0;-0.0;0.0;0.0;-0.0;-0.0;8.78;0.0;-0.0;0.0;13.17
L. Greiml;/players/leo-greiml/517683/;2024-11-30;16;3.0;2.0;0.0;0.0;-0.0;-0.0;0.0;0.0;-0.0;-0.0;10.0;0.0;-0.0;0.0;15.0
C. Leemans;/players/clint-leemans/264397/;2024-11-30;16;2.63;1.76;0.0;0.0;-0.0;-0.0;0.0;5.0;0.0;-0.0;2.63;0.0;-0.0;0.0;12.02
M. Garbett;/players/matthew-garbett/577465/;2024-11-30;16;1.93;1.29;0.0;0.0;-0.0;-0.0;0.0;0.0;0.0;-0.0;1.93;0.0;-0.0;0.0;5.16
M. Balard;/players/maximilien-balard/643695/;2024-11-30;16;3.0;2.0;0.0;0.0;-0.0;-0.0;0.0;0.0;0.0;-0.0;3.0;0.0;-0.0;0.0;8.0
E. Ómarsson;/players/elias-mar-omarsson/213035/;2024-11-30;16;3.0;2.0;0.0;0.0;-0.0;-0.0;0.0;0.0;0.0;-0.0;1.0;0.0;-0.0;0.0;6.0
L. Sauer;/players/leo-sauer/790415/;2024-11-30;16;3.0;2.0;0.0;0.0;-0.0;-0.0;8.0;0.0;0.0;-0.0;1.0;0.0;-0.0;0.0;14.0
Saná Fernandes;/players/sana-fernandes/926017/;2024-11-30;16;2.63;1.76;0.0;0.0;-0.0;-0.0;0.0;0.0;0.0;-0.0;0.88;0.0;-0.0;0.0;5.27
L. Mol;/players/lars-mol/923583/;2024-11-30;16;1.07;0.71;0.0;0.0;-0.0;-0.0;0.0;0.0;-0.0;-0.0;3.56;0.0;-0.0;0.0;5.33
Manel Royo;/players/manel-royo-castell/354951/;2024-11-30;16;0.37;0.24;0.0;0.0;-0.0;-0.0;0.0;0.0;-0.0;-0.0;1.22;0.0;-0.0;0.0;1.83
R. Paula;/players/raul-paula/640610/;2024-11-30;16;0.37;0.24;0.0;0.0;-0.0;-0.0;0.0;0.0;0.0;-0.0;0.37;0.0;-0.0;0.0;0.98
F. Oldrup Jensen;/players/fredrik-oldrup-jensen/231672/;2024-11-30;16;0.37;0.24;0.0;0.0;-0.0;-0.0;0.0;0.0;0.0;-0.0;0.37;0.0;-0.0;0.0;0.98
T. Kongolo;/players/terence-kongolo/161296/;2024-11-30;16;0.0;0.0;0.0;0.0;-0.0;-0.0;0.0;0.0;-0.0;-0.0;0.0;0.0;-0.0;0.0;0.0
K. Kostorz;/players/kacper-kostorz/485378/;2024-11-30;16;0.0;0.0;0.0;0.0;-0.0;-0.0;0.0;0.0;0.0;-0.0;0.0;0.0;-0.0;0.0;0.0
A. Kaied;/players/adam-kaied/693342/;2024-11-30;16;0.0;0.0;0.0;0.0;-0.0;-0.0;0.0;0.0;0.0;-0.0;0.0;0.0;-0.0;0.0;0.0
R. Kortsmit;/players/roy-kortsmit/200996/;2024-11-30;16;0.0;0.0;0.0;0.0;-0.0;-0.0;0.0;0.0;-0.0;-0.0;0.0;0.0;-0.0;0.0;0.0
R. Kuijpers;/players/roy-kuijpers/663306/;2024-11-30;16;0.0;0.0;0.0;0.0;-0.0;-0.0;0.0;0.0;0.0;-0.0;0.0;0.0;-0.0;0.0;0.0
E. Mahmutović;/players/enes-mahmutovic/347775/;2024-11-30;16;0.0;0.0;0.0;0.0;-0.0;-0.0;0.0;0.0;-0.0;-0.0;0.0;0.0;-0.0;0.0;0.0
C. Staring;/players/casper-staring/628494/;2024-11-30;16;0.0;0.0;0.0;0.0;-0.0;-0.0;0.0;0.0;0.0;-0.0;0.0;0.0;-0.0;0.0;0.0
D. Janošek;/players/dominik-janosek/492661/;2024-11-30;16;0.0;0.0;0.0;0.0;-0.0;-0.0;0.0;0.0;0.0;-0.0;0.0;0.0;-0.0;0.0;0.0
N. Bakker;/players/nordin-bakker/563909/;2024-11-30;16;3.0;0.0;0.0;0.0;-0.0;-0.0;0.0;0.0;-1.0;-0.0;0.0;0.0;-0.0;0.0;2.0
J. Lawrence;/players/jamie-lawrence/216767/;2024-11-30;16;2.6;0.0;0.0;0.0;-0.0;-0.0;0.0;0.0;-1.0;-0.0;0.0;0.0;-0.0;0.0;1.6
J. Jacobs;/players/joey-jacobs/537705/;2024-11-30;16;3.0;0.0;0.0;0.0;-0.0;-0.0;0.0;0.0;-1.0;-0.0;0.0;0.0;-0.0;0.0;2.0
H. Akujobi;/players/hamdi-akujobi/567599/;2024-11-30;16;3.0;0.0;0.0;0.0;-0.0;-0.0;0.0;0.0;-1.0;-0.0;0.0;0.0;-0.0;0.0;2.0
V. Zagaritis;/players/vasilios-zagaritis/617928/;2024-11-30;16;3.0;0.0;0.0;0.0;-0.0;-0.0;0.0;0.0;-1.0;-0.0;0.0;0.0;-0.0;0.0;2.0
A. Tahiri;/players/anas-tahiri/323282/;2024-11-30;16;2.63;0.0;0.0;0.0;-0.0;-0.0;0.0;0.0;0.0;-0.0;0.0;0.0;-0.0;0.0;2.63
A. Nalić;/players/adi-nalic/459631/;2024-11-30;16;2.4;0.0;0.0;0.0;-0.0;-0.0;0.0;0.0;0.0;-0.0;0.0;0.0;-0.0;0.0;2.4
J. Ritmeester van de Kamp;/players/jochem-ritmeester-van-de-kamp/801840/;2024-11-30;16;3.0;0.0;0.0;0.0;-2.0;-0.0;0.0;0.0;0.0;-0.0;0.0;0.0;-0.0;0.0;1.0
T. Robinet;/players/thomas-robinet/312659/;2024-11-30;16;3.0;0.0;0.0;0.0;-0.0;-0.0;0.0;0.0;0.0;-0.0;0.0;0.0;-0.0;0.0;3.0
J. Kadile;/players/junior-morau-kadile-/590286/;2024-11-30;16;2.6;0.0;0.0;0.0;-0.0;-0.0;0.0;0.0;0.0;-0.0;0.0;0.0;-0.0;0.0;2.6
L. Delaurier-Chaubet;/players/logan-delaurier-chaubet/626512/;2024-11-30;16;1.87;0.0;0.0;0.0;-0.0;-0.0;0.0;0.0;0.0;-0.0;0.0;0.0;-0.0;0.0;1.87
K. Hansen;/players/kornelius-normann-hansen/496125/;2024-11-30;16;1.13;0.0;0.0;0.0;-0.0;-0.0;0.0;0.0;0.0;-0.0;0.0;0.0;-0.0;0.0;1.13
R. Providence;/players/ruben-providence/509854/;2024-11-30;16;0.6;0.0;0.0;0.0;-0.0;-0.0;0.0;0.0;0.0;-0.0;0.0;0.0;-0.0;0.0;0.6
C. Mamengi;/players/christopher-mamengi/540620/;2024-11-30;16;0.4;0.0;0.0;0.0;-0.0;-0.0;0.0;0.0;-0.0;-0.0;0.0;0.0;-0.0;0.0;0.4
F. Mattoir;/players/faiz-mattoir/547050/;2024-11-30;16;0.4;0.0;0.0;0.0;-0.0;-0.0;0.0;0.0;0.0;-0.0;0.0;0.0;-0.0;0.0;0.4
T. Haye;/players/thom-haye/182931/;2024-11-30;16;0.37;0.0;0.0;0.0;-0.0;-0.0;0.0;0.0;0.0;-0.0;0.0;0.0;-0.0;0.0;0.37
T. Receveur;/players/tim-receveur/190544/;2024-11-30;16;0.0;0.0;0.0;0.0;-0.0;-0.0;0.0;0.0;0.0;-0.0;0.0;0.0;-0.0;0.0;0.0
S. Keller;/players/stijn-keller/565989/;2024-11-30;16;0.0;0.0;0.0;0.0;-0.0;-0.0;0.0;0.0;-0.0;-0.0;0.0;0.0;-0.0;0.0;0.0
J. Wendlinger;/players/jonas-wendlinger/469451/;2024-11-30;16;0.0;0.0;0.0;0.0;-0.0;-0.0;0.0;0.0;-0.0;-0.0;0.0;0.0;-0.0;0.0;0.0
Álex Balboa;/players/alex-balboa-bandeira/627655/;2024-11-30;16;0.0;0.0;0.0;0.0;-0.0;-0.0;0.0;0.0;0.0;-0.0;0.0;0.0;-0.0;0.0;0.0
D. Dankerlui;/players/damil-dankerlui/314252/;2024-11-30;16;0.0;0.0;0.0;0.0;-0.0;-0.0;0.0;0.0;-0.0;-0.0;0.0;0.0;-0.0;0.0;0.0
A. Foah-Sam;/players/amoah-foa-sam/639015/;2024-11-30;16;0.0;0.0;0.0;0.0;-0.0;-0.0;0.0;0.0;-0.0;-0.0;0.0;0.0;-0.0;0.0;0.0
E. Vaessen;/players/etienne-vaessen/408572/;2024-11-30;16;3.0;2.0;0.0;0.0;-0.0;-0.0;0.0;0.0;-0.0;-0.0;12.0;0.0;-0.0;0.0;17.0
L. Bacuna;/players/leandro-bacuna/88003/;2024-11-30;16;3.0;2.0;0.0;0.0;-0.0;-0.0;0.0;0.0;0.0;-0.0;3.0;0.0;-0.0;0.0;8.0
M. Peersman;/players/marvin-peersman/89988/;2024-11-30;16;3.0;2.0;0.0;0.0;-0.0;-0.0;0.0;6.0;-0.0;-0.0;10.0;0.0;-0.0;0.0;21.0
M. Rente;/players/marco-rente/450717/;2024-11-30;16;3.0;2.0;0.0;0.0;-0.0;-0.0;0.0;0.0;-0.0;-0.0;10.0;0.0;-0.0;0.0;15.0
T. Blokzijl;/players/thijmen-blokzijl/703893/;2024-11-30;16;3.0;2.0;0.0;0.0;-0.0;-0.0;0.0;0.0;-0.0;-0.0;10.0;0.0;-0.0;0.0;15.0
J. Hove;/players/johan-hove/444353/;2024-11-30;16;3.0;2.0;0.0;0.0;-0.0;-0.0;0.0;0.0;0.0;-0.0;3.0;0.0;-0.0;0.0;8.0
T. Oosting;/players/thijs-oosting/477591/;2024-11-30;16;3.0;2.0;0.0;0.0;-0.0;-0.0;9.0;0.0;0.0;-0.0;3.0;0.0;-0.0;0.0;17.0
S. Resink;/players/stije-resink/681459/;2024-11-30;16;3.0;2.0;0.0;0.0;-0.0;-0.0;9.0;0.0;0.0;-0.0;3.0;0.0;-0.0;0.0;17.0
L. Valente;/players/luciano-valente/703884/;2024-11-30;16;2.47;1.64;0.0;0.0;-0.0;-0.0;0.0;5.0;0.0;-0.0;2.47;0.0;-0.0;0.0;11.58
J. Schreuders;/players/jorg-schreuders/877779/;2024-11-30;16;3.0;2.0;0.0;0.0;-0.0;-0.0;0.0;0.0;0.0;-0.0;3.0;0.0;-0.0;0.0;8.0
T. van Bergen;/players/thom-van-bergen/873104/;2024-11-30;16;2.2;1.47;0.0;0.0;-2.0;-0.0;0.0;0.0;0.0;-0.0;0.73;0.0;-0.0;0.0;2.4
R. Postema;/players/romano-postema/625358/;2024-11-30;16;0.8;0.53;0.0;0.0;-0.0;-0.0;0.0;0.0;0.0;-0.0;0.27;0.0;-0.0;0.0;1.6
J. Pelupessy;/players/joey-pelupessy/197572/;2024-11-30;16;0.53;0.36;0.0;0.0;-0.0;-0.0;0.0;0.0;0.0;-0.0;0.53;0.0;-0.0;0.0;1.42
B. Willumsson;/players/brynjolfur-darri-willumsson/463548/;2024-11-30;16;0.0;0.0;0.0;0.0;-0.0;-0.0;0.0;0.0;0.0;-0.0;0.0;0.0;-0.0;0.0;0.0
D. Baron;/players/dirk-baron/821647/;2024-11-30;16;0.0;0.0;0.0;0.0;-0.0;-0.0;0.0;0.0;-0.0;-0.0;0.0;0.0;-0.0;0.0;0.0
H. Jurjus;/players/hidde-jurjus/301076/;2024-11-30;16;0.0;0.0;0.0;0.0;-0.0;-0.0;0.0;0.0;-0.0;-0.0;0.0;0.0;-0.0;0.0;0.0
Rui Mendes;/players/rui-jorge-monteiro-mendes/453390/;2024-11-30;16;0.0;0.0;0.0;0.0;-0.0;-0.0;0.0;0.0;0.0;-0.0;0.0;0.0;-0.0;0.0;0.0
N. Emeran;/players/noam-emeran/671004/;2024-11-30;16;0.0;0.0;0.0;0.0;-0.0;-0.0;0.0;0.0;0.0;-0.0;0.0;0.0;-0.0;0.0;0.0
M. Mariani;/players/maxim-mariani/888265/;2024-11-30;16;0.0;0.0;0.0;0.0;-0.0;-0.0;0.0;0.0;-0.0;-0.0;0.0;0.0;-0.0;0.0;0.0
D. van der Werff;/players/david-van-der-werff/973034/;2024-11-30;16;0.0;0.0;0.0;0.0;-0.0;-0.0;0.0;0.0;0.0;-0.0;0.0;0.0;-0.0;0.0;0.0
S. Bouland;/players/sven-bouland/948734/;2024-11-30;16;0.0;0.0;0.0;0.0;-0.0;-0.0;0.0;0.0;-0.0;-0.0;0.0;0.0;-0.0;0.0;0.0
T. Didillon-Hödl;/players/thomas-didillon/259971/;2024-11-30;16;3.0;0.0;0.0;0.0;-0.0;-0.0;0.0;0.0;-2.0;-0.0;0.0;0.0;-0.0;0.0;1.0
M. Tirpan;/players/mickael-tirpan/202469/;2024-11-30;16;3.0;0.0;0.0;0.0;-0.0;-0.0;0.0;0.0;-2.0;-0.0;0.0;0.0;-0.0;0.0;1.0
R. Behounek;/players/raffael-behounek/408747/;2024-11-30;16;3.0;0.0;0.0;0.0;-0.0;-0.0;0.0;0.0;-2.0;-0.0;0.0;0.0;-0.0;0.0;1.0
T. St. Jago;/players/tommy-st-jago/477596/;2024-11-30;16;3.0;0.0;0.0;0.0;-0.0;-0.0;0.0;0.0;-2.0;-0.0;0.0;0.0;-0.0;0.0;1.0
R. Nizet;/players/rob-nizet/575071/;2024-11-30;16;2.47;0.0;0.0;0.0;-0.0;-0.0;0.0;0.0;-2.0;-0.0;0.0;0.0;-0.0;0.0;0.47
A. Lachkar;/players/amine-lachkar/876151/;2024-11-30;16;2.07;0.0;0.0;0.0;-0.0;-0.0;0.0;0.0;-2.0;-0.0;0.0;0.0;-0.0;0.0;0.07
J. Bosch;/players/jesse-bosch/621347/;2024-11-30;16;3.0;0.0;0.0;0.0;-0.0;-0.0;0.0;0.0;0.0;-0.0;0.0;0.0;-0.0;0.0;3.0
R. Meerveld;/players/ringo-meerveld/623815/;2024-11-30;16;2.87;0.0;0.0;0.0;-0.0;-0.0;0.0;0.0;0.0;-0.0;0.0;0.0;-0.0;0.0;2.87
C. Sandra;/players/cisse-sandra/638266/;2024-11-30;16;3.0;0.0;0.0;0.0;-0.0;-0.0;0.0;0.0;0.0;-0.0;0.0;0.0;-0.0;0.0;3.0
E. Kehrer;/players/emilio-kehrer/609627/;2024-11-30;16;2.07;0.0;0.0;0.0;-0.0;-0.0;0.0;0.0;0.0;-0.0;0.0;0.0;-0.0;0.0;2.07
K. Vaesen;/players/kyan-vaesen/620620/;2024-11-30;16;2.07;0.0;0.0;0.0;-0.0;-0.0;0.0;0.0;0.0;-0.0;0.0;0.0;-0.0;0.0;2.07
P. Joosten;/players/patrick-joosten/394561/;2024-11-30;16;0.93;0.0;0.0;0.0;-0.0;-0.0;0.0;0.0;0.0;-0.0;0.0;0.0;-0.0;0.0;0.93
J. Bokila;/players/jeremy-bokila/49538/;2024-11-30;16;0.93;0.0;0.0;0.0;-0.0;-0.0;0.0;0.0;0.0;-0.0;0.0;0.0;-0.0;0.0;0.93
B. Lambert;/players/lambert-boris/551151/;2024-11-30;16;0.93;0.0;0.0;0.0;-0.0;-0.0;0.0;0.0;-0.0;-0.0;0.0;0.0;-0.0;0.0;0.93
R. Sigurgeirsson;/players/runar-thor-sigurgeirsson/491746/;2024-11-30;16;0.53;0.0;0.0;0.0;-0.0;-0.0;0.0;0.0;-0.0;-0.0;0.0;0.0;-0.0;0.0;0.53
K. Razak;/players/khaled-razak/882843/;2024-11-30;16;0.13;0.0;0.0;0.0;-0.0;-0.0;0.0;0.0;0.0;-0.0;0.0;0.0;-0.0;0.0;0.13
N. Doodeman;/players/nick-doodeman/454478/;2024-11-30;16;0.0;0.0;0.0;0.0;-0.0;-0.0;0.0;0.0;0.0;-0.0;0.0;0.0;-0.0;0.0;0.0
J. Mathijsen;/players/jens-mathijsen/982233/;2024-11-30;16;0.0;0.0;0.0;0.0;-0.0;-0.0;0.0;0.0;-0.0;-0.0;0.0;0.0;-0.0;0.0;0.0
M. Schut;/players/maarten-schut/680846/;2024-11-30;16;0.0;0.0;0.0;0.0;-0.0;-0.0;0.0;0.0;-0.0;-0.0;0.0;0.0;-0.0;0.0;0.0
M. Pivaš;/players/miodrag-pivas/745852/;2024-11-30;16;0.0;0.0;0.0;0.0;-0.0;-0.0;0.0;0.0;-0.0;-0.0;0.0;0.0;-0.0;0.0;0.0
E. Schouten;/players/erik-schouten/134072/;2024-11-30;16;0.0;0.0;0.0;0.0;-0.0;-0.0;0.0;0.0;-0.0;-0.0;0.0;0.0;-0.0;0.0;0.0
C. van den Berg;/players/connor-van-den-berg/569426/;2024-11-30;16;0.0;0.0;0.0;0.0;-0.0;-0.0;0.0;0.0;-0.0;-0.0;0.0;0.0;-0.0;0.0;0.0
U. van Aalst;/players/uriel-van-aalst/1013189/;2024-11-30;16;0.0;0.0;0.0;0.0;-0.0;-0.0;0.0;0.0;0.0;-0.0;0.0;0.0;-0.0;0.0;0.0
T. Wellenreuther;/players/timon-wellenreuther/258964/;2024-11-30;16;3.0;0.0;1.0;0.0;-0.0;-0.0;0.0;0.0;-1.0;-0.0;0.0;0.0;-0.0;0.0;3.0
G. Trauner;/players/gernot-trauner/135546/;2024-11-30;16;3.0;0.0;1.0;0.0;-2.0;-0.0;0.0;0.0;-1.0;-0.0;0.0;0.0;-0.0;0.0;1.0
D. Hancko;/players/david-hancko/391059/;2024-11-30;16;3.0;0.0;1.0;0.0;-0.0;-0.0;0.0;0.0;-1.0;-0.0;0.0;0.0;-0.0;0.0;3.0
J. Lotomba;/players/jordan-lotomba/405870/;2024-11-30;16;2.17;0.0;0.72;0.0;-0.0;-0.0;0.0;0.0;-1.0;-0.0;0.0;0.0;-0.0;0.0;1.89
G. Smal;/players/gijs-smal/508760/;2024-11-30;16;2.17;0.0;0.72;0.0;-0.0;-0.0;0.0;0.0;-1.0;-0.0;0.0;0.0;-0.0;0.0;1.89
Hwang In-Beom;/players/in-beom-hwang/400101/;2024-11-30;16;2.9;0.0;0.97;0.0;-0.0;-0.0;0.0;0.0;0.0;-0.0;0.0;0.0;-0.0;0.0;3.87
Q. Timber;/players/quinten-maduro/463017/;2024-11-30;16;3.0;0.0;1.0;0.0;-0.0;-0.0;0.0;0.0;0.0;-0.0;0.0;0.0;-0.0;0.0;4.0
R. Zerrouki;/players/ramiz-larbi-zerrouki/621348/;2024-11-30;16;1.87;0.0;0.62;0.0;-0.0;-0.0;0.0;0.0;0.0;-0.0;0.0;0.0;-0.0;0.0;2.49
Igor Paixão;/players/igor-guilherme-barbosa-da-paixao/593041/;2024-11-30;16;3.0;0.0;1.0;0.0;-0.0;-0.0;0.0;4.0;0.0;-0.0;0.0;0.0;-0.0;0.0;8.0
A. Hadj Moussa;/players/anis--hadj-moussa/755639/;2024-11-30;16;3.0;0.0;1.0;0.0;-2.0;-0.0;0.0;0.0;0.0;-0.0;0.0;0.0;-0.0;0.0;2.0
Z. Redmond;/players/zepiqueno-redmond/830547/;2024-11-30;16;1.87;0.0;0.62;0.0;-0.0;-0.0;0.0;0.0;0.0;-0.0;0.0;0.0;-0.0;0.0;2.49
S. Giménez;/players/santiago-tomas-gimenez/494293/;2024-11-30;16;1.13;0.0;0.38;0.0;-2.0;-0.0;8.0;0.0;0.0;-0.0;0.0;0.0;-0.0;0.0;7.51
C. Stengs;/players/calvin-stengs/458659/;2024-11-30;16;1.13;0.0;0.38;0.0;-0.0;-0.0;0.0;0.0;0.0;-0.0;0.0;0.0;-0.0;0.0;1.51
A. Milambo;/players/antoni-djibu-milambo/736392/;2024-11-30;16;0.83;0.0;0.28;0.0;-0.0;-0.0;0.0;0.0;0.0;-0.0;0.0;0.0;-0.0;0.0;1.11
T. Beelen;/players/thomas-beelen/760998/;2024-11-30;16;0.83;0.0;0.28;0.0;-0.0;-0.0;0.0;0.0;-0.0;-0.0;0.0;0.0;-0.0;0.0;1.11
C. Nadje;/players/chris-kevin-nadje/667108/;2024-11-30;16;0.1;0.0;0.03;0.0;-0.0;-0.0;0.0;0.0;0.0;-0.0;0.0;0.0;-0.0;0.0;0.13
J. Bijlow;/players/justin-bijlow/340393/;2024-11-30;16;0.0;0.0;0.0;0.0;-0.0;-0.0;0.0;0.0;-0.0;-0.0;0.0;0.0;-0.0;0.0;0.0
F. González;/players/facundo-gonzalez-molino/673756/;2024-11-30;16;0.0;0.0;0.0;0.0;-0.0;-0.0;0.0;0.0;-0.0;-0.0;0.0;0.0;-0.0;0.0;0.0
G. Zechiël;/players/gjivai-zechiel/864326/;2024-11-30;16;0.0;0.0;0.0;0.0;-0.0;-0.0;0.0;0.0;0.0;-0.0;0.0;0.0;-0.0;0.0;0.0
L. Ivanušec;/players/luka-ivanuec/424605/;2024-11-30;16;0.0;0.0;0.0;0.0;-0.0;-0.0;0.0;0.0;0.0;-0.0;0.0;0.0;-0.0;0.0;0.0
B. Nieuwkoop;/players/bart-nieuwkoop/275124/;2024-11-30;16;0.0;0.0;0.0;0.0;-0.0;-0.0;0.0;0.0;-0.0;-0.0;0.0;0.0;-0.0;0.0;0.0
G. Read;/players/givairo-read/821635/;2024-11-30;16;0.0;0.0;0.0;0.0;-0.0;-0.0;0.0;0.0;-0.0;-0.0;0.0;0.0;-0.0;0.0;0.0
I. Ka;/players/ismail-ka/931206/;2024-11-30;16;0.0;0.0;0.0;0.0;-0.0;-0.0;0.0;0.0;-0.0;-0.0;0.0;0.0;-0.0;0.0;0.0
M. Branderhorst;/players/mathijs-branderhorst/175358/;2024-11-30;16;3.0;0.0;1.0;0.0;-0.0;-0.0;0.0;0.0;-1.0;-0.0;0.0;0.0;-0.0;0.0;3.0
M. Dijks;/players/mitchel-dijks/219029/;2024-11-30;16;3.0;0.0;1.0;0.0;-0.0;-0.0;0.0;0.0;-1.0;-0.0;0.0;0.0;-0.0;0.0;3.0
Rodrigo Guth;/players/rodrigo-guth/475116/;2024-11-30;16;3.0;0.0;1.0;0.0;-0.0;-0.0;0.0;0.0;-1.0;-0.0;0.0;0.0;-0.0;0.0;3.0
J. Dahlhaus;/players/jasper-dahlhaus/567944/;2024-11-30;16;1.53;0.0;0.51;0.0;-0.0;-0.0;0.0;0.0;-0.0;-0.0;0.0;0.0;-0.0;0.0;2.04
S. Adewoye;/players/shawn-adewoye/618207/;2024-11-30;16;3.0;0.0;1.0;0.0;-2.0;-0.0;12.0;0.0;-1.0;-0.0;0.0;0.0;-0.0;0.0;13.0
A. Halilović;/players/alen-halilovi/270136/;2024-11-30;16;2.93;0.0;0.98;0.0;-0.0;-0.0;0.0;0.0;0.0;-0.0;0.0;0.0;-0.0;0.0;3.91
S. Bastien;/players/samuel-bastien/314097/;2024-11-30;16;3.0;0.0;1.0;0.0;-0.0;-0.0;0.0;5.0;0.0;-0.0;0.0;0.0;-0.0;0.0;9.0
E. Bullaude;/players/ezequiel-eduardo-bullaude/577164/;2024-11-30;16;2.93;0.0;0.98;0.0;-0.0;-0.0;0.0;0.0;0.0;-0.0;0.0;0.0;-0.0;0.0;3.91
R. Fosso;/players/ryan-fosso/637283/;2024-11-30;16;3.0;0.0;1.0;0.0;-2.0;-0.0;0.0;0.0;0.0;-0.0;0.0;0.0;-0.0;0.0;2.0
J. Mitrović;/players/josip-mitrovi/482602/;2024-11-30;16;1.7;0.0;0.57;0.0;-0.0;-0.0;0.0;0.0;0.0;-0.0;0.0;0.0;-0.0;0.0;2.27
M. Aïko;/players/makan-aiko/608125/;2024-11-30;16;2.4;0.0;0.8;0.0;-0.0;-0.0;0.0;0.0;0.0;-0.0;0.0;0.0;-0.0;0.0;3.2
L. Rosier;/players/lorentz-rosier/456607/;2024-11-30;16;1.47;0.0;0.49;0.0;-0.0;-0.0;0.0;0.0;0.0;-0.0;0.0;0.0;-0.0;0.0;1.96
S. van Ottele;/players/syb-van-ottele/525930/;2024-11-30;16;1.3;0.0;0.43;0.0;-0.0;-0.0;0.0;0.0;-1.0;-0.0;0.0;0.0;-0.0;0.0;0.73
Alessio da Cruz;/players/alessio-da-cruz/391603/;2024-11-30;16;0.6;0.0;0.2;0.0;-0.0;-0.0;0.0;0.0;0.0;-0.0;0.0;0.0;-0.0;0.0;0.8
A. Erceg;/players/ante-erceg/137741/;2024-11-30;16;0.07;0.0;0.02;0.0;-0.0;-0.0;0.0;0.0;0.0;-0.0;0.0;0.0;-0.0;0.0;0.09
K. Peterson;/players/kristoffer-peterson/218002/;2024-11-30;16;0.07;0.0;0.02;0.0;-0.0;-0.0;0.0;0.0;0.0;-0.0;0.0;0.0;-0.0;0.0;0.09
L. Koopmans;/players/luuk-koopmans/149059/;2024-11-30;16;0.0;0.0;0.0;0.0;-0.0;-0.0;0.0;0.0;-0.0;-0.0;0.0;0.0;-0.0;0.0;0.0
Úmaro Embaló;/players/umaro-embalo/460644/;2024-11-30;16;0.0;0.0;0.0;0.0;-0.0;-0.0;0.0;0.0;0.0;-0.0;0.0;0.0;-0.0;0.0;0.0
L. Tunjić;/players/luka-tunjic/759911/;2024-11-30;16;0.0;0.0;0.0;0.0;-0.0;-0.0;0.0;0.0;0.0;-0.0;0.0;0.0;-0.0;0.0;0.0
É. Michut;/players/edouard-michut/632965/;2024-11-30;16;0.0;0.0;0.0;0.0;-0.0;-0.0;0.0;0.0;0.0;-0.0;0.0;0.0;-0.0;0.0;0.0
R. Bayram;/players/ramazan-bayram/965960/;2024-11-30;16;0.0;0.0;0.0;0.0;-0.0;-0.0;0.0;0.0;-0.0;-0.0;0.0;0.0;-0.0;0.0;0.0
D. Grujčić;/players/darijo-grujcic/478384/;2024-11-30;16;0.0;0.0;0.0;0.0;-0.0;-0.0;0.0;0.0;-0.0;-0.0;0.0;0.0;-0.0;0.0;0.0
T. Schenkhuizen;/players/tristan-schenkhuizen/970333/;2024-11-30;16;0.0;0.0;0.0;0.0;-0.0;-0.0;0.0;0.0;0.0;-0.0;0.0;0.0;-0.0;0.0;0.0
R. Roefs;/players/robin-roefs/636190/;2024-12-01;16;3.0;0.0;0.0;0.0;-0.0;-0.0;0.0;0.0;-2.0;-0.0;0.0;0.0;-0.0;0.0;1.0
B. Nuytinck;/players/bram-nuytinck/86442/;2024-12-01;16;3.0;0.0;0.0;0.0;-0.0;-0.0;0.0;0.0;-2.0;-0.0;0.0;0.0;-0.0;0.0;1.0
C. Verdonk;/players/calvin-verdonk/319288/;2024-12-01;16;3.0;0.0;0.0;0.0;-0.0;-0.0;0.0;0.0;-2.0;-0.0;0.0;0.0;-0.0;0.0;1.0
P. Sandler;/players/philippe-sandler/381097/;2024-12-01;16;1.97;0.0;0.0;0.0;-0.0;-0.0;0.0;0.0;-2.0;-0.0;0.0;0.0;-0.0;0.0;-0.03
B. Pereira;/players/brayann-pereira/640596/;2024-12-01;16;3.0;0.0;0.0;0.0;-0.0;-0.0;0.0;0.0;-2.0;-0.0;0.0;0.0;-0.0;0.0;1.0
D. Proper;/players/dirk-proper/525939/;2024-12-01;16;2.87;0.0;0.0;0.0;-0.0;-0.0;0.0;0.0;0.0;-0.0;0.0;0.0;-0.0;0.0;2.87
K. Sano;/players/kodai-sano/815318/;2024-12-01;16;3.0;0.0;0.0;0.0;-2.0;-0.0;0.0;0.0;0.0;-0.0;0.0;0.0;-0.0;0.0;1.0
S. Ouaissa;/players/sami-ouaissa/856399/;2024-12-01;16;2.87;0.0;0.0;0.0;-0.0;-0.0;0.0;0.0;0.0;-0.0;0.0;0.0;-0.0;0.0;2.87
K. Ogawa;/players/koki-ogawa/435835/;2024-12-01;16;3.0;0.0;0.0;0.0;-0.0;-0.0;0.0;0.0;0.0;-0.0;0.0;0.0;-0.0;0.0;3.0
S. Hansen;/players/sontje-hansen/508823/;2024-12-01;16;2.87;0.0;0.0;0.0;-0.0;-0.0;8.0;0.0;0.0;-0.0;0.0;0.0;-0.0;0.0;10.87
B. Önal;/players/basar-onal/822550/;2024-12-01;16;2.27;0.0;0.0;0.0;-0.0;-0.0;0.0;0.0;0.0;-0.0;0.0;0.0;-0.0;0.0;2.27
T. Ouwejan;/players/thomas-ouwejan/407740/;2024-12-01;16;1.03;0.0;0.0;0.0;-0.0;-0.0;0.0;0.0;-0.0;-0.0;0.0;0.0;-0.0;0.0;1.03
Róber;/players/roberto-gonzalez-bayon/500171/;2024-12-01;16;0.73;0.0;0.0;0.0;-0.0;-0.0;0.0;0.0;0.0;-0.0;0.0;0.0;-0.0;0.0;0.73
K. Shiogai;/players/kento-shiogai/910330/;2024-12-01;16;0.13;0.0;0.0;0.0;-0.0;-0.0;0.0;0.0;0.0;-0.0;0.0;0.0;-0.0;0.0;0.13
V. van Crooij;/players/vito-van-crooy/330044/;2024-12-01;16;0.13;0.0;0.0;0.0;-0.0;-0.0;0.0;0.0;0.0;-0.0;0.0;0.0;-0.0;0.0;0.13
Iván Márquez;/players/ivan-marquez-alvarez/352663/;2024-12-01;16;0.13;0.0;0.0;0.0;-0.0;-0.0;0.0;0.0;-0.0;-0.0;0.0;0.0;-0.0;0.0;0.13
L. Schöne;/players/lasse-schone/17366/;2024-12-01;16;0.0;0.0;0.0;0.0;-0.0;-0.0;0.0;0.0;0.0;-0.0;0.0;0.0;-0.0;0.0;0.0
R. Janse;/players/rijk-janse/632550/;2024-12-01;16;0.0;0.0;0.0;0.0;-0.0;-0.0;0.0;0.0;-0.0;-0.0;0.0;0.0;-0.0;0.0;0.0
A. Darelas;/players/argyrios-darelas/637189/;2024-12-01;16;0.0;0.0;0.0;0.0;-0.0;-0.0;0.0;0.0;0.0;-0.0;0.0;0.0;-0.0;0.0;0.0
S. van Gassel;/players/stijn-van-gassel/323665/;2024-12-01;16;0.0;0.0;0.0;0.0;-0.0;-0.0;0.0;0.0;-0.0;-0.0;0.0;0.0;-0.0;0.0;0.0
L. Lyratzis;/players/eleutherios-lyratzis/463371/;2024-12-01;16;0.0;0.0;0.0;0.0;-0.0;-0.0;0.0;0.0;-0.0;-0.0;0.0;0.0;-0.0;0.0;0.0
R. Pasveer;/players/remko-pasveer/49689/;2024-12-01;16;3.0;2.0;0.0;0.0;-0.0;-0.0;0.0;0.0;-1.0;-0.0;0.0;0.0;-0.0;0.0;4.0
J. Šutalo;/players/josip-utalo/460387/;2024-12-01;16;3.0;2.0;0.0;0.0;-0.0;-0.0;0.0;0.0;-1.0;-0.0;0.0;0.0;-0.0;0.0;4.0
D. Rensch;/players/devyne-rensch/601396/;2024-12-01;16;1.13;0.76;0.0;0.0;-2.0;-0.0;0.0;0.0;-1.0;-0.0;0.0;0.0;-0.0;0.0;-1.11
A. Kaplan;/players/ahmetcan-kaplan/641115/;2024-12-01;16;3.0;2.0;0.0;0.0;-2.0;-0.0;0.0;0.0;-1.0;-0.0;0.0;0.0;-0.0;0.0;2.0
J. Hato;/players/jorrel-hato/783173/;2024-12-01;16;3.0;2.0;0.0;0.0;-2.0;-0.0;0.0;0.0;-1.0;-0.0;0.0;0.0;-0.0;0.0;2.0
D. Klaassen;/players/davy-klaassen/158581/;2024-12-01;16;3.0;2.0;0.0;0.0;-0.0;-0.0;0.0;0.0;0.0;-0.0;0.0;0.0;-0.0;0.0;5.0
B. van den Boomen;/players/branco-van-den-boomen/215550/;2024-12-01;16;3.0;2.0;0.0;0.0;-0.0;-0.0;0.0;0.0;0.0;-0.0;0.0;0.0;-0.0;0.0;5.0
K. Taylor;/players/kenneth-taylor/508784/;2024-12-01;16;2.47;1.64;0.0;0.0;-0.0;-0.0;0.0;10.0;0.0;-0.0;0.0;0.0;-0.0;0.0;14.11
K. Hlynsson;/players/kristian-nokkvi-hlynsson/636342/;2024-12-01;16;1.53;1.02;0.0;0.0;-0.0;-0.0;0.0;0.0;0.0;-0.0;0.0;0.0;-0.0;0.0;2.56
S. Berghuis;/players/steven-berghuis/134080/;2024-12-01;16;2.27;1.51;0.0;0.0;-0.0;-0.0;0.0;0.0;0.0;-0.0;0.0;0.0;-0.0;0.0;3.78
W. Weghorst;/players/wout-weghorst/255205/;2024-12-01;16;2.27;1.51;0.0;0.0;-2.0;-0.0;16.0;0.0;0.0;-0.0;0.0;0.0;-0.0;0.0;17.78
A. Gaaei;/players/anton-gaaei/701784/;2024-12-01;16;1.87;1.24;0.0;0.0;-2.0;-0.0;0.0;0.0;-0.0;-0.0;0.0;0.0;-0.0;0.0;1.11
K. Fitz-Jim;/players/kian-fitz-jim/591724/;2024-12-01;16;1.47;0.98;0.0;0.0;-0.0;-0.0;0.0;0.0;0.0;-0.0;0.0;0.0;-0.0;0.0;2.44
B. Traoré;/players/bertrand-traore/102801/;2024-12-01;16;0.73;0.49;0.0;0.0;-0.0;-0.0;0.0;0.0;0.0;-0.0;0.0;0.0;-0.0;0.0;1.22
C. Akpom;/players/chuba-akpom/215570/;2024-12-01;16;0.73;0.49;0.0;0.0;-0.0;-0.0;0.0;0.0;0.0;-0.0;0.0;0.0;-0.0;0.0;1.22
J. Henderson;/players/jordan-henderson/48010/;2024-12-01;16;0.53;0.36;0.0;0.0;-0.0;-0.0;0.0;0.0;0.0;-0.0;0.0;0.0;-0.0;0.0;0.89
D. Janse;/players/dies-janse/898585/;2024-12-01;16;0.0;0.0;0.0;0.0;-0.0;-0.0;0.0;0.0;-0.0;-0.0;0.0;0.0;-0.0;0.0;0.0
J. Mokio;/players/jorthy-mokio/934125/;2024-12-01;16;0.0;0.0;0.0;0.0;-0.0;-0.0;0.0;0.0;-0.0;-0.0;0.0;0.0;-0.0;0.0;0.0
J. Gorter;/players/jay-gorter/477600/;2024-12-01;16;0.0;0.0;0.0;0.0;-0.0;-0.0;0.0;0.0;-0.0;-0.0;0.0;0.0;-0.0;0.0;0.0
Y. Baas;/players/youri-baas/638355/;2024-12-01;16;0.0;0.0;0.0;0.0;-0.0;-0.0;0.0;0.0;-0.0;-0.0;0.0;0.0;-0.0;0.0;0.0
P. Reverson;/players/paul-peters-reverson/864306/;2024-12-01;16;0.0;0.0;0.0;0.0;-0.0;-0.0;0.0;0.0;-0.0;-0.0;0.0;0.0;-0.0;0.0;0.0
O. Wijndal;/players/owen-wijndal/440858/;2024-12-01;16;0.0;0.0;0.0;0.0;-0.0;-0.0;0.0;0.0;-0.0;-0.0;0.0;0.0;-0.0;0.0;0.0
C. Rasmussen;/players/christian-theodor-kjelder-rasmussen/632224/;2024-12-01;16;0.0;0.0;0.0;0.0;-0.0;-0.0;0.0;0.0;0.0;-0.0;0.0;0.0;-0.0;0.0;0.0
J. Zoet;/players/jeroen-zoet/61206/;2024-12-01;16;3.0;2.0;0.0;0.0;-0.0;-0.0;0.0;0.0;-0.0;-0.0;12.0;0.0;-0.0;0.0;17.0
Alexandre Penetra;/players/alexandre-manuel-penetra-correia/572102/;2024-12-01;16;3.0;2.0;0.0;0.0;-0.0;-0.0;0.0;0.0;-0.0;-0.0;10.0;0.0;-0.0;0.0;15.0
D. Møller Wolfe;/players/david-moller-wolfe/603294/;2024-12-01;16;2.7;1.8;0.0;0.0;-0.0;-0.0;0.0;0.0;-0.0;-0.0;9.0;0.0;-0.0;0.0;13.5
S. Maikuma;/players/seiya-maikuma/651537/;2024-12-01;16;3.0;2.0;0.0;0.0;-0.0;-0.0;0.0;0.0;-0.0;-0.0;10.0;0.0;-0.0;0.0;15.0
W. Goes;/players/wouter-goes/777233/;2024-12-01;16;3.0;2.0;0.0;0.0;-0.0;-0.0;0.0;0.0;-0.0;-0.0;10.0;0.0;-0.0;0.0;15.0
J. Clasie;/players/jordy-clasie/134078/;2024-12-01;16;2.47;1.64;0.0;0.0;-0.0;-0.0;0.0;0.0;0.0;-0.0;2.47;0.0;-0.0;0.0;6.58
P. Koopmeiners;/players/peer-koopmeiners/533281/;2024-12-01;16;3.0;2.0;0.0;0.0;-0.0;-0.0;0.0;0.0;0.0;-0.0;3.0;0.0;-0.0;0.0;8.0
S. Mijnans;/players/sven-mijnans/566000/;2024-12-01;16;3.0;2.0;0.0;0.0;-0.0;-0.0;0.0;0.0;0.0;-0.0;3.0;0.0;-0.0;0.0;8.0
K. Smit;/players/kees-smit/789945/;2024-12-01;16;2.7;1.8;0.0;0.0;-0.0;-0.0;0.0;0.0;0.0;-0.0;2.7;0.0;-0.0;0.0;7.2
M. Meerdink;/players/mexx-meerdink/796451/;2024-12-01;16;2.47;1.64;0.0;0.0;-0.0;-0.0;0.0;0.0;0.0;-0.0;0.82;0.0;-0.0;0.0;4.93
R. van Bommel;/players/ruben-van-bommel/834074/;2024-12-01;16;2.13;1.42;0.0;0.0;-0.0;-0.0;0.0;0.0;0.0;-0.0;0.71;0.0;-0.0;0.0;4.27
M. Lahdo;/players/mayckel-lahdo/660897/;2024-12-01;16;0.87;0.58;0.0;0.0;-0.0;-0.0;8.0;0.0;0.0;-0.0;0.29;0.0;-0.0;0.0;9.73
T. Parrott;/players/troy-parrot/515624/;2024-12-01;16;0.53;0.36;0.0;0.0;-0.0;-0.0;0.0;0.0;0.0;-0.0;0.18;0.0;-0.0;0.0;1.07
Z. Buurmeester;/players/zico-buurmeester/627669/;2024-12-01;16;0.53;0.36;0.0;0.0;-0.0;-0.0;0.0;0.0;0.0;-0.0;0.53;0.0;-0.0;0.0;1.42
D. Kasius;/players/denso-kasius/569311/;2024-12-01;16;0.3;0.2;0.0;0.0;-0.0;-0.0;0.0;0.0;-0.0;-0.0;1.0;0.0;-0.0;0.0;1.5
K. Belić;/players/kristijan-belic/453868/;2024-12-01;16;0.3;0.2;0.0;0.0;-0.0;-0.0;0.0;0.0;0.0;-0.0;0.3;0.0;-0.0;0.0;0.8
D. Kwakman;/players/dave-kwakman/777219/;2024-12-01;16;0.0;0.0;0.0;0.0;-0.0;-0.0;0.0;0.0;0.0;-0.0;0.0;0.0;-0.0;0.0;0.0
H. Verhulst;/players/hobie-verhulst/138446/;2024-12-01;16;0.0;0.0;0.0;0.0;-0.0;-0.0;0.0;0.0;-0.0;-0.0;0.0;0.0;-0.0;0.0;0.0
T. Kuijsten;/players/tristan-kuijsten/803111/;2024-12-01;16;0.0;0.0;0.0;0.0;-0.0;-0.0;0.0;0.0;-0.0;-0.0;0.0;0.0;-0.0;0.0;0.0
M. de Wit;/players/mees-de-wit/423562/;2024-12-01;16;0.0;0.0;0.0;0.0;-0.0;-0.0;0.0;0.0;-0.0;-0.0;0.0;0.0;-0.0;0.0;0.0
E. Poku;/players/ernest-poku/700544/;2024-12-01;16;0.0;0.0;0.0;0.0;-0.0;-0.0;0.0;0.0;0.0;-0.0;0.0;0.0;-0.0;0.0;0.0
B. Martins Indi;/players/rolando-martins-indi/102888/;2024-12-01;16;0.0;0.0;0.0;0.0;-0.0;-0.0;0.0;0.0;-0.0;-0.0;0.0;0.0;-0.0;0.0;0.0
R. Daal;/players/ro-zangelo-daal/777225/;2024-12-01;16;0.0;0.0;0.0;0.0;-0.0;-0.0;0.0;0.0;0.0;-0.0;0.0;0.0;-0.0;0.0;0.0
F. de Keijzer;/players/fabian-de-keijzer/463695/;2024-12-01;16;3.0;0.0;0.0;0.0;-0.0;-0.0;0.0;0.0;-1.0;-0.0;0.0;0.0;-0.0;0.0;2.0
D. Mirani;/players/damon-mirani/289811/;2024-12-01;16;3.0;0.0;0.0;0.0;-0.0;-0.0;0.0;0.0;-1.0;-0.0;0.0;0.0;-0.0;0.0;2.0
I. Mesík;/players/ivan-mesik/513503/;2024-12-01;16;3.0;0.0;0.0;0.0;-0.0;-0.0;0.0;0.0;-1.0;-0.0;0.0;0.0;-0.0;0.0;2.0
R. Roosken;/players/ruben-roosken/618143/;2024-12-01;16;3.0;0.0;0.0;0.0;-0.0;-0.0;0.0;0.0;-1.0;-0.0;0.0;0.0;-0.0;0.0;2.0
M. Benita;/players/mimeirhel-benita/645525/;2024-12-01;16;3.0;0.0;0.0;0.0;-0.0;-0.0;0.0;0.0;-1.0;-0.0;0.0;0.0;-0.0;0.0;2.0
M. Engels;/players/mario-engels/243044/;2024-12-01;16;3.0;0.0;0.0;0.0;-0.0;-0.0;0.0;0.0;0.0;-0.0;0.0;0.0;-0.0;0.0;3.0
J. Žambůrek;/players/jan-ambrek/542777/;2024-12-01;16;2.27;0.0;0.0;0.0;-0.0;-0.0;0.0;0.0;0.0;-0.0;0.0;0.0;-0.0;0.0;2.27
B. De Keersmaecker;/players/brian-de-keersmaecker/605558/;2024-12-01;16;3.0;0.0;0.0;0.0;-0.0;-0.0;0.0;0.0;0.0;-0.0;0.0;0.0;-0.0;0.0;3.0
S. Podgoreanu;/players/suf-podgoreanu/509673/;2024-12-01;16;2.6;0.0;0.0;0.0;-0.0;-0.0;0.0;0.0;0.0;-0.0;0.0;0.0;-0.0;0.0;2.6
J. Hornkamp;/players/jizz-hornkamp/526566/;2024-12-01;16;3.0;0.0;0.0;0.0;-2.0;-0.0;0.0;0.0;0.0;-0.0;0.0;0.0;-0.0;0.0;1.0
L. Kulenović;/players/luka-kulenovi/631882/;2024-12-01;16;2.27;0.0;0.0;0.0;-0.0;-0.0;0.0;0.0;0.0;-0.0;0.0;0.0;-0.0;0.0;2.27
T. Bruns;/players/thomas-bruns/168503/;2024-12-01;16;0.73;0.0;0.0;0.0;-2.0;-0.0;0.0;0.0;0.0;-0.0;0.0;0.0;-0.0;0.0;-1.27
S. Scheperman;/players/sem-scheperman/641190/;2024-12-01;16;0.73;0.0;0.0;0.0;-2.0;-0.0;0.0;0.0;0.0;-0.0;0.0;0.0;-0.0;0.0;-1.27
J. Talvitie;/players/juho-talvitie/701365/;2024-12-01;16;0.4;0.0;0.0;0.0;-0.0;-0.0;0.0;0.0;0.0;-0.0;0.0;0.0;-0.0;0.0;0.4
R. Mantel;/players/robin-mantel/502712/;2024-12-01;16;0.0;0.0;0.0;0.0;-0.0;-0.0;0.0;0.0;-0.0;-0.0;0.0;0.0;-0.0;0.0;0.0
J. Hoogma;/players/justin-hoogma/432697/;2024-12-01;16;0.0;0.0;0.0;0.0;-0.0;-0.0;0.0;0.0;-0.0;-0.0;0.0;0.0;-0.0;0.0;0.0
S. 't Zand;/players/shiloh-t-zand/824640/;2024-12-01;16;0.0;0.0;0.0;0.0;-0.0;-0.0;0.0;0.0;0.0;-0.0;0.0;0.0;-0.0;0.0;0.0
T. Jansink;/players/timo-jansink/632823/;2024-12-01;16;0.0;0.0;0.0;0.0;-0.0;-0.0;0.0;0.0;-0.0;-0.0;0.0;0.0;-0.0;0.0;0.0
J. Bruijn;/players/jordy-bruijn/314251/;2024-12-01;16;0.0;0.0;0.0;0.0;-0.0;-0.0;0.0;0.0;0.0;-0.0;0.0;0.0;-0.0;0.0;0.0
L. Milani;/players/lorenzo-milani/664147/;2024-12-01;16;0.0;0.0;0.0;0.0;-0.0;-0.0;0.0;0.0;-0.0;-0.0;0.0;0.0;-0.0;0.0;0.0
K. Leerdam;/players/kelvin-leerdam/68354/;2024-12-01;16;0.0;0.0;0.0;0.0;-0.0;-0.0;0.0;0.0;-0.0;-0.0;0.0;0.0;-0.0;0.0;0.0
J. Wieckhoff;/players/jannes-luca-wieckhoff/497167/;2024-12-01;16;0.0;0.0;0.0;0.0;-0.0;-0.0;0.0;0.0;-0.0;-0.0;0.0;0.0;-0.0;0.0;0.0
D. van Kaam;/players/daniel-van-kaam/477595/;2024-12-01;16;0.0;0.0;0.0;0.0;-0.0;-0.0;0.0;0.0;0.0;-0.0;0.0;0.0;-0.0;0.0;0.0
P. Tytoń;/players/przemyslaw-tyton/17326/;2024-12-01;16;3.0;2.0;0.0;0.0;-0.0;-0.0;0.0;0.0;-2.0;-0.0;0.0;0.0;-0.0;0.0;3.0
B. Kuipers;/players/bas-edo-kuipers/274649/;2024-12-01;16;3.0;2.0;0.0;0.0;-0.0;-0.0;12.0;0.0;-2.0;-0.0;0.0;0.0;-0.0;0.0;15.0
G. Lagerbielke;/players/gustaf-lagerbielke/500894/;2024-12-01;16;3.0;2.0;0.0;0.0;-0.0;-0.0;0.0;0.0;-2.0;-0.0;0.0;0.0;-0.0;0.0;3.0
B. van Rooij;/players/bart-van-rooij/557859/;2024-12-01;16;3.0;2.0;0.0;0.0;-0.0;-0.0;0.0;0.0;-2.0;-0.0;0.0;0.0;-0.0;0.0;3.0
M. Vlap;/players/michel-vlap/407742/;2024-12-01;16;2.57;1.71;0.0;0.0;-0.0;-0.0;0.0;0.0;0.0;-0.0;0.0;0.0;-0.0;0.0;4.28
S. Steijn;/players/sem-steijn/560623/;2024-12-01;16;2.83;1.89;0.0;0.0;-0.0;-0.0;9.0;5.0;0.0;-0.0;0.0;0.0;-0.0;0.0;18.72
M. Bruns;/players/max-bruns/628828/;2024-12-01;16;2.37;1.58;0.0;0.0;-2.0;-0.0;0.0;0.0;0.0;-0.0;0.0;0.0;-0.0;0.0;1.94
Y. Regeer;/players/youri-regeer/632221/;2024-12-01;16;3.0;2.0;0.0;0.0;-0.0;-0.0;0.0;0.0;0.0;-0.0;0.0;0.0;-0.0;0.0;5.0
R. van Wolfswinkel;/players/ricky-van-wolfswinkel/59407/;2024-12-01;16;2.37;1.58;0.0;0.0;-0.0;-0.0;0.0;0.0;0.0;-0.0;0.0;0.0;-0.0;0.0;3.94
S. Lammers;/players/sam-lammers/407736/;2024-12-01;16;3.0;2.0;0.0;0.0;-0.0;-0.0;8.0;0.0;0.0;-0.0;0.0;0.0;-0.0;0.0;13.0
M. van Bergen;/players/mitchell-van-bergen/426574/;2024-12-01;16;2.57;1.71;0.0;0.0;-0.0;-0.0;0.0;0.0;0.0;-0.0;0.0;0.0;-0.0;0.0;4.28
M. Sadílek;/players/michal-sadilek/377539/;2024-12-01;16;0.63;0.42;0.0;0.0;-0.0;-0.0;0.0;5.0;0.0;-0.0;0.0;0.0;-0.0;0.0;6.06
D. Rots;/players/daan-rots/628516/;2024-12-01;16;0.63;0.42;0.0;0.0;-0.0;-0.0;0.0;4.0;0.0;-0.0;0.0;0.0;-0.0;0.0;5.06
S. Ltaief;/players/sayfallah-ltaief/659735/;2024-12-01;16;0.43;0.29;0.0;0.0;-0.0;-0.0;0.0;0.0;0.0;-0.0;0.0;0.0;-0.0;0.0;0.72
C. Eiting;/players/carel-eiting/379791/;2024-12-01;16;0.43;0.29;0.0;0.0;-0.0;-0.0;0.0;0.0;0.0;-0.0;0.0;0.0;-0.0;0.0;0.72
A. Van Hoorenbeeck;/players/alec-van-hoorenbeeck/593523/;2024-12-01;16;0.17;0.11;0.0;0.0;-0.0;-0.0;0.0;0.0;-0.0;-0.0;0.0;0.0;-0.0;0.0;0.28
M. Rots;/players/mats-rots/830558/;2024-12-01;16;0.0;0.0;0.0;0.0;-0.0;-0.0;0.0;0.0;-0.0;-0.0;0.0;0.0;-0.0;0.0;0.0
M. Kjølø;/players/mathias-ullereng-kjolo/517477/;2024-12-01;16;0.0;0.0;0.0;0.0;-0.0;-0.0;0.0;0.0;0.0;-0.0;0.0;0.0;-0.0;0.0;0.0
G. Besselink;/players/gijs-besselink/895383/;2024-12-01;16;0.0;0.0;0.0;0.0;-0.0;-0.0;0.0;0.0;0.0;-0.0;0.0;0.0;-0.0;0.0;0.0
H. Kuster;/players/harrie-kuster/916880/;2024-12-01;16;0.0;0.0;0.0;0.0;-0.0;-0.0;0.0;0.0;0.0;-0.0;0.0;0.0;-0.0;0.0;0.0
I. El Maach;/players/issam-el-maach/506880/;2024-12-01;16;0.0;0.0;0.0;0.0;-0.0;-0.0;0.0;0.0;-0.0;-0.0;0.0;0.0;-0.0;0.0;0.0
J. Mesbahi;/players/julien-mesbahi/830556/;2024-12-01;16;0.0;0.0;0.0;0.0;-0.0;-0.0;0.0;0.0;-0.0;-0.0;0.0;0.0;-0.0;0.0;0.0
S. Karssies;/players/sam-luca-karssies/637401/;2024-12-01;16;0.0;0.0;0.0;0.0;-0.0;-0.0;0.0;0.0;-0.0;-0.0;0.0;0.0;-0.0;0.0;0.0
L. Plogmann;/players/luca-plogmann/470121/;2024-12-01;16;3.0;0.0;0.0;0.0;-0.0;-0.0;0.0;0.0;-3.0;-0.0;0.0;0.0;-0.0;0.0;0.0
G. Nauber;/players/gerrit-nauber/102528/;2024-12-01;16;3.0;0.0;0.0;0.0;-0.0;-0.0;0.0;0.0;-3.0;-0.0;0.0;0.0;-0.0;0.0;0.0
J. Kramer;/players/joris-kramer/402051/;2024-12-01;16;3.0;0.0;0.0;0.0;-0.0;-0.0;0.0;0.0;-3.0;-0.0;0.0;0.0;-0.0;0.0;0.0
M. Deijl;/players/mats-deijl/402457/;2024-12-01;16;3.0;0.0;0.0;0.0;-0.0;-0.0;0.0;0.0;-3.0;-0.0;0.0;0.0;-0.0;0.0;0.0
D. James;/players/dean-ruben--james/537308/;2024-12-01;16;2.83;0.0;0.0;0.0;-0.0;-0.0;0.0;0.0;-3.0;-0.0;0.0;0.0;-0.0;0.0;-0.17
E. Llansana;/players/enric-llansana/515466/;2024-12-01;16;3.0;0.0;0.0;0.0;-0.0;-0.0;0.0;0.0;0.0;-0.0;0.0;0.0;-0.0;0.0;3.0
E. Linthorst;/players/evert-linthorst/546756/;2024-12-01;16;2.83;0.0;0.0;0.0;-0.0;-0.0;0.0;0.0;0.0;-0.0;0.0;0.0;-0.0;0.0;2.83
V. Edvardsen;/players/victor-edvardsen/409168/;2024-12-01;16;3.0;0.0;0.0;0.0;-0.0;-0.0;0.0;0.0;0.0;-0.0;0.0;0.0;-0.0;0.0;3.0
O. Edvardsen;/players/oliver-valaker-edvardsen/545481/;2024-12-01;16;2.43;0.0;0.0;0.0;-2.0;-0.0;0.0;0.0;0.0;-0.0;0.0;0.0;-0.0;0.0;0.43
O. Antman;/players/oliver-antman/547497/;2024-12-01;16;2.83;0.0;0.0;0.0;-0.0;-0.0;0.0;8.0;0.0;-0.0;0.0;0.0;-0.0;0.0;10.83
J. Breum;/players/jakob-breum/658739/;2024-12-01;16;3.0;0.0;0.0;0.0;-2.0;-0.0;16.0;0.0;0.0;-0.0;0.0;0.0;-0.0;0.0;17.0
M. Suray;/players/mathis-suray/517358/;2024-12-01;16;0.57;0.0;0.0;0.0;-0.0;-0.0;0.0;0.0;0.0;-0.0;0.0;0.0;-0.0;0.0;0.57
B. Adekanye;/players/bobby-adekanye/427040/;2024-12-01;16;0.17;0.0;0.0;0.0;-0.0;-0.0;0.0;0.0;0.0;-0.0;0.0;0.0;-0.0;0.0;0.17
F. Stokkers;/players/finn-stokkers/319661/;2024-12-01;16;0.17;0.0;0.0;0.0;-0.0;-0.0;0.0;0.0;0.0;-0.0;0.0;0.0;-0.0;0.0;0.17
S. Tengstedt;/players/soren-tengstedt/615917/;2024-12-01;16;0.17;0.0;0.0;0.0;-0.0;-0.0;0.0;0.0;0.0;-0.0;0.0;0.0;-0.0;0.0;0.17
M. Smit;/players/milan-smit/828395/;2024-12-01;16;0.0;0.0;0.0;0.0;-0.0;-0.0;0.0;0.0;0.0;-0.0;0.0;0.0;-0.0;0.0;0.0
L. Everink;/players/luca-everink/628510/;2024-12-01;16;0.0;0.0;0.0;0.0;-0.0;-0.0;0.0;0.0;-0.0;-0.0;0.0;0.0;-0.0;0.0;0.0
S. Jansen;/players/sven-jansen/421540/;2024-12-01;16;0.0;0.0;0.0;0.0;-0.0;-0.0;0.0;0.0;-0.0;-0.0;0.0;0.0;-0.0;0.0;0.0
J. Dirksen;/players/julius-dirksen/632220/;2024-12-01;16;0.0;0.0;0.0;0.0;-0.0;-0.0;0.0;0.0;-0.0;-0.0;0.0;0.0;-0.0;0.0;0.0
J. De Busser;/players/jari-de-busser/451008/;2024-12-01;16;0.0;0.0;0.0;0.0;-0.0;-0.0;0.0;0.0;-0.0;-0.0;0.0;0.0;-0.0;0.0;0.0
A. Adelgaard;/players/aske-adelgaard/857149/;2024-12-01;16;0.0;0.0;0.0;0.0;-0.0;-0.0;0.0;0.0;-0.0;-0.0;0.0;0.0;-0.0;0.0;0.0
J. Amofa;/players/jamal-amofa/668121/;2024-12-01;16;0.0;0.0;0.0;0.0;-0.0;-0.0;0.0;0.0;-0.0;-0.0;0.0;0.0;-0.0;0.0;0.0
C. Twigt;/players/calvin-twigt/669594/;2024-12-01;16;0.0;0.0;0.0;0.0;-0.0;-0.0;0.0;0.0;0.0;-0.0;0.0;0.0;-0.0;0.0;0.0
V. Barkas;/players/vasileios-barkas/272919/;2024-12-01;16;3.0;0.0;0.0;0.0;-0.0;-0.0;0.0;0.0;-5.0;-0.0;0.0;0.0;-0.0;0.0;-2.0
N. Viergever;/players/nick--viergever/78529/;2024-12-01;16;3.0;0.0;0.0;0.0;-0.0;-0.0;0.0;0.0;-5.0;-0.0;0.0;0.0;-0.0;0.0;-2.0
S. Horemans;/players/siebe-horemans/399758/;2024-12-01;16;3.0;0.0;0.0;0.0;-0.0;-0.0;12.0;0.0;-5.0;-0.0;0.0;0.0;-0.0;0.0;10.0
S. El Karouani;/players/souffian-elkarouani/537878/;2024-12-01;16;3.0;0.0;0.0;0.0;-0.0;-0.0;0.0;6.0;-5.0;-0.0;0.0;0.0;-0.0;0.0;4.0
M. Didden;/players/matisse-didden/541794/;2024-12-01;16;2.13;0.0;0.0;0.0;-0.0;-0.0;0.0;0.0;-3.0;-0.0;0.0;0.0;-0.0;0.0;-0.87
V. Jensen;/players/victor-jensen/460509/;2024-12-01;16;2.13;0.0;0.0;0.0;-0.0;-0.0;0.0;0.0;0.0;-0.0;0.0;0.0;-0.0;0.0;2.13
P. Aaronson;/players/paxten-aaronson/576828/;2024-12-01;16;3.0;0.0;0.0;0.0;-2.0;-0.0;0.0;0.0;0.0;-0.0;0.0;0.0;-0.0;0.0;1.0
O. Fraulo;/players/oscar-fraulo/637161/;2024-12-01;16;3.0;0.0;0.0;0.0;-0.0;-0.0;0.0;0.0;0.0;-0.0;0.0;0.0;-0.0;0.0;3.0
Miguel Rodríguez;/players/miguel-rodriguez-vidal/576516/;2024-12-01;16;1.53;0.0;0.0;0.0;-2.0;-0.0;0.0;0.0;0.0;-0.0;0.0;0.0;-0.0;0.0;-0.47
A. Descotte;/players/anthony-descotte/638248/;2024-12-01;16;2.13;0.0;0.0;0.0;-0.0;-0.0;0.0;0.0;0.0;-0.0;0.0;3.0;-0.0;0.0;5.13
Y. Cathline;/players/yoann-cathline/660710/;2024-12-01;16;2.7;0.0;0.0;0.0;-0.0;-0.0;0.0;0.0;0.0;-0.0;0.0;0.0;-0.0;0.0;2.7
T. Booth;/players/taylor-booth/441556/;2024-12-01;16;1.47;0.0;0.0;0.0;-0.0;-0.0;0.0;0.0;0.0;-0.0;0.0;0.0;-0.0;0.0;1.47
N. Ohio;/players/noah-ohio/571268/;2024-12-01;16;0.87;0.0;0.0;0.0;-0.0;-0.0;0.0;0.0;0.0;-0.0;0.0;0.0;-0.0;0.0;0.87
J. Toornstra;/players/jens-toornstra/110217/;2024-12-01;16;0.87;0.0;0.0;0.0;-0.0;-0.0;0.0;0.0;0.0;-0.0;0.0;0.0;-0.0;0.0;0.87
M. van der Hoorn;/players/mike-van-der-hoorn/190540/;2024-12-01;16;0.87;0.0;0.0;0.0;-0.0;-0.0;0.0;0.0;-2.0;-0.0;0.0;0.0;-0.0;0.0;-1.13
O. Romeny;/players/ole-ter-haar-romeny/532140/;2024-12-01;16;0.3;0.0;0.0;0.0;-0.0;-0.0;0.0;0.0;0.0;-0.0;0.0;0.0;-0.0;0.0;0.3
M. Brouwer;/players/michael-brouwer/250395/;2024-12-01;16;0.0;0.0;0.0;0.0;-0.0;-0.0;0.0;0.0;-0.0;-0.0;0.0;0.0;-0.0;0.0;0.0
T. de Graaff;/players/tom-gerard-de-graaff/783148/;2024-12-01;16;0.0;0.0;0.0;0.0;-0.0;-0.0;0.0;0.0;-0.0;-0.0;0.0;0.0;-0.0;0.0;0.0
N. Vesterlund;/players/niklas-brondsted-vesterlund-nielsen/441234/;2024-12-01;16;0.0;0.0;0.0;0.0;-0.0;-0.0;0.0;0.0;-0.0;-0.0;0.0;0.0;-0.0;0.0;0.0
Zidane Iqbal;/players/zidane-iqbal/644834/;2024-12-01;16;0.0;0.0;0.0;0.0;-0.0;-0.0;0.0;0.0;0.0;-0.0;0.0;0.0;-0.0;0.0;0.0
K. Finnsson;/players/kolbeinn-finnsson/384487/;2024-12-01;16;0.0;0.0;0.0;0.0;-0.0;-0.0;0.0;0.0;-0.0;-0.0;0.0;0.0;-0.0;0.0;0.0
D. Min;/players/david-min/587715/;2024-12-01;16;0.0;0.0;0.0;0.0;-0.0;-0.0;0.0;0.0;0.0;-0.0;0.0;0.0;-0.0;0.0;0.0
A. Blake;/players/adrian-blake/695557/;2024-12-01;16;0.0;0.0;0.0;0.0;-0.0;-0.0;0.0;0.0;0.0;-0.0;0.0;0.0;-0.0;0.0;0.0
W. Benítez;/players/walter-benitez/210145/;2024-12-01;16;3.0;2.0;0.0;0.0;-0.0;-0.0;0.0;0.0;-2.0;-0.0;0.0;0.0;-0.0;0.0;3.0
O. Boscagli;/players/olivier-boscagli/329542/;2024-12-01;16;2.87;1.91;0.0;0.0;-2.0;-0.0;0.0;6.0;-1.0;-0.0;0.0;0.0;-0.0;0.0;7.78
R. Flamingo;/players/ryan-flamingo/627724/;2024-12-01;16;3.0;2.0;0.0;0.0;-2.0;-0.0;0.0;0.0;-2.0;-0.0;0.0;0.0;-0.0;0.0;1.0
M. Dams;/players/matteo-dams/805736/;2024-12-01;16;3.0;2.0;0.0;0.0;-0.0;-0.0;0.0;0.0;-2.0;-0.0;0.0;0.0;-0.0;0.0;3.0
G. Til;/players/guus-til/451981/;2024-12-01;16;3.0;2.0;0.0;0.0;-2.0;-0.0;18.0;5.0;0.0;-0.0;0.0;0.0;-0.0;0.0;26.0
R. Ledezma;/players/richard-ledezma/512218/;2024-12-01;16;2.6;1.73;0.0;0.0;-0.0;-0.0;0.0;0.0;0.0;-0.0;0.0;0.0;-0.0;0.0;4.33
M. Tillman;/players/malik-tillman/561787/;2024-12-01;16;3.0;2.0;0.0;0.0;-0.0;-0.0;0.0;0.0;0.0;-0.0;0.0;0.0;-0.0;0.0;5.0
I. Saibari;/players/ismael-saibari/632481/;2024-12-01;16;2.6;1.73;0.0;0.0;-2.0;-0.0;18.0;5.0;0.0;-0.0;0.0;0.0;-0.0;0.0;25.33
L. de Jong;/players/luuk-de-jong/65056/;2024-12-01;16;2.57;1.71;0.0;0.0;-0.0;-0.0;0.0;0.0;0.0;-0.0;0.0;0.0;-0.0;0.0;4.28
N. Lang;/players/noa-lang/463018/;2024-12-01;16;3.0;2.0;0.0;0.0;-0.0;-0.0;0.0;4.0;0.0;-0.0;0.0;0.0;-0.0;0.0;9.0
J. Bakayoko;/players/johan-bakayoko/638229/;2024-12-01;16;2.6;1.73;0.0;0.0;-0.0;-0.0;8.0;0.0;0.0;-0.0;0.0;0.0;-0.0;0.0;12.33
R. Pepi;/players/ricardo-pepi/523964/;2024-12-01;16;0.43;0.29;0.0;0.0;-0.0;-0.0;0.0;0.0;0.0;-0.0;0.0;0.0;-0.0;0.0;0.72
I. Perišić;/players/ivan-perisic/13756/;2024-12-01;16;0.4;0.27;0.0;0.0;-0.0;-0.0;0.0;0.0;0.0;-0.0;0.0;0.0;-0.0;0.0;0.67
J. Veerman;/players/joey--veerman/459312/;2024-12-01;16;0.4;0.27;0.0;0.0;-0.0;-0.0;0.0;0.0;0.0;-0.0;0.0;0.0;-0.0;0.0;0.67
H. Lozano;/players/hirving-rodrigo-lozano-bahena/327531/;2024-12-01;16;0.4;0.27;0.0;0.0;-0.0;-0.0;0.0;4.0;0.0;-0.0;0.0;0.0;-0.0;0.0;4.67
A. Obispo;/players/armando-obispo/426581/;2024-12-01;16;0.13;0.09;0.0;0.0;-0.0;-0.0;0.0;0.0;-1.0;-0.0;0.0;0.0;-0.0;0.0;-0.78
J. Drommel;/players/joel-drommel/355869/;2024-12-01;16;0.0;0.0;0.0;0.0;-0.0;-0.0;0.0;0.0;-0.0;-0.0;0.0;0.0;-0.0;0.0;0.0
N. Schiks;/players/niek-schiks/643502/;2024-12-01;16;0.0;0.0;0.0;0.0;-0.0;-0.0;0.0;0.0;-0.0;-0.0;0.0;0.0;-0.0;0.0;0.0
R. Pasveer;/players/remko-pasveer/49689/;2024-12-04;17;3.0;0.0;1.0;0.0;-0.0;-0.0;0.0;0.0;-2.0;-3.0;0.0;0.0;-0.0;0.0;-1.0
J. Šutalo;/players/josip-utalo/460387/;2024-12-04;17;3.0;0.0;1.0;0.0;-0.0;-0.0;0.0;0.0;-2.0;-0.0;0.0;0.0;-0.0;0.0;2.0
Y. Baas;/players/youri-baas/638355/;2024-12-04;17;3.0;0.0;1.0;0.0;-0.0;-0.0;0.0;0.0;-2.0;-0.0;0.0;0.0;-0.0;0.0;2.0
A. Gaaei;/players/anton-gaaei/701784/;2024-12-04;17;3.0;0.0;1.0;0.0;-0.0;-0.0;12.0;0.0;-2.0;-0.0;0.0;0.0;-0.0;0.0;14.0
J. Hato;/players/jorrel-hato/783173/;2024-12-04;17;3.0;0.0;1.0;0.0;-0.0;-0.0;0.0;0.0;-2.0;-0.0;0.0;0.0;-0.0;0.0;2.0
J. Henderson;/players/jordan-henderson/48010/;2024-12-04;17;3.0;0.0;1.0;0.0;-0.0;-0.0;0.0;0.0;0.0;-0.0;0.0;0.0;-0.0;0.0;4.0
K. Taylor;/players/kenneth-taylor/508784/;2024-12-04;17;2.83;0.0;0.94;0.0;-0.0;-0.0;0.0;0.0;0.0;-0.0;0.0;0.0;-0.0;0.0;3.78
K. Fitz-Jim;/players/kian-fitz-jim/591724/;2024-12-04;17;2.03;0.0;0.68;0.0;-0.0;-0.0;0.0;0.0;0.0;-0.0;0.0;0.0;-0.0;0.0;2.71
B. Traoré;/players/bertrand-traore/102801/;2024-12-04;17;2.03;0.0;0.68;0.0;-0.0;-0.0;0.0;0.0;0.0;-0.0;0.0;0.0;-0.0;0.0;2.71
C. Akpom;/players/chuba-akpom/215570/;2024-12-04;17;3.0;0.0;1.0;0.0;-0.0;-0.0;0.0;0.0;0.0;-0.0;0.0;0.0;-0.0;0.0;4.0
W. Weghorst;/players/wout-weghorst/255205/;2024-12-04;17;2.47;0.0;0.82;0.0;-0.0;-0.0;0.0;0.0;0.0;-0.0;0.0;0.0;-0.0;0.0;3.29
D. Klaassen;/players/davy-klaassen/158581/;2024-12-04;17;0.97;0.0;0.32;0.0;-0.0;-0.0;0.0;0.0;0.0;-0.0;0.0;0.0;-0.0;0.0;1.29
S. Berghuis;/players/steven-berghuis/134080/;2024-12-04;17;0.97;0.0;0.32;0.0;-0.0;-0.0;0.0;0.0;0.0;-0.0;0.0;0.0;-0.0;0.0;1.29
B. Brobbey;/players/brian-brobbey/520146/;2024-12-04;17;0.53;0.0;0.18;0.0;-0.0;-0.0;0.0;0.0;0.0;-0.0;0.0;0.0;-0.0;0.0;0.71
B. van den Boomen;/players/branco-van-den-boomen/215550/;2024-12-04;17;0.17;0.0;0.06;0.0;-0.0;-0.0;0.0;0.0;0.0;-0.0;0.0;0.0;-0.0;0.0;0.22
A. Kaplan;/players/ahmetcan-kaplan/641115/;2024-12-04;17;0.0;0.0;0.0;0.0;-0.0;-0.0;0.0;0.0;-0.0;-0.0;0.0;0.0;-0.0;0.0;0.0
N. Verschuren;/players/nick-verschuren/923634/;2024-12-04;17;0.0;0.0;0.0;0.0;-0.0;-0.0;0.0;0.0;-0.0;-0.0;0.0;0.0;-0.0;0.0;0.0
D. Ramaj;/players/diant-ramaj/562543/;2024-12-04;17;0.0;0.0;0.0;0.0;-0.0;-0.0;0.0;0.0;-0.0;-0.0;0.0;0.0;-0.0;0.0;0.0
P. Ugwu;/players/precious-joel-uche-chukwu-ugwu/899673/;2024-12-04;17;0.0;0.0;0.0;0.0;-0.0;-0.0;0.0;0.0;-0.0;-0.0;0.0;0.0;-0.0;0.0;0.0
K. Hlynsson;/players/kristian-nokkvi-hlynsson/636342/;2024-12-04;17;0.0;0.0;0.0;0.0;-0.0;-0.0;0.0;0.0;0.0;-0.0;0.0;0.0;-0.0;0.0;0.0
O. Wijndal;/players/owen-wijndal/440858/;2024-12-04;17;0.0;0.0;0.0;0.0;-0.0;-0.0;0.0;0.0;-0.0;-0.0;0.0;0.0;-0.0;0.0;0.0
J. Gorter;/players/jay-gorter/477600/;2024-12-04;17;0.0;0.0;0.0;0.0;-0.0;-0.0;0.0;0.0;-0.0;-0.0;0.0;0.0;-0.0;0.0;0.0
C. Rasmussen;/players/christian-theodor-kjelder-rasmussen/632224/;2024-12-04;17;0.0;0.0;0.0;0.0;-0.0;-0.0;0.0;0.0;0.0;-0.0;0.0;0.0;-0.0;0.0;0.0
V. Barkas;/players/vasileios-barkas/272919/;2024-12-04;17;3.0;0.0;1.0;0.0;-0.0;-0.0;0.0;0.0;-2.0;-0.0;0.0;0.0;-0.0;0.0;2.0
N. Viergever;/players/nick--viergever/78529/;2024-12-04;17;3.0;0.0;1.0;0.0;-0.0;-0.0;0.0;0.0;-2.0;-0.0;0.0;0.0;-0.0;0.0;2.0
M. van der Hoorn;/players/mike-van-der-hoorn/190540/;2024-12-04;17;2.63;0.0;0.88;0.0;-0.0;-0.0;0.0;0.0;-1.0;-0.0;0.0;0.0;-0.0;0.0;2.51
N. Vesterlund;/players/niklas-brondsted-vesterlund-nielsen/441234/;2024-12-04;17;3.0;0.0;1.0;0.0;-0.0;-0.0;0.0;0.0;-2.0;-0.0;0.0;0.0;-0.0;0.0;2.0
S. El Karouani;/players/souffian-elkarouani/537878/;2024-12-04;17;3.0;0.0;1.0;0.0;-0.0;-0.0;0.0;0.0;-2.0;-0.0;0.0;0.0;-0.0;0.0;2.0
J. Toornstra;/players/jens-toornstra/110217/;2024-12-04;17;2.43;0.0;0.81;0.0;-0.0;-0.0;0.0;0.0;0.0;-3.0;0.0;0.0;-0.0;0.0;0.24
P. Aaronson;/players/paxten-aaronson/576828/;2024-12-04;17;3.0;0.0;1.0;0.0;-0.0;-0.0;0.0;0.0;0.0;-0.0;0.0;0.0;-0.0;0.0;4.0
Zidane Iqbal;/players/zidane-iqbal/644834/;2024-12-04;17;3.0;0.0;1.0;0.0;-0.0;-0.0;0.0;0.0;0.0;-0.0;0.0;0.0;-0.0;0.0;4.0
Miguel Rodríguez;/players/miguel-rodriguez-vidal/576516/;2024-12-04;17;3.0;0.0;1.0;0.0;-0.0;-0.0;0.0;0.0;0.0;-0.0;0.0;0.0;-0.0;0.0;4.0
D. Min;/players/david-min/587715/;2024-12-04;17;2.63;0.0;0.88;0.0;-0.0;-0.0;8.0;0.0;0.0;-0.0;0.0;0.0;-0.0;0.0;11.51
Y. Cathline;/players/yoann-cathline/660710/;2024-12-04;17;3.0;0.0;1.0;0.0;-0.0;-0.0;0.0;0.0;0.0;-0.0;0.0;0.0;-0.0;0.0;4.0
V. Jensen;/players/victor-jensen/460509/;2024-12-04;17;0.57;0.0;0.19;0.0;-0.0;-0.0;0.0;0.0;0.0;-0.0;0.0;0.0;-0.0;0.0;0.76
N. Ohio;/players/noah-ohio/571268/;2024-12-04;17;0.37;0.0;0.12;0.0;-0.0;-0.0;0.0;0.0;0.0;-0.0;0.0;0.0;-0.0;0.0;0.49
S. Horemans;/players/siebe-horemans/399758/;2024-12-04;17;0.37;0.0;0.12;0.0;-0.0;-0.0;0.0;0.0;-1.0;-0.0;0.0;0.0;-0.0;0.0;-0.51
T. de Graaff;/players/tom-gerard-de-graaff/783148/;2024-12-04;17;0.0;0.0;0.0;0.0;-0.0;-0.0;0.0;0.0;-0.0;-0.0;0.0;0.0;-0.0;0.0;0.0
O. Romeny;/players/ole-ter-haar-romeny/532140/;2024-12-04;17;0.0;0.0;0.0;0.0;-0.0;-0.0;0.0;0.0;0.0;-0.0;0.0;0.0;-0.0;0.0;0.0
K. Finnsson;/players/kolbeinn-finnsson/384487/;2024-12-04;17;0.0;0.0;0.0;0.0;-0.0;-0.0;0.0;0.0;-0.0;-0.0;0.0;0.0;-0.0;0.0;0.0
S. Andersen;/players/silas-andersen/655434/;2024-12-04;17;0.0;0.0;0.0;0.0;-0.0;-0.0;0.0;0.0;0.0;-0.0;0.0;0.0;-0.0;0.0;0.0
M. Brouwer;/players/michael-brouwer/250395/;2024-12-04;17;0.0;0.0;0.0;0.0;-0.0;-0.0;0.0;0.0;-0.0;-0.0;0.0;0.0;-0.0;0.0;0.0
J. Mukeh;/players/joshua-mukeh/687903/;2024-12-04;17;0.0;0.0;0.0;0.0;-0.0;-0.0;0.0;0.0;-0.0;-0.0;0.0;0.0;-0.0;0.0;0.0
R. El Arguioui;/players/rafik--el-arguioui/821542/;2024-12-04;17;0.0;0.0;0.0;0.0;-0.0;-0.0;0.0;0.0;0.0;-0.0;0.0;0.0;-0.0;0.0;0.0
O. Fraulo;/players/oscar-fraulo/637161/;2024-12-04;17;0.0;0.0;0.0;0.0;-0.0;-0.0;0.0;0.0;0.0;-0.0;0.0;0.0;-0.0;0.0;0.0
A. Blake;/players/adrian-blake/695557/;2024-12-04;17;0.0;0.0;0.0;0.0;-0.0;-0.0;0.0;0.0;0.0;-0.0;0.0;0.0;-0.0;0.0;0.0
W. Benítez;/players/walter-benitez/210145/;2024-12-06;18;3.0;2.0;0.0;0.0;-0.0;-0.0;0.0;0.0;-1.0;-0.0;0.0;0.0;-0.0;0.0;4.0
O. Boscagli;/players/olivier-boscagli/329542/;2024-12-06;18;3.0;2.0;0.0;0.0;-0.0;-0.0;0.0;0.0;-1.0;-0.0;0.0;0.0;-0.0;0.0;4.0
Mauro Júnior;/players/mauro-jaqueson-junior-ferreira-dos-santos/398754/;2024-12-06;18;2.37;1.58;0.0;0.0;-0.0;-0.0;0.0;0.0;-1.0;-0.0;0.0;0.0;-0.0;0.0;2.94
R. Ledezma;/players/richard-ledezma/512218/;2024-12-06;18;3.0;2.0;0.0;0.0;-0.0;-0.0;9.0;0.0;0.0;-0.0;0.0;0.0;-0.0;0.0;14.0
R. Flamingo;/players/ryan-flamingo/627724/;2024-12-06;18;3.0;2.0;0.0;0.0;-0.0;-0.0;0.0;0.0;-1.0;-0.0;0.0;0.0;-0.0;0.0;4.0
M. Dams;/players/matteo-dams/805736/;2024-12-06;18;1.53;1.02;0.0;0.0;-0.0;-0.0;0.0;0.0;-1.0;-0.0;0.0;0.0;-0.0;0.0;1.56
M. Tillman;/players/malik-tillman/561787/;2024-12-06;18;3.0;2.0;0.0;0.0;-0.0;-0.0;9.0;0.0;0.0;-0.0;0.0;0.0;-0.0;0.0;14.0
I. Saibari;/players/ismael-saibari/632481/;2024-12-06;18;2.37;1.58;0.0;0.0;-0.0;-0.0;18.0;10.0;0.0;-0.0;0.0;0.0;-0.0;0.0;31.94
N. Lang;/players/noa-lang/463018/;2024-12-06;18;2.17;1.44;0.0;0.0;-0.0;-0.0;8.0;8.0;0.0;-0.0;0.0;0.0;-0.0;0.0;19.61
R. Pepi;/players/ricardo-pepi/523964/;2024-12-06;18;3.0;2.0;0.0;0.0;-0.0;-0.0;8.0;4.0;0.0;-0.0;0.0;0.0;-0.0;0.0;17.0
J. Bakayoko;/players/johan-bakayoko/638229/;2024-12-06;18;2.17;1.44;0.0;0.0;-0.0;-0.0;0.0;0.0;0.0;-0.0;0.0;0.0;-0.0;0.0;3.61
J. Veerman;/players/joey--veerman/459312/;2024-12-06;18;1.47;0.98;0.0;0.0;-0.0;-0.0;0.0;0.0;0.0;-0.0;0.0;0.0;-0.0;0.0;2.44
I. Perišić;/players/ivan-perisic/13756/;2024-12-06;18;0.83;0.56;0.0;0.0;-0.0;-0.0;0.0;0.0;0.0;-0.0;0.0;0.0;-0.0;0.0;1.39
H. Lozano;/players/hirving-rodrigo-lozano-bahena/327531/;2024-12-06;18;0.83;0.56;0.0;0.0;-0.0;-0.0;0.0;0.0;0.0;-0.0;0.0;0.0;-0.0;0.0;1.39
G. Til;/players/guus-til/451981/;2024-12-06;18;0.63;0.42;0.0;0.0;-0.0;-0.0;0.0;5.0;0.0;-0.0;0.0;0.0;-0.0;0.0;6.06
F. Oppegård;/players/fredrik-oppegard/575059/;2024-12-06;18;0.63;0.42;0.0;0.0;-0.0;-0.0;0.0;0.0;-0.0;-0.0;0.0;0.0;-0.0;0.0;1.06
J. Schouten;/players/jerdy-schouten/448432/;2024-12-06;18;0.0;0.0;0.0;0.0;-0.0;-0.0;0.0;0.0;0.0;-0.0;0.0;0.0;-0.0;0.0;0.0
A. Obispo;/players/armando-obispo/426581/;2024-12-06;18;0.0;0.0;0.0;0.0;-0.0;-0.0;0.0;0.0;-0.0;-0.0;0.0;0.0;-0.0;0.0;0.0
N. Schiks;/players/niek-schiks/643502/;2024-12-06;18;0.0;0.0;0.0;0.0;-0.0;-0.0;0.0;0.0;-0.0;-0.0;0.0;0.0;-0.0;0.0;0.0
R. Karsdorp;/players/rick-karsdorp/322327/;2024-12-06;18;0.0;0.0;0.0;0.0;-0.0;-0.0;0.0;0.0;-0.0;-0.0;0.0;0.0;-0.0;0.0;0.0
J. Drommel;/players/joel-drommel/355869/;2024-12-06;18;0.0;0.0;0.0;0.0;-0.0;-0.0;0.0;0.0;-0.0;-0.0;0.0;0.0;-0.0;0.0;0.0
L. de Jong;/players/luuk-de-jong/65056/;2024-12-06;18;0.0;0.0;0.0;0.0;-0.0;-0.0;0.0;0.0;0.0;-0.0;0.0;0.0;-0.0;0.0;0.0
P. Tytoń;/players/przemyslaw-tyton/17326/;2024-12-06;18;3.0;0.0;0.0;0.0;-0.0;-0.0;0.0;0.0;-6.0;-0.0;0.0;0.0;-0.0;0.0;-3.0
A. Salah-Eddine;/players/anass-salah-eddine/525927/;2024-12-06;18;2.6;0.0;0.0;0.0;-0.0;-0.0;0.0;0.0;-5.0;-0.0;0.0;0.0;-0.0;0.0;-2.4
B. van Rooij;/players/bart-van-rooij/557859/;2024-12-06;18;3.0;0.0;0.0;0.0;-0.0;-0.0;0.0;0.0;-6.0;-0.0;0.0;0.0;-0.0;0.0;-3.0
M. Hilgers;/players/mees-hilgers/627701/;2024-12-06;18;1.97;0.0;0.0;0.0;-0.0;-0.0;0.0;0.0;-4.0;-0.0;0.0;0.0;-0.0;0.0;-2.03
M. Sadílek;/players/michal-sadilek/377539/;2024-12-06;18;2.6;0.0;0.0;0.0;-0.0;-0.0;0.0;0.0;0.0;-0.0;0.0;0.0;-0.0;0.0;2.6
M. Vlap;/players/michel-vlap/407742/;2024-12-06;18;1.97;0.0;0.0;0.0;-0.0;-0.0;0.0;0.0;0.0;-0.0;0.0;0.0;-0.0;0.0;1.97
S. Steijn;/players/sem-steijn/560623/;2024-12-06;18;3.0;0.0;0.0;0.0;-0.0;-0.0;9.0;0.0;0.0;-0.0;0.0;0.0;-0.0;0.0;12.0
M. Bruns;/players/max-bruns/628828/;2024-12-06;18;3.0;0.0;0.0;0.0;-2.0;-0.0;0.0;0.0;0.0;-0.0;0.0;0.0;-0.0;0.0;1.0
Y. Regeer;/players/youri-regeer/632221/;2024-12-06;18;3.0;0.0;0.0;0.0;-0.0;-0.0;0.0;0.0;0.0;-0.0;0.0;0.0;-0.0;0.0;3.0
S. Lammers;/players/sam-lammers/407736/;2024-12-06;18;3.0;0.0;0.0;0.0;-0.0;-0.0;0.0;0.0;0.0;-0.0;0.0;0.0;-0.0;0.0;3.0
M. van Bergen;/players/mitchell-van-bergen/426574/;2024-12-06;18;1.97;0.0;0.0;0.0;-0.0;-0.0;0.0;0.0;0.0;-0.0;0.0;0.0;-0.0;0.0;1.97
D. Rots;/players/daan-rots/628516/;2024-12-06;18;1.03;0.0;0.0;0.0;-0.0;-0.0;0.0;0.0;0.0;-0.0;0.0;0.0;-0.0;0.0;1.03
G. Lagerbielke;/players/gustaf-lagerbielke/500894/;2024-12-06;18;1.03;0.0;0.0;0.0;-0.0;-0.0;0.0;0.0;-2.0;-0.0;0.0;0.0;-0.0;0.0;-0.97
S. Ltaief;/players/sayfallah-ltaief/659735/;2024-12-06;18;1.03;0.0;0.0;0.0;-0.0;-0.0;0.0;0.0;0.0;-0.0;0.0;0.0;-0.0;0.0;1.03
C. Eiting;/players/carel-eiting/379791/;2024-12-06;18;0.4;0.0;0.0;0.0;-0.0;-0.0;0.0;0.0;0.0;-0.0;0.0;0.0;-0.0;0.0;0.4
B. Kuipers;/players/bas-edo-kuipers/274649/;2024-12-06;18;0.4;0.0;0.0;0.0;-0.0;-0.0;0.0;0.0;-1.0;-0.0;0.0;0.0;-0.0;0.0;-0.6
M. Kjølø;/players/mathias-ullereng-kjolo/517477/;2024-12-06;18;0.0;0.0;0.0;0.0;-0.0;-0.0;0.0;0.0;0.0;-0.0;0.0;0.0;-0.0;0.0;0.0
A. Van Hoorenbeeck;/players/alec-van-hoorenbeeck/593523/;2024-12-06;18;0.0;0.0;0.0;0.0;-0.0;-0.0;0.0;0.0;-0.0;-0.0;0.0;0.0;-0.0;0.0;0.0
G. Besselink;/players/gijs-besselink/895383/;2024-12-06;18;0.0;0.0;0.0;0.0;-0.0;-0.0;0.0;0.0;0.0;-0.0;0.0;0.0;-0.0;0.0;0.0
I. El Maach;/players/issam-el-maach/506880/;2024-12-06;18;0.0;0.0;0.0;0.0;-0.0;-0.0;0.0;0.0;-0.0;-0.0;0.0;0.0;-0.0;0.0;0.0
S. Karssies;/players/sam-luca-karssies/637401/;2024-12-06;18;0.0;0.0;0.0;0.0;-0.0;-0.0;0.0;0.0;-0.0;-0.0;0.0;0.0;-0.0;0.0;0.0
L. Plogmann;/players/luca-plogmann/470121/;2024-12-07;18;3.0;2.0;0.0;0.0;-0.0;-0.0;0.0;0.0;-0.0;-0.0;12.0;0.0;-0.0;0.0;17.0
G. Nauber;/players/gerrit-nauber/102528/;2024-12-07;18;3.0;2.0;0.0;0.0;-0.0;-0.0;0.0;0.0;-0.0;-0.0;10.0;0.0;-0.0;0.0;15.0
J. Kramer;/players/joris-kramer/402051/;2024-12-07;18;2.57;1.71;0.0;0.0;-0.0;-0.0;0.0;0.0;-0.0;-0.0;8.56;0.0;-0.0;0.0;12.83
M. Deijl;/players/mats-deijl/402457/;2024-12-07;18;3.0;2.0;0.0;0.0;-0.0;-0.0;0.0;6.0;-0.0;-0.0;10.0;0.0;-0.0;0.0;21.0
D. James;/players/dean-ruben--james/537308/;2024-12-07;18;3.0;2.0;0.0;0.0;-2.0;-0.0;12.0;0.0;-0.0;-0.0;10.0;0.0;-0.0;0.0;25.0
E. Llansana;/players/enric-llansana/515466/;2024-12-07;18;3.0;2.0;0.0;0.0;-0.0;-0.0;9.0;0.0;0.0;-0.0;3.0;0.0;-0.0;0.0;17.0
E. Linthorst;/players/evert-linthorst/546756/;2024-12-07;18;2.07;1.38;0.0;0.0;-0.0;-0.0;0.0;0.0;0.0;-0.0;2.07;0.0;-0.0;0.0;5.51
V. Edvardsen;/players/victor-edvardsen/409168/;2024-12-07;18;2.07;1.38;0.0;0.0;-0.0;-0.0;0.0;0.0;0.0;-0.0;0.69;0.0;-0.0;0.0;4.13
O. Edvardsen;/players/oliver-valaker-edvardsen/545481/;2024-12-07;18;2.57;1.71;0.0;0.0;-0.0;-0.0;24.0;0.0;0.0;-0.0;0.86;0.0;-0.0;0.0;29.13
O. Antman;/players/oliver-antman/547497/;2024-12-07;18;3.0;2.0;0.0;0.0;-2.0;-0.0;0.0;0.0;0.0;-0.0;1.0;0.0;-0.0;0.0;4.0
J. Breum;/players/jakob-breum/658739/;2024-12-07;18;2.07;1.38;0.0;0.0;-0.0;-0.0;0.0;4.0;0.0;-0.0;0.69;0.0;-0.0;0.0;8.13
C. Twigt;/players/calvin-twigt/669594/;2024-12-07;18;0.93;0.62;0.0;0.0;-0.0;-0.0;0.0;0.0;0.0;-0.0;0.93;0.0;-0.0;0.0;2.49
F. Stokkers;/players/finn-stokkers/319661/;2024-12-07;18;0.93;0.62;0.0;0.0;-0.0;-0.0;0.0;0.0;0.0;-0.0;0.31;0.0;-0.0;0.0;1.87
S. Tengstedt;/players/soren-tengstedt/615917/;2024-12-07;18;0.93;0.62;0.0;0.0;-0.0;-0.0;0.0;0.0;0.0;-0.0;0.31;0.0;-0.0;0.0;1.87
J. Dirksen;/players/julius-dirksen/632220/;2024-12-07;18;0.43;0.29;0.0;0.0;-0.0;-0.0;0.0;0.0;-0.0;-0.0;1.44;0.0;-0.0;0.0;2.17
M. Smit;/players/milan-smit/828395/;2024-12-07;18;0.43;0.29;0.0;0.0;-0.0;-0.0;0.0;0.0;0.0;-0.0;0.14;0.0;-0.0;0.0;0.87
L. Everink;/players/luca-everink/628510/;2024-12-07;18;0.0;0.0;0.0;0.0;-0.0;-0.0;0.0;0.0;-0.0;-0.0;0.0;0.0;-0.0;0.0;0.0
A. Adelgaard;/players/aske-adelgaard/857149/;2024-12-07;18;0.0;0.0;0.0;0.0;-0.0;-0.0;0.0;0.0;-0.0;-0.0;0.0;0.0;-0.0;0.0;0.0
B. Adekanye;/players/bobby-adekanye/427040/;2024-12-07;18;0.0;0.0;0.0;0.0;-0.0;-0.0;0.0;0.0;0.0;-0.0;0.0;0.0;-0.0;0.0;0.0
J. De Busser;/players/jari-de-busser/451008/;2024-12-07;18;0.0;0.0;0.0;0.0;-0.0;-0.0;0.0;0.0;-0.0;-0.0;0.0;0.0;-0.0;0.0;0.0
M. Suray;/players/mathis-suray/517358/;2024-12-07;18;0.0;0.0;0.0;0.0;-0.0;-0.0;0.0;0.0;0.0;-0.0;0.0;0.0;-0.0;0.0;0.0
N. Verdoni;/players/nando-verdoni/813110/;2024-12-07;18;0.0;0.0;0.0;0.0;-0.0;-0.0;0.0;0.0;-0.0;-0.0;0.0;0.0;-0.0;0.0;0.0
R. Roefs;/players/robin-roefs/636190/;2024-12-07;18;3.0;0.0;0.0;0.0;-0.0;-0.0;0.0;0.0;-5.0;-0.0;0.0;0.0;-0.0;0.0;-2.0
B. Nuytinck;/players/bram-nuytinck/86442/;2024-12-07;18;1.13;0.0;0.0;0.0;-0.0;-0.0;0.0;0.0;-4.0;-0.0;0.0;0.0;-0.0;0.0;-2.87
C. Verdonk;/players/calvin-verdonk/319288/;2024-12-07;18;3.0;0.0;0.0;0.0;-2.0;-0.0;0.0;0.0;-5.0;-0.0;0.0;0.0;-0.0;0.0;-4.0
P. Sandler;/players/philippe-sandler/381097/;2024-12-07;18;2.67;0.0;0.0;0.0;-0.0;-0.0;0.0;0.0;-5.0;-0.0;0.0;0.0;-0.0;0.0;-2.33
B. Pereira;/players/brayann-pereira/640596/;2024-12-07;18;1.13;0.0;0.0;0.0;-0.0;-0.0;0.0;0.0;-4.0;-0.0;0.0;0.0;-0.0;0.0;-2.87
D. Proper;/players/dirk-proper/525939/;2024-12-07;18;3.0;0.0;0.0;0.0;-0.0;-0.0;0.0;0.0;0.0;-0.0;0.0;0.0;-0.0;0.0;3.0
K. Sano;/players/kodai-sano/815318/;2024-12-07;18;3.0;0.0;0.0;0.0;-0.0;-0.0;0.0;0.0;0.0;-0.0;0.0;0.0;-0.0;0.0;3.0
S. Ouaissa;/players/sami-ouaissa/856399/;2024-12-07;18;3.0;0.0;0.0;0.0;-0.0;-0.0;0.0;0.0;0.0;-0.0;0.0;0.0;-0.0;0.0;3.0
V. van Crooij;/players/vito-van-crooy/330044/;2024-12-07;18;1.83;0.0;0.0;0.0;-0.0;-0.0;0.0;0.0;0.0;-0.0;0.0;0.0;-0.0;0.0;1.83
K. Ogawa;/players/koki-ogawa/435835/;2024-12-07;18;1.83;0.0;0.0;0.0;-0.0;-0.0;0.0;0.0;0.0;-0.0;0.0;0.0;-0.0;0.0;1.83
S. Hansen;/players/sontje-hansen/508823/;2024-12-07;18;3.0;0.0;0.0;0.0;-2.0;-0.0;0.0;0.0;0.0;-0.0;0.0;0.0;-0.0;0.0;1.0
T. Ouwejan;/players/thomas-ouwejan/407740/;2024-12-07;18;1.87;0.0;0.0;0.0;-0.0;-0.0;0.0;0.0;-1.0;-0.0;0.0;0.0;-0.0;0.0;0.87
L. Lyratzis;/players/eleutherios-lyratzis/463371/;2024-12-07;18;1.87;0.0;0.0;0.0;-0.0;-0.0;0.0;0.0;-1.0;-0.0;0.0;0.0;-0.0;0.0;0.87
M. Hoedemakers;/players/mees-hoedemakers/465082/;2024-12-07;18;1.17;0.0;0.0;0.0;-0.0;-0.0;0.0;0.0;0.0;-0.0;0.0;0.0;-0.0;0.0;1.17
B. Önal;/players/basar-onal/822550/;2024-12-07;18;1.17;0.0;0.0;0.0;-0.0;-0.0;0.0;0.0;0.0;-0.0;0.0;0.0;-0.0;0.0;1.17
Iván Márquez;/players/ivan-marquez-alvarez/352663/;2024-12-07;18;0.33;0.0;0.0;0.0;-0.0;-0.0;0.0;0.0;-0.0;-0.0;0.0;0.0;-0.0;0.0;0.33
Róber;/players/roberto-gonzalez-bayon/500171/;2024-12-07;18;0.0;0.0;0.0;0.0;-0.0;-0.0;0.0;0.0;0.0;-0.0;0.0;0.0;-0.0;0.0;0.0
K. Shiogai;/players/kento-shiogai/910330/;2024-12-07;18;0.0;0.0;0.0;0.0;-0.0;-0.0;0.0;0.0;0.0;-0.0;0.0;0.0;-0.0;0.0;0.0
L. Schöne;/players/lasse-schone/17366/;2024-12-07;18;0.0;0.0;0.0;0.0;-0.0;-0.0;0.0;0.0;0.0;-0.0;0.0;0.0;-0.0;0.0;0.0
A. Darelas;/players/argyrios-darelas/637189/;2024-12-07;18;0.0;0.0;0.0;0.0;-0.0;-0.0;0.0;0.0;0.0;-0.0;0.0;0.0;-0.0;0.0;0.0
R. Janse;/players/rijk-janse/632550/;2024-12-07;18;0.0;0.0;0.0;0.0;-0.0;-0.0;0.0;0.0;-0.0;-0.0;0.0;0.0;-0.0;0.0;0.0
S. van Gassel;/players/stijn-van-gassel/323665/;2024-12-07;18;0.0;0.0;0.0;0.0;-0.0;-0.0;0.0;0.0;-0.0;-0.0;0.0;0.0;-0.0;0.0;0.0
N. Olij;/players/nick-olij/235322/;2024-12-07;18;3.0;0.0;0.0;0.0;-0.0;-0.0;0.0;0.0;-2.0;-0.0;0.0;0.0;-0.0;0.0;1.0
P. van Aanholt;/players/patrick-van-aanholt/88136/;2024-12-07;18;3.0;0.0;0.0;0.0;-0.0;-0.0;0.0;0.0;-2.0;-0.0;0.0;0.0;-0.0;0.0;1.0
M. Eerdhuijzen;/players/mike--eerdhuijzen/537301/;2024-12-07;18;3.0;0.0;0.0;0.0;-0.0;-0.0;0.0;0.0;-2.0;-0.0;0.0;0.0;-0.0;0.0;1.0
T. Quintero;/players/teo-quintero/565562/;2024-12-07;18;1.53;0.0;0.0;0.0;-0.0;-0.0;0.0;0.0;-1.0;-0.0;0.0;0.0;-0.0;0.0;0.53
M. Young;/players/marvin-young/890667/;2024-12-07;18;3.0;0.0;0.0;0.0;-0.0;-0.0;0.0;0.0;-2.0;-0.0;0.0;0.0;-0.0;0.0;1.0
A. Verschueren;/players/arno-vershueren/319385/;2024-12-07;18;3.0;0.0;0.0;0.0;-2.0;-0.0;0.0;0.0;0.0;-0.0;0.0;0.0;-0.0;0.0;1.0
P. Clement;/players/pelle-clement/379793/;2024-12-07;18;2.37;0.0;0.0;0.0;-0.0;-0.0;0.0;0.0;0.0;-0.0;0.0;0.0;-0.0;0.0;2.37
J. Kitolano;/players/joshua-gaston-kitolano/517475/;2024-12-07;18;3.0;0.0;0.0;0.0;-0.0;-0.0;0.0;0.0;0.0;-0.0;0.0;0.0;-0.0;0.0;3.0
J. Baas;/players/julian-baas/663406/;2024-12-07;18;1.53;0.0;0.0;0.0;-0.0;-0.0;0.0;0.0;0.0;-0.0;0.0;0.0;-0.0;0.0;1.53
T. Lauritsen;/players/tobias-lauritsen/406745/;2024-12-07;18;3.0;0.0;0.0;0.0;-0.0;-0.0;0.0;0.0;0.0;-0.0;0.0;0.0;-0.0;0.0;3.0
C. Neghli;/players/camiel-neghli/680707/;2024-12-07;18;2.37;0.0;0.0;0.0;-2.0;-0.0;0.0;0.0;0.0;-0.0;0.0;0.0;-0.0;0.0;0.37
M. Nassoh;/players/mohamed-nassoh/680659/;2024-12-07;18;1.47;0.0;0.0;0.0;-0.0;-0.0;0.0;0.0;0.0;-0.0;0.0;0.0;-0.0;0.0;1.47
B. Reith;/players/boyd-reith/427038/;2024-12-07;18;1.47;0.0;0.0;0.0;-2.0;-0.0;0.0;0.0;-1.0;-0.0;0.0;0.0;-0.0;0.0;-1.53
Metinho;/players/abemly-meto-silu/691959/;2024-12-07;18;0.63;0.0;0.0;0.0;-0.0;-0.0;0.0;0.0;0.0;-0.0;0.0;0.0;-0.0;0.0;0.63
A. Oufkir;/players/ayoub-oufkir/935867/;2024-12-07;18;0.63;0.0;0.0;0.0;-0.0;-0.0;0.0;0.0;0.0;-0.0;0.0;0.0;-0.0;0.0;0.63
C. Brym;/players/charles-andreas-brym/538704/;2024-12-07;18;0.2;0.0;0.0;0.0;-0.0;-0.0;0.0;0.0;0.0;-0.0;0.0;0.0;-0.0;0.0;0.2
S. Bakari;/players/said-bakari/325391/;2024-12-07;18;0.0;0.0;0.0;0.0;-0.0;-0.0;0.0;0.0;-0.0;-0.0;0.0;0.0;-0.0;0.0;0.0
Y. Schoonderwaldt;/players/youri-youri-schoonderwaldt/537694/;2024-12-07;18;0.0;0.0;0.0;0.0;-0.0;-0.0;0.0;0.0;-0.0;-0.0;0.0;0.0;-0.0;0.0;0.0
R. Meissen;/players/rick-meissen/571955/;2024-12-07;18;0.0;0.0;0.0;0.0;-0.0;-0.0;0.0;0.0;-0.0;-0.0;0.0;0.0;-0.0;0.0;0.0
D. Tevreden;/players/dylan-tevreden/866324/;2024-12-07;18;0.0;0.0;0.0;0.0;-0.0;-0.0;0.0;0.0;-0.0;-0.0;0.0;0.0;-0.0;0.0;0.0
S. Mito;/players/shunsuke-mito/640252/;2024-12-07;18;0.0;0.0;0.0;0.0;-0.0;-0.0;0.0;0.0;0.0;-0.0;0.0;0.0;-0.0;0.0;0.0
D. van der Kust;/players/djevencio-van-der-kust/569309/;2024-12-07;18;0.0;0.0;0.0;0.0;-0.0;-0.0;0.0;0.0;-0.0;-0.0;0.0;0.0;-0.0;0.0;0.0
D. Bielica;/players/daniel-bielica/555492/;2024-12-07;18;3.0;2.0;0.0;0.0;-0.0;-0.0;0.0;0.0;-0.0;-0.0;12.0;0.0;-0.0;0.0;17.0
J. Van den Bergh;/players/jan-van-den-bergh/354185/;2024-12-07;18;3.0;2.0;0.0;0.0;-0.0;-0.0;12.0;0.0;-0.0;-0.0;10.0;0.0;-0.0;0.0;27.0
B. Lucassen;/players/boyd-lucassen/453952/;2024-12-07;18;3.0;2.0;0.0;0.0;-2.0;-0.0;0.0;0.0;-0.0;-0.0;10.0;0.0;-0.0;0.0;13.0
B. Kemper;/players/boy-kemper/463009/;2024-12-07;18;3.0;2.0;0.0;0.0;-0.0;-0.0;12.0;0.0;-0.0;-0.0;10.0;0.0;-0.0;0.0;27.0
L. Greiml;/players/leo-greiml/517683/;2024-12-07;18;3.0;2.0;0.0;0.0;-0.0;-0.0;0.0;0.0;-0.0;-0.0;10.0;0.0;-0.0;0.0;15.0
F. Oldrup Jensen;/players/fredrik-oldrup-jensen/231672/;2024-12-07;18;2.7;1.8;0.0;0.0;-0.0;-0.0;0.0;0.0;0.0;-0.0;2.7;0.0;-0.0;0.0;7.2
C. Leemans;/players/clint-leemans/264397/;2024-12-07;18;2.7;1.8;0.0;0.0;-0.0;-0.0;0.0;5.0;0.0;-0.0;2.7;0.0;-0.0;0.0;12.2
R. Paula;/players/raul-paula/640610/;2024-12-07;18;2.7;1.8;0.0;0.0;-0.0;-0.0;0.0;0.0;0.0;-0.0;2.7;0.0;-0.0;0.0;7.2
M. Balard;/players/maximilien-balard/643695/;2024-12-07;18;3.0;2.0;0.0;0.0;-0.0;-0.0;0.0;0.0;0.0;-0.0;3.0;0.0;-0.0;0.0;8.0
E. Ómarsson;/players/elias-mar-omarsson/213035/;2024-12-07;18;3.0;2.0;0.0;0.0;-0.0;-0.0;0.0;0.0;0.0;-0.0;1.0;0.0;-0.0;0.0;6.0
L. Sauer;/players/leo-sauer/790415/;2024-12-07;18;3.0;2.0;0.0;0.0;-0.0;-0.0;0.0;0.0;0.0;-0.0;1.0;0.0;-0.0;0.0;6.0
C. Staring;/players/casper-staring/628494/;2024-12-07;18;0.3;0.2;0.0;0.0;-0.0;-0.0;0.0;0.0;0.0;-0.0;0.3;0.0;-0.0;0.0;0.8
D. Janošek;/players/dominik-janosek/492661/;2024-12-07;18;0.3;0.2;0.0;0.0;-0.0;-0.0;0.0;0.0;0.0;-0.0;0.3;0.0;-0.0;0.0;0.8
M. Garbett;/players/matthew-garbett/577465/;2024-12-07;18;0.3;0.2;0.0;0.0;-0.0;-0.0;0.0;0.0;0.0;-0.0;0.3;0.0;-0.0;0.0;0.8
L. Mol;/players/lars-mol/923583/;2024-12-07;18;0.0;0.0;0.0;0.0;-0.0;-0.0;0.0;0.0;-0.0;-0.0;0.0;0.0;-0.0;0.0;0.0
E. Mahmutović;/players/enes-mahmutovic/347775/;2024-12-07;18;0.0;0.0;0.0;0.0;-0.0;-0.0;0.0;0.0;-0.0;-0.0;0.0;0.0;-0.0;0.0;0.0
R. Kortsmit;/players/roy-kortsmit/200996/;2024-12-07;18;0.0;0.0;0.0;0.0;-0.0;-0.0;0.0;0.0;-0.0;-0.0;0.0;0.0;-0.0;0.0;0.0
T. Kongolo;/players/terence-kongolo/161296/;2024-12-07;18;0.0;0.0;0.0;0.0;-0.0;-0.0;0.0;0.0;-0.0;-0.0;0.0;0.0;-0.0;0.0;0.0
K. Kostorz;/players/kacper-kostorz/485378/;2024-12-07;18;0.0;0.0;0.0;0.0;-0.0;-0.0;0.0;0.0;0.0;-0.0;0.0;0.0;-0.0;0.0;0.0
Saná Fernandes;/players/sana-fernandes/926017/;2024-12-07;18;0.0;0.0;0.0;0.0;-0.0;-0.0;0.0;0.0;0.0;-0.0;0.0;0.0;-0.0;0.0;0.0
A. Kaied;/players/adam-kaied/693342/;2024-12-07;18;0.0;0.0;0.0;0.0;-0.0;-0.0;0.0;0.0;0.0;-0.0;0.0;0.0;-0.0;0.0;0.0
J. Houwen;/players/jeroen-houwen/303254/;2024-12-07;18;3.0;0.0;0.0;0.0;-0.0;-0.0;0.0;0.0;-3.0;-0.0;0.0;0.0;-0.0;0.0;0.0
D. Van den Buijs;/players/dario-van-den-buijs/353273/;2024-12-07;18;1.27;0.0;0.0;0.0;-0.0;-0.0;0.0;0.0;-2.0;-0.0;0.0;0.0;-0.0;0.0;-0.73
L. van Gelderen;/players/liam--van-gelderen/463011/;2024-12-07;18;3.0;0.0;0.0;0.0;-0.0;-0.0;0.0;0.0;-3.0;-0.0;0.0;0.0;-0.0;0.0;0.0
L. Wouters;/players/luuk--wouters/537856/;2024-12-07;18;3.0;0.0;0.0;0.0;-0.0;-0.0;0.0;0.0;-3.0;-0.0;0.0;0.0;-0.0;0.0;0.0
R. van Eijma;/players/roshon-van-eijma/539577/;2024-12-07;18;2.7;0.0;0.0;0.0;-0.0;-0.0;0.0;0.0;-3.0;-0.0;0.0;0.0;-0.0;0.0;-0.3
G. Roemeratoe;/players/godfried-roemeratoe/426582/;2024-12-07;18;2.7;0.0;0.0;0.0;-0.0;-0.0;0.0;0.0;0.0;-0.0;0.0;0.0;-0.0;0.0;2.7
Y. Oukili;/players/yassin-oukili/567948/;2024-12-07;18;3.0;0.0;0.0;0.0;-0.0;-0.0;9.0;0.0;0.0;-3.0;0.0;0.0;-0.0;0.0;9.0
T. van de Loo;/players/tim-van-de-loo/813111/;2024-12-07;18;2.03;0.0;0.0;0.0;-0.0;-0.0;0.0;0.0;0.0;-0.0;0.0;0.0;-0.0;0.0;2.03
O. Zawada;/players/oskar-zawada/289870/;2024-12-07;18;3.0;0.0;0.0;0.0;-0.0;-0.0;8.0;0.0;0.0;-0.0;0.0;0.0;-0.0;0.0;11.0
S. van der Water;/players/silvester-van-der-water/408536/;2024-12-07;18;2.03;0.0;0.0;0.0;-0.0;-0.0;0.0;0.0;0.0;-0.0;0.0;0.0;-0.0;0.0;2.03
R. Margaret;/players/richonell-margaret/508815/;2024-12-07;18;3.0;0.0;0.0;0.0;-0.0;-0.0;0.0;4.0;0.0;-0.0;0.0;0.0;-0.0;0.0;7.0
J. Lelieveld;/players/julian-lelieveld/407738/;2024-12-07;18;1.73;0.0;0.0;0.0;-0.0;-0.0;0.0;0.0;-1.0;-0.0;0.0;0.0;-0.0;0.0;0.73
D. Cleonise;/players/denilho-cleonise/642338/;2024-12-07;18;0.97;0.0;0.0;0.0;-0.0;-0.0;0.0;0.0;0.0;-0.0;0.0;0.0;-0.0;0.0;0.97
R. Niemeijer;/players/reuven-niemeijer/447106/;2024-12-07;18;0.97;0.0;0.0;0.0;-0.0;-0.0;0.0;0.0;0.0;-0.0;0.0;0.0;-0.0;0.0;0.97
M. Ihattaren;/players/mohammed-amine-ihattaren/525933/;2024-12-07;18;0.3;0.0;0.0;0.0;-0.0;-0.0;0.0;0.0;0.0;-0.0;0.0;0.0;-0.0;0.0;0.3
M. Kramer;/players/michiel-kramer/19677/;2024-12-07;18;0.3;0.0;0.0;0.0;-0.0;-0.0;0.0;0.0;0.0;-0.0;0.0;0.0;-0.0;0.0;0.3
P. Vroegh;/players/patrick-vroegh/457667/;2024-12-07;18;0.0;0.0;0.0;0.0;-0.0;-0.0;0.0;0.0;0.0;-0.0;0.0;0.0;-0.0;0.0;0.0
K. Felida;/players/kevin--felida/501817/;2024-12-07;18;0.0;0.0;0.0;0.0;-0.0;-0.0;0.0;0.0;0.0;-0.0;0.0;0.0;-0.0;0.0;0.0
J. Kesting;/players/joey-kesting/567938/;2024-12-07;18;0.0;0.0;0.0;0.0;-0.0;-0.0;0.0;0.0;-0.0;-0.0;0.0;0.0;-0.0;0.0;0.0
C. Lokesa;/players/chris-lokesa/847737/;2024-12-07;18;0.0;0.0;0.0;0.0;-0.0;-0.0;0.0;0.0;0.0;-0.0;0.0;0.0;-0.0;0.0;0.0
F. Al Mazyani;/players/faissal-al-mazyani/790281/;2024-12-07;18;0.0;0.0;0.0;0.0;-0.0;-0.0;0.0;0.0;-0.0;-0.0;0.0;0.0;-0.0;0.0;0.0
L. Vogels;/players/luuk-vogels/858294/;2024-12-07;18;0.0;0.0;0.0;0.0;-0.0;-0.0;0.0;0.0;-0.0;-0.0;0.0;0.0;-0.0;0.0;0.0
T. Wellenreuther;/players/timon-wellenreuther/258964/;2024-12-07;18;3.0;2.0;0.0;0.0;-0.0;-0.0;0.0;0.0;-2.0;-0.0;0.0;0.0;-0.0;0.0;3.0
D. Hancko;/players/david-hancko/391059/;2024-12-07;18;3.0;2.0;0.0;0.0;-0.0;-0.0;0.0;0.0;-2.0;-0.0;0.0;0.0;-0.0;0.0;3.0
G. Smal;/players/gijs-smal/508760/;2024-12-07;18;2.3;1.53;0.0;0.0;-0.0;-0.0;0.0;0.0;-1.0;-0.0;0.0;0.0;-0.0;0.0;2.83
T. Beelen;/players/thomas-beelen/760998/;2024-12-07;18;3.0;2.0;0.0;0.0;-0.0;-0.0;0.0;0.0;-2.0;-0.0;0.0;0.0;-0.0;0.0;3.0
G. Read;/players/givairo-read/821635/;2024-12-07;18;2.33;1.56;0.0;0.0;-0.0;-0.0;0.0;0.0;-1.0;-0.0;0.0;0.0;-0.0;0.0;2.89
Hwang In-Beom;/players/in-beom-hwang/400101/;2024-12-07;18;3.0;2.0;0.0;0.0;-0.0;-0.0;0.0;5.0;0.0;-0.0;0.0;0.0;-0.0;0.0;10.0
Q. Timber;/players/quinten-maduro/463017/;2024-12-07;18;3.0;2.0;0.0;0.0;-0.0;-0.0;0.0;0.0;0.0;-0.0;0.0;0.0;-0.0;0.0;5.0
A. Milambo;/players/antoni-djibu-milambo/736392/;2024-12-07;18;2.0;1.33;0.0;0.0;-0.0;-0.0;0.0;5.0;0.0;-0.0;0.0;0.0;-0.0;0.0;8.33
S. Giménez;/players/santiago-tomas-gimenez/494293/;2024-12-07;18;2.03;1.36;0.0;0.0;-0.0;-0.0;0.0;0.0;0.0;-0.0;0.0;0.0;-0.0;0.0;3.39
Igor Paixão;/players/igor-guilherme-barbosa-da-paixao/593041/;2024-12-07;18;3.0;2.0;0.0;0.0;-0.0;-0.0;8.0;0.0;0.0;-0.0;0.0;0.0;-0.0;0.0;13.0
A. Hadj Moussa;/players/anis--hadj-moussa/755639/;2024-12-07;18;2.6;1.73;0.0;0.0;-0.0;-0.0;8.0;0.0;0.0;-0.0;0.0;0.0;-0.0;0.0;12.33
C. Stengs;/players/calvin-stengs/458659/;2024-12-07;18;1.0;0.67;0.0;0.0;-0.0;-0.0;0.0;0.0;0.0;-0.0;0.0;0.0;-0.0;0.0;1.67
I. Osman;/players/ibrahim-osman/682733/;2024-12-07;18;0.97;0.64;0.0;0.0;-0.0;-0.0;0.0;0.0;0.0;-0.0;0.0;0.0;-0.0;0.0;1.61
F. González;/players/facundo-gonzalez-molino/673756/;2024-12-07;18;0.7;0.47;0.0;0.0;-0.0;-0.0;0.0;0.0;-1.0;-0.0;0.0;0.0;-0.0;0.0;0.17
B. Nieuwkoop;/players/bart-nieuwkoop/275124/;2024-12-07;18;0.67;0.44;0.0;0.0;-0.0;-0.0;0.0;0.0;-1.0;-0.0;0.0;0.0;-0.0;0.0;0.11
R. Zerrouki;/players/ramiz-larbi-zerrouki/621348/;2024-12-07;18;0.4;0.27;0.0;0.0;-0.0;-0.0;0.0;0.0;0.0;-0.0;0.0;0.0;-0.0;0.0;0.67
L. Ivanušec;/players/luka-ivanuec/424605/;2024-12-07;18;0.0;0.0;0.0;0.0;-0.0;-0.0;0.0;0.0;0.0;-0.0;0.0;0.0;-0.0;0.0;0.0
P. Andreev;/players/plamen-andreev/708730/;2024-12-07;18;0.0;0.0;0.0;0.0;-0.0;-0.0;0.0;0.0;-0.0;-0.0;0.0;0.0;-0.0;0.0;0.0
G. Zechiël;/players/gjivai-zechiel/864326/;2024-12-07;18;0.0;0.0;0.0;0.0;-0.0;-0.0;0.0;0.0;0.0;-0.0;0.0;0.0;-0.0;0.0;0.0
C. Nadje;/players/chris-kevin-nadje/667108/;2024-12-07;18;0.0;0.0;0.0;0.0;-0.0;-0.0;0.0;0.0;0.0;-0.0;0.0;0.0;-0.0;0.0;0.0
Z. Redmond;/players/zepiqueno-redmond/830547/;2024-12-07;18;0.0;0.0;0.0;0.0;-0.0;-0.0;0.0;0.0;0.0;-0.0;0.0;0.0;-0.0;0.0;0.0
J. Bijlow;/players/justin-bijlow/340393/;2024-12-07;18;0.0;0.0;0.0;0.0;-0.0;-0.0;0.0;0.0;-0.0;-0.0;0.0;0.0;-0.0;0.0;0.0
F. de Keijzer;/players/fabian-de-keijzer/463695/;2024-12-07;18;3.0;0.0;1.0;0.0;-0.0;-0.0;0.0;0.0;-2.0;-0.0;0.0;0.0;-0.0;0.0;2.0
D. Mirani;/players/damon-mirani/289811/;2024-12-07;18;3.0;0.0;1.0;0.0;-0.0;-0.0;0.0;0.0;-2.0;-0.0;0.0;0.0;-0.0;0.0;2.0
I. Mesík;/players/ivan-mesik/513503/;2024-12-07;18;3.0;0.0;1.0;0.0;-0.0;-0.0;0.0;0.0;-2.0;-0.0;0.0;0.0;-0.0;0.0;2.0
R. Roosken;/players/ruben-roosken/618143/;2024-12-07;18;2.77;0.0;0.92;0.0;-0.0;-0.0;12.0;0.0;-2.0;-0.0;0.0;0.0;-0.0;0.0;13.69
M. Benita;/players/mimeirhel-benita/645525/;2024-12-07;18;3.0;0.0;1.0;0.0;-0.0;-0.0;0.0;0.0;-2.0;-0.0;0.0;0.0;-0.0;0.0;2.0
M. Engels;/players/mario-engels/243044/;2024-12-07;18;2.5;0.0;0.83;0.0;-0.0;-0.0;0.0;5.0;0.0;-0.0;0.0;0.0;-0.0;0.0;8.33
J. Žambůrek;/players/jan-ambrek/542777/;2024-12-07;18;2.5;0.0;0.83;0.0;-0.0;-0.0;0.0;0.0;0.0;-0.0;0.0;0.0;-0.0;0.0;3.33
B. De Keersmaecker;/players/brian-de-keersmaecker/605558/;2024-12-07;18;3.0;0.0;1.0;0.0;-0.0;-0.0;0.0;0.0;0.0;-0.0;0.0;0.0;-0.0;0.0;4.0
S. Podgoreanu;/players/suf-podgoreanu/509673/;2024-12-07;18;2.23;0.0;0.74;0.0;-0.0;-0.0;0.0;0.0;0.0;-0.0;0.0;0.0;-0.0;0.0;2.98
J. Hornkamp;/players/jizz-hornkamp/526566/;2024-12-07;18;3.0;0.0;1.0;0.0;-0.0;-0.0;0.0;4.0;0.0;-0.0;0.0;0.0;-0.0;0.0;8.0
L. Kulenović;/players/luka-kulenovi/631882/;2024-12-07;18;3.0;0.0;1.0;0.0;-0.0;-0.0;8.0;0.0;0.0;-0.0;0.0;0.0;-0.0;0.0;12.0
J. Talvitie;/players/juho-talvitie/701365/;2024-12-07;18;0.77;0.0;0.26;0.0;-0.0;-0.0;0.0;0.0;0.0;-0.0;0.0;0.0;-0.0;0.0;1.02
t Zand;/players/shiloh-t-zand/824640/;2024-12-07;18;0.5;0.0;0.17;0.0;-0.0;-0.0;0.0;0.0;0.0;-0.0;0.0;0.0;-0.0;0.0;0.67
S. Scheperman;/players/sem-scheperman/641190/;2024-12-07;18;0.5;0.0;0.17;0.0;-2.0;-0.0;0.0;0.0;0.0;-0.0;0.0;0.0;-0.0;0.0;-1.33
L. Milani;/players/lorenzo-milani/664147/;2024-12-07;18;0.23;0.0;0.08;0.0;-2.0;-0.0;0.0;0.0;-0.0;-0.0;0.0;0.0;-0.0;0.0;-1.69
J. Hoogma;/players/justin-hoogma/432697/;2024-12-07;18;0.0;0.0;0.0;0.0;-0.0;-0.0;0.0;0.0;-0.0;-0.0;0.0;0.0;-0.0;0.0;0.0
T. Bruns;/players/thomas-bruns/168503/;2024-12-07;18;0.0;0.0;0.0;0.0;-0.0;-0.0;0.0;0.0;0.0;-0.0;0.0;0.0;-0.0;0.0;0.0
J. Bruijn;/players/jordy-bruijn/314251/;2024-12-07;18;0.0;0.0;0.0;0.0;-0.0;-0.0;0.0;0.0;0.0;-0.0;0.0;0.0;-0.0;0.0;0.0
J. Wieckhoff;/players/jannes-luca-wieckhoff/497167/;2024-12-07;18;0.0;0.0;0.0;0.0;-0.0;-0.0;0.0;0.0;-0.0;-0.0;0.0;0.0;-0.0;0.0;0.0
K. Leerdam;/players/kelvin-leerdam/68354/;2024-12-07;18;0.0;0.0;0.0;0.0;-0.0;-0.0;0.0;0.0;-0.0;-0.0;0.0;0.0;-0.0;0.0;0.0
R. Mantel;/players/robin-mantel/502712/;2024-12-07;18;0.0;0.0;0.0;0.0;-0.0;-0.0;0.0;0.0;-0.0;-0.0;0.0;0.0;-0.0;0.0;0.0
D. van Kaam;/players/daniel-van-kaam/477595/;2024-12-07;18;0.0;0.0;0.0;0.0;-0.0;-0.0;0.0;0.0;0.0;-0.0;0.0;0.0;-0.0;0.0;0.0
T. Jansink;/players/timo-jansink/632823/;2024-12-07;18;0.0;0.0;0.0;0.0;-0.0;-0.0;0.0;0.0;-0.0;-0.0;0.0;0.0;-0.0;0.0;0.0
M. Branderhorst;/players/mathijs-branderhorst/175358/;2024-12-07;18;3.0;0.0;1.0;0.0;-0.0;-0.0;0.0;0.0;-2.0;-0.0;0.0;0.0;-0.0;0.0;2.0
M. Dijks;/players/mitchel-dijks/219029/;2024-12-07;18;2.93;0.0;0.98;0.0;-0.0;-0.0;0.0;0.0;-2.0;-0.0;0.0;0.0;-0.0;0.0;1.91
Rodrigo Guth;/players/rodrigo-guth/475116/;2024-12-07;18;3.0;0.0;1.0;0.0;-0.0;-0.0;0.0;0.0;-2.0;-0.0;0.0;0.0;-0.0;0.0;2.0
S. van Ottele;/players/syb-van-ottele/525930/;2024-12-07;18;3.0;0.0;1.0;0.0;-0.0;-0.0;0.0;0.0;-2.0;-0.0;0.0;0.0;-0.0;0.0;2.0
A. Halilović;/players/alen-halilovi/270136/;2024-12-07;18;2.93;0.0;0.98;0.0;-0.0;-0.0;0.0;10.0;0.0;-0.0;0.0;0.0;-0.0;0.0;13.91
S. Bastien;/players/samuel-bastien/314097/;2024-12-07;18;3.0;0.0;1.0;0.0;-0.0;-0.0;0.0;0.0;0.0;-0.0;0.0;0.0;-0.0;0.0;4.0
Alessio da Cruz;/players/alessio-da-cruz/391603/;2024-12-07;18;2.7;0.0;0.9;0.0;-2.0;-0.0;8.0;0.0;0.0;-0.0;0.0;0.0;-0.0;0.0;9.6
L. Rosier;/players/lorentz-rosier/456607/;2024-12-07;18;3.0;0.0;1.0;0.0;-0.0;-0.0;0.0;0.0;0.0;-0.0;0.0;0.0;-0.0;0.0;4.0
E. Bullaude;/players/ezequiel-eduardo-bullaude/577164/;2024-12-07;18;3.0;0.0;1.0;0.0;-0.0;-0.0;0.0;0.0;0.0;-0.0;0.0;0.0;-0.0;0.0;4.0
K. Peterson;/players/kristoffer-peterson/218002/;2024-12-07;18;3.0;0.0;1.0;0.0;-0.0;-0.0;8.0;0.0;0.0;-0.0;0.0;0.0;-0.0;0.0;12.0
J. Mitrović;/players/josip-mitrovi/482602/;2024-12-07;18;3.0;0.0;1.0;0.0;-0.0;-0.0;0.0;0.0;0.0;-0.0;0.0;0.0;-0.0;0.0;4.0
A. Erceg;/players/ante-erceg/137741/;2024-12-07;18;0.3;0.0;0.1;0.0;-0.0;-0.0;0.0;0.0;0.0;-0.0;0.0;0.0;-0.0;0.0;0.4
J. Dahlhaus;/players/jasper-dahlhaus/567944/;2024-12-07;18;0.07;0.0;0.02;0.0;-0.0;-0.0;0.0;0.0;-0.0;-0.0;0.0;0.0;-0.0;0.0;0.09
É. Michut;/players/edouard-michut/632965/;2024-12-07;18;0.07;0.0;0.02;0.0;-0.0;-0.0;0.0;0.0;0.0;-0.0;0.0;0.0;-0.0;0.0;0.09
L. Koopmans;/players/luuk-koopmans/149059/;2024-12-07;18;0.0;0.0;0.0;0.0;-0.0;-0.0;0.0;0.0;-0.0;-0.0;0.0;0.0;-0.0;0.0;0.0
R. Bayram;/players/ramazan-bayram/965960/;2024-12-07;18;0.0;0.0;0.0;0.0;-0.0;-0.0;0.0;0.0;-0.0;-0.0;0.0;0.0;-0.0;0.0;0.0
Úmaro Embaló;/players/umaro-embalo/460644/;2024-12-07;18;0.0;0.0;0.0;0.0;-0.0;-0.0;0.0;0.0;0.0;-0.0;0.0;0.0;-0.0;0.0;0.0
D. Grujčić;/players/darijo-grujcic/478384/;2024-12-07;18;0.0;0.0;0.0;0.0;-0.0;-0.0;0.0;0.0;-0.0;-0.0;0.0;0.0;-0.0;0.0;0.0
L. Tunjić;/players/luka-tunjic/759911/;2024-12-07;18;0.0;0.0;0.0;0.0;-0.0;-0.0;0.0;0.0;0.0;-0.0;0.0;0.0;-0.0;0.0;0.0
J. Zoet;/players/jeroen-zoet/61206/;2024-12-08;18;3.0;2.0;0.0;0.0;-0.0;-0.0;0.0;0.0;-1.0;-0.0;0.0;0.0;-0.0;0.0;4.0
Alexandre Penetra;/players/alexandre-manuel-penetra-correia/572102/;2024-12-08;18;3.0;2.0;0.0;0.0;-0.0;-0.0;0.0;0.0;-1.0;-0.0;0.0;0.0;-0.0;0.0;4.0
D. Møller Wolfe;/players/david-moller-wolfe/603294/;2024-12-08;18;3.0;2.0;0.0;0.0;-0.0;-0.0;0.0;0.0;-1.0;-0.0;0.0;0.0;-0.0;0.0;4.0
S. Maikuma;/players/seiya-maikuma/651537/;2024-12-08;18;3.0;2.0;0.0;0.0;-0.0;-0.0;0.0;0.0;-1.0;-0.0;0.0;0.0;-0.0;0.0;4.0
W. Goes;/players/wouter-goes/777233/;2024-12-08;18;3.0;2.0;0.0;0.0;-2.0;-0.0;0.0;0.0;-1.0;-0.0;0.0;0.0;-0.0;0.0;2.0
J. Clasie;/players/jordy-clasie/134078/;2024-12-08;18;3.0;2.0;0.0;0.0;-0.0;-0.0;0.0;0.0;0.0;-0.0;0.0;0.0;-0.0;0.0;5.0
P. Koopmeiners;/players/peer-koopmeiners/533281/;2024-12-08;18;3.0;2.0;0.0;0.0;-0.0;-0.0;0.0;10.0;0.0;-0.0;0.0;0.0;-0.0;0.0;15.0
S. Mijnans;/players/sven-mijnans/566000/;2024-12-08;18;3.0;2.0;0.0;0.0;-0.0;-0.0;0.0;0.0;0.0;-0.0;0.0;0.0;-0.0;0.0;5.0
T. Parrott;/players/troy-parrot/515624/;2024-12-08;18;3.0;2.0;0.0;0.0;-0.0;-0.0;8.0;0.0;0.0;-0.0;0.0;0.0;-0.0;0.0;13.0
E. Poku;/players/ernest-poku/700544/;2024-12-08;18;2.77;1.84;0.0;0.0;-0.0;-0.0;0.0;0.0;0.0;-0.0;0.0;0.0;-0.0;0.0;4.61
R. van Bommel;/players/ruben-van-bommel/834074/;2024-12-08;18;2.2;1.47;0.0;0.0;-0.0;-0.0;0.0;0.0;0.0;-0.0;0.0;0.0;-0.0;0.0;3.67
M. Lahdo;/players/mayckel-lahdo/660897/;2024-12-08;18;0.8;0.53;0.0;0.0;-0.0;-0.0;8.0;0.0;0.0;-0.0;0.0;0.0;-0.0;0.0;9.33
K. Smit;/players/kees-smit/789945/;2024-12-08;18;0.23;0.16;0.0;0.0;-0.0;-0.0;0.0;0.0;0.0;-0.0;0.0;0.0;-0.0;0.0;0.39
D. Kasius;/players/denso-kasius/569311/;2024-12-08;18;0.0;0.0;0.0;0.0;-0.0;-0.0;0.0;0.0;-0.0;-0.0;0.0;0.0;-0.0;0.0;0.0
M. Meerdink;/players/mexx-meerdink/796451/;2024-12-08;18;0.0;0.0;0.0;0.0;-0.0;-0.0;0.0;0.0;0.0;-0.0;0.0;0.0;-0.0;0.0;0.0
Z. Buurmeester;/players/zico-buurmeester/627669/;2024-12-08;18;0.0;0.0;0.0;0.0;-0.0;-0.0;0.0;0.0;0.0;-0.0;0.0;0.0;-0.0;0.0;0.0
H. Verhulst;/players/hobie-verhulst/138446/;2024-12-08;18;0.0;0.0;0.0;0.0;-0.0;-0.0;0.0;0.0;-0.0;-0.0;0.0;0.0;-0.0;0.0;0.0
D. Deen;/players/daniel-deen/670179/;2024-12-08;18;0.0;0.0;0.0;0.0;-0.0;-0.0;0.0;0.0;-0.0;-0.0;0.0;0.0;-0.0;0.0;0.0
J. Addai;/players/jayden-addai/789997/;2024-12-08;18;0.0;0.0;0.0;0.0;-0.0;-0.0;0.0;0.0;0.0;-0.0;0.0;0.0;-0.0;0.0;0.0
M. Dekker;/players/maxim-dekker/700543/;2024-12-08;18;0.0;0.0;0.0;0.0;-0.0;-0.0;0.0;0.0;-0.0;-0.0;0.0;0.0;-0.0;0.0;0.0
B. Martins Indi;/players/rolando-martins-indi/102888/;2024-12-08;18;0.0;0.0;0.0;0.0;-0.0;-0.0;0.0;0.0;-0.0;-0.0;0.0;0.0;-0.0;0.0;0.0
M. de Wit;/players/mees-de-wit/423562/;2024-12-08;18;0.0;0.0;0.0;0.0;-0.0;-0.0;0.0;0.0;-0.0;-0.0;0.0;0.0;-0.0;0.0;0.0
D. Kwakman;/players/dave-kwakman/777219/;2024-12-08;18;0.0;0.0;0.0;0.0;-0.0;-0.0;0.0;0.0;0.0;-0.0;0.0;0.0;-0.0;0.0;0.0
R. Pasveer;/players/remko-pasveer/49689/;2024-12-08;18;3.0;0.0;0.0;0.0;-0.0;-0.0;0.0;0.0;-2.0;-0.0;0.0;0.0;-0.0;0.0;1.0
J. Šutalo;/players/josip-utalo/460387/;2024-12-08;18;3.0;0.0;0.0;0.0;-2.0;-0.0;0.0;0.0;-2.0;-0.0;0.0;0.0;-0.0;0.0;-1.0
Y. Baas;/players/youri-baas/638355/;2024-12-08;18;3.0;0.0;0.0;0.0;-0.0;-0.0;0.0;0.0;-2.0;-0.0;0.0;0.0;-0.0;0.0;1.0
A. Gaaei;/players/anton-gaaei/701784/;2024-12-08;18;3.0;0.0;0.0;0.0;-0.0;-0.0;0.0;0.0;-2.0;-0.0;0.0;0.0;-0.0;0.0;1.0
J. Hato;/players/jorrel-hato/783173/;2024-12-08;18;3.0;0.0;0.0;0.0;-0.0;-0.0;0.0;0.0;-2.0;-0.0;0.0;0.0;-0.0;0.0;1.0
D. Klaassen;/players/davy-klaassen/158581/;2024-12-08;18;2.43;0.0;0.0;0.0;-0.0;-0.0;0.0;0.0;0.0;-0.0;0.0;0.0;-0.0;0.0;2.43
B. van den Boomen;/players/branco-van-den-boomen/215550/;2024-12-08;18;3.0;0.0;0.0;0.0;-0.0;-0.0;0.0;0.0;0.0;-0.0;0.0;0.0;-0.0;0.0;3.0
K. Taylor;/players/kenneth-taylor/508784/;2024-12-08;18;2.6;0.0;0.0;0.0;-0.0;-0.0;0.0;0.0;0.0;-0.0;0.0;0.0;-0.0;0.0;2.6
S. Berghuis;/players/steven-berghuis/134080/;2024-12-08;18;2.1;0.0;0.0;0.0;-0.0;-0.0;0.0;0.0;0.0;-0.0;0.0;0.0;-0.0;0.0;2.1
C. Akpom;/players/chuba-akpom/215570/;2024-12-08;18;2.43;0.0;0.0;0.0;-0.0;-0.0;0.0;0.0;0.0;-0.0;0.0;0.0;-0.0;0.0;2.43
W. Weghorst;/players/wout-weghorst/255205/;2024-12-08;18;2.1;0.0;0.0;0.0;-2.0;-0.0;0.0;0.0;0.0;-0.0;0.0;0.0;-0.0;0.0;0.1
B. Traoré;/players/bertrand-traore/102801/;2024-12-08;18;0.9;0.0;0.0;0.0;-0.0;-0.0;0.0;0.0;0.0;-0.0;0.0;0.0;-0.0;0.0;0.9
B. Brobbey;/players/brian-brobbey/520146/;2024-12-08;18;0.9;0.0;0.0;0.0;-0.0;-0.0;0.0;4.0;0.0;-0.0;0.0;0.0;-0.0;0.0;4.9
M. Godts;/players/mika-marcel-godts/790325/;2024-12-08;18;0.57;0.0;0.0;0.0;-0.0;-0.0;8.0;0.0;0.0;-0.0;0.0;0.0;-0.0;0.0;8.57
K. Fitz-Jim;/players/kian-fitz-jim/591724/;2024-12-08;18;0.57;0.0;0.0;0.0;-0.0;-0.0;0.0;0.0;0.0;-0.0;0.0;0.0;-0.0;0.0;0.57
C. Rasmussen;/players/christian-theodor-kjelder-rasmussen/632224/;2024-12-08;18;0.4;0.0;0.0;0.0;-0.0;-0.0;0.0;0.0;0.0;-0.0;0.0;0.0;-0.0;0.0;0.4
J. Henderson;/players/jordan-henderson/48010/;2024-12-08;18;0.0;0.0;0.0;0.0;-0.0;-0.0;0.0;0.0;0.0;-0.0;0.0;0.0;-0.0;0.0;0.0
D. Rugani;/players/daniele-rugani/162676/;2024-12-08;18;0.0;0.0;0.0;0.0;-0.0;-0.0;0.0;0.0;-0.0;-0.0;0.0;0.0;-0.0;0.0;0.0
J. Gorter;/players/jay-gorter/477600/;2024-12-08;18;0.0;0.0;0.0;0.0;-0.0;-0.0;0.0;0.0;-0.0;-0.0;0.0;0.0;-0.0;0.0;0.0
O. Wijndal;/players/owen-wijndal/440858/;2024-12-08;18;0.0;0.0;0.0;0.0;-0.0;-0.0;0.0;0.0;-0.0;-0.0;0.0;0.0;-0.0;0.0;0.0
A. Kaplan;/players/ahmetcan-kaplan/641115/;2024-12-08;18;0.0;0.0;0.0;0.0;-0.0;-0.0;0.0;0.0;-0.0;-0.0;0.0;0.0;-0.0;0.0;0.0
D. Ramaj;/players/diant-ramaj/562543/;2024-12-08;18;0.0;0.0;0.0;0.0;-0.0;-0.0;0.0;0.0;-0.0;-0.0;0.0;0.0;-0.0;0.0;0.0
K. Hlynsson;/players/kristian-nokkvi-hlynsson/636342/;2024-12-08;18;0.0;0.0;0.0;0.0;-0.0;-0.0;0.0;0.0;0.0;-0.0;0.0;0.0;-0.0;0.0;0.0
E. Vaessen;/players/etienne-vaessen/408572/;2024-12-08;18;3.0;0.0;1.0;0.0;-0.0;-0.0;0.0;0.0;-0.0;-0.0;12.0;0.0;-0.0;0.0;16.0
L. Bacuna;/players/leandro-bacuna/88003/;2024-12-08;18;3.0;0.0;1.0;0.0;-0.0;-0.0;0.0;0.0;0.0;-0.0;3.0;0.0;-0.0;0.0;7.0
M. Peersman;/players/marvin-peersman/89988/;2024-12-08;18;3.0;0.0;1.0;0.0;-0.0;-0.0;0.0;0.0;-0.0;-0.0;10.0;0.0;-0.0;0.0;14.0
M. Rente;/players/marco-rente/450717/;2024-12-08;18;3.0;0.0;1.0;0.0;-0.0;-0.0;0.0;0.0;-0.0;-0.0;10.0;0.0;-0.0;0.0;14.0
T. Blokzijl;/players/thijmen-blokzijl/703893/;2024-12-08;18;3.0;0.0;1.0;0.0;-0.0;-0.0;0.0;0.0;-0.0;-0.0;10.0;0.0;-0.0;0.0;14.0
J. Hove;/players/johan-hove/444353/;2024-12-08;18;3.0;0.0;1.0;0.0;-0.0;-0.0;0.0;0.0;0.0;-0.0;3.0;0.0;-0.0;0.0;7.0
T. Oosting;/players/thijs-oosting/477591/;2024-12-08;18;2.73;0.0;0.91;0.0;-0.0;-0.0;0.0;0.0;0.0;-0.0;2.73;0.0;-0.0;0.0;6.38
S. Resink;/players/stije-resink/681459/;2024-12-08;18;3.0;0.0;1.0;0.0;-2.0;-0.0;0.0;0.0;0.0;-0.0;3.0;0.0;-0.0;0.0;5.0
L. Valente;/players/luciano-valente/703884/;2024-12-08;18;2.73;0.0;0.91;0.0;-2.0;-0.0;0.0;0.0;0.0;-0.0;2.73;0.0;-0.0;0.0;4.38
J. Schreuders;/players/jorg-schreuders/877779/;2024-12-08;18;2.5;0.0;0.83;0.0;-0.0;-0.0;0.0;0.0;0.0;-0.0;2.5;0.0;-0.0;0.0;5.83
T. van Bergen;/players/thom-van-bergen/873104/;2024-12-08;18;2.5;0.0;0.83;0.0;-0.0;-0.0;0.0;0.0;0.0;-0.0;0.83;0.0;-0.0;0.0;4.17
R. Postema;/players/romano-postema/625358/;2024-12-08;18;0.5;0.0;0.17;0.0;-0.0;-0.0;0.0;0.0;0.0;-0.0;0.17;0.0;-0.0;0.0;0.83
Rui Mendes;/players/rui-jorge-monteiro-mendes/453390/;2024-12-08;18;0.5;0.0;0.17;0.0;-2.0;-0.0;0.0;0.0;0.0;-0.0;0.17;0.0;-0.0;0.0;-1.17
J. Pelupessy;/players/joey-pelupessy/197572/;2024-12-08;18;0.27;0.0;0.09;0.0;-0.0;-0.0;0.0;0.0;0.0;-0.0;0.27;0.0;-0.0;0.0;0.62
B. Willumsson;/players/brynjolfur-darri-willumsson/463548/;2024-12-08;18;0.27;0.0;0.09;0.0;-0.0;-0.0;0.0;0.0;0.0;-0.0;0.09;0.0;-0.0;0.0;0.44
N. Emeran;/players/noam-emeran/671004/;2024-12-08;18;0.0;0.0;0.0;0.0;-0.0;-0.0;0.0;0.0;0.0;-0.0;0.0;0.0;-0.0;0.0;0.0
M. Mariani;/players/maxim-mariani/888265/;2024-12-08;18;0.0;0.0;0.0;0.0;-0.0;-0.0;0.0;0.0;-0.0;-0.0;0.0;0.0;-0.0;0.0;0.0
D. van der Werff;/players/david-van-der-werff/973034/;2024-12-08;18;0.0;0.0;0.0;0.0;-0.0;-0.0;0.0;0.0;0.0;-0.0;0.0;0.0;-0.0;0.0;0.0
H. Jurjus;/players/hidde-jurjus/301076/;2024-12-08;18;0.0;0.0;0.0;0.0;-0.0;-0.0;0.0;0.0;-0.0;-0.0;0.0;0.0;-0.0;0.0;0.0
F. Stam;/players/finn-stam/736439/;2024-12-08;18;0.0;0.0;0.0;0.0;-0.0;-0.0;0.0;0.0;-0.0;-0.0;0.0;0.0;-0.0;0.0;0.0
W. Prins;/players/wouter-prins/930296/;2024-12-08;18;0.0;0.0;0.0;0.0;-0.0;-0.0;0.0;0.0;-0.0;-0.0;0.0;0.0;-0.0;0.0;0.0
D. Baron;/players/dirk-baron/821647/;2024-12-08;18;0.0;0.0;0.0;0.0;-0.0;-0.0;0.0;0.0;-0.0;-0.0;0.0;0.0;-0.0;0.0;0.0
J. Schendelaar;/players/jasper-schendelaar/454473/;2024-12-08;18;3.0;0.0;1.0;0.0;-0.0;-0.0;0.0;0.0;-0.0;-0.0;12.0;0.0;-0.0;0.0;16.0
S. Floranus;/players/sherel-floranus/385271/;2024-12-08;18;1.53;0.0;0.51;0.0;-0.0;-0.0;0.0;0.0;-0.0;-0.0;5.11;0.0;-0.0;0.0;7.16
S. Graves;/players/simon-graves-jensen/538684/;2024-12-08;18;3.0;0.0;1.0;0.0;-0.0;-0.0;0.0;0.0;-0.0;-0.0;10.0;0.0;-0.0;0.0;14.0
A. El Azzouzi;/players/anouar-el-azzouzi/567947/;2024-12-08;18;3.0;0.0;1.0;0.0;-0.0;-0.0;0.0;0.0;-0.0;-0.0;10.0;0.0;-0.0;0.0;14.0
A. MacNulty;/players/anselmo-garcia-mcnulty/608607/;2024-12-08;18;3.0;0.0;1.0;0.0;-0.0;-0.0;0.0;0.0;-0.0;-0.0;10.0;0.0;-0.0;0.0;14.0
D. van der Haar;/players/damian-van-der-haar/812205/;2024-12-08;18;3.0;0.0;1.0;0.0;-0.0;-0.0;0.0;0.0;-0.0;-0.0;10.0;0.0;-0.0;0.0;14.0
Jamiro Monteiro;/players/jamiro-gregory-monteiro-alvarenga/421293/;2024-12-08;18;3.0;0.0;1.0;0.0;-0.0;-0.0;0.0;0.0;0.0;-0.0;3.0;0.0;-0.0;0.0;7.0
O. Velanas;/players/odysseus-velanas/452059/;2024-12-08;18;2.73;0.0;0.91;0.0;-0.0;-0.0;0.0;0.0;0.0;-0.0;2.73;0.0;-0.0;0.0;6.38
N. Fichtinger;/players/nick-fichtinger/914267/;2024-12-08;18;3.0;0.0;1.0;0.0;-0.0;-0.0;0.0;0.0;0.0;-0.0;3.0;0.0;-0.0;0.0;7.0
D. Vente;/players/dylan-vente/426585/;2024-12-08;18;3.0;0.0;1.0;0.0;-0.0;-0.0;0.0;0.0;0.0;-0.0;1.0;0.0;-0.0;0.0;5.0
D. Mbayo;/players/dylan-mbayo/599681/;2024-12-08;18;3.0;0.0;1.0;0.0;-0.0;-0.0;0.0;0.0;0.0;-0.0;1.0;0.0;-0.0;0.0;5.0
O. Aertssen;/players/olivier-aertssen/664645/;2024-12-08;18;1.47;0.0;0.49;0.0;-0.0;-0.0;0.0;0.0;-0.0;-0.0;4.89;0.0;-0.0;0.0;6.84
K. de Rooij;/players/kaj-de-rooij/539368/;2024-12-08;18;0.27;0.0;0.09;0.0;-0.0;-0.0;0.0;0.0;0.0;-0.0;0.09;0.0;-0.0;0.0;0.44
D. van den Berg;/players/dave-van-den-berg-/475335/;2024-12-08;18;0.0;0.0;0.0;0.0;-0.0;-0.0;0.0;0.0;0.0;-0.0;0.0;0.0;-0.0;0.0;0.0
K. Vermeer;/players/kenneth-vermeer/2175/;2024-12-08;18;0.0;0.0;0.0;0.0;-0.0;-0.0;0.0;0.0;-0.0;-0.0;0.0;0.0;-0.0;0.0;0.0
E. Reijnders;/players/eliano-reijnders/577288/;2024-12-08;18;0.0;0.0;0.0;0.0;-0.0;-0.0;0.0;0.0;0.0;-0.0;0.0;0.0;-0.0;0.0;0.0
T. Lutonda;/players/thierry-lutonda/462568/;2024-12-08;18;0.0;0.0;0.0;0.0;-0.0;-0.0;0.0;0.0;-0.0;-0.0;0.0;0.0;-0.0;0.0;0.0
T. Gijselhart;/players/teun-gijselhart/789919/;2024-12-08;18;0.0;0.0;0.0;0.0;-0.0;-0.0;0.0;0.0;0.0;-0.0;0.0;0.0;-0.0;0.0;0.0
M. Oukhattou;/players/mohamed-oukhattou/878072/;2024-12-08;18;0.0;0.0;0.0;0.0;-0.0;-0.0;0.0;0.0;0.0;-0.0;0.0;0.0;-0.0;0.0;0.0
R. Thomas;/players/ryan-thomas/215382/;2024-12-08;18;0.0;0.0;0.0;0.0;-0.0;-0.0;0.0;0.0;0.0;-0.0;0.0;0.0;-0.0;0.0;0.0
M. Hauptmeijer;/players/mike-hauptmeijer/321048/;2024-12-08;18;0.0;0.0;0.0;0.0;-0.0;-0.0;0.0;0.0;-0.0;-0.0;0.0;0.0;-0.0;0.0;0.0
F. Krastev;/players/filip-yavorov-krastev/550509/;2024-12-08;18;0.0;0.0;0.0;0.0;-0.0;-0.0;0.0;0.0;0.0;-0.0;0.0;0.0;-0.0;0.0;0.0
T. Buitink;/players/thomas-buitnik/457668/;2024-12-08;18;0.0;0.0;0.0;0.0;-0.0;-0.0;0.0;0.0;0.0;-0.0;0.0;0.0;-0.0;0.0;0.0
T. Didillon-Hödl;/players/thomas-didillon/259971/;2024-12-08;18;3.0;0.0;0.0;0.0;-0.0;-0.0;0.0;0.0;-2.0;-0.0;0.0;0.0;-0.0;0.0;1.0
M. Tirpan;/players/mickael-tirpan/202469/;2024-12-08;18;3.0;0.0;0.0;0.0;-0.0;-0.0;0.0;0.0;-2.0;-0.0;0.0;0.0;-0.0;0.0;1.0
R. Behounek;/players/raffael-behounek/408747/;2024-12-08;18;3.0;0.0;0.0;0.0;-2.0;-0.0;0.0;0.0;-2.0;-0.0;0.0;0.0;-0.0;0.0;-1.0
T. St. Jago;/players/tommy-st-jago/477596/;2024-12-08;18;3.0;0.0;0.0;0.0;-0.0;-0.0;0.0;0.0;-2.0;-0.0;0.0;0.0;-0.0;0.0;1.0
R. Sigurgeirsson;/players/runar-thor-sigurgeirsson/491746/;2024-12-08;18;3.0;0.0;0.0;0.0;-0.0;-0.0;0.0;0.0;-2.0;-0.0;0.0;0.0;-0.0;0.0;1.0
A. Lachkar;/players/amine-lachkar/876151/;2024-12-08;18;3.0;0.0;0.0;0.0;-0.0;-0.0;0.0;0.0;-2.0;-0.0;0.0;0.0;-0.0;0.0;1.0
J. Bosch;/players/jesse-bosch/621347/;2024-12-08;18;2.3;0.0;0.0;0.0;-2.0;-0.0;0.0;0.0;0.0;-0.0;0.0;0.0;-0.0;0.0;0.3
R. Meerveld;/players/ringo-meerveld/623815/;2024-12-08;18;3.0;0.0;0.0;0.0;-0.0;-0.0;0.0;0.0;0.0;-0.0;0.0;0.0;-0.0;0.0;3.0
C. Sandra;/players/cisse-sandra/638266/;2024-12-08;18;2.3;0.0;0.0;0.0;-0.0;-0.0;0.0;0.0;0.0;-0.0;0.0;0.0;-0.0;0.0;2.3
J. Bokila;/players/jeremy-bokila/49538/;2024-12-08;18;3.0;0.0;0.0;0.0;-0.0;-0.0;0.0;0.0;0.0;-0.0;0.0;0.0;-0.0;0.0;3.0
N. Doodeman;/players/nick-doodeman/454478/;2024-12-08;18;2.83;0.0;0.0;0.0;-0.0;-0.0;0.0;0.0;0.0;-0.0;0.0;0.0;-0.0;0.0;2.83
B. Lambert;/players/lambert-boris/551151/;2024-12-08;18;0.7;0.0;0.0;0.0;-0.0;-0.0;0.0;0.0;-2.0;-0.0;0.0;0.0;-0.0;0.0;-1.3
P. Joosten;/players/patrick-joosten/394561/;2024-12-08;18;0.7;0.0;0.0;0.0;-0.0;-0.0;0.0;0.0;0.0;-0.0;0.0;0.0;-0.0;0.0;0.7
E. Kehrer;/players/emilio-kehrer/609627/;2024-12-08;18;0.17;0.0;0.0;0.0;-0.0;-0.0;0.0;0.0;0.0;-0.0;0.0;0.0;-0.0;0.0;0.17
U. van Aalst;/players/uriel-van-aalst/1013189/;2024-12-08;18;0.0;0.0;0.0;0.0;-0.0;-0.0;0.0;0.0;0.0;-0.0;0.0;0.0;-0.0;0.0;0.0
R. Nizet;/players/rob-nizet/575071/;2024-12-08;18;0.0;0.0;0.0;0.0;-0.0;-0.0;0.0;0.0;-0.0;-0.0;0.0;0.0;-0.0;0.0;0.0
M. Pivaš;/players/miodrag-pivas/745852/;2024-12-08;18;0.0;0.0;0.0;0.0;-0.0;-0.0;0.0;0.0;-0.0;-0.0;0.0;0.0;-0.0;0.0;0.0
J. Mathijsen;/players/jens-mathijsen/982233/;2024-12-08;18;0.0;0.0;0.0;0.0;-0.0;-0.0;0.0;0.0;-0.0;-0.0;0.0;0.0;-0.0;0.0;0.0
M. Schut;/players/maarten-schut/680846/;2024-12-08;18;0.0;0.0;0.0;0.0;-0.0;-0.0;0.0;0.0;-0.0;-0.0;0.0;0.0;-0.0;0.0;0.0
C. van den Berg;/players/connor-van-den-berg/569426/;2024-12-08;18;0.0;0.0;0.0;0.0;-0.0;-0.0;0.0;0.0;-0.0;-0.0;0.0;0.0;-0.0;0.0;0.0
E. Schouten;/players/erik-schouten/134072/;2024-12-08;18;0.0;0.0;0.0;0.0;-0.0;-0.0;0.0;0.0;-0.0;-0.0;0.0;0.0;-0.0;0.0;0.0
K. Razak;/players/khaled-razak/882843/;2024-12-08;18;0.0;0.0;0.0;0.0;-0.0;-0.0;0.0;0.0;0.0;-0.0;0.0;0.0;-0.0;0.0;0.0
M. van der Hart;/players/mickey-van-der-hart/218009/;2024-12-08;18;3.0;2.0;0.0;0.0;-0.0;-0.0;0.0;0.0;-1.0;-3.0;0.0;0.0;-0.0;0.0;1.0
S. Kersten;/players/sam-kersten/453644/;2024-12-08;18;3.0;2.0;0.0;0.0;-0.0;-0.0;0.0;0.0;-1.0;-0.0;0.0;0.0;-0.0;0.0;4.0
D. Hall;/players/denzel-hall/508910/;2024-12-08;18;2.5;1.67;0.0;0.0;-2.0;-0.0;0.0;0.0;-0.0;-0.0;0.0;0.0;-0.0;0.0;2.17
N. Hopland;/players/nikolai-soyset-hopland/703339/;2024-12-08;18;3.0;2.0;0.0;0.0;-0.0;-0.0;0.0;0.0;-1.0;-0.0;0.0;0.0;-0.0;0.0;4.0
L. Brouwers;/players/luuk-brouwers/402458/;2024-12-08;18;3.0;2.0;0.0;0.0;-0.0;-0.0;9.0;0.0;0.0;-0.0;0.0;0.0;-0.0;0.0;14.0
L. Smans;/players/levi-smans/757104/;2024-12-08;18;2.1;1.4;0.0;0.0;-2.0;-0.0;0.0;0.0;0.0;-0.0;0.0;0.0;-0.0;0.0;1.5
O. Braude;/players/oliver-johansen-braude/794018/;2024-12-08;18;3.0;2.0;0.0;0.0;-0.0;-0.0;0.0;0.0;-1.0;-0.0;0.0;0.0;-0.0;0.0;4.0
E. van Ee;/players/espen-van-ee/921919/;2024-12-08;18;3.0;2.0;0.0;0.0;-0.0;-0.0;0.0;0.0;0.0;-0.0;0.0;0.0;-0.0;0.0;5.0
A. Jahanbakhsh;/players/alireza-jahanbakhsh/207918/;2024-12-08;18;2.83;1.89;0.0;0.0;-0.0;-0.0;0.0;0.0;0.0;-0.0;0.0;0.0;-0.0;0.0;4.72
I. Sebaoui;/players/ilias-sebaoui/797954/;2024-12-08;18;2.5;1.67;0.0;0.0;-0.0;-0.0;0.0;0.0;0.0;-0.0;0.0;0.0;-0.0;0.0;4.17
D. Rallis;/players/dimitris-rallis/982464/;2024-12-08;18;;;;;;;;;;;;;;;0.0
I. Nicolăescu;/players/ion-nicolescu/446191/;2024-12-08;18;0.93;0.62;0.0;0.0;-0.0;-0.0;0.0;0.0;0.0;-0.0;0.0;3.0;-0.0;0.0;4.56
S. Olsson;/players/simon-olsson/423888/;2024-12-08;18;0.9;0.6;0.0;0.0;-0.0;-0.0;0.0;0.0;0.0;-0.0;0.0;0.0;-0.0;0.0;1.5
Danilo Al Saed;/players/danilo-al-saed/530444/;2024-12-08;18;0.5;0.33;0.0;0.0;-0.0;-0.0;0.0;0.0;0.0;-0.0;0.0;0.0;-0.0;0.0;0.83
Hussein Ali;/players/hussein-ali/573309/;2024-12-08;18;0.5;0.33;0.0;0.0;-0.0;-0.0;0.0;0.0;-1.0;-0.0;0.0;0.0;-0.0;0.0;-0.17
C. Nunnely;/players/che-nunnely/423827/;2024-12-08;18;0.17;0.11;0.0;0.0;-0.0;-0.0;0.0;4.0;0.0;-0.0;0.0;0.0;-0.0;0.0;4.28
D. Karlsbakk;/players/daniel-seland-karlsbakk/629619/;2024-12-08;18;0.0;0.0;0.0;0.0;-0.0;-0.0;0.0;0.0;0.0;-0.0;0.0;0.0;-0.0;0.0;0.0
A. Noppert;/players/andries-noppert/300862/;2024-12-08;18;0.0;0.0;0.0;0.0;-0.0;-0.0;0.0;0.0;-0.0;-0.0;0.0;0.0;-0.0;0.0;0.0
M. Milovanović;/players/mateja-milovanovic/783196/;2024-12-08;18;0.0;0.0;0.0;0.0;-0.0;-0.0;0.0;0.0;-0.0;-0.0;0.0;0.0;-0.0;0.0;0.0
T. Keimpema;/players/tjalling-keimpema/1014367/;2024-12-08;18;0.0;0.0;0.0;0.0;-0.0;-0.0;0.0;0.0;-0.0;-0.0;0.0;0.0;-0.0;0.0;0.0
A. Condé;/players/amara-conde/310101/;2024-12-08;18;0.0;0.0;0.0;0.0;-0.0;-0.0;0.0;0.0;0.0;-0.0;0.0;0.0;-0.0;0.0;0.0
N. Bakker;/players/nordin-bakker/563909/;2024-12-08;18;3.0;0.0;0.0;0.0;-0.0;-0.0;0.0;0.0;-3.0;-0.0;0.0;0.0;-0.0;0.0;0.0
J. Lawrence;/players/jamie-lawrence/216767/;2024-12-08;18;1.53;0.0;0.0;0.0;-0.0;-0.0;0.0;0.0;-2.0;-0.0;0.0;0.0;-0.0;0.0;-0.47
J. Jacobs;/players/joey-jacobs/537705/;2024-12-08;18;3.0;0.0;0.0;0.0;-0.0;-0.0;0.0;0.0;-3.0;-0.0;0.0;0.0;-0.0;0.0;0.0
H. Akujobi;/players/hamdi-akujobi/567599/;2024-12-08;18;3.0;0.0;0.0;0.0;-0.0;-0.0;0.0;0.0;-3.0;-0.0;0.0;0.0;-0.0;0.0;0.0
V. Zagaritis;/players/vasilios-zagaritis/617928/;2024-12-08;18;3.0;0.0;0.0;0.0;-0.0;-0.0;0.0;0.0;-3.0;-0.0;0.0;0.0;-0.0;0.0;0.0
A. Tahiri;/players/anas-tahiri/323282/;2024-12-08;18;2.43;0.0;0.0;0.0;-0.0;-0.0;0.0;0.0;0.0;-0.0;0.0;0.0;-0.0;0.0;2.43
A. Nalić;/players/adi-nalic/459631/;2024-12-08;18;2.6;0.0;0.0;0.0;-2.0;-0.0;0.0;0.0;0.0;-0.0;0.0;0.0;-0.0;0.0;0.6
J. Ritmeester van de Kamp;/players/jochem-ritmeester-van-de-kamp/801840/;2024-12-08;18;3.0;0.0;0.0;0.0;-0.0;-0.0;0.0;0.0;0.0;-0.0;0.0;0.0;-0.0;0.0;3.0
T. Robinet;/players/thomas-robinet/312659/;2024-12-08;18;3.0;0.0;0.0;0.0;-0.0;-0.0;0.0;0.0;0.0;-0.0;0.0;0.0;-0.0;0.0;3.0
R. Providence;/players/ruben-providence/509854/;2024-12-08;18;2.43;0.0;0.0;0.0;-2.0;-0.0;0.0;0.0;0.0;-0.0;0.0;0.0;-0.0;0.0;0.43
J. Kadile;/players/junior-morau-kadile-/590286/;2024-12-08;18;2.0;0.0;0.0;0.0;-0.0;-0.0;0.0;0.0;0.0;-0.0;0.0;0.0;-0.0;0.0;2.0
C. Mamengi;/players/christopher-mamengi/540620/;2024-12-08;18;1.47;0.0;0.0;0.0;-0.0;-0.0;0.0;0.0;-1.0;-0.0;0.0;0.0;-0.0;0.0;0.47
K. Hansen;/players/kornelius-normann-hansen/496125/;2024-12-08;18;1.0;0.0;0.0;0.0;-0.0;-0.0;0.0;0.0;0.0;-0.0;0.0;0.0;-0.0;0.0;1.0
L. Delaurier-Chaubet;/players/logan-delaurier-chaubet/626512/;2024-12-08;18;0.57;0.0;0.0;0.0;-0.0;-0.0;8.0;0.0;0.0;-0.0;0.0;0.0;-0.0;0.0;8.57
T. Haye;/players/thom-haye/182931/;2024-12-08;18;0.57;0.0;0.0;0.0;-0.0;-0.0;0.0;0.0;0.0;-0.0;0.0;0.0;-0.0;0.0;0.57
Álex Balboa;/players/alex-balboa-bandeira/627655/;2024-12-08;18;0.4;0.0;0.0;0.0;-0.0;-0.0;0.0;0.0;0.0;-0.0;0.0;0.0;-0.0;0.0;0.4
J. van der Wilt;/players/joel-van-der-wilt/771874/;2024-12-08;18;0.0;0.0;0.0;0.0;-0.0;-0.0;0.0;0.0;-0.0;-0.0;0.0;0.0;-0.0;0.0;0.0
J. Wendlinger;/players/jonas-wendlinger/469451/;2024-12-08;18;0.0;0.0;0.0;0.0;-0.0;-0.0;0.0;0.0;-0.0;-0.0;0.0;0.0;-0.0;0.0;0.0
T. Barbet;/players/theo-barbet/515917/;2024-12-08;18;0.0;0.0;0.0;0.0;-0.0;-0.0;0.0;0.0;-0.0;-0.0;0.0;0.0;-0.0;0.0;0.0
T. Receveur;/players/tim-receveur/190544/;2024-12-08;18;0.0;0.0;0.0;0.0;-0.0;-0.0;0.0;0.0;0.0;-0.0;0.0;0.0;-0.0;0.0;0.0
A. Foah-Sam;/players/amoah-foa-sam/639015/;2024-12-08;18;0.0;0.0;0.0;0.0;-0.0;-0.0;0.0;0.0;-0.0;-0.0;0.0;0.0;-0.0;0.0;0.0
D. Dankerlui;/players/damil-dankerlui/314252/;2024-12-08;18;0.0;0.0;0.0;0.0;-0.0;-0.0;0.0;0.0;-0.0;-0.0;0.0;0.0;-0.0;0.0;0.0
V. Barkas;/players/vasileios-barkas/272919/;2024-12-08;18;3.0;2.0;0.0;0.0;-0.0;-0.0;0.0;0.0;-1.0;-0.0;0.0;0.0;-0.0;0.0;4.0
N. Viergever;/players/nick--viergever/78529/;2024-12-08;18;3.0;2.0;0.0;0.0;-0.0;-0.0;0.0;0.0;-1.0;-0.0;0.0;0.0;-0.0;0.0;4.0
M. van der Hoorn;/players/mike-van-der-hoorn/190540/;2024-12-08;18;3.0;2.0;0.0;0.0;-2.0;-0.0;12.0;0.0;-1.0;-0.0;0.0;0.0;-0.0;0.0;14.0
N. Vesterlund;/players/niklas-brondsted-vesterlund-nielsen/441234/;2024-12-08;18;3.0;2.0;0.0;0.0;-0.0;-0.0;0.0;6.0;-1.0;-0.0;0.0;0.0;-0.0;0.0;10.0
S. El Karouani;/players/souffian-elkarouani/537878/;2024-12-08;18;3.0;2.0;0.0;0.0;-0.0;-0.0;0.0;6.0;-1.0;-0.0;0.0;0.0;-0.0;0.0;10.0
J. Toornstra;/players/jens-toornstra/110217/;2024-12-08;18;2.57;1.71;0.0;0.0;-0.0;-0.0;0.0;0.0;0.0;-0.0;0.0;0.0;-0.0;0.0;4.28
P. Aaronson;/players/paxten-aaronson/576828/;2024-12-08;18;3.0;2.0;0.0;0.0;-0.0;-0.0;0.0;0.0;0.0;-0.0;0.0;0.0;-0.0;0.0;5.0
Zidane Iqbal;/players/zidane-iqbal/644834/;2024-12-08;18;2.9;1.93;0.0;0.0;-2.0;-0.0;9.0;0.0;0.0;-0.0;0.0;0.0;-0.0;0.0;11.83
Miguel Rodríguez;/players/miguel-rodriguez-vidal/576516/;2024-12-08;18;1.8;1.2;0.0;0.0;-2.0;-0.0;0.0;0.0;0.0;-0.0;0.0;0.0;-0.0;0.0;1.0
D. Min;/players/david-min/587715/;2024-12-08;18;2.57;1.71;0.0;0.0;-0.0;-0.0;0.0;0.0;0.0;-0.0;0.0;0.0;-0.0;0.0;4.28
Y. Cathline;/players/yoann-cathline/660710/;2024-12-08;18;2.9;1.93;0.0;0.0;-0.0;-0.0;0.0;0.0;0.0;-0.0;0.0;0.0;-0.0;0.0;4.83
O. Romeny;/players/ole-ter-haar-romeny/532140/;2024-12-08;18;1.2;0.8;0.0;0.0;-0.0;-0.0;0.0;0.0;0.0;-0.0;0.0;0.0;-0.0;0.0;2.0
N. Ohio;/players/noah-ohio/571268/;2024-12-08;18;0.43;0.29;0.0;0.0;-0.0;-0.0;8.0;0.0;0.0;-0.0;0.0;0.0;-0.0;0.0;8.72
V. Jensen;/players/victor-jensen/460509/;2024-12-08;18;0.43;0.29;0.0;0.0;-0.0;-0.0;0.0;0.0;0.0;-0.0;0.0;0.0;-0.0;0.0;0.72
A. Blake;/players/adrian-blake/695557/;2024-12-08;18;0.1;0.07;0.0;0.0;-0.0;-0.0;0.0;4.0;0.0;-0.0;0.0;0.0;-0.0;0.0;4.17
O. Fraulo;/players/oscar-fraulo/637161/;2024-12-08;18;0.1;0.07;0.0;0.0;-0.0;-0.0;0.0;0.0;0.0;-0.0;0.0;0.0;-0.0;0.0;0.17
K. Finnsson;/players/kolbeinn-finnsson/384487/;2024-12-08;18;0.0;0.0;0.0;0.0;-0.0;-0.0;0.0;0.0;-0.0;-0.0;0.0;0.0;-0.0;0.0;0.0
T. de Graaff;/players/tom-gerard-de-graaff/783148/;2024-12-08;18;0.0;0.0;0.0;0.0;-0.0;-0.0;0.0;0.0;-0.0;-0.0;0.0;0.0;-0.0;0.0;0.0
M. Brouwer;/players/michael-brouwer/250395/;2024-12-08;18;0.0;0.0;0.0;0.0;-0.0;-0.0;0.0;0.0;-0.0;-0.0;0.0;0.0;-0.0;0.0;0.0
T. Booth;/players/taylor-booth/441556/;2024-12-08;18;0.0;0.0;0.0;0.0;-0.0;-0.0;0.0;0.0;0.0;-0.0;0.0;0.0;-0.0;0.0;0.0
S. Andersen;/players/silas-andersen/655434/;2024-12-08;18;0.0;0.0;0.0;0.0;-0.0;-0.0;0.0;0.0;0.0;-0.0;0.0;0.0;-0.0;0.0;0.0
J. Mukeh;/players/joshua-mukeh/687903/;2024-12-08;18;0.0;0.0;0.0;0.0;-0.0;-0.0;0.0;0.0;-0.0;-0.0;0.0;0.0;-0.0;0.0;0.0
S. Horemans;/players/siebe-horemans/399758/;2024-12-08;18;0.0;0.0;0.0;0.0;-0.0;-0.0;0.0;0.0;-0.0;-0.0;0.0;0.0;-0.0;0.0;0.0
J. Schendelaar;/players/jasper-schendelaar/454473/;2024-12-13;19;3.0;0.0;0.0;0.0;-0.0;-0.0;0.0;0.0;-1.0;-0.0;0.0;0.0;-0.0;0.0;2.0
S. Graves;/players/simon-graves-jensen/538684/;2024-12-13;19;2.03;0.0;0.0;0.0;-0.0;-0.0;0.0;0.0;-1.0;-0.0;0.0;0.0;-0.0;0.0;1.03
A. El Azzouzi;/players/anouar-el-azzouzi/567947/;2024-12-13;19;3.0;0.0;0.0;0.0;-0.0;-0.0;0.0;0.0;-1.0;-0.0;0.0;0.0;-0.0;0.0;2.0
A. MacNulty;/players/anselmo-garcia-mcnulty/608607/;2024-12-13;19;3.0;0.0;0.0;0.0;-0.0;-0.0;0.0;0.0;-1.0;-0.0;0.0;0.0;-0.0;0.0;2.0
O. Aertssen;/players/olivier-aertssen/664645/;2024-12-13;19;1.07;0.0;0.0;0.0;-0.0;-0.0;0.0;0.0;-1.0;-0.0;0.0;0.0;-0.0;0.0;0.07
D. van der Haar;/players/damian-van-der-haar/812205/;2024-12-13;19;3.0;0.0;0.0;0.0;-0.0;-0.0;0.0;0.0;-1.0;-0.0;0.0;0.0;-0.0;0.0;2.0
Jamiro Monteiro;/players/jamiro-gregory-monteiro-alvarenga/421293/;2024-12-13;19;2.4;0.0;0.0;0.0;-0.0;-0.0;0.0;0.0;0.0;-0.0;0.0;0.0;-0.0;0.0;2.4
O. Velanas;/players/odysseus-velanas/452059/;2024-12-13;19;3.0;0.0;0.0;0.0;-0.0;-0.0;0.0;0.0;0.0;-0.0;0.0;0.0;-0.0;0.0;3.0
N. Fichtinger;/players/nick-fichtinger/914267/;2024-12-13;19;1.53;0.0;0.0;0.0;-0.0;-0.0;0.0;0.0;0.0;-0.0;0.0;0.0;-0.0;0.0;1.53
D. Vente;/players/dylan-vente/426585/;2024-12-13;19;3.0;0.0;0.0;0.0;-0.0;-0.0;0.0;0.0;0.0;-0.0;0.0;0.0;-0.0;0.0;3.0
D. Mbayo;/players/dylan-mbayo/599681/;2024-12-13;19;3.0;0.0;0.0;0.0;-0.0;-0.0;0.0;0.0;0.0;-0.0;0.0;0.0;-0.0;0.0;3.0
E. Reijnders;/players/eliano-reijnders/577288/;2024-12-13;19;1.93;0.0;0.0;0.0;-0.0;-0.0;0.0;0.0;0.0;-0.0;0.0;0.0;-0.0;0.0;1.93
D. van den Berg;/players/dave-van-den-berg-/475335/;2024-12-13;19;1.47;0.0;0.0;0.0;-0.0;-0.0;0.0;0.0;0.0;-0.0;0.0;0.0;-0.0;0.0;1.47
F. Krastev;/players/filip-yavorov-krastev/550509/;2024-12-13;19;0.97;0.0;0.0;0.0;-0.0;-0.0;0.0;0.0;0.0;-0.0;0.0;0.0;-0.0;0.0;0.97
K. de Rooij;/players/kaj-de-rooij/539368/;2024-12-13;19;0.6;0.0;0.0;0.0;-0.0;-0.0;0.0;0.0;0.0;-0.0;0.0;0.0;-0.0;0.0;0.6
M. Oukhattou;/players/mohamed-oukhattou/878072/;2024-12-13;19;0.0;0.0;0.0;0.0;-0.0;-0.0;0.0;0.0;0.0;-0.0;0.0;0.0;-0.0;0.0;0.0
K. Vermeer;/players/kenneth-vermeer/2175/;2024-12-13;19;0.0;0.0;0.0;0.0;-0.0;-0.0;0.0;0.0;-0.0;-0.0;0.0;0.0;-0.0;0.0;0.0
T. Lutonda;/players/thierry-lutonda/462568/;2024-12-13;19;0.0;0.0;0.0;0.0;-0.0;-0.0;0.0;0.0;-0.0;-0.0;0.0;0.0;-0.0;0.0;0.0
T. Buitink;/players/thomas-buitnik/457668/;2024-12-13;19;0.0;0.0;0.0;0.0;-0.0;-0.0;0.0;0.0;0.0;-0.0;0.0;0.0;-0.0;0.0;0.0
T. Gijselhart;/players/teun-gijselhart/789919/;2024-12-13;19;0.0;0.0;0.0;0.0;-0.0;-0.0;0.0;0.0;0.0;-0.0;0.0;0.0;-0.0;0.0;0.0
M. Hauptmeijer;/players/mike-hauptmeijer/321048/;2024-12-13;19;0.0;0.0;0.0;0.0;-0.0;-0.0;0.0;0.0;-0.0;-0.0;0.0;0.0;-0.0;0.0;0.0
T. Didillon-Hödl;/players/thomas-didillon/259971/;2024-12-13;19;3.0;2.0;0.0;0.0;-0.0;-0.0;0.0;0.0;-0.0;-0.0;12.0;0.0;-0.0;0.0;17.0
E. Schouten;/players/erik-schouten/134072/;2024-12-13;19;3.0;2.0;0.0;0.0;-0.0;-0.0;0.0;0.0;-0.0;-0.0;10.0;0.0;-0.0;0.0;15.0
R. Behounek;/players/raffael-behounek/408747/;2024-12-13;19;3.0;2.0;0.0;0.0;-2.0;-0.0;0.0;0.0;-0.0;-0.0;10.0;0.0;-0.0;0.0;13.0
T. St. Jago;/players/tommy-st-jago/477596/;2024-12-13;19;3.0;2.0;0.0;0.0;-2.0;-0.0;0.0;0.0;-0.0;-0.0;10.0;0.0;-0.0;0.0;13.0
R. Sigurgeirsson;/players/runar-thor-sigurgeirsson/491746/;2024-12-13;19;3.0;2.0;0.0;0.0;-0.0;-0.0;0.0;0.0;-0.0;-0.0;10.0;0.0;-0.0;0.0;15.0
A. Lachkar;/players/amine-lachkar/876151/;2024-12-13;19;3.0;2.0;0.0;0.0;-0.0;-0.0;0.0;0.0;-0.0;-0.0;10.0;0.0;-0.0;0.0;15.0
J. Bosch;/players/jesse-bosch/621347/;2024-12-13;19;3.0;2.0;0.0;0.0;-0.0;-0.0;0.0;0.0;0.0;-0.0;3.0;0.0;-0.0;0.0;8.0
R. Meerveld;/players/ringo-meerveld/623815/;2024-12-13;19;3.0;2.0;0.0;0.0;-0.0;-0.0;9.0;0.0;0.0;-0.0;3.0;0.0;-0.0;0.0;17.0
J. Bokila;/players/jeremy-bokila/49538/;2024-12-13;19;3.0;2.0;0.0;0.0;-2.0;-0.0;0.0;0.0;0.0;-0.0;1.0;0.0;-0.0;0.0;4.0
P. Joosten;/players/patrick-joosten/394561/;2024-12-13;19;2.5;1.67;0.0;0.0;-0.0;-0.0;0.0;4.0;0.0;-0.0;0.83;0.0;-0.0;0.0;9.0
N. Doodeman;/players/nick-doodeman/454478/;2024-12-13;19;3.0;2.0;0.0;0.0;-0.0;-0.0;0.0;0.0;0.0;-0.0;1.0;0.0;-0.0;0.0;6.0
B. Lambert;/players/lambert-boris/551151/;2024-12-13;19;0.5;0.33;0.0;0.0;-0.0;-0.0;0.0;0.0;-0.0;-0.0;1.67;0.0;-0.0;0.0;2.5
M. Schut;/players/maarten-schut/680846/;2024-12-13;19;0.0;0.0;0.0;0.0;-0.0;-0.0;0.0;0.0;-0.0;-0.0;0.0;0.0;-0.0;0.0;0.0
E. Kehrer;/players/emilio-kehrer/609627/;2024-12-13;19;0.0;0.0;0.0;0.0;-0.0;-0.0;0.0;0.0;0.0;-0.0;0.0;0.0;-0.0;0.0;0.0
J. Mathijsen;/players/jens-mathijsen/982233/;2024-12-13;19;0.0;0.0;0.0;0.0;-0.0;-0.0;0.0;0.0;-0.0;-0.0;0.0;0.0;-0.0;0.0;0.0
C. van den Berg;/players/connor-van-den-berg/569426/;2024-12-13;19;0.0;0.0;0.0;0.0;-0.0;-0.0;0.0;0.0;-0.0;-0.0;0.0;0.0;-0.0;0.0;0.0
M. Pivaš;/players/miodrag-pivas/745852/;2024-12-13;19;0.0;0.0;0.0;0.0;-0.0;-0.0;0.0;0.0;-0.0;-0.0;0.0;0.0;-0.0;0.0;0.0
K. Razak;/players/khaled-razak/882843/;2024-12-13;19;0.0;0.0;0.0;0.0;-0.0;-0.0;0.0;0.0;0.0;-0.0;0.0;0.0;-0.0;0.0;0.0
P. van Loon;/players/per-van-loon/982232/;2024-12-13;19;;;;;;;;;;;;;;;0.0
U. van Aalst;/players/uriel-van-aalst/1013189/;2024-12-13;19;0.0;0.0;0.0;0.0;-0.0;-0.0;0.0;0.0;0.0;-0.0;0.0;0.0;-0.0;0.0;0.0
M. van der Hart;/players/mickey-van-der-hart/218009/;2024-12-14;19;3.0;2.0;0.0;0.0;-0.0;-0.0;0.0;0.0;-0.0;-0.0;12.0;0.0;-0.0;0.0;17.0
S. Kersten;/players/sam-kersten/453644/;2024-12-14;19;3.0;2.0;0.0;0.0;-0.0;-0.0;0.0;0.0;-0.0;-0.0;10.0;0.0;-0.0;0.0;15.0
D. Hall;/players/denzel-hall/508910/;2024-12-14;19;2.47;1.64;0.0;0.0;-0.0;-0.0;0.0;0.0;-0.0;-0.0;8.22;0.0;-0.0;0.0;12.33
N. Hopland;/players/nikolai-soyset-hopland/703339/;2024-12-14;19;3.0;2.0;0.0;0.0;-0.0;-0.0;0.0;0.0;-0.0;-0.0;10.0;0.0;-0.0;0.0;15.0
L. Brouwers;/players/luuk-brouwers/402458/;2024-12-14;19;3.0;2.0;0.0;0.0;-0.0;-0.0;0.0;0.0;0.0;-0.0;3.0;0.0;-0.0;0.0;8.0
L. Smans;/players/levi-smans/757104/;2024-12-14;19;2.67;1.78;0.0;0.0;-0.0;-0.0;0.0;0.0;0.0;-0.0;2.67;0.0;-0.0;0.0;7.11
O. Braude;/players/oliver-johansen-braude/794018/;2024-12-14;19;3.0;2.0;0.0;0.0;-0.0;-0.0;0.0;0.0;-0.0;-0.0;10.0;0.0;-0.0;0.0;15.0
E. van Ee;/players/espen-van-ee/921919/;2024-12-14;19;3.0;2.0;0.0;0.0;-0.0;-0.0;0.0;0.0;0.0;-0.0;3.0;0.0;-0.0;0.0;8.0
A. Jahanbakhsh;/players/alireza-jahanbakhsh/207918/;2024-12-14;19;3.0;2.0;0.0;0.0;-0.0;-0.0;0.0;0.0;0.0;-0.0;1.0;0.0;-0.0;0.0;6.0
I. Sebaoui;/players/ilias-sebaoui/797954/;2024-12-14;19;2.67;1.78;0.0;0.0;-0.0;-0.0;0.0;0.0;0.0;-0.0;0.89;0.0;-0.0;0.0;5.33
D. Rallis;/players/dimitris-rallis/982464/;2024-12-14;19;;;;;;;;;;;;;;;0.0
I. Nicolăescu;/players/ion-nicolescu/446191/;2024-12-14;19;0.67;0.44;0.0;0.0;-0.0;-0.0;8.0;0.0;0.0;-0.0;0.22;0.0;-0.0;0.0;9.33
Hussein Ali;/players/hussein-ali/573309/;2024-12-14;19;0.53;0.36;0.0;0.0;-0.0;-0.0;0.0;0.0;-0.0;-0.0;1.78;0.0;-0.0;0.0;2.67
S. Olsson;/players/simon-olsson/423888/;2024-12-14;19;0.33;0.22;0.0;0.0;-0.0;-0.0;0.0;0.0;0.0;-0.0;0.33;0.0;-0.0;0.0;0.89
C. Nunnely;/players/che-nunnely/423827/;2024-12-14;19;0.33;0.22;0.0;0.0;-0.0;-0.0;0.0;0.0;0.0;-0.0;0.11;0.0;-0.0;0.0;0.67
M. Milovanović;/players/mateja-milovanovic/783196/;2024-12-14;19;0.0;0.0;0.0;0.0;-0.0;-0.0;0.0;0.0;-0.0;-0.0;0.0;0.0;-0.0;0.0;0.0
Danilo Al Saed;/players/danilo-al-saed/530444/;2024-12-14;19;0.0;0.0;0.0;0.0;-0.0;-0.0;0.0;0.0;0.0;-0.0;0.0;0.0;-0.0;0.0;0.0
D. Karlsbakk;/players/daniel-seland-karlsbakk/629619/;2024-12-14;19;0.0;0.0;0.0;0.0;-0.0;-0.0;0.0;0.0;0.0;-0.0;0.0;0.0;-0.0;0.0;0.0
J. Bekkema;/players/jan-bekkema/452051/;2024-12-14;19;0.0;0.0;0.0;0.0;-0.0;-0.0;0.0;0.0;-0.0;-0.0;0.0;0.0;-0.0;0.0;0.0
A. Condé;/players/amara-conde/310101/;2024-12-14;19;0.0;0.0;0.0;0.0;-0.0;-0.0;0.0;0.0;0.0;-0.0;0.0;0.0;-0.0;0.0;0.0
A. Noppert;/players/andries-noppert/300862/;2024-12-14;19;0.0;0.0;0.0;0.0;-0.0;-0.0;0.0;0.0;-0.0;-0.0;0.0;0.0;-0.0;0.0;0.0
W. Benítez;/players/walter-benitez/210145/;2024-12-14;19;3.0;0.0;0.0;0.0;-0.0;-0.0;0.0;0.0;-1.0;-0.0;0.0;0.0;-0.0;0.0;2.0
R. Karsdorp;/players/rick-karsdorp/322327/;2024-12-14;19;3.0;0.0;0.0;0.0;-0.0;-0.0;0.0;0.0;-1.0;-0.0;0.0;0.0;-0.0;0.0;2.0
O. Boscagli;/players/olivier-boscagli/329542/;2024-12-14;19;3.0;0.0;0.0;0.0;-0.0;-0.0;0.0;0.0;-1.0;-0.0;0.0;0.0;-0.0;0.0;2.0
Mauro Júnior;/players/mauro-jaqueson-junior-ferreira-dos-santos/398754/;2024-12-14;19;3.0;0.0;0.0;0.0;-0.0;-0.0;0.0;0.0;-1.0;-0.0;0.0;0.0;-0.0;0.0;2.0
R. Flamingo;/players/ryan-flamingo/627724/;2024-12-14;19;3.0;0.0;0.0;0.0;-0.0;-0.0;0.0;0.0;-1.0;-0.0;0.0;0.0;-0.0;0.0;2.0
G. Til;/players/guus-til/451981/;2024-12-14;19;2.23;0.0;0.0;0.0;-0.0;-0.0;0.0;0.0;0.0;-0.0;0.0;0.0;-0.0;0.0;2.23
J. Veerman;/players/joey--veerman/459312/;2024-12-14;19;2.23;0.0;0.0;0.0;-0.0;-0.0;0.0;0.0;0.0;-0.0;0.0;0.0;-0.0;0.0;2.23
M. Tillman;/players/malik-tillman/561787/;2024-12-14;19;3.0;0.0;0.0;0.0;-0.0;-0.0;0.0;0.0;0.0;-0.0;0.0;0.0;-0.0;0.0;3.0
I. Saibari;/players/ismael-saibari/632481/;2024-12-14;19;1.53;0.0;0.0;0.0;-0.0;-0.0;0.0;0.0;0.0;-0.0;0.0;0.0;-0.0;0.0;1.53
I. Perišić;/players/ivan-perisic/13756/;2024-12-14;19;2.5;0.0;0.0;0.0;-0.0;-0.0;0.0;0.0;0.0;-0.0;0.0;0.0;-0.0;0.0;2.5
L. de Jong;/players/luuk-de-jong/65056/;2024-12-14;19;3.0;0.0;0.0;0.0;-0.0;-0.0;0.0;0.0;0.0;-0.0;0.0;0.0;-0.0;0.0;3.0
N. Lang;/players/noa-lang/463018/;2024-12-14;19;1.47;0.0;0.0;0.0;-0.0;-0.0;0.0;0.0;0.0;-0.0;0.0;0.0;-0.0;0.0;1.47
J. Schouten;/players/jerdy-schouten/448432/;2024-12-14;19;0.77;0.0;0.0;0.0;-0.0;-0.0;0.0;0.0;0.0;-0.0;0.0;0.0;-0.0;0.0;0.77
R. Pepi;/players/ricardo-pepi/523964/;2024-12-14;19;0.77;0.0;0.0;0.0;-0.0;-0.0;0.0;0.0;0.0;-0.0;0.0;0.0;-0.0;0.0;0.77
H. Lozano;/players/hirving-rodrigo-lozano-bahena/327531/;2024-12-14;19;0.5;0.0;0.0;0.0;-0.0;-0.0;0.0;0.0;0.0;-0.0;0.0;0.0;-0.0;0.0;0.5
A. Obispo;/players/armando-obispo/426581/;2024-12-14;19;0.0;0.0;0.0;0.0;-0.0;-0.0;0.0;0.0;-0.0;-0.0;0.0;0.0;-0.0;0.0;0.0
M. Dams;/players/matteo-dams/805736/;2024-12-14;19;0.0;0.0;0.0;0.0;-0.0;-0.0;0.0;0.0;-0.0;-0.0;0.0;0.0;-0.0;0.0;0.0
N. Schiks;/players/niek-schiks/643502/;2024-12-14;19;0.0;0.0;0.0;0.0;-0.0;-0.0;0.0;0.0;-0.0;-0.0;0.0;0.0;-0.0;0.0;0.0
J. Drommel;/players/joel-drommel/355869/;2024-12-14;19;0.0;0.0;0.0;0.0;-0.0;-0.0;0.0;0.0;-0.0;-0.0;0.0;0.0;-0.0;0.0;0.0
J. Bakayoko;/players/johan-bakayoko/638229/;2024-12-14;19;0.0;0.0;0.0;0.0;-0.0;-0.0;0.0;0.0;0.0;-0.0;0.0;0.0;-0.0;0.0;0.0
F. Oppegård;/players/fredrik-oppegard/575059/;2024-12-14;19;0.0;0.0;0.0;0.0;-0.0;-0.0;0.0;0.0;-0.0;-0.0;0.0;0.0;-0.0;0.0;0.0
T. Wellenreuther;/players/timon-wellenreuther/258964/;2024-12-14;19;3.0;2.0;0.0;0.0;-0.0;-0.0;0.0;0.0;-2.0;-0.0;0.0;0.0;-0.0;0.0;3.0
D. Hancko;/players/david-hancko/391059/;2024-12-14;19;3.0;2.0;0.0;0.0;-0.0;-0.0;12.0;0.0;-2.0;-0.0;0.0;0.0;-0.0;0.0;15.0
Hugo Bueno;/players/hugo-bueno/624935/;2024-12-14;19;2.6;1.73;0.0;0.0;-0.0;-0.0;0.0;0.0;-2.0;-0.0;0.0;0.0;-0.0;0.0;2.33
T. Beelen;/players/thomas-beelen/760998/;2024-12-14;19;3.0;2.0;0.0;0.0;-0.0;-0.0;0.0;0.0;-2.0;-0.0;0.0;0.0;-0.0;0.0;3.0
G. Read;/players/givairo-read/821635/;2024-12-14;19;3.0;2.0;0.0;0.0;-0.0;-0.0;0.0;6.0;-2.0;-0.0;0.0;0.0;-0.0;0.0;9.0
C. Stengs;/players/calvin-stengs/458659/;2024-12-14;19;2.2;1.47;0.0;0.0;-0.0;-0.0;0.0;5.0;0.0;-0.0;0.0;0.0;-0.0;0.0;8.67
Q. Timber;/players/quinten-maduro/463017/;2024-12-14;19;3.0;2.0;0.0;0.0;-0.0;-0.0;0.0;0.0;0.0;-0.0;0.0;0.0;-0.0;0.0;5.0
R. Zerrouki;/players/ramiz-larbi-zerrouki/621348/;2024-12-14;19;3.0;2.0;0.0;0.0;-0.0;-0.0;0.0;0.0;0.0;-0.0;0.0;0.0;-0.0;0.0;5.0
A. Milambo;/players/antoni-djibu-milambo/736392/;2024-12-14;19;2.23;1.49;0.0;0.0;-0.0;-0.0;0.0;0.0;0.0;-0.0;0.0;0.0;-0.0;0.0;3.72
S. Giménez;/players/santiago-tomas-gimenez/494293/;2024-12-14;19;2.23;1.49;0.0;0.0;-0.0;-0.0;16.0;0.0;0.0;-0.0;0.0;3.0;-0.0;0.0;22.72
Igor Paixão;/players/igor-guilherme-barbosa-da-paixao/593041/;2024-12-14;19;0.67;0.44;0.0;0.0;-0.0;-0.0;0.0;0.0;0.0;-0.0;0.0;0.0;-0.0;0.0;1.11
A. Hadj Moussa;/players/anis--hadj-moussa/755639/;2024-12-14;19;2.33;1.56;0.0;0.0;-0.0;-0.0;0.0;4.0;0.0;-0.0;0.0;0.0;-0.0;0.0;7.89
L. Ivanušec;/players/luka-ivanuec/424605/;2024-12-14;19;0.8;0.53;0.0;0.0;-0.0;-0.0;0.0;0.0;0.0;-0.0;0.0;0.0;-0.0;0.0;1.33
I. Osman;/players/ibrahim-osman/682733/;2024-12-14;19;0.77;0.51;0.0;0.0;-0.0;-0.0;0.0;0.0;0.0;-0.0;0.0;0.0;-0.0;0.0;1.28
G. Zechiël;/players/gjivai-zechiel/864326/;2024-12-14;19;0.77;0.51;0.0;0.0;-0.0;-0.0;0.0;0.0;0.0;-0.0;0.0;0.0;-0.0;0.0;1.28
F. González;/players/facundo-gonzalez-molino/673756/;2024-12-14;19;0.4;0.27;0.0;0.0;-0.0;-0.0;0.0;0.0;-0.0;-0.0;0.0;0.0;-0.0;0.0;0.67
C. Nadje;/players/chris-kevin-nadje/667108/;2024-12-14;19;0.0;0.0;0.0;0.0;-0.0;-0.0;0.0;0.0;0.0;-0.0;0.0;0.0;-0.0;0.0;0.0
P. Andreev;/players/plamen-andreev/708730/;2024-12-14;19;0.0;0.0;0.0;0.0;-0.0;-0.0;0.0;0.0;-0.0;-0.0;0.0;0.0;-0.0;0.0;0.0
J. Bijlow;/players/justin-bijlow/340393/;2024-12-14;19;0.0;0.0;0.0;0.0;-0.0;-0.0;0.0;0.0;-0.0;-0.0;0.0;0.0;-0.0;0.0;0.0
Hwang In-Beom;/players/in-beom-hwang/400101/;2024-12-14;19;0.0;0.0;0.0;0.0;-0.0;-0.0;0.0;0.0;0.0;-0.0;0.0;0.0;-0.0;0.0;0.0
B. Nieuwkoop;/players/bart-nieuwkoop/275124/;2024-12-14;19;0.0;0.0;0.0;0.0;-0.0;-0.0;0.0;0.0;-0.0;-0.0;0.0;0.0;-0.0;0.0;0.0
J. Mitchell;/players/jeyland-mitchell/687479/;2024-12-14;19;0.0;0.0;0.0;0.0;-0.0;-0.0;0.0;0.0;-0.0;-0.0;0.0;0.0;-0.0;0.0;0.0
Z. Redmond;/players/zepiqueno-redmond/830547/;2024-12-14;19;0.0;0.0;0.0;0.0;-0.0;-0.0;0.0;0.0;0.0;-0.0;0.0;0.0;-0.0;0.0;0.0
F. de Keijzer;/players/fabian-de-keijzer/463695/;2024-12-14;19;3.0;0.0;0.0;0.0;-0.0;-0.0;0.0;0.0;-5.0;-0.0;0.0;0.0;-0.0;0.0;-2.0
D. Mirani;/players/damon-mirani/289811/;2024-12-14;19;2.23;0.0;0.0;0.0;-2.0;-0.0;0.0;0.0;-3.0;-0.0;0.0;0.0;-0.0;0.0;-2.77
I. Mesík;/players/ivan-mesik/513503/;2024-12-14;19;3.0;0.0;0.0;0.0;-0.0;-0.0;0.0;0.0;-5.0;-0.0;0.0;0.0;-0.0;0.0;-2.0
R. Roosken;/players/ruben-roosken/618143/;2024-12-14;19;1.53;0.0;0.0;0.0;-0.0;-0.0;0.0;0.0;-2.0;-0.0;0.0;0.0;-0.0;0.0;-0.47
M. Benita;/players/mimeirhel-benita/645525/;2024-12-14;19;3.0;0.0;0.0;0.0;-0.0;-0.0;0.0;0.0;-5.0;-0.0;0.0;0.0;-0.0;0.0;-2.0
M. Engels;/players/mario-engels/243044/;2024-12-14;19;3.0;0.0;0.0;0.0;-0.0;-0.0;0.0;0.0;0.0;-0.0;0.0;0.0;-0.0;0.0;3.0
D. van Kaam;/players/daniel-van-kaam/477595/;2024-12-14;19;1.53;0.0;0.0;0.0;-0.0;-0.0;0.0;0.0;0.0;-0.0;0.0;0.0;-0.0;0.0;1.53
B. De Keersmaecker;/players/brian-de-keersmaecker/605558/;2024-12-14;19;3.0;0.0;0.0;0.0;-0.0;-0.0;0.0;0.0;0.0;-0.0;0.0;0.0;-0.0;0.0;3.0
S. Scheperman;/players/sem-scheperman/641190/;2024-12-14;19;2.4;0.0;0.0;0.0;-0.0;-0.0;0.0;0.0;0.0;-0.0;0.0;0.0;-0.0;0.0;2.4
S. 't Zand;/players/shiloh-t-zand/824640/;2024-12-14;19;3.0;0.0;0.0;0.0;-0.0;-0.0;9.0;0.0;0.0;-0.0;0.0;0.0;-0.0;0.0;12.0
J. Hornkamp;/players/jizz-hornkamp/526566/;2024-12-14;19;2.23;0.0;0.0;0.0;-0.0;-0.0;0.0;0.0;0.0;-0.0;0.0;0.0;-0.0;0.0;2.23
S. Podgoreanu;/players/suf-podgoreanu/509673/;2024-12-14;19;1.47;0.0;0.0;0.0;-0.0;-0.0;0.0;0.0;0.0;-3.0;0.0;0.0;-0.0;0.0;-1.53
L. Milani;/players/lorenzo-milani/664147/;2024-12-14;19;1.47;0.0;0.0;0.0;-0.0;-0.0;0.0;0.0;-3.0;-0.0;0.0;0.0;-0.0;0.0;-1.53
J. Hoogma;/players/justin-hoogma/432697/;2024-12-14;19;0.77;0.0;0.0;0.0;-0.0;-0.0;12.0;0.0;-2.0;-0.0;0.0;0.0;-0.0;0.0;10.77
L. Kulenović;/players/luka-kulenovi/631882/;2024-12-14;19;0.77;0.0;0.0;0.0;-0.0;-0.0;0.0;0.0;0.0;-0.0;0.0;0.0;-0.0;0.0;0.77
J. Žambůrek;/players/jan-ambrek/542777/;2024-12-14;19;0.6;0.0;0.0;0.0;-0.0;-0.0;0.0;5.0;0.0;-0.0;0.0;0.0;-0.0;0.0;5.6
R. Mantel;/players/robin-mantel/502712/;2024-12-14;19;0.0;0.0;0.0;0.0;-0.0;-0.0;0.0;0.0;-0.0;-0.0;0.0;0.0;-0.0;0.0;0.0
T. Bruns;/players/thomas-bruns/168503/;2024-12-14;19;0.0;0.0;0.0;0.0;-0.0;-0.0;0.0;0.0;0.0;-0.0;0.0;0.0;-0.0;0.0;0.0
K. Leerdam;/players/kelvin-leerdam/68354/;2024-12-14;19;0.0;0.0;0.0;0.0;-0.0;-0.0;0.0;0.0;-0.0;-0.0;0.0;0.0;-0.0;0.0;0.0
T. Jansink;/players/timo-jansink/632823/;2024-12-14;19;0.0;0.0;0.0;0.0;-0.0;-0.0;0.0;0.0;-0.0;-0.0;0.0;0.0;-0.0;0.0;0.0
J. Talvitie;/players/juho-talvitie/701365/;2024-12-14;19;0.0;0.0;0.0;0.0;-0.0;-0.0;0.0;0.0;0.0;-0.0;0.0;0.0;-0.0;0.0;0.0
D. van Oorschot;/players/diego-van-oorschot/900479/;2024-12-14;19;0.0;0.0;0.0;0.0;-0.0;-0.0;0.0;0.0;0.0;-0.0;0.0;0.0;-0.0;0.0;0.0
J. Wieckhoff;/players/jannes-luca-wieckhoff/497167/;2024-12-14;19;0.0;0.0;0.0;0.0;-0.0;-0.0;0.0;0.0;-0.0;-0.0;0.0;0.0;-0.0;0.0;0.0
M. Branderhorst;/players/mathijs-branderhorst/175358/;2024-12-14;19;3.0;2.0;0.0;0.0;-0.0;-0.0;0.0;0.0;-2.0;-0.0;0.0;0.0;-0.0;0.0;3.0
M. Dijks;/players/mitchel-dijks/219029/;2024-12-14;19;2.83;1.89;0.0;0.0;-0.0;-0.0;0.0;0.0;-2.0;-0.0;0.0;0.0;-0.0;0.0;2.72
Rodrigo Guth;/players/rodrigo-guth/475116/;2024-12-14;19;3.0;2.0;0.0;0.0;-0.0;-0.0;0.0;0.0;-2.0;-0.0;0.0;0.0;-0.0;0.0;3.0
S. van Ottele;/players/syb-van-ottele/525930/;2024-12-14;19;3.0;2.0;0.0;0.0;-0.0;-0.0;0.0;6.0;-2.0;-0.0;0.0;0.0;-0.0;0.0;9.0
A. Halilović;/players/alen-halilovi/270136/;2024-12-14;19;2.27;1.51;0.0;0.0;-0.0;-0.0;0.0;0.0;0.0;-0.0;0.0;0.0;-0.0;0.0;3.78
S. Bastien;/players/samuel-bastien/314097/;2024-12-14;19;3.0;2.0;0.0;0.0;-0.0;-0.0;0.0;0.0;0.0;-0.0;0.0;0.0;-0.0;0.0;5.0
Alessio da Cruz;/players/alessio-da-cruz/391603/;2024-12-14;19;3.0;2.0;0.0;0.0;-0.0;-0.0;8.0;0.0;0.0;-0.0;0.0;0.0;-0.0;0.0;13.0
L. Rosier;/players/lorentz-rosier/456607/;2024-12-14;19;3.0;2.0;0.0;0.0;-0.0;-0.0;0.0;0.0;0.0;-0.0;0.0;0.0;-0.0;0.0;5.0
E. Bullaude;/players/ezequiel-eduardo-bullaude/577164/;2024-12-14;19;3.0;2.0;0.0;0.0;-0.0;-0.0;9.0;5.0;0.0;-0.0;0.0;0.0;-0.0;0.0;19.0
K. Peterson;/players/kristoffer-peterson/218002/;2024-12-14;19;2.8;1.87;0.0;0.0;-0.0;-0.0;8.0;4.0;0.0;-0.0;0.0;0.0;-0.0;0.0;16.67
J. Mitrović;/players/josip-mitrovi/482602/;2024-12-14;19;2.27;1.51;0.0;0.0;-0.0;-0.0;0.0;0.0;0.0;-0.0;0.0;0.0;-0.0;0.0;3.78
Ivo Pinto;/players/ivo-pinto/86672/;2024-12-14;19;0.73;0.49;0.0;0.0;-0.0;-0.0;0.0;0.0;-0.0;-0.0;0.0;0.0;-0.0;0.0;1.22
M. Aïko;/players/makan-aiko/608125/;2024-12-14;19;0.73;0.49;0.0;0.0;-0.0;-0.0;0.0;0.0;0.0;-0.0;0.0;0.0;-0.0;0.0;1.22
É. Michut;/players/edouard-michut/632965/;2024-12-14;19;0.2;0.13;0.0;0.0;-2.0;-0.0;0.0;0.0;0.0;-0.0;0.0;0.0;-0.0;0.0;-1.67
A. Erceg;/players/ante-erceg/137741/;2024-12-14;19;0.17;0.11;0.0;0.0;-0.0;-0.0;0.0;0.0;0.0;-0.0;0.0;0.0;-0.0;0.0;0.28
J. Dahlhaus;/players/jasper-dahlhaus/567944/;2024-12-14;19;0.17;0.11;0.0;0.0;-0.0;-0.0;0.0;0.0;-0.0;-0.0;0.0;0.0;-0.0;0.0;0.28
Úmaro Embaló;/players/umaro-embalo/460644/;2024-12-14;19;0.0;0.0;0.0;0.0;-0.0;-0.0;0.0;0.0;0.0;-0.0;0.0;0.0;-0.0;0.0;0.0
L. Koopmans;/players/luuk-koopmans/149059/;2024-12-14;19;0.0;0.0;0.0;0.0;-0.0;-0.0;0.0;0.0;-0.0;-0.0;0.0;0.0;-0.0;0.0;0.0
D. Grujčić;/players/darijo-grujcic/478384/;2024-12-14;19;0.0;0.0;0.0;0.0;-0.0;-0.0;0.0;0.0;-0.0;-0.0;0.0;0.0;-0.0;0.0;0.0
L. Tunjić;/players/luka-tunjic/759911/;2024-12-14;19;0.0;0.0;0.0;0.0;-0.0;-0.0;0.0;0.0;0.0;-0.0;0.0;0.0;-0.0;0.0;0.0
R. Bayram;/players/ramazan-bayram/965960/;2024-12-14;19;0.0;0.0;0.0;0.0;-0.0;-0.0;0.0;0.0;-0.0;-0.0;0.0;0.0;-0.0;0.0;0.0
J. Houwen;/players/jeroen-houwen/303254/;2024-12-14;19;3.0;0.0;0.0;0.0;-0.0;-0.0;0.0;0.0;-3.0;-0.0;0.0;0.0;-0.0;0.0;0.0
L. van Gelderen;/players/liam--van-gelderen/463011/;2024-12-14;19;3.0;0.0;0.0;0.0;-0.0;-0.0;0.0;0.0;-3.0;-0.0;0.0;0.0;-0.0;0.0;0.0
L. Wouters;/players/luuk--wouters/537856/;2024-12-14;19;3.0;0.0;0.0;0.0;-0.0;-0.0;0.0;0.0;-3.0;-0.0;0.0;0.0;-0.0;0.0;0.0
R. van Eijma;/players/roshon-van-eijma/539577/;2024-12-14;19;3.0;0.0;0.0;0.0;-0.0;-0.0;0.0;0.0;-3.0;-0.0;0.0;0.0;-0.0;0.0;0.0
F. Al Mazyani;/players/faissal-al-mazyani/790281/;2024-12-14;19;1.93;0.0;0.0;0.0;-0.0;-0.0;0.0;0.0;-3.0;-0.0;0.0;0.0;-0.0;0.0;-1.07
G. Roemeratoe;/players/godfried-roemeratoe/426582/;2024-12-14;19;3.0;0.0;0.0;0.0;-2.0;-0.0;0.0;0.0;0.0;-0.0;0.0;0.0;-0.0;0.0;1.0
M. Ihattaren;/players/mohammed-amine-ihattaren/525933/;2024-12-14;19;3.0;0.0;0.0;0.0;-0.0;-0.0;0.0;0.0;0.0;-0.0;0.0;0.0;-0.0;0.0;3.0
Y. Oukili;/players/yassin-oukili/567948/;2024-12-14;19;2.53;0.0;0.0;0.0;-0.0;-0.0;0.0;0.0;0.0;-0.0;0.0;0.0;-0.0;0.0;2.53
T. van de Loo;/players/tim-van-de-loo/813111/;2024-12-14;19;1.53;0.0;0.0;0.0;-0.0;-0.0;0.0;0.0;0.0;-0.0;0.0;0.0;-0.0;0.0;1.53
O. Zawada;/players/oskar-zawada/289870/;2024-12-14;19;3.0;0.0;0.0;0.0;-0.0;-0.0;16.0;0.0;0.0;-0.0;0.0;0.0;-0.0;0.0;19.0
R. Margaret;/players/richonell-margaret/508815/;2024-12-14;19;2.53;0.0;0.0;0.0;-0.0;-0.0;0.0;8.0;0.0;-0.0;0.0;0.0;-0.0;0.0;10.53
D. Cleonise;/players/denilho-cleonise/642338/;2024-12-14;19;1.47;0.0;0.0;0.0;-0.0;-0.0;0.0;0.0;0.0;-0.0;0.0;0.0;-0.0;0.0;1.47
M. Kramer;/players/michiel-kramer/19677/;2024-12-14;19;1.07;0.0;0.0;0.0;-0.0;-0.0;0.0;0.0;0.0;-0.0;0.0;0.0;-0.0;0.0;1.07
S. van der Water;/players/silvester-van-der-water/408536/;2024-12-14;19;0.47;0.0;0.0;0.0;-0.0;-0.0;0.0;0.0;0.0;-0.0;0.0;0.0;-0.0;0.0;0.47
R. Niemeijer;/players/reuven-niemeijer/447106/;2024-12-14;19;0.47;0.0;0.0;0.0;-0.0;-0.0;0.0;0.0;0.0;-0.0;0.0;0.0;-0.0;0.0;0.47
A. Meijers;/players/aaron-meijers/59081/;2024-12-14;19;0.0;0.0;0.0;0.0;-0.0;-0.0;0.0;0.0;-0.0;-0.0;0.0;0.0;-0.0;0.0;0.0
J. Lelieveld;/players/julian-lelieveld/407738/;2024-12-14;19;0.0;0.0;0.0;0.0;-0.0;-0.0;0.0;0.0;-0.0;-0.0;0.0;0.0;-0.0;0.0;0.0
C. Lokesa;/players/chris-lokesa/847737/;2024-12-14;19;0.0;0.0;0.0;0.0;-0.0;-0.0;0.0;0.0;0.0;-0.0;0.0;0.0;-0.0;0.0;0.0
J. Kesting;/players/joey-kesting/567938/;2024-12-14;19;0.0;0.0;0.0;0.0;-0.0;-0.0;0.0;0.0;-0.0;-0.0;0.0;0.0;-0.0;0.0;0.0
A. Jakobsen;/players/alexander-jakobsen/218149/;2024-12-14;19;0.0;0.0;0.0;0.0;-0.0;-0.0;0.0;0.0;0.0;-0.0;0.0;0.0;-0.0;0.0;0.0
L. Vogels;/players/luuk-vogels/858294/;2024-12-14;19;0.0;0.0;0.0;0.0;-0.0;-0.0;0.0;0.0;-0.0;-0.0;0.0;0.0;-0.0;0.0;0.0
P. Vroegh;/players/patrick-vroegh/457667/;2024-12-14;19;0.0;0.0;0.0;0.0;-0.0;-0.0;0.0;0.0;0.0;-0.0;0.0;0.0;-0.0;0.0;0.0
K. Felida;/players/kevin--felida/501817/;2024-12-14;19;0.0;0.0;0.0;0.0;-0.0;-0.0;0.0;0.0;0.0;-0.0;0.0;0.0;-0.0;0.0;0.0
L. Unnerstall;/players/lars-unnerstall/81320/;2024-12-15;19;3.0;2.0;0.0;0.0;-0.0;-0.0;0.0;0.0;-0.0;-0.0;12.0;0.0;-0.0;0.0;17.0
G. Lagerbielke;/players/gustaf-lagerbielke/500894/;2024-12-15;19;3.0;2.0;0.0;0.0;-0.0;-0.0;0.0;0.0;-0.0;-0.0;10.0;0.0;-0.0;0.0;15.0
A. Salah-Eddine;/players/anass-salah-eddine/525927/;2024-12-15;19;3.0;2.0;0.0;0.0;-0.0;-0.0;0.0;0.0;-0.0;-0.0;10.0;0.0;-0.0;0.0;15.0
B. van Rooij;/players/bart-van-rooij/557859/;2024-12-15;19;3.0;2.0;0.0;0.0;-0.0;-0.0;12.0;0.0;-0.0;-0.0;10.0;0.0;-0.0;0.0;27.0
A. Van Hoorenbeeck;/players/alec-van-hoorenbeeck/593523/;2024-12-15;19;3.0;2.0;0.0;0.0;-0.0;-0.0;0.0;0.0;-0.0;-0.0;10.0;0.0;-0.0;0.0;15.0
M. Vlap;/players/michel-vlap/407742/;2024-12-15;19;2.37;1.58;0.0;0.0;-0.0;-0.0;0.0;0.0;0.0;-0.0;2.37;0.0;-0.0;0.0;6.31
S. Steijn;/players/sem-steijn/560623/;2024-12-15;19;2.37;1.58;0.0;0.0;-0.0;-0.0;9.0;0.0;0.0;-0.0;2.37;0.0;-0.0;0.0;15.31
Y. Regeer;/players/youri-regeer/632221/;2024-12-15;19;1.83;1.22;0.0;0.0;-0.0;-0.0;0.0;0.0;0.0;-0.0;1.83;0.0;-0.0;0.0;4.89
R. van Wolfswinkel;/players/ricky-van-wolfswinkel/59407/;2024-12-15;19;3.0;2.0;0.0;0.0;-0.0;-0.0;0.0;0.0;0.0;-0.0;1.0;0.0;-0.0;0.0;6.0
S. Lammers;/players/sam-lammers/407736/;2024-12-15;19;1.83;1.22;0.0;0.0;-0.0;-0.0;0.0;0.0;0.0;-0.0;0.61;0.0;-0.0;0.0;3.67
D. Rots;/players/daan-rots/628516/;2024-12-15;19;2.87;1.91;0.0;0.0;-0.0;-0.0;0.0;8.0;0.0;-0.0;0.96;0.0;-0.0;0.0;13.73
M. Sadílek;/players/michal-sadilek/377539/;2024-12-15;19;1.17;0.78;0.0;0.0;-2.0;-0.0;0.0;0.0;0.0;-0.0;1.17;0.0;-0.0;0.0;1.11
S. Ltaief;/players/sayfallah-ltaief/659735/;2024-12-15;19;1.17;0.78;0.0;0.0;-0.0;-0.0;0.0;0.0;0.0;-0.0;1.17;0.0;-0.0;0.0;3.11
C. Eiting;/players/carel-eiting/379791/;2024-12-15;19;0.63;0.42;0.0;0.0;-0.0;-0.0;0.0;0.0;0.0;-0.0;0.63;0.0;-0.0;0.0;1.69
M. Kjølø;/players/mathias-ullereng-kjolo/517477/;2024-12-15;19;0.63;0.42;0.0;0.0;-0.0;-0.0;0.0;0.0;0.0;-0.0;0.63;0.0;-0.0;0.0;1.69
H. Kuster;/players/harrie-kuster/916880/;2024-12-15;19;0.13;0.09;0.0;0.0;-0.0;-0.0;0.0;0.0;0.0;-0.0;0.13;0.0;-0.0;0.0;0.36
P. Tytoń;/players/przemyslaw-tyton/17326/;2024-12-15;19;0.0;0.0;0.0;0.0;-0.0;-0.0;0.0;0.0;-0.0;-0.0;0.0;0.0;-0.0;0.0;0.0
I. El Maach;/players/issam-el-maach/506880/;2024-12-15;19;0.0;0.0;0.0;0.0;-0.0;-0.0;0.0;0.0;-0.0;-0.0;0.0;0.0;-0.0;0.0;0.0
M. Bruns;/players/max-bruns/628828/;2024-12-15;19;0.0;0.0;0.0;0.0;-0.0;-0.0;0.0;0.0;0.0;-0.0;0.0;0.0;-0.0;0.0;0.0
M. Rots;/players/mats-rots/830558/;2024-12-15;19;0.0;0.0;0.0;0.0;-0.0;-0.0;0.0;0.0;-0.0;-0.0;0.0;0.0;-0.0;0.0;0.0
B. Kuipers;/players/bas-edo-kuipers/274649/;2024-12-15;19;0.0;0.0;0.0;0.0;-0.0;-0.0;0.0;0.0;-0.0;-0.0;0.0;0.0;-0.0;0.0;0.0
G. Besselink;/players/gijs-besselink/895383/;2024-12-15;19;0.0;0.0;0.0;0.0;-0.0;-0.0;0.0;0.0;0.0;-0.0;0.0;0.0;-0.0;0.0;0.0
E. Vaessen;/players/etienne-vaessen/408572/;2024-12-15;19;3.0;0.0;0.0;0.0;-0.0;-0.0;0.0;0.0;-2.0;-0.0;0.0;0.0;-0.0;0.0;1.0
L. Bacuna;/players/leandro-bacuna/88003/;2024-12-15;19;2.57;0.0;0.0;0.0;-2.0;-0.0;0.0;0.0;0.0;-0.0;0.0;0.0;-0.0;0.0;0.57
M. Peersman;/players/marvin-peersman/89988/;2024-12-15;19;3.0;0.0;0.0;0.0;-0.0;-0.0;0.0;0.0;-2.0;-0.0;0.0;0.0;-0.0;0.0;1.0
M. Rente;/players/marco-rente/450717/;2024-12-15;19;3.0;0.0;0.0;0.0;-0.0;-0.0;0.0;0.0;-2.0;-0.0;0.0;0.0;-0.0;0.0;1.0
T. Blokzijl;/players/thijmen-blokzijl/703893/;2024-12-15;19;3.0;0.0;0.0;0.0;-0.0;-0.0;0.0;0.0;-2.0;-0.0;0.0;0.0;-0.0;0.0;1.0
J. Hove;/players/johan-hove/444353/;2024-12-15;19;3.0;0.0;0.0;0.0;-0.0;-0.0;0.0;0.0;0.0;-0.0;0.0;0.0;-0.0;0.0;3.0
T. Oosting;/players/thijs-oosting/477591/;2024-12-15;19;3.0;0.0;0.0;0.0;-0.0;-0.0;0.0;0.0;0.0;-0.0;0.0;0.0;-0.0;0.0;3.0
S. Resink;/players/stije-resink/681459/;2024-12-15;19;2.1;0.0;0.0;0.0;-2.0;-0.0;0.0;0.0;0.0;-0.0;0.0;0.0;-0.0;0.0;0.1
J. Schreuders;/players/jorg-schreuders/877779/;2024-12-15;19;2.1;0.0;0.0;0.0;-0.0;-0.0;0.0;0.0;0.0;-0.0;0.0;0.0;-0.0;0.0;2.1
R. Postema;/players/romano-postema/625358/;2024-12-15;19;2.57;0.0;0.0;0.0;-0.0;-0.0;0.0;0.0;0.0;-0.0;0.0;0.0;-0.0;0.0;2.57
T. van Bergen;/players/thom-van-bergen/873104/;2024-12-15;19;2.57;0.0;0.0;0.0;-0.0;-0.0;0.0;0.0;0.0;-0.0;0.0;0.0;-0.0;0.0;2.57
J. Pelupessy;/players/joey-pelupessy/197572/;2024-12-15;19;0.9;0.0;0.0;0.0;-0.0;-0.0;0.0;0.0;0.0;-0.0;0.0;0.0;-0.0;0.0;0.9
B. Willumsson;/players/brynjolfur-darri-willumsson/463548/;2024-12-15;19;0.9;0.0;0.0;0.0;-0.0;-0.0;0.0;0.0;0.0;-0.0;0.0;0.0;-0.0;0.0;0.9
Rui Mendes;/players/rui-jorge-monteiro-mendes/453390/;2024-12-15;19;0.43;0.0;0.0;0.0;-0.0;-0.0;0.0;0.0;0.0;-0.0;0.0;0.0;-0.0;0.0;0.43
D. van der Werff;/players/david-van-der-werff/973034/;2024-12-15;19;0.43;0.0;0.0;0.0;-0.0;-0.0;0.0;0.0;0.0;-0.0;0.0;0.0;-0.0;0.0;0.43
F. Stam;/players/finn-stam/736439/;2024-12-15;19;0.43;0.0;0.0;0.0;-0.0;-0.0;0.0;0.0;-0.0;-0.0;0.0;0.0;-0.0;0.0;0.43
N. Emeran;/players/noam-emeran/671004/;2024-12-15;19;0.0;0.0;0.0;0.0;-0.0;-0.0;0.0;0.0;0.0;-0.0;0.0;0.0;-0.0;0.0;0.0
M. Mariani;/players/maxim-mariani/888265/;2024-12-15;19;0.0;0.0;0.0;0.0;-0.0;-0.0;0.0;0.0;-0.0;-0.0;0.0;0.0;-0.0;0.0;0.0
W. Prins;/players/wouter-prins/930296/;2024-12-15;19;0.0;0.0;0.0;0.0;-0.0;-0.0;0.0;0.0;-0.0;-0.0;0.0;0.0;-0.0;0.0;0.0
H. Jurjus;/players/hidde-jurjus/301076/;2024-12-15;19;0.0;0.0;0.0;0.0;-0.0;-0.0;0.0;0.0;-0.0;-0.0;0.0;0.0;-0.0;0.0;0.0
D. Baron;/players/dirk-baron/821647/;2024-12-15;19;0.0;0.0;0.0;0.0;-0.0;-0.0;0.0;0.0;-0.0;-0.0;0.0;0.0;-0.0;0.0;0.0
R. Pasveer;/players/remko-pasveer/49689/;2024-12-15;19;3.0;2.0;0.0;0.0;-0.0;-0.0;0.0;0.0;-0.0;-0.0;12.0;0.0;-0.0;0.0;17.0
D. Rugani;/players/daniele-rugani/162676/;2024-12-15;19;3.0;2.0;0.0;0.0;-0.0;-0.0;0.0;0.0;-0.0;-0.0;10.0;0.0;-0.0;0.0;15.0
O. Wijndal;/players/owen-wijndal/440858/;2024-12-15;19;2.8;1.87;0.0;0.0;-0.0;-0.0;0.0;0.0;-0.0;-0.0;9.33;0.0;-0.0;0.0;14.0
D. Rensch;/players/devyne-rensch/601396/;2024-12-15;19;3.0;2.0;0.0;0.0;-2.0;-0.0;0.0;0.0;-0.0;-0.0;10.0;0.0;-0.0;0.0;13.0
Y. Baas;/players/youri-baas/638355/;2024-12-15;19;3.0;2.0;0.0;0.0;-0.0;-0.0;0.0;0.0;-0.0;-0.0;10.0;0.0;-0.0;0.0;15.0
J. Henderson;/players/jordan-henderson/48010/;2024-12-15;19;2.03;1.36;0.0;0.0;-0.0;-0.0;0.0;5.0;0.0;-0.0;2.03;0.0;-0.0;0.0;10.42
D. Klaassen;/players/davy-klaassen/158581/;2024-12-15;19;3.0;2.0;0.0;0.0;-0.0;-0.0;0.0;5.0;0.0;-0.0;3.0;0.0;-0.0;0.0;13.0
K. Taylor;/players/kenneth-taylor/508784/;2024-12-15;19;3.0;2.0;0.0;0.0;-0.0;-0.0;9.0;5.0;0.0;-0.0;3.0;0.0;-0.0;0.0;22.0
K. Fitz-Jim;/players/kian-fitz-jim/591724/;2024-12-15;19;2.83;1.89;0.0;0.0;-0.0;-0.0;9.0;0.0;0.0;-0.0;2.83;0.0;-0.0;0.0;16.56
C. Akpom;/players/chuba-akpom/215570/;2024-12-15;19;2.03;1.36;0.0;0.0;-0.0;-0.0;0.0;0.0;0.0;-0.0;0.68;0.0;-0.0;0.0;4.07
W. Weghorst;/players/wout-weghorst/255205/;2024-12-15;19;2.5;1.67;0.0;0.0;-0.0;-0.0;8.0;0.0;0.0;-0.0;0.83;0.0;-0.0;0.0;13.0
B. Traoré;/players/bertrand-traore/102801/;2024-12-15;19;0.97;0.64;0.0;0.0;-0.0;-0.0;0.0;0.0;0.0;-0.0;0.32;0.0;-0.0;0.0;1.93
M. Godts;/players/mika-marcel-godts/790325/;2024-12-15;19;0.97;0.64;0.0;0.0;-0.0;-0.0;0.0;0.0;0.0;-0.0;0.32;0.0;-0.0;0.0;1.93
B. Brobbey;/players/brian-brobbey/520146/;2024-12-15;19;0.5;0.33;0.0;0.0;-0.0;-0.0;0.0;0.0;0.0;-0.0;0.17;0.0;-0.0;0.0;1.0
A. Kaplan;/players/ahmetcan-kaplan/641115/;2024-12-15;19;0.2;0.13;0.0;0.0;-0.0;-0.0;0.0;0.0;-0.0;-0.0;0.67;0.0;-0.0;0.0;1.0
K. Hlynsson;/players/kristian-nokkvi-hlynsson/636342/;2024-12-15;19;0.17;0.11;0.0;0.0;-0.0;-0.0;0.0;0.0;0.0;-0.0;0.17;0.0;-0.0;0.0;0.44
S. Berghuis;/players/steven-berghuis/134080/;2024-12-15;19;0.0;0.0;0.0;0.0;-0.0;-0.0;0.0;0.0;0.0;-0.0;0.0;0.0;-0.0;0.0;0.0
C. Rasmussen;/players/christian-theodor-kjelder-rasmussen/632224/;2024-12-15;19;0.0;0.0;0.0;0.0;-0.0;-0.0;0.0;0.0;0.0;-0.0;0.0;0.0;-0.0;0.0;0.0
D. Ramaj;/players/diant-ramaj/562543/;2024-12-15;19;0.0;0.0;0.0;0.0;-0.0;-0.0;0.0;0.0;-0.0;-0.0;0.0;0.0;-0.0;0.0;0.0
J. Hato;/players/jorrel-hato/783173/;2024-12-15;19;0.0;0.0;0.0;0.0;-0.0;-0.0;0.0;0.0;-0.0;-0.0;0.0;0.0;-0.0;0.0;0.0
J. Gorter;/players/jay-gorter/477600/;2024-12-15;19;0.0;0.0;0.0;0.0;-0.0;-0.0;0.0;0.0;-0.0;-0.0;0.0;0.0;-0.0;0.0;0.0
B. van den Boomen;/players/branco-van-den-boomen/215550/;2024-12-15;19;0.0;0.0;0.0;0.0;-0.0;-0.0;0.0;0.0;0.0;-0.0;0.0;0.0;-0.0;0.0;0.0
A. Gaaei;/players/anton-gaaei/701784/;2024-12-15;19;0.0;0.0;0.0;0.0;-0.0;-0.0;0.0;0.0;-0.0;-0.0;0.0;0.0;-0.0;0.0;0.0
N. Bakker;/players/nordin-bakker/563909/;2024-12-15;19;3.0;0.0;0.0;0.0;-0.0;-0.0;0.0;0.0;-3.0;-0.0;0.0;0.0;-0.0;0.0;0.0
J. Lawrence;/players/jamie-lawrence/216767/;2024-12-15;19;2.07;0.0;0.0;0.0;-0.0;-0.0;0.0;0.0;-3.0;-0.0;0.0;0.0;-0.0;0.0;-0.93
J. Jacobs;/players/joey-jacobs/537705/;2024-12-15;19;3.0;0.0;0.0;0.0;-2.0;-0.0;0.0;0.0;-3.0;-0.0;0.0;0.0;-0.0;0.0;-2.0
H. Akujobi;/players/hamdi-akujobi/567599/;2024-12-15;19;3.0;0.0;0.0;0.0;-0.0;-0.0;0.0;0.0;-3.0;-0.0;0.0;0.0;-0.0;0.0;0.0
V. Zagaritis;/players/vasilios-zagaritis/617928/;2024-12-15;19;3.0;0.0;0.0;0.0;-0.0;-0.0;0.0;0.0;-3.0;-0.0;0.0;0.0;-0.0;0.0;0.0
A. Tahiri;/players/anas-tahiri/323282/;2024-12-15;19;2.07;0.0;0.0;0.0;-0.0;-0.0;0.0;0.0;0.0;-0.0;0.0;0.0;-0.0;0.0;2.07
A. Nalić;/players/adi-nalic/459631/;2024-12-15;19;3.0;0.0;0.0;0.0;-0.0;-0.0;0.0;0.0;0.0;-0.0;0.0;0.0;-0.0;0.0;3.0
J. Ritmeester van de Kamp;/players/jochem-ritmeester-van-de-kamp/801840/;2024-12-15;19;2.07;0.0;0.0;0.0;-0.0;-0.0;0.0;0.0;0.0;-0.0;0.0;0.0;-0.0;0.0;2.07
T. Robinet;/players/thomas-robinet/312659/;2024-12-15;19;3.0;0.0;0.0;0.0;-0.0;-0.0;0.0;0.0;0.0;-0.0;0.0;0.0;-0.0;0.0;3.0
R. Providence;/players/ruben-providence/509854/;2024-12-15;19;2.43;0.0;0.0;0.0;-0.0;-0.0;0.0;0.0;0.0;-0.0;0.0;0.0;-0.0;0.0;2.43
J. Kadile;/players/junior-morau-kadile-/590286/;2024-12-15;19;2.83;0.0;0.0;0.0;-2.0;-0.0;0.0;0.0;0.0;-0.0;0.0;0.0;-0.0;0.0;0.83
T. Barbet;/players/theo-barbet/515917/;2024-12-15;19;0.93;0.0;0.0;0.0;-0.0;-0.0;0.0;0.0;-0.0;-0.0;0.0;0.0;-0.0;0.0;0.93
Álex Balboa;/players/alex-balboa-bandeira/627655/;2024-12-15;19;0.93;0.0;0.0;0.0;-0.0;-0.0;0.0;0.0;0.0;-0.0;0.0;0.0;-0.0;0.0;0.93
T. Haye;/players/thom-haye/182931/;2024-12-15;19;0.93;0.0;0.0;0.0;-0.0;-0.0;0.0;0.0;0.0;-0.0;0.0;0.0;-0.0;0.0;0.93
K. Hansen;/players/kornelius-normann-hansen/496125/;2024-12-15;19;0.57;0.0;0.0;0.0;-0.0;-0.0;0.0;0.0;0.0;-0.0;0.0;0.0;-0.0;0.0;0.57
F. Mattoir;/players/faiz-mattoir/547050/;2024-12-15;19;0.17;0.0;0.0;0.0;-0.0;-0.0;0.0;0.0;0.0;-0.0;0.0;0.0;-0.0;0.0;0.17
T. Receveur;/players/tim-receveur/190544/;2024-12-15;19;0.0;0.0;0.0;0.0;-0.0;-0.0;0.0;0.0;0.0;-0.0;0.0;0.0;-0.0;0.0;0.0
J. van der Wilt;/players/joel-van-der-wilt/771874/;2024-12-15;19;0.0;0.0;0.0;0.0;-0.0;-0.0;0.0;0.0;-0.0;-0.0;0.0;0.0;-0.0;0.0;0.0
D. Dankerlui;/players/damil-dankerlui/314252/;2024-12-15;19;0.0;0.0;0.0;0.0;-0.0;-0.0;0.0;0.0;-0.0;-0.0;0.0;0.0;-0.0;0.0;0.0
L. Delaurier-Chaubet;/players/logan-delaurier-chaubet/626512/;2024-12-15;19;0.0;0.0;0.0;0.0;-0.0;-0.0;0.0;0.0;0.0;-0.0;0.0;0.0;-0.0;0.0;0.0
C. Mamengi;/players/christopher-mamengi/540620/;2024-12-15;19;0.0;0.0;0.0;0.0;-0.0;-0.0;0.0;0.0;-0.0;-0.0;0.0;0.0;-0.0;0.0;0.0
J. Wendlinger;/players/jonas-wendlinger/469451/;2024-12-15;19;0.0;0.0;0.0;0.0;-0.0;-0.0;0.0;0.0;-0.0;-0.0;0.0;0.0;-0.0;0.0;0.0
Àlex Carbonell;/players/alejandro-carbonell/316438/;2024-12-15;19;0.0;0.0;0.0;0.0;-0.0;-0.0;0.0;0.0;0.0;-0.0;0.0;0.0;-0.0;0.0;0.0
D. Bielica;/players/daniel-bielica/555492/;2024-12-15;19;3.0;0.0;0.0;0.0;-0.0;-0.0;0.0;0.0;-2.0;-0.0;0.0;0.0;-0.0;0.0;1.0
J. Van den Bergh;/players/jan-van-den-bergh/354185/;2024-12-15;19;3.0;0.0;0.0;0.0;-2.0;-0.0;0.0;0.0;-2.0;-0.0;0.0;0.0;-0.0;0.0;-1.0
B. Lucassen;/players/boyd-lucassen/453952/;2024-12-15;19;3.0;0.0;0.0;0.0;-0.0;-0.0;0.0;0.0;-2.0;-0.0;0.0;0.0;-0.0;0.0;1.0
B. Kemper;/players/boy-kemper/463009/;2024-12-15;19;3.0;0.0;0.0;0.0;-2.0;-0.0;0.0;6.0;-2.0;-0.0;0.0;0.0;-0.0;0.0;5.0
L. Greiml;/players/leo-greiml/517683/;2024-12-15;19;3.0;0.0;0.0;0.0;-0.0;-8.0;0.0;0.0;-2.0;-0.0;0.0;0.0;-0.0;0.0;-7.0
F. Oldrup Jensen;/players/fredrik-oldrup-jensen/231672/;2024-12-15;19;2.4;0.0;0.0;0.0;-0.0;-0.0;0.0;0.0;0.0;-0.0;0.0;0.0;-0.0;0.0;2.4
C. Leemans;/players/clint-leemans/264397/;2024-12-15;19;2.4;0.0;0.0;0.0;-0.0;-0.0;0.0;0.0;0.0;-0.0;0.0;0.0;-0.0;0.0;2.4
R. Paula;/players/raul-paula/640610/;2024-12-15;19;2.23;0.0;0.0;0.0;-0.0;-0.0;0.0;0.0;0.0;-0.0;0.0;0.0;-0.0;0.0;2.23
M. Balard;/players/maximilien-balard/643695/;2024-12-15;19;3.0;0.0;0.0;0.0;-2.0;-0.0;0.0;0.0;0.0;-0.0;0.0;0.0;-0.0;0.0;1.0
E. Ómarsson;/players/elias-mar-omarsson/213035/;2024-12-15;19;2.77;0.0;0.0;0.0;-0.0;-0.0;8.0;0.0;0.0;-0.0;0.0;0.0;-0.0;0.0;10.77
L. Sauer;/players/leo-sauer/790415/;2024-12-15;19;3.0;0.0;0.0;0.0;-0.0;-0.0;0.0;0.0;0.0;-0.0;0.0;0.0;-0.0;0.0;3.0
C. Staring;/players/casper-staring/628494/;2024-12-15;19;0.77;0.0;0.0;0.0;-0.0;-0.0;0.0;0.0;0.0;-0.0;0.0;0.0;-0.0;0.0;0.77
D. Janošek;/players/dominik-janosek/492661/;2024-12-15;19;0.6;0.0;0.0;0.0;-0.0;-0.0;0.0;0.0;0.0;-0.0;0.0;0.0;-0.0;0.0;0.6
M. Garbett;/players/matthew-garbett/577465/;2024-12-15;19;0.6;0.0;0.0;0.0;-0.0;-0.0;0.0;0.0;0.0;-0.0;0.0;0.0;-0.0;0.0;0.6
T. Kongolo;/players/terence-kongolo/161296/;2024-12-15;19;0.23;0.0;0.0;0.0;-0.0;-0.0;0.0;0.0;-1.0;-0.0;0.0;0.0;-0.0;0.0;-0.77
D. Versluis;/players/dion-versluis/850551/;2024-12-15;19;0.0;0.0;0.0;0.0;-0.0;-0.0;0.0;0.0;0.0;-0.0;0.0;0.0;-0.0;0.0;0.0
E. Mahmutović;/players/enes-mahmutovic/347775/;2024-12-15;19;0.0;0.0;0.0;0.0;-0.0;-0.0;0.0;0.0;-0.0;-0.0;0.0;0.0;-0.0;0.0;0.0
Manel Royo;/players/manel-royo-castell/354951/;2024-12-15;19;0.0;0.0;0.0;0.0;-0.0;-0.0;0.0;0.0;-0.0;-0.0;0.0;0.0;-0.0;0.0;0.0
Saná Fernandes;/players/sana-fernandes/926017/;2024-12-15;19;0.0;0.0;0.0;0.0;-0.0;-0.0;0.0;0.0;0.0;-0.0;0.0;0.0;-0.0;0.0;0.0
T. Troost;/players/tein-troost/525919/;2024-12-15;19;0.0;0.0;0.0;0.0;-0.0;-0.0;0.0;0.0;-0.0;-0.0;0.0;0.0;-0.0;0.0;0.0
R. Kuijpers;/players/roy-kuijpers/663306/;2024-12-15;19;0.0;0.0;0.0;0.0;-0.0;-0.0;0.0;0.0;0.0;-0.0;0.0;0.0;-0.0;0.0;0.0
R. Kortsmit;/players/roy-kortsmit/200996/;2024-12-15;19;0.0;0.0;0.0;0.0;-0.0;-0.0;0.0;0.0;-0.0;-0.0;0.0;0.0;-0.0;0.0;0.0
A. Kaied;/players/adam-kaied/693342/;2024-12-15;19;0.0;0.0;0.0;0.0;-0.0;-0.0;0.0;0.0;0.0;-0.0;0.0;0.0;-0.0;0.0;0.0
R. Owusu-Oduro;/players/rome-jayden-owusu-oduro/789860/;2024-12-15;19;3.0;2.0;0.0;0.0;-0.0;-0.0;0.0;0.0;-1.0;-0.0;0.0;0.0;-0.0;0.0;4.0
B. Martins Indi;/players/rolando-martins-indi/102888/;2024-12-15;19;1.53;1.02;0.0;0.0;-0.0;-0.0;0.0;0.0;-1.0;-0.0;0.0;0.0;-0.0;0.0;1.56
M. de Wit;/players/mees-de-wit/423562/;2024-12-15;19;3.0;2.0;0.0;0.0;-2.0;-0.0;12.0;0.0;-1.0;-0.0;0.0;0.0;-0.0;0.0;14.0
Alexandre Penetra;/players/alexandre-manuel-penetra-correia/572102/;2024-12-15;19;1.53;1.02;0.0;0.0;-0.0;-0.0;0.0;0.0;-1.0;-0.0;0.0;0.0;-0.0;0.0;1.56
S. Maikuma;/players/seiya-maikuma/651537/;2024-12-15;19;2.57;1.71;0.0;0.0;-0.0;-0.0;0.0;0.0;-1.0;-0.0;0.0;0.0;-0.0;0.0;3.28
P. Koopmeiners;/players/peer-koopmeiners/533281/;2024-12-15;19;3.0;2.0;0.0;0.0;-2.0;-0.0;0.0;5.0;0.0;-0.0;0.0;0.0;-0.0;0.0;8.0
S. Mijnans;/players/sven-mijnans/566000/;2024-12-15;19;2.33;1.56;0.0;0.0;-0.0;-0.0;0.0;0.0;0.0;-0.0;0.0;0.0;-0.0;0.0;3.89
Z. Buurmeester;/players/zico-buurmeester/627669/;2024-12-15;19;3.0;2.0;0.0;0.0;-0.0;-0.0;0.0;0.0;0.0;-0.0;0.0;0.0;-0.0;0.0;5.0
K. Smit;/players/kees-smit/789945/;2024-12-15;19;1.53;1.02;0.0;0.0;-0.0;-0.0;0.0;0.0;0.0;-0.0;0.0;0.0;-0.0;0.0;2.56
T. Parrott;/players/troy-parrot/515624/;2024-12-15;19;3.0;2.0;0.0;0.0;-0.0;-0.0;8.0;0.0;0.0;-0.0;0.0;0.0;-0.0;0.0;13.0
R. van Bommel;/players/ruben-van-bommel/834074/;2024-12-15;19;3.0;2.0;0.0;0.0;-2.0;-0.0;0.0;0.0;0.0;-0.0;0.0;0.0;-0.0;0.0;3.0
W. Goes;/players/wouter-goes/777233/;2024-12-15;19;1.47;0.98;0.0;0.0;-0.0;-0.0;0.0;0.0;-0.0;-0.0;0.0;0.0;-0.0;0.0;2.44
J. Clasie;/players/jordy-clasie/134078/;2024-12-15;19;1.47;0.98;0.0;0.0;-0.0;-0.0;0.0;0.0;0.0;-0.0;0.0;0.0;-0.0;0.0;2.44
M. Lahdo;/players/mayckel-lahdo/660897/;2024-12-15;19;1.47;0.98;0.0;0.0;-0.0;-0.0;0.0;0.0;0.0;-0.0;0.0;0.0;-0.0;0.0;2.44
M. Meerdink;/players/mexx-meerdink/796451/;2024-12-15;19;0.67;0.44;0.0;0.0;-0.0;-0.0;0.0;0.0;0.0;-0.0;0.0;0.0;-0.0;0.0;1.11
D. Kasius;/players/denso-kasius/569311/;2024-12-15;19;0.43;0.29;0.0;0.0;-0.0;-0.0;0.0;0.0;-0.0;-0.0;0.0;0.0;-0.0;0.0;0.72
D. Møller Wolfe;/players/david-moller-wolfe/603294/;2024-12-15;19;0.0;0.0;0.0;0.0;-0.0;-0.0;0.0;0.0;-0.0;-0.0;0.0;0.0;-0.0;0.0;0.0
M. Dekker;/players/maxim-dekker/700543/;2024-12-15;19;0.0;0.0;0.0;0.0;-0.0;-0.0;0.0;0.0;-0.0;-0.0;0.0;0.0;-0.0;0.0;0.0
J. Zoet;/players/jeroen-zoet/61206/;2024-12-15;19;0.0;0.0;0.0;0.0;-0.0;-0.0;0.0;0.0;-0.0;-0.0;0.0;0.0;-0.0;0.0;0.0
D. Kwakman;/players/dave-kwakman/777219/;2024-12-15;19;0.0;0.0;0.0;0.0;-0.0;-0.0;0.0;0.0;0.0;-0.0;0.0;0.0;-0.0;0.0;0.0
I. Sadiq;/players/ibrahim-sadiq/513977/;2024-12-15;19;0.0;0.0;0.0;0.0;-0.0;-0.0;0.0;0.0;0.0;-0.0;0.0;0.0;-0.0;0.0;0.0
H. Verhulst;/players/hobie-verhulst/138446/;2024-12-15;19;0.0;0.0;0.0;0.0;-0.0;-0.0;0.0;0.0;-0.0;-0.0;0.0;0.0;-0.0;0.0;0.0
E. Poku;/players/ernest-poku/700544/;2024-12-15;19;0.0;0.0;0.0;0.0;-0.0;-0.0;0.0;0.0;0.0;-0.0;0.0;0.0;-0.0;0.0;0.0
V. Barkas;/players/vasileios-barkas/272919/;2024-12-15;19;3.0;0.0;1.0;0.0;-0.0;-0.0;0.0;0.0;-3.0;-0.0;0.0;0.0;-0.0;0.0;1.0
N. Viergever;/players/nick--viergever/78529/;2024-12-15;19;3.0;0.0;1.0;0.0;-0.0;-0.0;0.0;0.0;-3.0;-0.0;0.0;0.0;-0.0;0.0;1.0
M. van der Hoorn;/players/mike-van-der-hoorn/190540/;2024-12-15;19;3.0;0.0;1.0;0.0;-0.0;-0.0;0.0;0.0;-3.0;-0.0;0.0;0.0;-0.0;0.0;1.0
N. Vesterlund;/players/niklas-brondsted-vesterlund-nielsen/441234/;2024-12-15;19;2.53;0.0;0.84;0.0;-0.0;-0.0;0.0;0.0;-3.0;-0.0;0.0;0.0;-0.0;0.0;0.38
S. El Karouani;/players/souffian-elkarouani/537878/;2024-12-15;19;3.0;0.0;1.0;0.0;-0.0;-0.0;0.0;0.0;-3.0;-0.0;0.0;0.0;-0.0;0.0;1.0
J. Toornstra;/players/jens-toornstra/110217/;2024-12-15;19;2.03;0.0;0.68;0.0;-0.0;-0.0;0.0;0.0;0.0;-0.0;0.0;0.0;-0.0;0.0;2.71
P. Aaronson;/players/paxten-aaronson/576828/;2024-12-15;19;3.0;0.0;1.0;0.0;-2.0;-0.0;0.0;0.0;0.0;-0.0;0.0;0.0;-0.0;0.0;2.0
Zidane Iqbal;/players/zidane-iqbal/644834/;2024-12-15;19;3.0;0.0;1.0;0.0;-0.0;-0.0;0.0;0.0;0.0;-0.0;0.0;0.0;-0.0;0.0;4.0
Miguel Rodríguez;/players/miguel-rodriguez-vidal/576516/;2024-12-15;19;2.33;0.0;0.78;0.0;-0.0;-0.0;8.0;0.0;0.0;-0.0;0.0;0.0;-0.0;0.0;11.11
D. Min;/players/david-min/587715/;2024-12-15;19;2.03;0.0;0.68;0.0;-0.0;-0.0;0.0;0.0;0.0;-0.0;0.0;0.0;-0.0;0.0;2.71
Y. Cathline;/players/yoann-cathline/660710/;2024-12-15;19;3.0;0.0;1.0;0.0;-0.0;-0.0;0.0;4.0;0.0;-0.0;0.0;0.0;-0.0;0.0;8.0
V. Jensen;/players/victor-jensen/460509/;2024-12-15;19;0.97;0.0;0.32;0.0;-0.0;-0.0;0.0;0.0;0.0;-0.0;0.0;0.0;-0.0;0.0;1.29
N. Ohio;/players/noah-ohio/571268/;2024-12-15;19;0.97;0.0;0.32;0.0;-0.0;-0.0;0.0;0.0;0.0;-0.0;0.0;0.0;-0.0;0.0;1.29
A. Blake;/players/adrian-blake/695557/;2024-12-15;19;0.67;0.0;0.22;0.0;-0.0;-0.0;16.0;0.0;0.0;-0.0;0.0;0.0;-0.0;0.0;16.89
S. Horemans;/players/siebe-horemans/399758/;2024-12-15;19;0.47;0.0;0.16;0.0;-0.0;-0.0;0.0;0.0;-0.0;-0.0;0.0;0.0;-0.0;0.0;0.62
O. Fraulo;/players/oscar-fraulo/637161/;2024-12-15;19;0.0;0.0;0.0;0.0;-0.0;-0.0;0.0;0.0;0.0;-0.0;0.0;0.0;-0.0;0.0;0.0
A. Dithmer;/players/andreas-frederik-dithmer/801435/;2024-12-15;19;0.0;0.0;0.0;0.0;-0.0;-0.0;0.0;0.0;-0.0;-0.0;0.0;0.0;-0.0;0.0;0.0
M. Brouwer;/players/michael-brouwer/250395/;2024-12-15;19;0.0;0.0;0.0;0.0;-0.0;-0.0;0.0;0.0;-0.0;-0.0;0.0;0.0;-0.0;0.0;0.0
K. Finnsson;/players/kolbeinn-finnsson/384487/;2024-12-15;19;0.0;0.0;0.0;0.0;-0.0;-0.0;0.0;0.0;-0.0;-0.0;0.0;0.0;-0.0;0.0;0.0
C. Bozdoğan;/players/can-bozdogan/529101/;2024-12-15;19;0.0;0.0;0.0;0.0;-0.0;-0.0;0.0;0.0;0.0;-0.0;0.0;0.0;-0.0;0.0;0.0
O. Romeny;/players/ole-ter-haar-romeny/532140/;2024-12-15;19;0.0;0.0;0.0;0.0;-0.0;-0.0;0.0;0.0;0.0;-0.0;0.0;0.0;-0.0;0.0;0.0
A. Engwanda;/players/alonzo-engwanda/638250/;2024-12-15;19;0.0;0.0;0.0;0.0;-0.0;-0.0;0.0;0.0;0.0;-0.0;0.0;0.0;-0.0;0.0;0.0
J. Mukeh;/players/joshua-mukeh/687903/;2024-12-15;19;0.0;0.0;0.0;0.0;-0.0;-0.0;0.0;0.0;-0.0;-0.0;0.0;0.0;-0.0;0.0;0.0
L. Plogmann;/players/luca-plogmann/470121/;2024-12-15;19;3.0;0.0;1.0;0.0;-0.0;-0.0;0.0;0.0;-3.0;-0.0;0.0;0.0;-0.0;0.0;1.0
G. Nauber;/players/gerrit-nauber/102528/;2024-12-15;19;3.0;0.0;1.0;0.0;-0.0;-0.0;0.0;0.0;-3.0;-0.0;0.0;0.0;-0.0;0.0;1.0
J. Kramer;/players/joris-kramer/402051/;2024-12-15;19;3.0;0.0;1.0;0.0;-0.0;-0.0;0.0;0.0;-3.0;-0.0;0.0;0.0;-0.0;0.0;1.0
M. Deijl;/players/mats-deijl/402457/;2024-12-15;19;3.0;0.0;1.0;0.0;-0.0;-0.0;0.0;0.0;-3.0;-0.0;0.0;0.0;-0.0;0.0;1.0
D. James;/players/dean-ruben--james/537308/;2024-12-15;19;3.0;0.0;1.0;0.0;-0.0;-0.0;0.0;0.0;-3.0;-0.0;0.0;0.0;-0.0;0.0;1.0
E. Llansana;/players/enric-llansana/515466/;2024-12-15;19;3.0;0.0;1.0;0.0;-0.0;-8.0;9.0;0.0;0.0;-0.0;0.0;0.0;-0.0;0.0;5.0
E. Linthorst;/players/evert-linthorst/546756/;2024-12-15;19;3.0;0.0;1.0;0.0;-2.0;-0.0;0.0;5.0;0.0;-0.0;0.0;0.0;-0.0;0.0;7.0
V. Edvardsen;/players/victor-edvardsen/409168/;2024-12-15;19;2.87;0.0;0.96;0.0;-0.0;-0.0;0.0;4.0;0.0;-0.0;0.0;0.0;-0.0;0.0;7.82
O. Edvardsen;/players/oliver-valaker-edvardsen/545481/;2024-12-15;19;2.3;0.0;0.77;0.0;-0.0;-0.0;0.0;0.0;0.0;-0.0;0.0;0.0;-0.0;0.0;3.07
O. Antman;/players/oliver-antman/547497/;2024-12-15;19;3.0;0.0;1.0;0.0;-0.0;-0.0;8.0;4.0;0.0;-0.0;0.0;0.0;-0.0;0.0;16.0
J. Breum;/players/jakob-breum/658739/;2024-12-15;19;3.0;0.0;1.0;0.0;-0.0;-0.0;8.0;0.0;0.0;-0.0;0.0;0.0;-0.0;0.0;12.0
L. Everink;/players/luca-everink/628510/;2024-12-15;19;0.7;0.0;0.23;0.0;-2.0;-0.0;0.0;0.0;-2.0;-0.0;0.0;0.0;-0.0;0.0;-3.07
F. Stokkers;/players/finn-stokkers/319661/;2024-12-15;19;0.13;0.0;0.04;0.0;-0.0;-0.0;0.0;0.0;0.0;-0.0;0.0;0.0;-0.0;0.0;0.18
M. Suray;/players/mathis-suray/517358/;2024-12-15;19;0.0;0.0;0.0;0.0;-0.0;-0.0;0.0;0.0;0.0;-0.0;0.0;0.0;-0.0;0.0;0.0
R. Weijenberg;/players/robbin-weijenberg/857132/;2024-12-15;19;0.0;0.0;0.0;0.0;-0.0;-0.0;0.0;0.0;0.0;-0.0;0.0;0.0;-0.0;0.0;0.0
M. Smit;/players/milan-smit/828395/;2024-12-15;19;0.0;0.0;0.0;0.0;-0.0;-0.0;0.0;0.0;0.0;-0.0;0.0;0.0;-0.0;0.0;0.0
N. Verdoni;/players/nando-verdoni/813110/;2024-12-15;19;0.0;0.0;0.0;0.0;-0.0;-0.0;0.0;0.0;-0.0;-0.0;0.0;0.0;-0.0;0.0;0.0
A. Adelgaard;/players/aske-adelgaard/857149/;2024-12-15;19;0.0;0.0;0.0;0.0;-0.0;-0.0;0.0;0.0;-0.0;-0.0;0.0;0.0;-0.0;0.0;0.0
C. Twigt;/players/calvin-twigt/669594/;2024-12-15;19;0.0;0.0;0.0;0.0;-0.0;-0.0;0.0;0.0;0.0;-0.0;0.0;0.0;-0.0;0.0;0.0
J. De Busser;/players/jari-de-busser/451008/;2024-12-15;19;0.0;0.0;0.0;0.0;-0.0;-0.0;0.0;0.0;-0.0;-0.0;0.0;0.0;-0.0;0.0;0.0
S. Tengstedt;/players/soren-tengstedt/615917/;2024-12-15;19;0.0;0.0;0.0;0.0;-0.0;-0.0;0.0;0.0;0.0;-0.0;0.0;0.0;-0.0;0.0;0.0
J. Dirksen;/players/julius-dirksen/632220/;2024-12-15;19;0.0;0.0;0.0;0.0;-0.0;-0.0;0.0;0.0;-0.0;-0.0;0.0;0.0;-0.0;0.0;0.0
B. Adekanye;/players/bobby-adekanye/427040/;2024-12-15;19;0.0;0.0;0.0;0.0;-0.0;-0.0;0.0;0.0;0.0;-0.0;0.0;0.0;-0.0;0.0;0.0
R. Roefs;/players/robin-roefs/636190/;2024-12-15;19;3.0;0.0;1.0;0.0;-0.0;-0.0;0.0;0.0;-1.0;-0.0;0.0;0.0;-0.0;0.0;3.0
C. Verdonk;/players/calvin-verdonk/319288/;2024-12-15;19;3.0;0.0;1.0;0.0;-0.0;-0.0;0.0;0.0;-1.0;-0.0;0.0;0.0;-0.0;0.0;3.0
Iván Márquez;/players/ivan-marquez-alvarez/352663/;2024-12-15;19;3.0;0.0;1.0;0.0;-0.0;-0.0;12.0;0.0;-1.0;-0.0;0.0;0.0;-0.0;0.0;15.0
P. Sandler;/players/philippe-sandler/381097/;2024-12-15;19;2.73;0.0;0.91;0.0;-0.0;-0.0;0.0;0.0;-0.0;-0.0;0.0;0.0;-0.0;0.0;3.64
B. Pereira;/players/brayann-pereira/640596/;2024-12-15;19;2.23;0.0;0.74;0.0;-0.0;-0.0;0.0;0.0;-0.0;-0.0;0.0;0.0;-0.0;0.0;2.98
D. Proper;/players/dirk-proper/525939/;2024-12-15;19;3.0;0.0;1.0;0.0;-0.0;-0.0;0.0;0.0;0.0;-0.0;0.0;0.0;-0.0;0.0;4.0
K. Sano;/players/kodai-sano/815318/;2024-12-15;19;3.0;0.0;1.0;0.0;-0.0;-0.0;0.0;0.0;0.0;-0.0;0.0;0.0;-0.0;0.0;4.0
S. Ouaissa;/players/sami-ouaissa/856399/;2024-12-15;19;2.23;0.0;0.74;0.0;-0.0;-0.0;0.0;0.0;0.0;-0.0;0.0;0.0;-0.0;0.0;2.98
K. Ogawa;/players/koki-ogawa/435835/;2024-12-15;19;2.23;0.0;0.74;0.0;-0.0;-0.0;0.0;0.0;0.0;-0.0;0.0;0.0;-0.0;0.0;2.98
S. Hansen;/players/sontje-hansen/508823/;2024-12-15;19;3.0;0.0;1.0;0.0;-0.0;-0.0;0.0;0.0;0.0;-0.0;0.0;0.0;-0.0;0.0;4.0
B. Önal;/players/basar-onal/822550/;2024-12-15;19;1.97;0.0;0.66;0.0;-0.0;-0.0;0.0;0.0;0.0;-0.0;0.0;0.0;-0.0;0.0;2.62
V. van Crooij;/players/vito-van-crooy/330044/;2024-12-15;19;1.03;0.0;0.34;0.0;-0.0;-0.0;0.0;0.0;0.0;-0.0;0.0;0.0;-0.0;0.0;1.38
Róber;/players/roberto-gonzalez-bayon/500171/;2024-12-15;19;0.77;0.0;0.26;0.0;-0.0;-0.0;0.0;0.0;0.0;-0.0;0.0;0.0;-0.0;0.0;1.02
K. Shiogai;/players/kento-shiogai/910330/;2024-12-15;19;0.77;0.0;0.26;0.0;-0.0;-0.0;0.0;4.0;0.0;-0.0;0.0;0.0;-0.0;0.0;5.02
T. Ouwejan;/players/thomas-ouwejan/407740/;2024-12-15;19;0.77;0.0;0.26;0.0;-0.0;-0.0;0.0;0.0;-1.0;-0.0;0.0;0.0;-0.0;0.0;0.02
L. Lyratzis;/players/eleutherios-lyratzis/463371/;2024-12-15;19;0.27;0.0;0.09;0.0;-0.0;-0.0;0.0;0.0;-1.0;-0.0;0.0;0.0;-0.0;0.0;-0.64
A. Darelas;/players/argyrios-darelas/637189/;2024-12-15;19;0.0;0.0;0.0;0.0;-0.0;-0.0;0.0;0.0;0.0;-0.0;0.0;0.0;-0.0;0.0;0.0
R. Janse;/players/rijk-janse/632550/;2024-12-15;19;0.0;0.0;0.0;0.0;-0.0;-0.0;0.0;0.0;-0.0;-0.0;0.0;0.0;-0.0;0.0;0.0
B. Nuytinck;/players/bram-nuytinck/86442/;2024-12-15;19;0.0;0.0;0.0;0.0;-0.0;-0.0;0.0;0.0;-0.0;-0.0;0.0;0.0;-0.0;0.0;0.0
L. Schöne;/players/lasse-schone/17366/;2024-12-15;19;0.0;0.0;0.0;0.0;-0.0;-0.0;0.0;0.0;0.0;-0.0;0.0;0.0;-0.0;0.0;0.0
M. Hoedemakers;/players/mees-hoedemakers/465082/;2024-12-15;19;0.0;0.0;0.0;0.0;-0.0;-0.0;0.0;0.0;0.0;-0.0;0.0;0.0;-0.0;0.0;0.0
S. van Gassel;/players/stijn-van-gassel/323665/;2024-12-15;19;0.0;0.0;0.0;0.0;-0.0;-0.0;0.0;0.0;-0.0;-0.0;0.0;0.0;-0.0;0.0;0.0
N. Olij;/players/nick-olij/235322/;2024-12-15;19;3.0;0.0;1.0;0.0;-0.0;-0.0;0.0;0.0;-1.0;-0.0;0.0;0.0;-0.0;0.0;3.0
P. van Aanholt;/players/patrick-van-aanholt/88136/;2024-12-15;19;3.0;0.0;1.0;0.0;-0.0;-0.0;0.0;0.0;-1.0;-0.0;0.0;0.0;-0.0;0.0;3.0
S. Bakari;/players/said-bakari/325391/;2024-12-15;19;3.0;0.0;1.0;0.0;-0.0;-0.0;0.0;0.0;-1.0;-0.0;0.0;0.0;-0.0;0.0;3.0
M. Eerdhuijzen;/players/mike--eerdhuijzen/537301/;2024-12-15;19;3.0;0.0;1.0;0.0;-2.0;-0.0;0.0;0.0;-1.0;-0.0;0.0;0.0;-0.0;0.0;1.0
M. Young;/players/marvin-young/890667/;2024-12-15;19;2.83;0.0;0.94;0.0;-0.0;-0.0;0.0;0.0;-0.0;-0.0;0.0;0.0;-0.0;0.0;3.78
A. Verschueren;/players/arno-vershueren/319385/;2024-12-15;19;3.0;0.0;1.0;0.0;-2.0;-0.0;0.0;0.0;0.0;-0.0;0.0;0.0;-0.0;0.0;2.0
P. Clement;/players/pelle-clement/379793/;2024-12-15;19;3.0;0.0;1.0;0.0;-0.0;-0.0;0.0;0.0;0.0;-0.0;0.0;0.0;-0.0;0.0;4.0
J. Kitolano;/players/joshua-gaston-kitolano/517475/;2024-12-15;19;2.53;0.0;0.84;0.0;-0.0;-0.0;0.0;0.0;0.0;-0.0;0.0;0.0;-0.0;0.0;3.38
J. Baas;/players/julian-baas/663406/;2024-12-15;19;2.97;0.0;0.99;0.0;-0.0;-0.0;0.0;0.0;0.0;-0.0;0.0;0.0;-0.0;0.0;3.96
T. Lauritsen;/players/tobias-lauritsen/406745/;2024-12-15;19;3.0;0.0;1.0;0.0;-0.0;-0.0;0.0;0.0;0.0;-0.0;0.0;0.0;-0.0;0.0;4.0
S. Mito;/players/shunsuke-mito/640252/;2024-12-15;19;2.07;0.0;0.69;0.0;-0.0;-0.0;0.0;0.0;0.0;-0.0;0.0;0.0;-0.0;0.0;2.76
C. Neghli;/players/camiel-neghli/680707/;2024-12-15;19;0.93;0.0;0.31;0.0;-0.0;-0.0;8.0;0.0;0.0;-0.0;0.0;0.0;-0.0;0.0;9.24
Metinho;/players/abemly-meto-silu/691959/;2024-12-15;19;0.47;0.0;0.16;0.0;-0.0;-0.0;0.0;0.0;0.0;-0.0;0.0;0.0;-0.0;0.0;0.62
R. Meissen;/players/rick-meissen/571955/;2024-12-15;19;0.17;0.0;0.06;0.0;-0.0;-0.0;0.0;0.0;-1.0;-0.0;0.0;0.0;-0.0;0.0;-0.78
T. Quintero;/players/teo-quintero/565562/;2024-12-15;19;0.03;0.0;0.01;0.0;-0.0;-0.0;0.0;0.0;-1.0;-0.0;0.0;0.0;-0.0;0.0;-0.96
A. Oufkir;/players/ayoub-oufkir/935867/;2024-12-15;19;0.0;0.0;0.0;0.0;-0.0;-0.0;0.0;0.0;0.0;-0.0;0.0;0.0;-0.0;0.0;0.0
D. Tevreden;/players/dylan-tevreden/866324/;2024-12-15;19;0.0;0.0;0.0;0.0;-0.0;-0.0;0.0;0.0;-0.0;-0.0;0.0;0.0;-0.0;0.0;0.0
Kayky;/players/kayky-da-silva-chagas/669420/;2024-12-15;19;0.0;0.0;0.0;0.0;-0.0;-0.0;0.0;0.0;0.0;-0.0;0.0;0.0;-0.0;0.0;0.0
C. Brym;/players/charles-andreas-brym/538704/;2024-12-15;19;0.0;0.0;0.0;0.0;-0.0;-0.0;0.0;0.0;0.0;-0.0;0.0;0.0;-0.0;0.0;0.0
Y. Schoonderwaldt;/players/youri-youri-schoonderwaldt/537694/;2024-12-15;19;0.0;0.0;0.0;0.0;-0.0;-0.0;0.0;0.0;-0.0;-0.0;0.0;0.0;-0.0;0.0;0.0
D. van der Kust;/players/djevencio-van-der-kust/569309/;2024-12-15;19;0.0;0.0;0.0;0.0;-0.0;-0.0;0.0;0.0;-0.0;-0.0;0.0;0.0;-0.0;0.0;0.0
M. Nassoh;/players/mohamed-nassoh/680659/;2024-12-15;19;0.0;0.0;0.0;0.0;-0.0;-0.0;0.0;0.0;0.0;-0.0;0.0;0.0;-0.0;0.0;0.0
B. Reith;/players/boyd-reith/427038/;2024-12-15;19;0.0;0.0;0.0;0.0;-0.0;-0.0;0.0;0.0;-0.0;-0.0;0.0;0.0;-0.0;0.0;0.0
